solid tinaco_rainwater_collector
  facet normal 9.951847e-01 9.801714e-02 0.000000e+00
    outer loop
      vertex 2.250000e+02 0.000000e+00 0.000000e+00
      vertex 2.250000e+02 0.000000e+00 -4.500000e+01
      vertex 2.206767e+02 4.389532e+01 0.000000e+00
    endloop
  endfacet
  facet normal 9.951847e-01 9.801714e-02 0.000000e+00
    outer loop
      vertex 2.206767e+02 4.389532e+01 0.000000e+00
      vertex 2.250000e+02 0.000000e+00 -4.500000e+01
      vertex 2.206767e+02 4.389532e+01 -4.500000e+01
    endloop
  endfacet
  facet normal -3.902612e-01 -3.843738e-02 9.199015e-01
    outer loop
      vertex 2.250000e+02 0.000000e+00 0.000000e+00
      vertex 2.206767e+02 4.389532e+01 0.000000e+00
      vertex 6.000000e+01 0.000000e+00 -7.000000e+01
    endloop
  endfacet
  facet normal -3.902612e-01 -3.843738e-02 9.199015e-01
    outer loop
      vertex 2.206767e+02 4.389532e+01 0.000000e+00
      vertex 5.884712e+01 1.170542e+01 -7.000000e+01
      vertex 6.000000e+01 0.000000e+00 -7.000000e+01
    endloop
  endfacet
  facet normal 9.569403e-01 2.902847e-01 0.000000e+00
    outer loop
      vertex 2.206767e+02 4.389532e+01 0.000000e+00
      vertex 2.206767e+02 4.389532e+01 -4.500000e+01
      vertex 2.078729e+02 8.610377e+01 0.000000e+00
    endloop
  endfacet
  facet normal 9.569403e-01 2.902847e-01 0.000000e+00
    outer loop
      vertex 2.078729e+02 8.610377e+01 0.000000e+00
      vertex 2.206767e+02 4.389532e+01 -4.500000e+01
      vertex 2.078729e+02 8.610377e+01 -4.500000e+01
    endloop
  endfacet
  facet normal -3.752637e-01 -1.138350e-01 9.199015e-01
    outer loop
      vertex 2.206767e+02 4.389532e+01 0.000000e+00
      vertex 2.078729e+02 8.610377e+01 0.000000e+00
      vertex 5.884712e+01 1.170542e+01 -7.000000e+01
    endloop
  endfacet
  facet normal -3.752637e-01 -1.138350e-01 9.199015e-01
    outer loop
      vertex 2.078729e+02 8.610377e+01 0.000000e+00
      vertex 5.543277e+01 2.296101e+01 -7.000000e+01
      vertex 5.884712e+01 1.170542e+01 -7.000000e+01
    endloop
  endfacet
  facet normal 8.819213e-01 4.713967e-01 0.000000e+00
    outer loop
      vertex 2.078729e+02 8.610377e+01 0.000000e+00
      vertex 2.078729e+02 8.610377e+01 -4.500000e+01
      vertex 1.870807e+02 1.250033e+02 0.000000e+00
    endloop
  endfacet
  facet normal 8.819213e-01 4.713967e-01 0.000000e+00
    outer loop
      vertex 1.870807e+02 1.250033e+02 0.000000e+00
      vertex 2.078729e+02 8.610377e+01 -4.500000e+01
      vertex 1.870807e+02 1.250033e+02 -4.500000e+01
    endloop
  endfacet
  facet normal -3.458450e-01 -1.848580e-01 9.199015e-01
    outer loop
      vertex 2.078729e+02 8.610377e+01 0.000000e+00
      vertex 1.870807e+02 1.250033e+02 0.000000e+00
      vertex 5.543277e+01 2.296101e+01 -7.000000e+01
    endloop
  endfacet
  facet normal -3.458450e-01 -1.848580e-01 9.199015e-01
    outer loop
      vertex 1.870807e+02 1.250033e+02 0.000000e+00
      vertex 4.988818e+01 3.333421e+01 -7.000000e+01
      vertex 5.543277e+01 2.296101e+01 -7.000000e+01
    endloop
  endfacet
  facet normal 7.730105e-01 6.343933e-01 0.000000e+00
    outer loop
      vertex 1.870807e+02 1.250033e+02 0.000000e+00
      vertex 1.870807e+02 1.250033e+02 -4.500000e+01
      vertex 1.590990e+02 1.590990e+02 0.000000e+00
    endloop
  endfacet
  facet normal 7.730105e-01 6.343933e-01 0.000000e+00
    outer loop
      vertex 1.590990e+02 1.590990e+02 0.000000e+00
      vertex 1.870807e+02 1.250033e+02 -4.500000e+01
      vertex 1.590990e+02 1.590990e+02 -4.500000e+01
    endloop
  endfacet
  facet normal -3.031357e-01 -2.487770e-01 9.199015e-01
    outer loop
      vertex 1.870807e+02 1.250033e+02 0.000000e+00
      vertex 1.590990e+02 1.590990e+02 0.000000e+00
      vertex 4.988818e+01 3.333421e+01 -7.000000e+01
    endloop
  endfacet
  facet normal -3.031357e-01 -2.487770e-01 9.199015e-01
    outer loop
      vertex 1.590990e+02 1.590990e+02 0.000000e+00
      vertex 4.242641e+01 4.242641e+01 -7.000000e+01
      vertex 4.988818e+01 3.333421e+01 -7.000000e+01
    endloop
  endfacet
  facet normal 6.343933e-01 7.730105e-01 0.000000e+00
    outer loop
      vertex 1.590990e+02 1.590990e+02 0.000000e+00
      vertex 1.590990e+02 1.590990e+02 -4.500000e+01
      vertex 1.250033e+02 1.870807e+02 0.000000e+00
    endloop
  endfacet
  facet normal 6.343933e-01 7.730105e-01 0.000000e+00
    outer loop
      vertex 1.250033e+02 1.870807e+02 0.000000e+00
      vertex 1.590990e+02 1.590990e+02 -4.500000e+01
      vertex 1.250033e+02 1.870807e+02 -4.500000e+01
    endloop
  endfacet
  facet normal -2.487770e-01 -3.031357e-01 9.199015e-01
    outer loop
      vertex 1.590990e+02 1.590990e+02 0.000000e+00
      vertex 1.250033e+02 1.870807e+02 0.000000e+00
      vertex 4.242641e+01 4.242641e+01 -7.000000e+01
    endloop
  endfacet
  facet normal -2.487770e-01 -3.031357e-01 9.199015e-01
    outer loop
      vertex 1.250033e+02 1.870807e+02 0.000000e+00
      vertex 3.333421e+01 4.988818e+01 -7.000000e+01
      vertex 4.242641e+01 4.242641e+01 -7.000000e+01
    endloop
  endfacet
  facet normal 4.713967e-01 8.819213e-01 0.000000e+00
    outer loop
      vertex 1.250033e+02 1.870807e+02 0.000000e+00
      vertex 1.250033e+02 1.870807e+02 -4.500000e+01
      vertex 8.610377e+01 2.078729e+02 0.000000e+00
    endloop
  endfacet
  facet normal 4.713967e-01 8.819213e-01 0.000000e+00
    outer loop
      vertex 8.610377e+01 2.078729e+02 0.000000e+00
      vertex 1.250033e+02 1.870807e+02 -4.500000e+01
      vertex 8.610377e+01 2.078729e+02 -4.500000e+01
    endloop
  endfacet
  facet normal -1.848580e-01 -3.458450e-01 9.199015e-01
    outer loop
      vertex 1.250033e+02 1.870807e+02 0.000000e+00
      vertex 8.610377e+01 2.078729e+02 0.000000e+00
      vertex 3.333421e+01 4.988818e+01 -7.000000e+01
    endloop
  endfacet
  facet normal -1.848580e-01 -3.458450e-01 9.199015e-01
    outer loop
      vertex 8.610377e+01 2.078729e+02 0.000000e+00
      vertex 2.296101e+01 5.543277e+01 -7.000000e+01
      vertex 3.333421e+01 4.988818e+01 -7.000000e+01
    endloop
  endfacet
  facet normal 2.902847e-01 9.569403e-01 0.000000e+00
    outer loop
      vertex 8.610377e+01 2.078729e+02 0.000000e+00
      vertex 8.610377e+01 2.078729e+02 -4.500000e+01
      vertex 4.389532e+01 2.206767e+02 0.000000e+00
    endloop
  endfacet
  facet normal 2.902847e-01 9.569403e-01 0.000000e+00
    outer loop
      vertex 4.389532e+01 2.206767e+02 0.000000e+00
      vertex 8.610377e+01 2.078729e+02 -4.500000e+01
      vertex 4.389532e+01 2.206767e+02 -4.500000e+01
    endloop
  endfacet
  facet normal -1.138350e-01 -3.752637e-01 9.199015e-01
    outer loop
      vertex 8.610377e+01 2.078729e+02 0.000000e+00
      vertex 4.389532e+01 2.206767e+02 0.000000e+00
      vertex 2.296101e+01 5.543277e+01 -7.000000e+01
    endloop
  endfacet
  facet normal -1.138350e-01 -3.752637e-01 9.199015e-01
    outer loop
      vertex 4.389532e+01 2.206767e+02 0.000000e+00
      vertex 1.170542e+01 5.884712e+01 -7.000000e+01
      vertex 2.296101e+01 5.543277e+01 -7.000000e+01
    endloop
  endfacet
  facet normal 9.801714e-02 9.951847e-01 0.000000e+00
    outer loop
      vertex 4.389532e+01 2.206767e+02 0.000000e+00
      vertex 4.389532e+01 2.206767e+02 -4.500000e+01
      vertex 1.377728e-14 2.250000e+02 0.000000e+00
    endloop
  endfacet
  facet normal 9.801714e-02 9.951847e-01 0.000000e+00
    outer loop
      vertex 1.377728e-14 2.250000e+02 0.000000e+00
      vertex 4.389532e+01 2.206767e+02 -4.500000e+01
      vertex 1.377728e-14 2.250000e+02 -4.500000e+01
    endloop
  endfacet
  facet normal -3.843738e-02 -3.902612e-01 9.199015e-01
    outer loop
      vertex 4.389532e+01 2.206767e+02 0.000000e+00
      vertex 1.377728e-14 2.250000e+02 0.000000e+00
      vertex 1.170542e+01 5.884712e+01 -7.000000e+01
    endloop
  endfacet
  facet normal -3.843738e-02 -3.902612e-01 9.199015e-01
    outer loop
      vertex 1.377728e-14 2.250000e+02 0.000000e+00
      vertex 3.673940e-15 6.000000e+01 -7.000000e+01
      vertex 1.170542e+01 5.884712e+01 -7.000000e+01
    endloop
  endfacet
  facet normal -9.801714e-02 9.951847e-01 0.000000e+00
    outer loop
      vertex 1.377728e-14 2.250000e+02 0.000000e+00
      vertex 1.377728e-14 2.250000e+02 -4.500000e+01
      vertex -4.389532e+01 2.206767e+02 0.000000e+00
    endloop
  endfacet
  facet normal -9.801714e-02 9.951847e-01 0.000000e+00
    outer loop
      vertex -4.389532e+01 2.206767e+02 0.000000e+00
      vertex 1.377728e-14 2.250000e+02 -4.500000e+01
      vertex -4.389532e+01 2.206767e+02 -4.500000e+01
    endloop
  endfacet
  facet normal 3.843738e-02 -3.902612e-01 9.199015e-01
    outer loop
      vertex 1.377728e-14 2.250000e+02 0.000000e+00
      vertex -4.389532e+01 2.206767e+02 0.000000e+00
      vertex 3.673940e-15 6.000000e+01 -7.000000e+01
    endloop
  endfacet
  facet normal 3.843738e-02 -3.902612e-01 9.199015e-01
    outer loop
      vertex -4.389532e+01 2.206767e+02 0.000000e+00
      vertex -1.170542e+01 5.884712e+01 -7.000000e+01
      vertex 3.673940e-15 6.000000e+01 -7.000000e+01
    endloop
  endfacet
  facet normal -2.902847e-01 9.569403e-01 0.000000e+00
    outer loop
      vertex -4.389532e+01 2.206767e+02 0.000000e+00
      vertex -4.389532e+01 2.206767e+02 -4.500000e+01
      vertex -8.610377e+01 2.078729e+02 0.000000e+00
    endloop
  endfacet
  facet normal -2.902847e-01 9.569403e-01 0.000000e+00
    outer loop
      vertex -8.610377e+01 2.078729e+02 0.000000e+00
      vertex -4.389532e+01 2.206767e+02 -4.500000e+01
      vertex -8.610377e+01 2.078729e+02 -4.500000e+01
    endloop
  endfacet
  facet normal 1.138350e-01 -3.752637e-01 9.199015e-01
    outer loop
      vertex -4.389532e+01 2.206767e+02 0.000000e+00
      vertex -8.610377e+01 2.078729e+02 0.000000e+00
      vertex -1.170542e+01 5.884712e+01 -7.000000e+01
    endloop
  endfacet
  facet normal 1.138350e-01 -3.752637e-01 9.199015e-01
    outer loop
      vertex -8.610377e+01 2.078729e+02 0.000000e+00
      vertex -2.296101e+01 5.543277e+01 -7.000000e+01
      vertex -1.170542e+01 5.884712e+01 -7.000000e+01
    endloop
  endfacet
  facet normal -4.713967e-01 8.819213e-01 0.000000e+00
    outer loop
      vertex -8.610377e+01 2.078729e+02 0.000000e+00
      vertex -8.610377e+01 2.078729e+02 -4.500000e+01
      vertex -1.250033e+02 1.870807e+02 0.000000e+00
    endloop
  endfacet
  facet normal -4.713967e-01 8.819213e-01 0.000000e+00
    outer loop
      vertex -1.250033e+02 1.870807e+02 0.000000e+00
      vertex -8.610377e+01 2.078729e+02 -4.500000e+01
      vertex -1.250033e+02 1.870807e+02 -4.500000e+01
    endloop
  endfacet
  facet normal 1.848580e-01 -3.458450e-01 9.199015e-01
    outer loop
      vertex -8.610377e+01 2.078729e+02 0.000000e+00
      vertex -1.250033e+02 1.870807e+02 0.000000e+00
      vertex -2.296101e+01 5.543277e+01 -7.000000e+01
    endloop
  endfacet
  facet normal 1.848580e-01 -3.458450e-01 9.199015e-01
    outer loop
      vertex -1.250033e+02 1.870807e+02 0.000000e+00
      vertex -3.333421e+01 4.988818e+01 -7.000000e+01
      vertex -2.296101e+01 5.543277e+01 -7.000000e+01
    endloop
  endfacet
  facet normal -6.343933e-01 7.730105e-01 0.000000e+00
    outer loop
      vertex -1.250033e+02 1.870807e+02 0.000000e+00
      vertex -1.250033e+02 1.870807e+02 -4.500000e+01
      vertex -1.590990e+02 1.590990e+02 0.000000e+00
    endloop
  endfacet
  facet normal -6.343933e-01 7.730105e-01 0.000000e+00
    outer loop
      vertex -1.590990e+02 1.590990e+02 0.000000e+00
      vertex -1.250033e+02 1.870807e+02 -4.500000e+01
      vertex -1.590990e+02 1.590990e+02 -4.500000e+01
    endloop
  endfacet
  facet normal 2.487770e-01 -3.031357e-01 9.199015e-01
    outer loop
      vertex -1.250033e+02 1.870807e+02 0.000000e+00
      vertex -1.590990e+02 1.590990e+02 0.000000e+00
      vertex -3.333421e+01 4.988818e+01 -7.000000e+01
    endloop
  endfacet
  facet normal 2.487770e-01 -3.031357e-01 9.199015e-01
    outer loop
      vertex -1.590990e+02 1.590990e+02 0.000000e+00
      vertex -4.242641e+01 4.242641e+01 -7.000000e+01
      vertex -3.333421e+01 4.988818e+01 -7.000000e+01
    endloop
  endfacet
  facet normal -7.730105e-01 6.343933e-01 0.000000e+00
    outer loop
      vertex -1.590990e+02 1.590990e+02 0.000000e+00
      vertex -1.590990e+02 1.590990e+02 -4.500000e+01
      vertex -1.870807e+02 1.250033e+02 0.000000e+00
    endloop
  endfacet
  facet normal -7.730105e-01 6.343933e-01 0.000000e+00
    outer loop
      vertex -1.870807e+02 1.250033e+02 0.000000e+00
      vertex -1.590990e+02 1.590990e+02 -4.500000e+01
      vertex -1.870807e+02 1.250033e+02 -4.500000e+01
    endloop
  endfacet
  facet normal 3.031357e-01 -2.487770e-01 9.199015e-01
    outer loop
      vertex -1.590990e+02 1.590990e+02 0.000000e+00
      vertex -1.870807e+02 1.250033e+02 0.000000e+00
      vertex -4.242641e+01 4.242641e+01 -7.000000e+01
    endloop
  endfacet
  facet normal 3.031357e-01 -2.487770e-01 9.199015e-01
    outer loop
      vertex -1.870807e+02 1.250033e+02 0.000000e+00
      vertex -4.988818e+01 3.333421e+01 -7.000000e+01
      vertex -4.242641e+01 4.242641e+01 -7.000000e+01
    endloop
  endfacet
  facet normal -8.819213e-01 4.713967e-01 0.000000e+00
    outer loop
      vertex -1.870807e+02 1.250033e+02 0.000000e+00
      vertex -1.870807e+02 1.250033e+02 -4.500000e+01
      vertex -2.078729e+02 8.610377e+01 0.000000e+00
    endloop
  endfacet
  facet normal -8.819213e-01 4.713967e-01 0.000000e+00
    outer loop
      vertex -2.078729e+02 8.610377e+01 0.000000e+00
      vertex -1.870807e+02 1.250033e+02 -4.500000e+01
      vertex -2.078729e+02 8.610377e+01 -4.500000e+01
    endloop
  endfacet
  facet normal 3.458450e-01 -1.848580e-01 9.199015e-01
    outer loop
      vertex -1.870807e+02 1.250033e+02 0.000000e+00
      vertex -2.078729e+02 8.610377e+01 0.000000e+00
      vertex -4.988818e+01 3.333421e+01 -7.000000e+01
    endloop
  endfacet
  facet normal 3.458450e-01 -1.848580e-01 9.199015e-01
    outer loop
      vertex -2.078729e+02 8.610377e+01 0.000000e+00
      vertex -5.543277e+01 2.296101e+01 -7.000000e+01
      vertex -4.988818e+01 3.333421e+01 -7.000000e+01
    endloop
  endfacet
  facet normal -9.569403e-01 2.902847e-01 0.000000e+00
    outer loop
      vertex -2.078729e+02 8.610377e+01 0.000000e+00
      vertex -2.078729e+02 8.610377e+01 -4.500000e+01
      vertex -2.206767e+02 4.389532e+01 0.000000e+00
    endloop
  endfacet
  facet normal -9.569403e-01 2.902847e-01 0.000000e+00
    outer loop
      vertex -2.206767e+02 4.389532e+01 0.000000e+00
      vertex -2.078729e+02 8.610377e+01 -4.500000e+01
      vertex -2.206767e+02 4.389532e+01 -4.500000e+01
    endloop
  endfacet
  facet normal 3.752637e-01 -1.138350e-01 9.199015e-01
    outer loop
      vertex -2.078729e+02 8.610377e+01 0.000000e+00
      vertex -2.206767e+02 4.389532e+01 0.000000e+00
      vertex -5.543277e+01 2.296101e+01 -7.000000e+01
    endloop
  endfacet
  facet normal 3.752637e-01 -1.138350e-01 9.199015e-01
    outer loop
      vertex -2.206767e+02 4.389532e+01 0.000000e+00
      vertex -5.884712e+01 1.170542e+01 -7.000000e+01
      vertex -5.543277e+01 2.296101e+01 -7.000000e+01
    endloop
  endfacet
  facet normal -9.951847e-01 9.801714e-02 0.000000e+00
    outer loop
      vertex -2.206767e+02 4.389532e+01 0.000000e+00
      vertex -2.206767e+02 4.389532e+01 -4.500000e+01
      vertex -2.250000e+02 2.755455e-14 0.000000e+00
    endloop
  endfacet
  facet normal -9.951847e-01 9.801714e-02 0.000000e+00
    outer loop
      vertex -2.250000e+02 2.755455e-14 0.000000e+00
      vertex -2.206767e+02 4.389532e+01 -4.500000e+01
      vertex -2.250000e+02 2.755455e-14 -4.500000e+01
    endloop
  endfacet
  facet normal 3.902612e-01 -3.843738e-02 9.199015e-01
    outer loop
      vertex -2.206767e+02 4.389532e+01 0.000000e+00
      vertex -2.250000e+02 2.755455e-14 0.000000e+00
      vertex -5.884712e+01 1.170542e+01 -7.000000e+01
    endloop
  endfacet
  facet normal 3.902612e-01 -3.843738e-02 9.199015e-01
    outer loop
      vertex -2.250000e+02 2.755455e-14 0.000000e+00
      vertex -6.000000e+01 7.347881e-15 -7.000000e+01
      vertex -5.884712e+01 1.170542e+01 -7.000000e+01
    endloop
  endfacet
  facet normal -9.951847e-01 -9.801714e-02 -0.000000e+00
    outer loop
      vertex -2.250000e+02 2.755455e-14 0.000000e+00
      vertex -2.250000e+02 2.755455e-14 -4.500000e+01
      vertex -2.206767e+02 -4.389532e+01 0.000000e+00
    endloop
  endfacet
  facet normal -9.951847e-01 -9.801714e-02 -0.000000e+00
    outer loop
      vertex -2.206767e+02 -4.389532e+01 0.000000e+00
      vertex -2.250000e+02 2.755455e-14 -4.500000e+01
      vertex -2.206767e+02 -4.389532e+01 -4.500000e+01
    endloop
  endfacet
  facet normal 3.902612e-01 3.843738e-02 9.199015e-01
    outer loop
      vertex -2.250000e+02 2.755455e-14 0.000000e+00
      vertex -2.206767e+02 -4.389532e+01 0.000000e+00
      vertex -6.000000e+01 7.347881e-15 -7.000000e+01
    endloop
  endfacet
  facet normal 3.902612e-01 3.843738e-02 9.199015e-01
    outer loop
      vertex -2.206767e+02 -4.389532e+01 0.000000e+00
      vertex -5.884712e+01 -1.170542e+01 -7.000000e+01
      vertex -6.000000e+01 7.347881e-15 -7.000000e+01
    endloop
  endfacet
  facet normal -9.569403e-01 -2.902847e-01 -0.000000e+00
    outer loop
      vertex -2.206767e+02 -4.389532e+01 0.000000e+00
      vertex -2.206767e+02 -4.389532e+01 -4.500000e+01
      vertex -2.078729e+02 -8.610377e+01 0.000000e+00
    endloop
  endfacet
  facet normal -9.569403e-01 -2.902847e-01 -0.000000e+00
    outer loop
      vertex -2.078729e+02 -8.610377e+01 0.000000e+00
      vertex -2.206767e+02 -4.389532e+01 -4.500000e+01
      vertex -2.078729e+02 -8.610377e+01 -4.500000e+01
    endloop
  endfacet
  facet normal 3.752637e-01 1.138350e-01 9.199015e-01
    outer loop
      vertex -2.206767e+02 -4.389532e+01 0.000000e+00
      vertex -2.078729e+02 -8.610377e+01 0.000000e+00
      vertex -5.884712e+01 -1.170542e+01 -7.000000e+01
    endloop
  endfacet
  facet normal 3.752637e-01 1.138350e-01 9.199015e-01
    outer loop
      vertex -2.078729e+02 -8.610377e+01 0.000000e+00
      vertex -5.543277e+01 -2.296101e+01 -7.000000e+01
      vertex -5.884712e+01 -1.170542e+01 -7.000000e+01
    endloop
  endfacet
  facet normal -8.819213e-01 -4.713967e-01 -0.000000e+00
    outer loop
      vertex -2.078729e+02 -8.610377e+01 0.000000e+00
      vertex -2.078729e+02 -8.610377e+01 -4.500000e+01
      vertex -1.870807e+02 -1.250033e+02 0.000000e+00
    endloop
  endfacet
  facet normal -8.819213e-01 -4.713967e-01 -0.000000e+00
    outer loop
      vertex -1.870807e+02 -1.250033e+02 0.000000e+00
      vertex -2.078729e+02 -8.610377e+01 -4.500000e+01
      vertex -1.870807e+02 -1.250033e+02 -4.500000e+01
    endloop
  endfacet
  facet normal 3.458450e-01 1.848580e-01 9.199015e-01
    outer loop
      vertex -2.078729e+02 -8.610377e+01 0.000000e+00
      vertex -1.870807e+02 -1.250033e+02 0.000000e+00
      vertex -5.543277e+01 -2.296101e+01 -7.000000e+01
    endloop
  endfacet
  facet normal 3.458450e-01 1.848580e-01 9.199015e-01
    outer loop
      vertex -1.870807e+02 -1.250033e+02 0.000000e+00
      vertex -4.988818e+01 -3.333421e+01 -7.000000e+01
      vertex -5.543277e+01 -2.296101e+01 -7.000000e+01
    endloop
  endfacet
  facet normal -7.730105e-01 -6.343933e-01 -0.000000e+00
    outer loop
      vertex -1.870807e+02 -1.250033e+02 0.000000e+00
      vertex -1.870807e+02 -1.250033e+02 -4.500000e+01
      vertex -1.590990e+02 -1.590990e+02 0.000000e+00
    endloop
  endfacet
  facet normal -7.730105e-01 -6.343933e-01 -0.000000e+00
    outer loop
      vertex -1.590990e+02 -1.590990e+02 0.000000e+00
      vertex -1.870807e+02 -1.250033e+02 -4.500000e+01
      vertex -1.590990e+02 -1.590990e+02 -4.500000e+01
    endloop
  endfacet
  facet normal 3.031357e-01 2.487770e-01 9.199015e-01
    outer loop
      vertex -1.870807e+02 -1.250033e+02 0.000000e+00
      vertex -1.590990e+02 -1.590990e+02 0.000000e+00
      vertex -4.988818e+01 -3.333421e+01 -7.000000e+01
    endloop
  endfacet
  facet normal 3.031357e-01 2.487770e-01 9.199015e-01
    outer loop
      vertex -1.590990e+02 -1.590990e+02 0.000000e+00
      vertex -4.242641e+01 -4.242641e+01 -7.000000e+01
      vertex -4.988818e+01 -3.333421e+01 -7.000000e+01
    endloop
  endfacet
  facet normal -6.343933e-01 -7.730105e-01 -0.000000e+00
    outer loop
      vertex -1.590990e+02 -1.590990e+02 0.000000e+00
      vertex -1.590990e+02 -1.590990e+02 -4.500000e+01
      vertex -1.250033e+02 -1.870807e+02 0.000000e+00
    endloop
  endfacet
  facet normal -6.343933e-01 -7.730105e-01 -0.000000e+00
    outer loop
      vertex -1.250033e+02 -1.870807e+02 0.000000e+00
      vertex -1.590990e+02 -1.590990e+02 -4.500000e+01
      vertex -1.250033e+02 -1.870807e+02 -4.500000e+01
    endloop
  endfacet
  facet normal 2.487770e-01 3.031357e-01 9.199015e-01
    outer loop
      vertex -1.590990e+02 -1.590990e+02 0.000000e+00
      vertex -1.250033e+02 -1.870807e+02 0.000000e+00
      vertex -4.242641e+01 -4.242641e+01 -7.000000e+01
    endloop
  endfacet
  facet normal 2.487770e-01 3.031357e-01 9.199015e-01
    outer loop
      vertex -1.250033e+02 -1.870807e+02 0.000000e+00
      vertex -3.333421e+01 -4.988818e+01 -7.000000e+01
      vertex -4.242641e+01 -4.242641e+01 -7.000000e+01
    endloop
  endfacet
  facet normal -4.713967e-01 -8.819213e-01 -0.000000e+00
    outer loop
      vertex -1.250033e+02 -1.870807e+02 0.000000e+00
      vertex -1.250033e+02 -1.870807e+02 -4.500000e+01
      vertex -8.610377e+01 -2.078729e+02 0.000000e+00
    endloop
  endfacet
  facet normal -4.713967e-01 -8.819213e-01 -0.000000e+00
    outer loop
      vertex -8.610377e+01 -2.078729e+02 0.000000e+00
      vertex -1.250033e+02 -1.870807e+02 -4.500000e+01
      vertex -8.610377e+01 -2.078729e+02 -4.500000e+01
    endloop
  endfacet
  facet normal 1.848580e-01 3.458450e-01 9.199015e-01
    outer loop
      vertex -1.250033e+02 -1.870807e+02 0.000000e+00
      vertex -8.610377e+01 -2.078729e+02 0.000000e+00
      vertex -3.333421e+01 -4.988818e+01 -7.000000e+01
    endloop
  endfacet
  facet normal 1.848580e-01 3.458450e-01 9.199015e-01
    outer loop
      vertex -8.610377e+01 -2.078729e+02 0.000000e+00
      vertex -2.296101e+01 -5.543277e+01 -7.000000e+01
      vertex -3.333421e+01 -4.988818e+01 -7.000000e+01
    endloop
  endfacet
  facet normal -2.902847e-01 -9.569403e-01 -0.000000e+00
    outer loop
      vertex -8.610377e+01 -2.078729e+02 0.000000e+00
      vertex -8.610377e+01 -2.078729e+02 -4.500000e+01
      vertex -4.389532e+01 -2.206767e+02 0.000000e+00
    endloop
  endfacet
  facet normal -2.902847e-01 -9.569403e-01 -0.000000e+00
    outer loop
      vertex -4.389532e+01 -2.206767e+02 0.000000e+00
      vertex -8.610377e+01 -2.078729e+02 -4.500000e+01
      vertex -4.389532e+01 -2.206767e+02 -4.500000e+01
    endloop
  endfacet
  facet normal 1.138350e-01 3.752637e-01 9.199015e-01
    outer loop
      vertex -8.610377e+01 -2.078729e+02 0.000000e+00
      vertex -4.389532e+01 -2.206767e+02 0.000000e+00
      vertex -2.296101e+01 -5.543277e+01 -7.000000e+01
    endloop
  endfacet
  facet normal 1.138350e-01 3.752637e-01 9.199015e-01
    outer loop
      vertex -4.389532e+01 -2.206767e+02 0.000000e+00
      vertex -1.170542e+01 -5.884712e+01 -7.000000e+01
      vertex -2.296101e+01 -5.543277e+01 -7.000000e+01
    endloop
  endfacet
  facet normal -9.801714e-02 -9.951847e-01 -0.000000e+00
    outer loop
      vertex -4.389532e+01 -2.206767e+02 0.000000e+00
      vertex -4.389532e+01 -2.206767e+02 -4.500000e+01
      vertex -4.133183e-14 -2.250000e+02 0.000000e+00
    endloop
  endfacet
  facet normal -9.801714e-02 -9.951847e-01 -0.000000e+00
    outer loop
      vertex -4.133183e-14 -2.250000e+02 0.000000e+00
      vertex -4.389532e+01 -2.206767e+02 -4.500000e+01
      vertex -4.133183e-14 -2.250000e+02 -4.500000e+01
    endloop
  endfacet
  facet normal 3.843738e-02 3.902612e-01 9.199015e-01
    outer loop
      vertex -4.389532e+01 -2.206767e+02 0.000000e+00
      vertex -4.133183e-14 -2.250000e+02 0.000000e+00
      vertex -1.170542e+01 -5.884712e+01 -7.000000e+01
    endloop
  endfacet
  facet normal 3.843738e-02 3.902612e-01 9.199015e-01
    outer loop
      vertex -4.133183e-14 -2.250000e+02 0.000000e+00
      vertex -1.102182e-14 -6.000000e+01 -7.000000e+01
      vertex -1.170542e+01 -5.884712e+01 -7.000000e+01
    endloop
  endfacet
  facet normal 9.801714e-02 -9.951847e-01 0.000000e+00
    outer loop
      vertex -4.133183e-14 -2.250000e+02 0.000000e+00
      vertex -4.133183e-14 -2.250000e+02 -4.500000e+01
      vertex 4.389532e+01 -2.206767e+02 0.000000e+00
    endloop
  endfacet
  facet normal 9.801714e-02 -9.951847e-01 0.000000e+00
    outer loop
      vertex 4.389532e+01 -2.206767e+02 0.000000e+00
      vertex -4.133183e-14 -2.250000e+02 -4.500000e+01
      vertex 4.389532e+01 -2.206767e+02 -4.500000e+01
    endloop
  endfacet
  facet normal -3.843738e-02 3.902612e-01 9.199015e-01
    outer loop
      vertex -4.133183e-14 -2.250000e+02 0.000000e+00
      vertex 4.389532e+01 -2.206767e+02 0.000000e+00
      vertex -1.102182e-14 -6.000000e+01 -7.000000e+01
    endloop
  endfacet
  facet normal -3.843738e-02 3.902612e-01 9.199015e-01
    outer loop
      vertex 4.389532e+01 -2.206767e+02 0.000000e+00
      vertex 1.170542e+01 -5.884712e+01 -7.000000e+01
      vertex -1.102182e-14 -6.000000e+01 -7.000000e+01
    endloop
  endfacet
  facet normal 2.902847e-01 -9.569403e-01 0.000000e+00
    outer loop
      vertex 4.389532e+01 -2.206767e+02 0.000000e+00
      vertex 4.389532e+01 -2.206767e+02 -4.500000e+01
      vertex 8.610377e+01 -2.078729e+02 0.000000e+00
    endloop
  endfacet
  facet normal 2.902847e-01 -9.569403e-01 0.000000e+00
    outer loop
      vertex 8.610377e+01 -2.078729e+02 0.000000e+00
      vertex 4.389532e+01 -2.206767e+02 -4.500000e+01
      vertex 8.610377e+01 -2.078729e+02 -4.500000e+01
    endloop
  endfacet
  facet normal -1.138350e-01 3.752637e-01 9.199015e-01
    outer loop
      vertex 4.389532e+01 -2.206767e+02 0.000000e+00
      vertex 8.610377e+01 -2.078729e+02 0.000000e+00
      vertex 1.170542e+01 -5.884712e+01 -7.000000e+01
    endloop
  endfacet
  facet normal -1.138350e-01 3.752637e-01 9.199015e-01
    outer loop
      vertex 8.610377e+01 -2.078729e+02 0.000000e+00
      vertex 2.296101e+01 -5.543277e+01 -7.000000e+01
      vertex 1.170542e+01 -5.884712e+01 -7.000000e+01
    endloop
  endfacet
  facet normal 4.713967e-01 -8.819213e-01 0.000000e+00
    outer loop
      vertex 8.610377e+01 -2.078729e+02 0.000000e+00
      vertex 8.610377e+01 -2.078729e+02 -4.500000e+01
      vertex 1.250033e+02 -1.870807e+02 0.000000e+00
    endloop
  endfacet
  facet normal 4.713967e-01 -8.819213e-01 0.000000e+00
    outer loop
      vertex 1.250033e+02 -1.870807e+02 0.000000e+00
      vertex 8.610377e+01 -2.078729e+02 -4.500000e+01
      vertex 1.250033e+02 -1.870807e+02 -4.500000e+01
    endloop
  endfacet
  facet normal -1.848580e-01 3.458450e-01 9.199015e-01
    outer loop
      vertex 8.610377e+01 -2.078729e+02 0.000000e+00
      vertex 1.250033e+02 -1.870807e+02 0.000000e+00
      vertex 2.296101e+01 -5.543277e+01 -7.000000e+01
    endloop
  endfacet
  facet normal -1.848580e-01 3.458450e-01 9.199015e-01
    outer loop
      vertex 1.250033e+02 -1.870807e+02 0.000000e+00
      vertex 3.333421e+01 -4.988818e+01 -7.000000e+01
      vertex 2.296101e+01 -5.543277e+01 -7.000000e+01
    endloop
  endfacet
  facet normal 6.343933e-01 -7.730105e-01 0.000000e+00
    outer loop
      vertex 1.250033e+02 -1.870807e+02 0.000000e+00
      vertex 1.250033e+02 -1.870807e+02 -4.500000e+01
      vertex 1.590990e+02 -1.590990e+02 0.000000e+00
    endloop
  endfacet
  facet normal 6.343933e-01 -7.730105e-01 0.000000e+00
    outer loop
      vertex 1.590990e+02 -1.590990e+02 0.000000e+00
      vertex 1.250033e+02 -1.870807e+02 -4.500000e+01
      vertex 1.590990e+02 -1.590990e+02 -4.500000e+01
    endloop
  endfacet
  facet normal -2.487770e-01 3.031357e-01 9.199015e-01
    outer loop
      vertex 1.250033e+02 -1.870807e+02 0.000000e+00
      vertex 1.590990e+02 -1.590990e+02 0.000000e+00
      vertex 3.333421e+01 -4.988818e+01 -7.000000e+01
    endloop
  endfacet
  facet normal -2.487770e-01 3.031357e-01 9.199015e-01
    outer loop
      vertex 1.590990e+02 -1.590990e+02 0.000000e+00
      vertex 4.242641e+01 -4.242641e+01 -7.000000e+01
      vertex 3.333421e+01 -4.988818e+01 -7.000000e+01
    endloop
  endfacet
  facet normal 7.730105e-01 -6.343933e-01 0.000000e+00
    outer loop
      vertex 1.590990e+02 -1.590990e+02 0.000000e+00
      vertex 1.590990e+02 -1.590990e+02 -4.500000e+01
      vertex 1.870807e+02 -1.250033e+02 0.000000e+00
    endloop
  endfacet
  facet normal 7.730105e-01 -6.343933e-01 0.000000e+00
    outer loop
      vertex 1.870807e+02 -1.250033e+02 0.000000e+00
      vertex 1.590990e+02 -1.590990e+02 -4.500000e+01
      vertex 1.870807e+02 -1.250033e+02 -4.500000e+01
    endloop
  endfacet
  facet normal -3.031357e-01 2.487770e-01 9.199015e-01
    outer loop
      vertex 1.590990e+02 -1.590990e+02 0.000000e+00
      vertex 1.870807e+02 -1.250033e+02 0.000000e+00
      vertex 4.242641e+01 -4.242641e+01 -7.000000e+01
    endloop
  endfacet
  facet normal -3.031357e-01 2.487770e-01 9.199015e-01
    outer loop
      vertex 1.870807e+02 -1.250033e+02 0.000000e+00
      vertex 4.988818e+01 -3.333421e+01 -7.000000e+01
      vertex 4.242641e+01 -4.242641e+01 -7.000000e+01
    endloop
  endfacet
  facet normal 8.819213e-01 -4.713967e-01 0.000000e+00
    outer loop
      vertex 1.870807e+02 -1.250033e+02 0.000000e+00
      vertex 1.870807e+02 -1.250033e+02 -4.500000e+01
      vertex 2.078729e+02 -8.610377e+01 0.000000e+00
    endloop
  endfacet
  facet normal 8.819213e-01 -4.713967e-01 0.000000e+00
    outer loop
      vertex 2.078729e+02 -8.610377e+01 0.000000e+00
      vertex 1.870807e+02 -1.250033e+02 -4.500000e+01
      vertex 2.078729e+02 -8.610377e+01 -4.500000e+01
    endloop
  endfacet
  facet normal -3.458450e-01 1.848580e-01 9.199015e-01
    outer loop
      vertex 1.870807e+02 -1.250033e+02 0.000000e+00
      vertex 2.078729e+02 -8.610377e+01 0.000000e+00
      vertex 4.988818e+01 -3.333421e+01 -7.000000e+01
    endloop
  endfacet
  facet normal -3.458450e-01 1.848580e-01 9.199015e-01
    outer loop
      vertex 2.078729e+02 -8.610377e+01 0.000000e+00
      vertex 5.543277e+01 -2.296101e+01 -7.000000e+01
      vertex 4.988818e+01 -3.333421e+01 -7.000000e+01
    endloop
  endfacet
  facet normal 9.569403e-01 -2.902847e-01 0.000000e+00
    outer loop
      vertex 2.078729e+02 -8.610377e+01 0.000000e+00
      vertex 2.078729e+02 -8.610377e+01 -4.500000e+01
      vertex 2.206767e+02 -4.389532e+01 0.000000e+00
    endloop
  endfacet
  facet normal 9.569403e-01 -2.902847e-01 0.000000e+00
    outer loop
      vertex 2.206767e+02 -4.389532e+01 0.000000e+00
      vertex 2.078729e+02 -8.610377e+01 -4.500000e+01
      vertex 2.206767e+02 -4.389532e+01 -4.500000e+01
    endloop
  endfacet
  facet normal -3.752637e-01 1.138350e-01 9.199015e-01
    outer loop
      vertex 2.078729e+02 -8.610377e+01 0.000000e+00
      vertex 2.206767e+02 -4.389532e+01 0.000000e+00
      vertex 5.543277e+01 -2.296101e+01 -7.000000e+01
    endloop
  endfacet
  facet normal -3.752637e-01 1.138350e-01 9.199015e-01
    outer loop
      vertex 2.206767e+02 -4.389532e+01 0.000000e+00
      vertex 5.884712e+01 -1.170542e+01 -7.000000e+01
      vertex 5.543277e+01 -2.296101e+01 -7.000000e+01
    endloop
  endfacet
  facet normal 9.951847e-01 -9.801714e-02 0.000000e+00
    outer loop
      vertex 2.206767e+02 -4.389532e+01 0.000000e+00
      vertex 2.206767e+02 -4.389532e+01 -4.500000e+01
      vertex 2.250000e+02 0.000000e+00 0.000000e+00
    endloop
  endfacet
  facet normal 9.951847e-01 -9.801714e-02 0.000000e+00
    outer loop
      vertex 2.250000e+02 0.000000e+00 0.000000e+00
      vertex 2.206767e+02 -4.389532e+01 -4.500000e+01
      vertex 2.250000e+02 0.000000e+00 -4.500000e+01
    endloop
  endfacet
  facet normal -3.902612e-01 3.843738e-02 9.199015e-01
    outer loop
      vertex 2.206767e+02 -4.389532e+01 0.000000e+00
      vertex 2.250000e+02 0.000000e+00 0.000000e+00
      vertex 5.884712e+01 -1.170542e+01 -7.000000e+01
    endloop
  endfacet
  facet normal -3.902612e-01 3.843738e-02 9.199015e-01
    outer loop
      vertex 2.250000e+02 0.000000e+00 0.000000e+00
      vertex 6.000000e+01 0.000000e+00 -7.000000e+01
      vertex 5.884712e+01 -1.170542e+01 -7.000000e+01
    endloop
  endfacet
  facet normal 0.000000e+00 0.000000e+00 1.000000e+00
    outer loop
      vertex 0.000000e+00 0.000000e+00 -7.000000e+01
      vertex 6.000000e+01 0.000000e+00 -7.000000e+01
      vertex 4.242641e+01 4.242641e+01 -7.000000e+01
    endloop
  endfacet
  facet normal 0.000000e+00 0.000000e+00 1.000000e+00
    outer loop
      vertex 0.000000e+00 0.000000e+00 -7.000000e+01
      vertex 4.242641e+01 4.242641e+01 -7.000000e+01
      vertex 3.673940e-15 6.000000e+01 -7.000000e+01
    endloop
  endfacet
  facet normal 0.000000e+00 -0.000000e+00 1.000000e+00
    outer loop
      vertex 0.000000e+00 0.000000e+00 -7.000000e+01
      vertex 3.673940e-15 6.000000e+01 -7.000000e+01
      vertex -4.242641e+01 4.242641e+01 -7.000000e+01
    endloop
  endfacet
  facet normal 0.000000e+00 0.000000e+00 1.000000e+00
    outer loop
      vertex 0.000000e+00 0.000000e+00 -7.000000e+01
      vertex -4.242641e+01 4.242641e+01 -7.000000e+01
      vertex -6.000000e+01 7.347881e-15 -7.000000e+01
    endloop
  endfacet
  facet normal 0.000000e+00 0.000000e+00 1.000000e+00
    outer loop
      vertex 0.000000e+00 0.000000e+00 -7.000000e+01
      vertex -6.000000e+01 7.347881e-15 -7.000000e+01
      vertex -4.242641e+01 -4.242641e+01 -7.000000e+01
    endloop
  endfacet
  facet normal 0.000000e+00 0.000000e+00 1.000000e+00
    outer loop
      vertex 0.000000e+00 0.000000e+00 -7.000000e+01
      vertex -4.242641e+01 -4.242641e+01 -7.000000e+01
      vertex -1.102182e-14 -6.000000e+01 -7.000000e+01
    endloop
  endfacet
  facet normal 0.000000e+00 0.000000e+00 1.000000e+00
    outer loop
      vertex 0.000000e+00 0.000000e+00 -7.000000e+01
      vertex -1.102182e-14 -6.000000e+01 -7.000000e+01
      vertex 4.242641e+01 -4.242641e+01 -7.000000e+01
    endloop
  endfacet
  facet normal -0.000000e+00 0.000000e+00 1.000000e+00
    outer loop
      vertex 0.000000e+00 0.000000e+00 -7.000000e+01
      vertex 4.242641e+01 -4.242641e+01 -7.000000e+01
      vertex 6.000000e+01 0.000000e+00 -7.000000e+01
    endloop
  endfacet
  facet normal 4.391045e-01 8.647679e-01 2.436467e-01
    outer loop
      vertex 2.250000e+02 -3.547938e+01 3.500000e+01
      vertex 2.611401e+02 -5.713879e+01 4.674265e+01
      vertex 2.250000e+02 -2.365292e+01 -6.975309e+00
    endloop
  endfacet
  facet normal 2.237623e-01 8.875490e-01 4.027247e-01
    outer loop
      vertex 2.250000e+02 -2.365292e+01 -6.975309e+00
      vertex 2.611401e+02 -5.713879e+01 4.674265e+01
      vertex 2.611401e+02 -3.809252e+01 4.767337e+00
    endloop
  endfacet
  facet normal 1.088912e-01 7.768746e-01 6.201682e-01
    outer loop
      vertex 2.250000e+02 -2.365292e+01 -6.975309e+00
      vertex 2.611401e+02 -3.809252e+01 4.767337e+00
      vertex 2.250000e+02 -1.182646e+01 -2.179012e+01
    endloop
  endfacet
  facet normal -1.326332e-01 6.085436e-01 7.823574e-01
    outer loop
      vertex 2.250000e+02 -1.182646e+01 -2.179012e+01
      vertex 2.611401e+02 -3.809252e+01 4.767337e+00
      vertex 2.611401e+02 -1.904626e+01 -1.004748e+01
    endloop
  endfacet
  facet normal -2.527638e-01 2.534326e-01 9.337464e-01
    outer loop
      vertex 2.250000e+02 -1.182646e+01 -2.179012e+01
      vertex 2.611401e+02 -1.904626e+01 -1.004748e+01
      vertex 2.250000e+02 0.000000e+00 -2.500000e+01
    endloop
  endfacet
  facet normal -3.051225e-01 1.582620e-01 9.390705e-01
    outer loop
      vertex 2.250000e+02 0.000000e+00 -2.500000e+01
      vertex 2.611401e+02 -1.904626e+01 -1.004748e+01
      vertex 2.611401e+02 0.000000e+00 -1.325735e+01
    endloop
  endfacet
  facet normal -2.992093e-01 -2.499382e-01 9.208717e-01
    outer loop
      vertex 2.250000e+02 0.000000e+00 -2.500000e+01
      vertex 2.611401e+02 0.000000e+00 -1.325735e+01
      vertex 2.250000e+02 1.182646e+01 -2.179012e+01
    endloop
  endfacet
  facet normal -2.760428e-01 -1.597298e-01 9.477799e-01
    outer loop
      vertex 2.250000e+02 1.182646e+01 -2.179012e+01
      vertex 2.611401e+02 0.000000e+00 -1.325735e+01
      vertex 2.611401e+02 1.904626e+01 -1.004748e+01
    endloop
  endfacet
  facet normal -4.653337e-02 -7.806752e-01 6.232022e-01
    outer loop
      vertex 2.250000e+02 1.182646e+01 -2.179012e+01
      vertex 2.611401e+02 1.904626e+01 -1.004748e+01
      vertex 2.250000e+02 2.365292e+01 -6.975309e+00
    endloop
  endfacet
  facet normal -1.116094e-02 -6.139296e-01 7.892819e-01
    outer loop
      vertex 2.250000e+02 2.365292e+01 -6.975309e+00
      vertex 2.611401e+02 1.904626e+01 -1.004748e+01
      vertex 2.611401e+02 3.809252e+01 4.767337e+00
    endloop
  endfacet
  facet normal 2.842301e-01 -9.228276e-01 2.600049e-01
    outer loop
      vertex 2.250000e+02 2.365292e+01 -6.975309e+00
      vertex 2.611401e+02 3.809252e+01 4.767337e+00
      vertex 2.250000e+02 3.547938e+01 3.500000e+01
    endloop
  endfacet
  facet normal 3.805438e-01 -8.421256e-01 3.821138e-01
    outer loop
      vertex 2.250000e+02 3.547938e+01 3.500000e+01
      vertex 2.611401e+02 3.809252e+01 4.767337e+00
      vertex 2.611401e+02 5.713879e+01 4.674265e+01
    endloop
  endfacet
  facet normal 5.646454e-01 7.515813e-01 3.410294e-01
    outer loop
      vertex 2.611401e+02 -5.713879e+01 4.674265e+01
      vertex 2.972803e+02 -8.961824e+01 5.848529e+01
      vertex 2.611401e+02 -3.809252e+01 4.767337e+00
    endloop
  endfacet
  facet normal 2.871229e-01 7.804330e-01 5.554141e-01
    outer loop
      vertex 2.611401e+02 -3.809252e+01 4.767337e+00
      vertex 2.972803e+02 -8.961824e+01 5.848529e+01
      vertex 2.972803e+02 -5.974550e+01 1.650998e+01
    endloop
  endfacet
  facet normal 1.106984e-01 6.101945e-01 7.844798e-01
    outer loop
      vertex 2.611401e+02 -3.809252e+01 4.767337e+00
      vertex 2.972803e+02 -5.974550e+01 1.650998e+01
      vertex 2.611401e+02 -1.904626e+01 -1.004748e+01
    endloop
  endfacet
  facet normal -1.560564e-01 4.388513e-01 8.849045e-01
    outer loop
      vertex 2.611401e+02 -1.904626e+01 -1.004748e+01
      vertex 2.972803e+02 -5.974550e+01 1.650998e+01
      vertex 2.972803e+02 -2.987275e+01 1.695168e+00
    endloop
  endfacet
  facet normal -2.612208e-01 1.604168e-01 9.518561e-01
    outer loop
      vertex 2.611401e+02 -1.904626e+01 -1.004748e+01
      vertex 2.972803e+02 -2.987275e+01 1.695168e+00
      vertex 2.611401e+02 0.000000e+00 -1.325735e+01
    endloop
  endfacet
  facet normal -3.074159e-01 1.016631e-01 9.461290e-01
    outer loop
      vertex 2.611401e+02 0.000000e+00 -1.325735e+01
      vertex 2.972803e+02 -2.987275e+01 1.695168e+00
      vertex 2.972803e+02 0.000000e+00 -1.514708e+00
    endloop
  endfacet
  facet normal -3.051225e-01 -1.582620e-01 9.390705e-01
    outer loop
      vertex 2.611401e+02 0.000000e+00 -1.325735e+01
      vertex 2.972803e+02 0.000000e+00 -1.514708e+00
      vertex 2.611401e+02 1.904626e+01 -1.004748e+01
    endloop
  endfacet
  facet normal -2.794587e-01 -1.025801e-01 9.546623e-01
    outer loop
      vertex 2.611401e+02 1.904626e+01 -1.004748e+01
      vertex 2.972803e+02 0.000000e+00 -1.514708e+00
      vertex 2.972803e+02 2.987275e+01 1.695168e+00
    endloop
  endfacet
  facet normal -7.235301e-02 -6.123587e-01 7.872622e-01
    outer loop
      vertex 2.611401e+02 1.904626e+01 -1.004748e+01
      vertex 2.972803e+02 2.987275e+01 1.695168e+00
      vertex 2.611401e+02 3.809252e+01 4.767337e+00
    endloop
  endfacet
  facet normal -2.488722e-02 -4.441572e-01 8.956032e-01
    outer loop
      vertex 2.611401e+02 3.809252e+01 4.767337e+00
      vertex 2.972803e+02 2.987275e+01 1.695168e+00
      vertex 2.972803e+02 5.974550e+01 1.650998e+01
    endloop
  endfacet
  facet normal 3.804157e-01 -8.421736e-01 3.821356e-01
    outer loop
      vertex 2.611401e+02 3.809252e+01 4.767337e+00
      vertex 2.972803e+02 5.974550e+01 1.650998e+01
      vertex 2.611401e+02 5.713879e+01 4.674265e+01
    endloop
  endfacet
  facet normal 4.777415e-01 -7.157482e-01 5.093796e-01
    outer loop
      vertex 2.611401e+02 5.713879e+01 4.674265e+01
      vertex 2.972803e+02 5.974550e+01 1.650998e+01
      vertex 2.972803e+02 8.961824e+01 5.848529e+01
    endloop
  endfacet
  facet normal 3.029539e-01 7.764501e-01 5.525796e-01
    outer loop
      vertex 2.972803e+02 -8.961824e+01 5.848529e+01
      vertex 3.334204e+02 -1.120763e+02 7.022794e+01
      vertex 2.972803e+02 -5.974550e+01 1.650998e+01
    endloop
  endfacet
  facet normal 9.303764e-02 7.437505e-01 6.619510e-01
    outer loop
      vertex 2.972803e+02 -5.974550e+01 1.650998e+01
      vertex 3.334204e+02 -1.120763e+02 7.022794e+01
      vertex 3.334204e+02 -7.471752e+01 2.825263e+01
    endloop
  endfacet
  facet normal -1.064205e-01 4.417717e-01 8.907931e-01
    outer loop
      vertex 2.972803e+02 -5.974550e+01 1.650998e+01
      vertex 3.334204e+02 -7.471752e+01 2.825263e+01
      vertex 2.972803e+02 -2.987275e+01 1.695168e+00
    endloop
  endfacet
  facet normal -2.201441e-01 3.595852e-01 9.067718e-01
    outer loop
      vertex 2.972803e+02 -2.987275e+01 1.695168e+00
      vertex 3.334204e+02 -7.471752e+01 2.825263e+01
      vertex 3.334204e+02 -3.735876e+01 1.343781e+01
    endloop
  endfacet
  facet normal -2.881649e-01 1.023048e-01 9.521002e-01
    outer loop
      vertex 2.972803e+02 -2.987275e+01 1.695168e+00
      vertex 3.334204e+02 -3.735876e+01 1.343781e+01
      vertex 2.972803e+02 0.000000e+00 -1.514708e+00
    endloop
  endfacet
  facet normal -3.079904e-01 8.144362e-02 9.478971e-01
    outer loop
      vertex 2.972803e+02 0.000000e+00 -1.514708e+00
      vertex 3.334204e+02 -3.735876e+01 1.343781e+01
      vertex 3.334204e+02 0.000000e+00 1.022794e+01
    endloop
  endfacet
  facet normal -3.074159e-01 -1.016631e-01 9.461290e-01
    outer loop
      vertex 2.972803e+02 0.000000e+00 -1.514708e+00
      vertex 3.334204e+02 0.000000e+00 1.022794e+01
      vertex 2.972803e+02 2.987275e+01 1.695168e+00
    endloop
  endfacet
  facet normal -2.926028e-01 -8.185834e-02 9.527239e-01
    outer loop
      vertex 2.972803e+02 2.987275e+01 1.695168e+00
      vertex 3.334204e+02 0.000000e+00 1.022794e+01
      vertex 3.334204e+02 3.735876e+01 1.343781e+01
    endloop
  endfacet
  facet normal -1.952284e-01 -4.357456e-01 8.786419e-01
    outer loop
      vertex 2.972803e+02 2.987275e+01 1.695168e+00
      vertex 3.334204e+02 3.735876e+01 1.343781e+01
      vertex 2.972803e+02 5.974550e+01 1.650998e+01
    endloop
  endfacet
  facet normal -1.476861e-01 -3.645863e-01 9.193833e-01
    outer loop
      vertex 2.972803e+02 5.974550e+01 1.650998e+01
      vertex 3.334204e+02 3.735876e+01 1.343781e+01
      vertex 3.334204e+02 7.471752e+01 2.825263e+01
    endloop
  endfacet
  facet normal 1.474984e-01 -8.058272e-01 5.734865e-01
    outer loop
      vertex 2.972803e+02 5.974550e+01 1.650998e+01
      vertex 3.334204e+02 7.471752e+01 2.825263e+01
      vertex 2.972803e+02 8.961824e+01 5.848529e+01
    endloop
  endfacet
  facet normal 2.408667e-01 -7.249978e-01 6.452607e-01
    outer loop
      vertex 2.972803e+02 8.961824e+01 5.848529e+01
      vertex 3.334204e+02 7.471752e+01 2.825263e+01
      vertex 3.334204e+02 1.120763e+02 7.022794e+01
    endloop
  endfacet
  facet normal 6.158668e-02 7.455726e-01 6.635726e-01
    outer loop
      vertex 3.334204e+02 -1.120763e+02 7.022794e+01
      vertex 3.695606e+02 -1.255127e+02 8.197058e+01
      vertex 3.334204e+02 -7.471752e+01 2.825263e+01
    endloop
  endfacet
  facet normal -5.374721e-02 7.072441e-01 7.049234e-01
    outer loop
      vertex 3.334204e+02 -7.471752e+01 2.825263e+01
      vertex 3.695606e+02 -1.255127e+02 8.197058e+01
      vertex 3.695606e+02 -8.367515e+01 3.999527e+01
    endloop
  endfacet
  facet normal -2.061452e-01 3.607110e-01 9.096108e-01
    outer loop
      vertex 3.334204e+02 -7.471752e+01 2.825263e+01
      vertex 3.695606e+02 -8.367515e+01 3.999527e+01
      vertex 3.334204e+02 -3.735876e+01 1.343781e+01
    endloop
  endfacet
  facet normal -2.560837e-01 3.226634e-01 9.112132e-01
    outer loop
      vertex 3.334204e+02 -3.735876e+01 1.343781e+01
      vertex 3.695606e+02 -8.367515e+01 3.999527e+01
      vertex 3.695606e+02 -4.183758e+01 2.518046e+01
    endloop
  endfacet
  facet normal -2.988123e-01 8.169379e-02 9.508088e-01
    outer loop
      vertex 3.334204e+02 -3.735876e+01 1.343781e+01
      vertex 3.695606e+02 -4.183758e+01 2.518046e+01
      vertex 3.334204e+02 0.000000e+00 1.022794e+01
    endloop
  endfacet
  facet normal -3.081976e-01 7.277380e-02 9.485348e-01
    outer loop
      vertex 3.334204e+02 0.000000e+00 1.022794e+01
      vertex 3.695606e+02 -4.183758e+01 2.518046e+01
      vertex 3.695606e+02 0.000000e+00 2.197058e+01
    endloop
  endfacet
  facet normal -3.079904e-01 -8.144362e-02 9.478971e-01
    outer loop
      vertex 3.334204e+02 0.000000e+00 1.022794e+01
      vertex 3.695606e+02 0.000000e+00 2.197058e+01
      vertex 3.334204e+02 3.735876e+01 1.343781e+01
    endloop
  endfacet
  facet normal -3.000016e-01 -7.297394e-02 9.511434e-01
    outer loop
      vertex 3.334204e+02 3.735876e+01 1.343781e+01
      vertex 3.695606e+02 0.000000e+00 2.197058e+01
      vertex 3.695606e+02 4.183758e+01 2.518046e+01
    endloop
  endfacet
  facet normal -2.483242e-01 -3.570820e-01 9.004596e-01
    outer loop
      vertex 3.334204e+02 3.735876e+01 1.343781e+01
      vertex 3.695606e+02 4.183758e+01 2.518046e+01
      vertex 3.334204e+02 7.471752e+01 2.825263e+01
    endloop
  endfacet
  facet normal -2.181658e-01 -3.257534e-01 9.199394e-01
    outer loop
      vertex 3.334204e+02 7.471752e+01 2.825263e+01
      vertex 3.695606e+02 4.183758e+01 2.518046e+01
      vertex 3.695606e+02 8.367515e+01 3.999527e+01
    endloop
  endfacet
  facet normal -3.085539e-02 -7.466349e-01 6.645181e-01
    outer loop
      vertex 3.334204e+02 7.471752e+01 2.825263e+01
      vertex 3.695606e+02 8.367515e+01 3.999527e+01
      vertex 3.334204e+02 1.120763e+02 7.022794e+01
    endloop
  endfacet
  facet normal 3.393047e-02 -7.078600e-01 7.055373e-01
    outer loop
      vertex 3.334204e+02 1.120763e+02 7.022794e+01
      vertex 3.695606e+02 8.367515e+01 3.999527e+01
      vertex 3.695606e+02 1.255127e+02 8.197058e+01
    endloop
  endfacet
  facet normal -1.400407e-01 7.012884e-01 6.989873e-01
    outer loop
      vertex 3.695606e+02 -1.255127e+02 8.197058e+01
      vertex 4.057007e+02 -1.300000e+02 9.371323e+01
      vertex 3.695606e+02 -8.367515e+01 3.999527e+01
    endloop
  endfacet
  facet normal -1.731341e-01 6.852550e-01 7.074250e-01
    outer loop
      vertex 3.695606e+02 -8.367515e+01 3.999527e+01
      vertex 4.057007e+02 -1.300000e+02 9.371323e+01
      vertex 4.057007e+02 -8.666667e+01 5.173792e+01
    endloop
  endfacet
  facet normal -2.684277e-01 3.215436e-01 9.080508e-01
    outer loop
      vertex 3.695606e+02 -8.367515e+01 3.999527e+01
      vertex 4.057007e+02 -8.666667e+01 5.173792e+01
      vertex 3.695606e+02 -4.183758e+01 2.518046e+01
    endloop
  endfacet
  facet normal -2.821152e-01 3.103569e-01 9.077938e-01
    outer loop
      vertex 3.695606e+02 -4.183758e+01 2.518046e+01
      vertex 4.057007e+02 -8.666667e+01 5.173792e+01
      vertex 4.057007e+02 -4.333333e+01 3.692311e+01
    endloop
  endfacet
  facet normal -3.054680e-01 7.284112e-02 9.494122e-01
    outer loop
      vertex 3.695606e+02 -4.183758e+01 2.518046e+01
      vertex 4.057007e+02 -4.333333e+01 3.692311e+01
      vertex 3.695606e+02 0.000000e+00 2.197058e+01
    endloop
  endfacet
  facet normal -3.082530e-01 7.027446e-02 9.487052e-01
    outer loop
      vertex 3.695606e+02 0.000000e+00 2.197058e+01
      vertex 4.057007e+02 -4.333333e+01 3.692311e+01
      vertex 4.057007e+02 0.000000e+00 3.371323e+01
    endloop
  endfacet
  facet normal -3.081976e-01 -7.277380e-02 9.485348e-01
    outer loop
      vertex 3.695606e+02 0.000000e+00 2.197058e+01
      vertex 4.057007e+02 0.000000e+00 3.371323e+01
      vertex 3.695606e+02 4.183758e+01 2.518046e+01
    endloop
  endfacet
  facet normal -3.056173e-01 -7.033725e-02 9.495529e-01
    outer loop
      vertex 3.695606e+02 4.183758e+01 2.518046e+01
      vertex 4.057007e+02 0.000000e+00 3.371323e+01
      vertex 4.057007e+02 4.333333e+01 3.692311e+01
    endloop
  endfacet
  facet normal -2.807099e-01 -3.203729e-01 9.047448e-01
    outer loop
      vertex 3.695606e+02 4.183758e+01 2.518046e+01
      vertex 4.057007e+02 4.333333e+01 3.692311e+01
      vertex 3.695606e+02 8.367515e+01 3.999527e+01
    endloop
  endfacet
  facet normal -2.702289e-01 -3.114618e-01 9.110257e-01
    outer loop
      vertex 3.695606e+02 8.367515e+01 3.999527e+01
      vertex 4.057007e+02 4.333333e+01 3.692311e+01
      vertex 4.057007e+02 8.666667e+01 5.173792e+01
    endloop
  endfacet
  facet normal -1.683120e-01 -6.981635e-01 6.958727e-01
    outer loop
      vertex 3.695606e+02 8.367515e+01 3.999527e+01
      vertex 4.057007e+02 8.666667e+01 5.173792e+01
      vertex 3.695606e+02 1.255127e+02 8.197058e+01
    endloop
  endfacet
  facet normal -1.454301e-01 -6.883652e-01 7.106359e-01
    outer loop
      vertex 3.695606e+02 1.255127e+02 8.197058e+01
      vertex 4.057007e+02 8.666667e+01 5.173792e+01
      vertex 4.057007e+02 1.300000e+02 9.371323e+01
    endloop
  endfacet
  facet normal -3.045759e-01 6.627052e-01 6.841457e-01
    outer loop
      vertex 4.057007e+02 -1.300000e+02 9.371323e+01
      vertex 4.418409e+02 -1.255127e+02 1.054559e+02
      vertex 4.057007e+02 -8.666667e+01 5.173792e+01
    endloop
  endfacet
  facet normal -2.767531e-01 6.806036e-01 6.783704e-01
    outer loop
      vertex 4.057007e+02 -8.666667e+01 5.173792e+01
      vertex 4.418409e+02 -1.255127e+02 1.054559e+02
      vertex 4.418409e+02 -8.367515e+01 6.348057e+01
    endloop
  endfacet
  facet normal -3.169897e-01 3.068141e-01 8.974311e-01
    outer loop
      vertex 4.057007e+02 -8.666667e+01 5.173792e+01
      vertex 4.418409e+02 -8.367515e+01 6.348057e+01
      vertex 4.057007e+02 -4.333333e+01 3.692311e+01
    endloop
  endfacet
  facet normal -3.048615e-01 3.179042e-01 8.977730e-01
    outer loop
      vertex 4.057007e+02 -4.333333e+01 3.692311e+01
      vertex 4.418409e+02 -8.367515e+01 6.348057e+01
      vertex 4.418409e+02 -4.183758e+01 4.866575e+01
    endloop
  endfacet
  facet normal -3.108816e-01 7.021124e-02 9.478518e-01
    outer loop
      vertex 4.057007e+02 -4.333333e+01 3.692311e+01
      vertex 4.418409e+02 -4.183758e+01 4.866575e+01
      vertex 4.057007e+02 0.000000e+00 3.371323e+01
    endloop
  endfacet
  facet normal -3.081976e-01 7.277380e-02 9.485348e-01
    outer loop
      vertex 4.057007e+02 0.000000e+00 3.371323e+01
      vertex 4.418409e+02 -4.183758e+01 4.866575e+01
      vertex 4.418409e+02 0.000000e+00 4.545587e+01
    endloop
  endfacet
  facet normal -3.082530e-01 -7.027446e-02 9.487052e-01
    outer loop
      vertex 4.057007e+02 0.000000e+00 3.371323e+01
      vertex 4.418409e+02 0.000000e+00 4.545587e+01
      vertex 4.057007e+02 4.333333e+01 3.692311e+01
    endloop
  endfacet
  facet normal -3.109197e-01 -7.270601e-02 9.476512e-01
    outer loop
      vertex 4.057007e+02 4.333333e+01 3.692311e+01
      vertex 4.418409e+02 0.000000e+00 4.545587e+01
      vertex 4.418409e+02 4.183758e+01 4.866575e+01
    endloop
  endfacet
  facet normal -3.054988e-01 -3.080315e-01 9.009922e-01
    outer loop
      vertex 4.057007e+02 4.333333e+01 3.692311e+01
      vertex 4.418409e+02 4.183758e+01 4.866575e+01
      vertex 4.057007e+02 8.666667e+01 5.173792e+01
    endloop
  endfacet
  facet normal -3.167236e-01 -3.166095e-01 8.941167e-01
    outer loop
      vertex 4.057007e+02 8.666667e+01 5.173792e+01
      vertex 4.418409e+02 4.183758e+01 4.866575e+01
      vertex 4.418409e+02 8.367515e+01 6.348057e+01
    endloop
  endfacet
  facet normal -2.793859e-01 -6.680562e-01 6.896698e-01
    outer loop
      vertex 4.057007e+02 8.666667e+01 5.173792e+01
      vertex 4.418409e+02 8.367515e+01 6.348057e+01
      vertex 4.057007e+02 1.300000e+02 9.371323e+01
    endloop
  endfacet
  facet normal -3.024539e-01 -6.750954e-01 6.728802e-01
    outer loop
      vertex 4.057007e+02 1.300000e+02 9.371323e+01
      vertex 4.418409e+02 8.367515e+01 6.348057e+01
      vertex 4.418409e+02 1.255127e+02 1.054559e+02
    endloop
  endfacet
  facet normal -4.419674e-01 6.353383e-01 6.332536e-01
    outer loop
      vertex 4.418409e+02 -1.255127e+02 1.054559e+02
      vertex 4.779810e+02 -1.120763e+02 1.171985e+02
      vertex 4.418409e+02 -8.367515e+01 6.348057e+01
    endloop
  endfacet
  facet normal -3.723231e-01 6.932843e-01 6.170352e-01
    outer loop
      vertex 4.418409e+02 -8.367515e+01 6.348057e+01
      vertex 4.779810e+02 -1.120763e+02 1.171985e+02
      vertex 4.779810e+02 -7.471752e+01 7.522321e+01
    endloop
  endfacet
  facet normal -3.625507e-01 3.110839e-01 8.785123e-01
    outer loop
      vertex 4.418409e+02 -8.367515e+01 6.348057e+01
      vertex 4.779810e+02 -7.471752e+01 7.522321e+01
      vertex 4.418409e+02 -4.183758e+01 4.866575e+01
    endloop
  endfacet
  facet normal -3.284326e-01 3.481798e-01 8.780107e-01
    outer loop
      vertex 4.418409e+02 -4.183758e+01 4.866575e+01
      vertex 4.779810e+02 -7.471752e+01 7.522321e+01
      vertex 4.779810e+02 -3.735876e+01 6.040840e+01
    endloop
  endfacet
  facet normal -3.163256e-01 7.256943e-02 9.458709e-01
    outer loop
      vertex 4.418409e+02 -4.183758e+01 4.866575e+01
      vertex 4.779810e+02 -3.735876e+01 6.040840e+01
      vertex 4.418409e+02 0.000000e+00 4.545587e+01
    endloop
  endfacet
  facet normal -3.079904e-01 8.144362e-02 9.478971e-01
    outer loop
      vertex 4.418409e+02 0.000000e+00 4.545587e+01
      vertex 4.779810e+02 -3.735876e+01 6.040840e+01
      vertex 4.779810e+02 0.000000e+00 5.719852e+01
    endloop
  endfacet
  facet normal -3.081976e-01 -7.277380e-02 9.485348e-01
    outer loop
      vertex 4.418409e+02 0.000000e+00 4.545587e+01
      vertex 4.779810e+02 0.000000e+00 5.719852e+01
      vertex 4.418409e+02 4.183758e+01 4.866575e+01
    endloop
  endfacet
  facet normal -3.170834e-01 -8.118751e-02 9.449162e-01
    outer loop
      vertex 4.418409e+02 4.183758e+01 4.866575e+01
      vertex 4.779810e+02 0.000000e+00 5.719852e+01
      vertex 4.779810e+02 3.735876e+01 6.040840e+01
    endloop
  endfacet
  facet normal -3.283731e-01 -3.152844e-01 8.903746e-01
    outer loop
      vertex 4.418409e+02 4.183758e+01 4.866575e+01
      vertex 4.779810e+02 3.735876e+01 6.040840e+01
      vertex 4.418409e+02 8.367515e+01 6.348057e+01
    endloop
  endfacet
  facet normal -3.660944e-01 -3.430376e-01 8.650434e-01
    outer loop
      vertex 4.418409e+02 8.367515e+01 6.348057e+01
      vertex 4.779810e+02 3.735876e+01 6.040840e+01
      vertex 4.779810e+02 7.471752e+01 7.522321e+01
    endloop
  endfacet
  facet normal -3.753227e-01 -6.564893e-01 6.543352e-01
    outer loop
      vertex 4.418409e+02 8.367515e+01 6.348057e+01
      vertex 4.779810e+02 7.471752e+01 7.522321e+01
      vertex 4.418409e+02 1.255127e+02 1.054559e+02
    endloop
  endfacet
  facet normal -4.427172e-01 -6.697975e-01 5.961315e-01
    outer loop
      vertex 4.418409e+02 1.255127e+02 1.054559e+02
      vertex 4.779810e+02 7.471752e+01 7.522321e+01
      vertex 4.779810e+02 1.120763e+02 1.171985e+02
    endloop
  endfacet
  facet normal -5.624282e-01 6.176462e-01 5.497159e-01
    outer loop
      vertex 4.779810e+02 -1.120763e+02 1.171985e+02
      vertex 5.141212e+02 -8.961824e+01 1.289412e+02
      vertex 4.779810e+02 -7.471752e+01 7.522321e+01
    endloop
  endfacet
  facet normal -4.654755e-01 7.210931e-01 5.131834e-01
    outer loop
      vertex 4.779810e+02 -7.471752e+01 7.522321e+01
      vertex 5.141212e+02 -8.961824e+01 1.289412e+02
      vertex 5.141212e+02 -5.974550e+01 8.696586e+01
    endloop
  endfacet
  facet normal -4.139588e-01 3.355610e-01 8.461896e-01
    outer loop
      vertex 4.779810e+02 -7.471752e+01 7.522321e+01
      vertex 5.141212e+02 -5.974550e+01 8.696586e+01
      vertex 4.779810e+02 -3.735876e+01 6.040840e+01
    endloop
  endfacet
  facet normal -3.577621e-01 4.148881e-01 8.365848e-01
    outer loop
      vertex 4.779810e+02 -3.735876e+01 6.040840e+01
      vertex 5.141212e+02 -5.974550e+01 8.696586e+01
      vertex 5.141212e+02 -2.987275e+01 7.215104e+01
    endloop
  endfacet
  facet normal -3.231401e-01 8.101231e-02 9.428772e-01
    outer loop
      vertex 4.779810e+02 -3.735876e+01 6.040840e+01
      vertex 5.141212e+02 -2.987275e+01 7.215104e+01
      vertex 4.779810e+02 0.000000e+00 5.719852e+01
    endloop
  endfacet
  facet normal -3.074159e-01 1.016631e-01 9.461290e-01
    outer loop
      vertex 4.779810e+02 0.000000e+00 5.719852e+01
      vertex 5.141212e+02 -2.987275e+01 7.215104e+01
      vertex 5.141212e+02 0.000000e+00 6.894117e+01
    endloop
  endfacet
  facet normal -3.079904e-01 -8.144362e-02 9.478971e-01
    outer loop
      vertex 4.779810e+02 0.000000e+00 5.719852e+01
      vertex 5.141212e+02 0.000000e+00 6.894117e+01
      vertex 4.779810e+02 3.735876e+01 6.040840e+01
    endloop
  endfacet
  facet normal -3.262969e-01 -1.009892e-01 9.398572e-01
    outer loop
      vertex 4.779810e+02 3.735876e+01 6.040840e+01
      vertex 5.141212e+02 0.000000e+00 6.894117e+01
      vertex 5.141212e+02 2.987275e+01 7.215104e+01
    endloop
  endfacet
  facet normal -3.539056e-01 -3.447714e-01 8.694156e-01
    outer loop
      vertex 4.779810e+02 3.735876e+01 6.040840e+01
      vertex 5.141212e+02 2.987275e+01 7.215104e+01
      vertex 4.779810e+02 7.471752e+01 7.522321e+01
    endloop
  endfacet
  facet normal -4.291676e-01 -4.012981e-01 8.091817e-01
    outer loop
      vertex 4.779810e+02 7.471752e+01 7.522321e+01
      vertex 5.141212e+02 2.987275e+01 7.215104e+01
      vertex 5.141212e+02 5.974550e+01 8.696586e+01
    endloop
  endfacet
  facet normal -4.651661e-01 -6.612535e-01 5.885272e-01
    outer loop
      vertex 4.779810e+02 7.471752e+01 7.522321e+01
      vertex 5.141212e+02 5.974550e+01 8.696586e+01
      vertex 4.779810e+02 1.120763e+02 1.171985e+02
    endloop
  endfacet
  facet normal -5.705311e-01 -6.691252e-01 4.761992e-01
    outer loop
      vertex 4.779810e+02 1.120763e+02 1.171985e+02
      vertex 5.141212e+02 5.974550e+01 8.696586e+01
      vertex 5.141212e+02 8.961824e+01 1.289412e+02
    endloop
  endfacet
  facet normal -6.772996e-01 5.994091e-01 4.265840e-01
    outer loop
      vertex 5.141212e+02 -8.961824e+01 1.289412e+02
      vertex 5.502613e+02 -5.713879e+01 1.406838e+02
      vertex 5.141212e+02 -5.974550e+01 8.696586e+01
    endloop
  endfacet
  facet normal -5.622292e-01 7.530819e-01 3.417103e-01
    outer loop
      vertex 5.141212e+02 -5.974550e+01 8.696586e+01
      vertex 5.502613e+02 -5.713879e+01 1.406838e+02
      vertex 5.502613e+02 -3.809252e+01 9.870850e+01
    endloop
  endfacet
  facet normal -4.867960e-01 3.880985e-01 7.825658e-01
    outer loop
      vertex 5.141212e+02 -5.974550e+01 8.696586e+01
      vertex 5.502613e+02 -3.809252e+01 9.870850e+01
      vertex 5.141212e+02 -2.987275e+01 7.215104e+01
    endloop
  endfacet
  facet normal -4.030416e-01 5.618921e-01 7.223813e-01
    outer loop
      vertex 5.141212e+02 -2.987275e+01 7.215104e+01
      vertex 5.502613e+02 -3.809252e+01 9.870850e+01
      vertex 5.502613e+02 -1.904626e+01 8.389369e+01
    endloop
  endfacet
  facet normal -3.345993e-01 1.006787e-01 9.369670e-01
    outer loop
      vertex 5.141212e+02 -2.987275e+01 7.215104e+01
      vertex 5.502613e+02 -1.904626e+01 8.389369e+01
      vertex 5.141212e+02 0.000000e+00 6.894117e+01
    endloop
  endfacet
  facet normal -3.051225e-01 1.582620e-01 9.390705e-01
    outer loop
      vertex 5.141212e+02 0.000000e+00 6.894117e+01
      vertex 5.502613e+02 -1.904626e+01 8.389369e+01
      vertex 5.502613e+02 0.000000e+00 8.068381e+01
    endloop
  endfacet
  facet normal -3.074159e-01 -1.016631e-01 9.461290e-01
    outer loop
      vertex 5.141212e+02 0.000000e+00 6.894117e+01
      vertex 5.502613e+02 0.000000e+00 8.068381e+01
      vertex 5.141212e+02 2.987275e+01 7.215104e+01
    endloop
  endfacet
  facet normal -3.471623e-01 -1.558510e-01 9.247642e-01
    outer loop
      vertex 5.141212e+02 2.987275e+01 7.215104e+01
      vertex 5.502613e+02 0.000000e+00 8.068381e+01
      vertex 5.502613e+02 1.904626e+01 8.389369e+01
    endloop
  endfacet
  facet normal -3.905062e-01 -4.090179e-01 8.247480e-01
    outer loop
      vertex 5.141212e+02 2.987275e+01 7.215104e+01
      vertex 5.502613e+02 1.904626e+01 8.389369e+01
      vertex 5.141212e+02 5.974550e+01 8.696586e+01
    endloop
  endfacet
  facet normal -5.295849e-01 -5.208025e-01 6.695555e-01
    outer loop
      vertex 5.141212e+02 5.974550e+01 8.696586e+01
      vertex 5.502613e+02 1.904626e+01 8.389369e+01
      vertex 5.502613e+02 3.809252e+01 9.870850e+01
    endloop
  endfacet
  facet normal -5.603484e-01 -6.748129e-01 4.802470e-01
    outer loop
      vertex 5.141212e+02 5.974550e+01 8.696586e+01
      vertex 5.502613e+02 3.809252e+01 9.870850e+01
      vertex 5.141212e+02 8.961824e+01 1.289412e+02
    endloop
  endfacet
  facet normal -6.897599e-01 -6.593377e-01 2.991739e-01
    outer loop
      vertex 5.141212e+02 8.961824e+01 1.289412e+02
      vertex 5.502613e+02 3.809252e+01 9.870850e+01
      vertex 5.502613e+02 5.713879e+01 1.406838e+02
    endloop
  endfacet
  facet normal -8.440601e-01 4.883291e-01 2.215789e-01
    outer loop
      vertex 5.502613e+02 -5.713879e+01 1.406838e+02
      vertex 5.864015e+02 -9.452593e-10 1.524265e+02
      vertex 5.502613e+02 -3.809252e+01 9.870850e+01
    endloop
  endfacet
  facet normal -7.254534e-01 6.882713e-01 5.166412e-12
    outer loop
      vertex 5.502613e+02 -3.809252e+01 9.870850e+01
      vertex 5.864015e+02 -9.452593e-10 1.524265e+02
      vertex 5.864015e+02 -6.301729e-10 1.104511e+02
    endloop
  endfacet
  facet normal -6.704412e-01 4.555412e-01 5.856541e-01
    outer loop
      vertex 5.502613e+02 -3.809252e+01 9.870850e+01
      vertex 5.864015e+02 -6.301729e-10 1.104511e+02
      vertex 5.502613e+02 -1.904626e+01 8.389369e+01
    endloop
  endfacet
  facet normal -4.662281e-01 8.846645e-01 1.881525e-11
    outer loop
      vertex 5.502613e+02 -1.904626e+01 8.389369e+01
      vertex 5.864015e+02 -6.301729e-10 1.104511e+02
      vertex 5.864015e+02 -3.150864e-10 9.563633e+01
    endloop
  endfacet
  facet normal -3.777546e-01 1.538735e-01 9.130303e-01
    outer loop
      vertex 5.502613e+02 -1.904626e+01 8.389369e+01
      vertex 5.864015e+02 -3.150864e-10 9.563633e+01
      vertex 5.502613e+02 0.000000e+00 8.068381e+01
    endloop
  endfacet
  facet normal -3.189462e-11 1.000000e+00 9.816154e-11
    outer loop
      vertex 5.502613e+02 0.000000e+00 8.068381e+01
      vertex 5.864015e+02 -3.150864e-10 9.563633e+01
      vertex 5.864015e+02 0.000000e+00 9.242646e+01
    endloop
  endfacet
  facet normal -3.051225e-01 -1.582620e-01 9.390705e-01
    outer loop
      vertex 5.502613e+02 0.000000e+00 8.068381e+01
      vertex 5.864015e+02 0.000000e+00 9.242646e+01
      vertex 5.502613e+02 1.904626e+01 8.389369e+01
    endloop
  endfacet
  facet normal -4.662281e-01 -8.846645e-01 8.683961e-11
    outer loop
      vertex 5.502613e+02 1.904626e+01 8.389369e+01
      vertex 5.864015e+02 0.000000e+00 9.242646e+01
      vertex 5.864015e+02 3.150864e-10 9.563633e+01
    endloop
  endfacet
  facet normal -5.017421e-01 -5.310928e-01 6.827849e-01
    outer loop
      vertex 5.502613e+02 1.904626e+01 8.389369e+01
      vertex 5.864015e+02 3.150864e-10 9.563633e+01
      vertex 5.502613e+02 3.809252e+01 9.870850e+01
    endloop
  endfacet
  facet normal -7.254534e-01 -6.882713e-01 1.463846e-11
    outer loop
      vertex 5.502613e+02 3.809252e+01 9.870850e+01
      vertex 5.864015e+02 3.150864e-10 9.563633e+01
      vertex 5.864015e+02 6.301729e-10 1.104511e+02
    endloop
  endfacet
  facet normal -7.381338e-01 -6.143669e-01 2.787685e-01
    outer loop
      vertex 5.502613e+02 3.809252e+01 9.870850e+01
      vertex 5.864015e+02 6.301729e-10 1.104511e+02
      vertex 5.502613e+02 5.713879e+01 1.406838e+02
    endloop
  endfacet
  facet normal -8.451382e-01 -5.345479e-01 4.012429e-12
    outer loop
      vertex 5.502613e+02 5.713879e+01 1.406838e+02
      vertex 5.864015e+02 6.301729e-10 1.104511e+02
      vertex 5.864015e+02 9.452593e-10 1.524265e+02
    endloop
  endfacet
  facet normal -3.009895e-01 9.219770e-01 2.436467e-01
    outer loop
      vertex 1.841867e+02 1.340113e+02 3.500000e+01
      vertex 2.250572e+02 1.442507e+02 4.674265e+01
      vertex 1.758242e+02 1.423739e+02 -6.975309e+00
    endloop
  endfacet
  facet normal -4.693681e-01 7.858158e-01 4.027247e-01
    outer loop
      vertex 1.758242e+02 1.423739e+02 -6.975309e+00
      vertex 2.250572e+02 1.442507e+02 4.674265e+01
      vertex 2.115895e+02 1.577185e+02 4.767337e+00
    endloop
  endfacet
  facet normal -4.723356e-01 6.263310e-01 6.201682e-01
    outer loop
      vertex 1.758242e+02 1.423739e+02 -6.975309e+00
      vertex 2.115895e+02 1.577185e+02 4.767337e+00
      vertex 1.674616e+02 1.507365e+02 -2.179012e+01
    endloop
  endfacet
  facet normal -5.240911e-01 3.365195e-01 7.823574e-01
    outer loop
      vertex 1.674616e+02 1.507365e+02 -2.179012e+01
      vertex 2.115895e+02 1.577185e+02 4.767337e+00
      vertex 1.981217e+02 1.711862e+02 -1.004748e+01
    endloop
  endfacet
  facet normal -3.579349e-01 4.729191e-04 9.337464e-01
    outer loop
      vertex 1.674616e+02 1.507365e+02 -2.179012e+01
      vertex 1.981217e+02 1.711862e+02 -1.004748e+01
      vertex 1.590990e+02 1.590990e+02 -2.500000e+01
    endloop
  endfacet
  facet normal -3.276624e-01 -1.038460e-01 9.390705e-01
    outer loop
      vertex 1.590990e+02 1.590990e+02 -2.500000e+01
      vertex 1.981217e+02 1.711862e+02 -1.004748e+01
      vertex 1.846540e+02 1.846540e+02 -1.325735e+01
    endloop
  endfacet
  facet normal -3.483996e-02 -3.883060e-01 9.208717e-01
    outer loop
      vertex 1.590990e+02 1.590990e+02 -2.500000e+01
      vertex 1.846540e+02 1.846540e+02 -1.325735e+01
      vertex 1.507365e+02 1.674616e+02 -2.179012e+01
    endloop
  endfacet
  facet normal -8.224565e-02 -3.081378e-01 9.477799e-01
    outer loop
      vertex 1.507365e+02 1.674616e+02 -2.179012e+01
      vertex 1.846540e+02 1.846540e+02 -1.325735e+01
      vertex 1.711862e+02 1.981217e+02 -1.004748e+01
    endloop
  endfacet
  facet normal 5.191166e-01 -5.849248e-01 6.232022e-01
    outer loop
      vertex 1.507365e+02 1.674616e+02 -2.179012e+01
      vertex 1.711862e+02 1.981217e+02 -1.004748e+01
      vertex 1.423739e+02 1.758242e+02 -6.975309e+00
    endloop
  endfacet
  facet normal 4.262218e-01 -4.420058e-01 7.892819e-01
    outer loop
      vertex 1.423739e+02 1.758242e+02 -6.975309e+00
      vertex 1.711862e+02 1.981217e+02 -1.004748e+01
      vertex 1.577185e+02 2.115895e+02 4.767337e+00
    endloop
  endfacet
  facet normal 8.535187e-01 -4.515566e-01 2.600049e-01
    outer loop
      vertex 1.423739e+02 1.758242e+02 -6.975309e+00
      vertex 1.577185e+02 2.115895e+02 4.767337e+00
      vertex 1.340113e+02 1.841867e+02 3.500000e+01
    endloop
  endfacet
  facet normal 8.645578e-01 -3.263876e-01 3.821138e-01
    outer loop
      vertex 1.340113e+02 1.841867e+02 3.500000e+01
      vertex 1.577185e+02 2.115895e+02 4.767337e+00
      vertex 1.442507e+02 2.250572e+02 4.674265e+01
    endloop
  endfacet
  facet normal -1.321837e-01 9.307128e-01 3.410294e-01
    outer loop
      vertex 2.250572e+02 1.442507e+02 4.674265e+01
      vertex 2.735786e+02 1.468392e+02 5.848529e+01
      vertex 2.115895e+02 1.577185e+02 4.767337e+00
    endloop
  endfacet
  facet normal -3.488229e-01 7.548760e-01 5.554141e-01
    outer loop
      vertex 2.115895e+02 1.577185e+02 4.767337e+00
      vertex 2.735786e+02 1.468392e+02 5.848529e+01
      vertex 2.524554e+02 1.679625e+02 1.650998e+01
    endloop
  endfacet
  facet normal -3.531971e-01 5.097482e-01 7.844798e-01
    outer loop
      vertex 2.115895e+02 1.577185e+02 4.767337e+00
      vertex 2.524554e+02 1.679625e+02 1.650998e+01
      vertex 1.981217e+02 1.711862e+02 -1.004748e+01
    endloop
  endfacet
  facet normal -4.206633e-01 1.999662e-01 8.849045e-01
    outer loop
      vertex 1.981217e+02 1.711862e+02 -1.004748e+01
      vertex 2.524554e+02 1.679625e+02 1.650998e+01
      vertex 2.313321e+02 1.890857e+02 1.695168e+00
    endloop
  endfacet
  facet normal -2.981428e-01 -7.127920e-02 9.518561e-01
    outer loop
      vertex 1.981217e+02 1.711862e+02 -1.004748e+01
      vertex 2.313321e+02 1.890857e+02 1.695168e+00
      vertex 1.846540e+02 1.846540e+02 -1.325735e+01
    endloop
  endfacet
  facet normal -2.892626e-01 -1.454892e-01 9.461290e-01
    outer loop
      vertex 1.846540e+02 1.846540e+02 -1.325735e+01
      vertex 2.313321e+02 1.890857e+02 1.695168e+00
      vertex 2.102089e+02 2.102089e+02 -1.514708e+00
    endloop
  endfacet
  facet normal -1.038460e-01 -3.276624e-01 9.390705e-01
    outer loop
      vertex 1.846540e+02 1.846540e+02 -1.325735e+01
      vertex 2.102089e+02 2.102089e+02 -1.514708e+00
      vertex 1.711862e+02 1.981217e+02 -1.004748e+01
    endloop
  endfacet
  facet normal -1.250721e-01 -2.701422e-01 9.546623e-01
    outer loop
      vertex 1.711862e+02 1.981217e+02 -1.004748e+01
      vertex 2.102089e+02 2.102089e+02 -1.514708e+00
      vertex 1.890857e+02 2.313321e+02 1.695168e+00
    endloop
  endfacet
  facet normal 3.818417e-01 -4.841643e-01 7.872622e-01
    outer loop
      vertex 1.711862e+02 1.981217e+02 -1.004748e+01
      vertex 1.890857e+02 2.313321e+02 1.695168e+00
      vertex 1.577185e+02 2.115895e+02 4.767337e+00
    endloop
  endfacet
  facet normal 2.964686e-01 -3.316645e-01 8.956032e-01
    outer loop
      vertex 1.577185e+02 2.115895e+02 4.767337e+00
      vertex 1.890857e+02 2.313321e+02 1.695168e+00
      vertex 1.679625e+02 2.524554e+02 1.650998e+01
    endloop
  endfacet
  facet normal 8.645011e-01 -3.265121e-01 3.821356e-01
    outer loop
      vertex 1.577185e+02 2.115895e+02 4.767337e+00
      vertex 1.679625e+02 2.524554e+02 1.650998e+01
      vertex 1.442507e+02 2.250572e+02 4.674265e+01
    endloop
  endfacet
  facet normal 8.439247e-01 -1.682961e-01 5.093796e-01
    outer loop
      vertex 1.442507e+02 2.250572e+02 4.674265e+01
      vertex 1.679625e+02 2.524554e+02 1.650998e+01
      vertex 1.468392e+02 2.735786e+02 5.848529e+01
    endloop
  endfacet
  facet normal -3.348124e-01 7.632539e-01 5.525796e-01
    outer loop
      vertex 2.735786e+02 1.468392e+02 5.848529e+01
      vertex 3.150138e+02 1.565140e+02 7.022794e+01
      vertex 2.524554e+02 1.679625e+02 1.650998e+01
    endloop
  endfacet
  facet normal -4.601235e-01 5.916986e-01 6.619510e-01
    outer loop
      vertex 2.524554e+02 1.679625e+02 1.650998e+01
      vertex 3.150138e+02 1.565140e+02 7.022794e+01
      vertex 2.885971e+02 1.829306e+02 2.825263e+01
    endloop
  endfacet
  facet normal -3.876304e-01 2.371291e-01 8.907931e-01
    outer loop
      vertex 2.524554e+02 1.679625e+02 1.650998e+01
      vertex 2.885971e+02 1.829306e+02 2.825263e+01
      vertex 2.313321e+02 1.890857e+02 1.695168e+00
    endloop
  endfacet
  facet normal -4.099305e-01 9.859971e-02 9.067718e-01
    outer loop
      vertex 2.313321e+02 1.890857e+02 1.695168e+00
      vertex 2.885971e+02 1.829306e+02 2.825263e+01
      vertex 2.621805e+02 2.093472e+02 1.343781e+01
    endloop
  endfacet
  facet normal -2.761037e-01 -1.314229e-01 9.521002e-01
    outer loop
      vertex 2.313321e+02 1.890857e+02 1.695168e+00
      vertex 2.621805e+02 2.093472e+02 1.343781e+01
      vertex 2.102089e+02 2.102089e+02 -1.514708e+00
    endloop
  endfacet
  facet normal -2.753715e-01 -1.601928e-01 9.478971e-01
    outer loop
      vertex 2.102089e+02 2.102089e+02 -1.514708e+00
      vertex 2.621805e+02 2.093472e+02 1.343781e+01
      vertex 2.357639e+02 2.357639e+02 1.022794e+01
    endloop
  endfacet
  facet normal -1.454892e-01 -2.892626e-01 9.461290e-01
    outer loop
      vertex 2.102089e+02 2.102089e+02 -1.514708e+00
      vertex 2.357639e+02 2.357639e+02 1.022794e+01
      vertex 1.890857e+02 2.313321e+02 1.695168e+00
    endloop
  endfacet
  facet normal -1.490188e-01 -2.647840e-01 9.527239e-01
    outer loop
      vertex 1.890857e+02 2.313321e+02 1.695168e+00
      vertex 2.357639e+02 2.357639e+02 1.022794e+01
      vertex 2.093472e+02 2.621805e+02 1.343781e+01
    endloop
  endfacet
  facet normal 1.700713e-01 -4.461660e-01 8.786419e-01
    outer loop
      vertex 1.890857e+02 2.313321e+02 1.695168e+00
      vertex 2.093472e+02 2.621805e+02 1.343781e+01
      vertex 1.679625e+02 2.524554e+02 1.650998e+01
    endloop
  endfacet
  facet normal 1.533716e-01 -3.622313e-01 9.193833e-01
    outer loop
      vertex 1.679625e+02 2.524554e+02 1.650998e+01
      vertex 2.093472e+02 2.621805e+02 1.343781e+01
      vertex 1.829306e+02 2.885971e+02 2.825263e+01
    endloop
  endfacet
  facet normal 6.741030e-01 -4.655087e-01 5.734865e-01
    outer loop
      vertex 1.679625e+02 2.524554e+02 1.650998e+01
      vertex 1.829306e+02 2.885971e+02 2.825263e+01
      vertex 1.468392e+02 2.735786e+02 5.848529e+01
    endloop
  endfacet
  facet normal 6.829693e-01 -3.423324e-01 6.452607e-01
    outer loop
      vertex 1.468392e+02 2.735786e+02 5.848529e+01
      vertex 1.829306e+02 2.885971e+02 2.825263e+01
      vertex 1.565140e+02 3.150138e+02 7.022794e+01
    endloop
  endfacet
  facet normal -4.836511e-01 5.707478e-01 6.635726e-01
    outer loop
      vertex 3.150138e+02 1.565140e+02 7.022794e+01
      vertex 3.500697e+02 1.725679e+02 8.197058e+01
      vertex 2.885971e+02 1.829306e+02 2.825263e+01
    endloop
  endfacet
  facet normal -5.381021e-01 4.620921e-01 7.049234e-01
    outer loop
      vertex 2.885971e+02 1.829306e+02 2.825263e+01
      vertex 3.500697e+02 1.725679e+02 8.197058e+01
      vertex 3.204861e+02 2.021515e+02 3.999527e+01
    endloop
  endfacet
  facet normal -4.008279e-01 1.092945e-01 9.096108e-01
    outer loop
      vertex 2.885971e+02 1.829306e+02 2.825263e+01
      vertex 3.204861e+02 2.021515e+02 3.999527e+01
      vertex 2.621805e+02 2.093472e+02 1.343781e+01
    endloop
  endfacet
  facet normal -4.092360e-01 4.707894e-02 9.112132e-01
    outer loop
      vertex 2.621805e+02 2.093472e+02 1.343781e+01
      vertex 3.204861e+02 2.021515e+02 3.999527e+01
      vertex 2.909024e+02 2.317352e+02 2.518046e+01
    endloop
  endfacet
  facet normal -2.690584e-01 -1.535259e-01 9.508088e-01
    outer loop
      vertex 2.621805e+02 2.093472e+02 1.343781e+01
      vertex 2.909024e+02 2.317352e+02 2.518046e+01
      vertex 2.357639e+02 2.357639e+02 1.022794e+01
    endloop
  endfacet
  facet normal -2.693875e-01 -1.664698e-01 9.485348e-01
    outer loop
      vertex 2.357639e+02 2.357639e+02 1.022794e+01
      vertex 2.909024e+02 2.317352e+02 2.518046e+01
      vertex 2.613188e+02 2.613188e+02 2.197058e+01
    endloop
  endfacet
  facet normal -1.601928e-01 -2.753715e-01 9.478971e-01
    outer loop
      vertex 2.357639e+02 2.357639e+02 1.022794e+01
      vertex 2.613188e+02 2.613188e+02 2.197058e+01
      vertex 2.093472e+02 2.621805e+02 1.343781e+01
    endloop
  endfacet
  facet normal -1.605328e-01 -2.637336e-01 9.511434e-01
    outer loop
      vertex 2.093472e+02 2.621805e+02 1.343781e+01
      vertex 2.613188e+02 2.613188e+02 2.197058e+01
      vertex 2.317352e+02 2.909024e+02 2.518046e+01
    endloop
  endfacet
  facet normal 7.690342e-02 -4.280869e-01 9.004596e-01
    outer loop
      vertex 2.093472e+02 2.621805e+02 1.343781e+01
      vertex 2.317352e+02 2.909024e+02 2.518046e+01
      vertex 1.829306e+02 2.885971e+02 2.825263e+01
    endloop
  endfacet
  facet normal 7.607593e-02 -3.846089e-01 9.199394e-01
    outer loop
      vertex 1.829306e+02 2.885971e+02 2.825263e+01
      vertex 2.317352e+02 2.909024e+02 2.518046e+01
      vertex 2.021515e+02 3.204861e+02 3.999527e+01
    endloop
  endfacet
  facet normal 5.061325e-01 -5.497686e-01 6.645181e-01
    outer loop
      vertex 1.829306e+02 2.885971e+02 2.825263e+01
      vertex 2.021515e+02 3.204861e+02 3.999527e+01
      vertex 1.565140e+02 3.150138e+02 7.022794e+01
    endloop
  endfacet
  facet normal 5.245251e-01 -4.765401e-01 7.055373e-01
    outer loop
      vertex 1.565140e+02 3.150138e+02 7.022794e+01
      vertex 2.021515e+02 3.204861e+02 3.999527e+01
      vertex 1.725679e+02 3.500697e+02 8.197058e+01
    endloop
  endfacet
  facet normal -5.949095e-01 3.968621e-01 6.989873e-01
    outer loop
      vertex 3.500697e+02 1.725679e+02 8.197058e+01
      vertex 3.787976e+02 1.949499e+02 9.371323e+01
      vertex 3.204861e+02 2.021515e+02 3.999527e+01
    endloop
  endfacet
  facet normal -6.069728e-01 3.621242e-01 7.074250e-01
    outer loop
      vertex 3.204861e+02 2.021515e+02 3.999527e+01
      vertex 3.787976e+02 1.949499e+02 9.371323e+01
      vertex 3.481563e+02 2.255912e+02 5.173792e+01
    endloop
  endfacet
  facet normal -4.171727e-01 3.755859e-02 9.080508e-01
    outer loop
      vertex 3.204861e+02 2.021515e+02 3.999527e+01
      vertex 3.481563e+02 2.255912e+02 5.173792e+01
      vertex 2.909024e+02 2.317352e+02 2.518046e+01
    endloop
  endfacet
  facet normal -4.189410e-01 1.996991e-02 9.077938e-01
    outer loop
      vertex 2.909024e+02 2.317352e+02 2.518046e+01
      vertex 3.481563e+02 2.255912e+02 5.173792e+01
      vertex 3.175150e+02 2.562324e+02 3.692311e+01
    endloop
  endfacet
  facet normal -2.675049e-01 -1.644920e-01 9.494122e-01
    outer loop
      vertex 2.909024e+02 2.317352e+02 2.518046e+01
      vertex 3.175150e+02 2.562324e+02 3.692311e+01
      vertex 2.613188e+02 2.613188e+02 2.197058e+01
    endloop
  endfacet
  facet normal -2.676593e-01 -1.682762e-01 9.487052e-01
    outer loop
      vertex 2.613188e+02 2.613188e+02 2.197058e+01
      vertex 3.175150e+02 2.562324e+02 3.692311e+01
      vertex 2.868737e+02 2.868737e+02 3.371323e+01
    endloop
  endfacet
  facet normal -1.664698e-01 -2.693875e-01 9.485348e-01
    outer loop
      vertex 2.613188e+02 2.613188e+02 2.197058e+01
      vertex 2.868737e+02 2.868737e+02 3.371323e+01
      vertex 2.317352e+02 2.909024e+02 2.518046e+01
    endloop
  endfacet
  facet normal -1.663681e-01 -2.658400e-01 9.495529e-01
    outer loop
      vertex 2.317352e+02 2.909024e+02 2.518046e+01
      vertex 2.868737e+02 2.868737e+02 3.371323e+01
      vertex 2.562324e+02 3.175150e+02 3.692311e+01
    endloop
  endfacet
  facet normal 2.804598e-02 -4.250297e-01 9.047448e-01
    outer loop
      vertex 2.317352e+02 2.909024e+02 2.518046e+01
      vertex 2.562324e+02 3.175150e+02 3.692311e+01
      vertex 2.021515e+02 3.204861e+02 3.999527e+01
    endloop
  endfacet
  facet normal 2.915609e-02 -4.113174e-01 9.110257e-01
    outer loop
      vertex 2.021515e+02 3.204861e+02 3.999527e+01
      vertex 2.562324e+02 3.175150e+02 3.692311e+01
      vertex 2.255912e+02 3.481563e+02 5.173792e+01
    endloop
  endfacet
  facet normal 3.746616e-01 -6.126907e-01 6.958727e-01
    outer loop
      vertex 2.021515e+02 3.204861e+02 3.999527e+01
      vertex 2.255912e+02 3.481563e+02 5.173792e+01
      vertex 1.725679e+02 3.500697e+02 8.197058e+01
    endloop
  endfacet
  facet normal 3.839131e-01 -5.895824e-01 7.106359e-01
    outer loop
      vertex 1.725679e+02 3.500697e+02 8.197058e+01
      vertex 2.255912e+02 3.481563e+02 5.173792e+01
      vertex 1.949499e+02 3.787976e+02 9.371323e+01
    endloop
  endfacet
  facet normal -6.839710e-01 2.532357e-01 6.841457e-01
    outer loop
      vertex 3.787976e+02 1.949499e+02 9.371323e+01
      vertex 4.011796e+02 2.236778e+02 1.054559e+02
      vertex 3.481563e+02 2.255912e+02 5.173792e+01
    endloop
  endfacet
  facet normal -6.769534e-01 2.855655e-01 6.783704e-01
    outer loop
      vertex 3.481563e+02 2.255912e+02 5.173792e+01
      vertex 4.011796e+02 2.236778e+02 1.054559e+02
      vertex 3.715960e+02 2.532614e+02 6.348057e+01
    endloop
  endfacet
  facet normal -4.410959e-01 -7.195252e-03 8.974311e-01
    outer loop
      vertex 3.481563e+02 2.255912e+02 5.173792e+01
      vertex 3.715960e+02 2.532614e+02 6.348057e+01
      vertex 3.175150e+02 2.562324e+02 3.692311e+01
    endloop
  endfacet
  facet normal -4.403618e-01 9.222611e-03 8.977730e-01
    outer loop
      vertex 3.175150e+02 2.562324e+02 3.692311e+01
      vertex 3.715960e+02 2.532614e+02 6.348057e+01
      vertex 3.420123e+02 2.828451e+02 4.866575e+01
    endloop
  endfacet
  facet normal -2.694733e-01 -1.701796e-01 9.478518e-01
    outer loop
      vertex 3.175150e+02 2.562324e+02 3.692311e+01
      vertex 3.420123e+02 2.828451e+02 4.866575e+01
      vertex 2.868737e+02 2.868737e+02 3.371323e+01
    endloop
  endfacet
  facet normal -2.693875e-01 -1.664698e-01 9.485348e-01
    outer loop
      vertex 2.868737e+02 2.868737e+02 3.371323e+01
      vertex 3.420123e+02 2.828451e+02 4.866575e+01
      vertex 3.124287e+02 3.124287e+02 4.545587e+01
    endloop
  endfacet
  facet normal -1.682762e-01 -2.676593e-01 9.487052e-01
    outer loop
      vertex 2.868737e+02 2.868737e+02 3.371323e+01
      vertex 3.124287e+02 3.124287e+02 4.545587e+01
      vertex 2.562324e+02 3.175150e+02 3.692311e+01
    endloop
  endfacet
  facet normal -1.684425e-01 -2.712643e-01 9.476512e-01
    outer loop
      vertex 2.562324e+02 3.175150e+02 3.692311e+01
      vertex 3.124287e+02 3.124287e+02 4.545587e+01
      vertex 2.828451e+02 3.420123e+02 4.866575e+01
    endloop
  endfacet
  facet normal 1.790893e-03 -4.338315e-01 9.009922e-01
    outer loop
      vertex 2.562324e+02 3.175150e+02 3.692311e+01
      vertex 2.828451e+02 3.420123e+02 4.866575e+01
      vertex 2.255912e+02 3.481563e+02 5.173792e+01
    endloop
  endfacet
  facet normal -8.068352e-05 -4.478341e-01 8.941167e-01
    outer loop
      vertex 2.255912e+02 3.481563e+02 5.173792e+01
      vertex 2.828451e+02 3.420123e+02 4.866575e+01
      vertex 2.532614e+02 3.715960e+02 6.348057e+01
    endloop
  endfacet
  facet normal 2.748314e-01 -6.699427e-01 6.896698e-01
    outer loop
      vertex 2.255912e+02 3.481563e+02 5.173792e+01
      vertex 2.532614e+02 3.715960e+02 6.348057e+01
      vertex 1.949499e+02 3.787976e+02 9.371323e+01
    endloop
  endfacet
  facet normal 2.634973e-01 -6.912317e-01 6.728802e-01
    outer loop
      vertex 1.949499e+02 3.787976e+02 9.371323e+01
      vertex 2.532614e+02 3.715960e+02 6.348057e+01
      vertex 2.236778e+02 4.011796e+02 1.054559e+02
    endloop
  endfacet
  facet normal -7.617701e-01 1.367339e-01 6.332536e-01
    outer loop
      vertex 4.011796e+02 2.236778e+02 1.054559e+02
      vertex 4.172335e+02 2.587337e+02 1.171985e+02
      vertex 3.715960e+02 2.532614e+02 6.348057e+01
    endloop
  endfacet
  facet normal -7.534982e-01 2.269538e-01 6.170352e-01
    outer loop
      vertex 3.715960e+02 2.532614e+02 6.348057e+01
      vertex 4.172335e+02 2.587337e+02 1.171985e+02
      vertex 3.908169e+02 2.851504e+02 7.522321e+01
    endloop
  endfacet
  facet normal -4.763316e-01 -3.639250e-02 8.785123e-01
    outer loop
      vertex 3.715960e+02 2.532614e+02 6.348057e+01
      vertex 3.908169e+02 2.851504e+02 7.522321e+01
      vertex 3.420123e+02 2.828451e+02 4.866575e+01
    endloop
  endfacet
  facet normal -4.784372e-01 1.396339e-02 8.780107e-01
    outer loop
      vertex 3.420123e+02 2.828451e+02 4.866575e+01
      vertex 3.908169e+02 2.851504e+02 7.522321e+01
      vertex 3.644003e+02 3.115670e+02 6.040840e+01
    endloop
  endfacet
  facet normal -2.749903e-01 -1.723616e-01 9.458709e-01
    outer loop
      vertex 3.420123e+02 2.828451e+02 4.866575e+01
      vertex 3.644003e+02 3.115670e+02 6.040840e+01
      vertex 3.124287e+02 3.124287e+02 4.545587e+01
    endloop
  endfacet
  facet normal -2.753715e-01 -1.601928e-01 9.478971e-01
    outer loop
      vertex 3.124287e+02 3.124287e+02 4.545587e+01
      vertex 3.644003e+02 3.115670e+02 6.040840e+01
      vertex 3.379836e+02 3.379836e+02 5.719852e+01
    endloop
  endfacet
  facet normal -1.664698e-01 -2.693875e-01 9.485348e-01
    outer loop
      vertex 3.124287e+02 3.124287e+02 4.545587e+01
      vertex 3.379836e+02 3.379836e+02 5.719852e+01
      vertex 2.828451e+02 3.420123e+02 4.866575e+01
    endloop
  endfacet
  facet normal -1.668036e-01 -2.816201e-01 9.449162e-01
    outer loop
      vertex 2.828451e+02 3.420123e+02 4.866575e+01
      vertex 3.379836e+02 3.379836e+02 5.719852e+01
      vertex 3.115670e+02 3.644003e+02 6.040840e+01
    endloop
  endfacet
  facet normal -9.255165e-03 -4.551346e-01 8.903746e-01
    outer loop
      vertex 2.828451e+02 3.420123e+02 4.866575e+01
      vertex 3.115670e+02 3.644003e+02 6.040840e+01
      vertex 2.532614e+02 3.715960e+02 6.348057e+01
    endloop
  endfacet
  facet normal -1.630360e-02 -5.014320e-01 8.650434e-01
    outer loop
      vertex 2.532614e+02 3.715960e+02 6.348057e+01
      vertex 3.115670e+02 3.644003e+02 6.040840e+01
      vertex 2.851504e+02 3.908169e+02 7.522321e+01
    endloop
  endfacet
  facet normal 1.988148e-01 -7.296013e-01 6.543352e-01
    outer loop
      vertex 2.532614e+02 3.715960e+02 6.348057e+01
      vertex 2.851504e+02 3.908169e+02 7.522321e+01
      vertex 2.236778e+02 4.011796e+02 1.054559e+02
    endloop
  endfacet
  facet normal 1.605701e-01 -7.866667e-01 5.961315e-01
    outer loop
      vertex 2.236778e+02 4.011796e+02 1.054559e+02
      vertex 2.851504e+02 3.908169e+02 7.522321e+01
      vertex 2.587337e+02 4.172335e+02 1.171985e+02
    endloop
  endfacet
  facet normal -8.344387e-01 3.904500e-02 5.497159e-01
    outer loop
      vertex 4.172335e+02 2.587337e+02 1.171985e+02
      vertex 4.269082e+02 3.001689e+02 1.289412e+02
      vertex 3.908169e+02 2.851504e+02 7.522321e+01
    endloop
  endfacet
  facet normal -8.390307e-01 1.807489e-01 5.131834e-01
    outer loop
      vertex 3.908169e+02 2.851504e+02 7.522321e+01
      vertex 4.269082e+02 3.001689e+02 1.289412e+02
      vertex 4.057850e+02 3.212921e+02 8.696586e+01
    endloop
  endfacet
  facet normal -5.299905e-01 -5.543562e-02 8.461896e-01
    outer loop
      vertex 3.908169e+02 2.851504e+02 7.522321e+01
      vertex 4.057850e+02 3.212921e+02 8.696586e+01
      vertex 3.644003e+02 3.115670e+02 6.040840e+01
    endloop
  endfacet
  facet normal -5.463462e-01 4.039418e-02 8.365848e-01
    outer loop
      vertex 3.644003e+02 3.115670e+02 6.040840e+01
      vertex 4.057850e+02 3.212921e+02 8.696586e+01
      vertex 3.846618e+02 3.424154e+02 7.215104e+01
    endloop
  endfacet
  facet normal -2.857789e-01 -1.712102e-01 9.428772e-01
    outer loop
      vertex 3.644003e+02 3.115670e+02 6.040840e+01
      vertex 3.846618e+02 3.424154e+02 7.215104e+01
      vertex 3.379836e+02 3.379836e+02 5.719852e+01
    endloop
  endfacet
  facet normal -2.892626e-01 -1.454892e-01 9.461290e-01
    outer loop
      vertex 3.379836e+02 3.379836e+02 5.719852e+01
      vertex 3.846618e+02 3.424154e+02 7.215104e+01
      vertex 3.635386e+02 3.635386e+02 6.894117e+01
    endloop
  endfacet
  facet normal -1.601928e-01 -2.753715e-01 9.478971e-01
    outer loop
      vertex 3.379836e+02 3.379836e+02 5.719852e+01
      vertex 3.635386e+02 3.635386e+02 6.894117e+01
      vertex 3.115670e+02 3.644003e+02 6.040840e+01
    endloop
  endfacet
  facet normal -1.593166e-01 -3.021369e-01 9.398572e-01
    outer loop
      vertex 3.115670e+02 3.644003e+02 6.040840e+01
      vertex 3.635386e+02 3.635386e+02 6.894117e+01
      vertex 3.424154e+02 3.846618e+02 7.215104e+01
    endloop
  endfacet
  facet normal -6.458895e-03 -4.940393e-01 8.694156e-01
    outer loop
      vertex 3.115670e+02 3.644003e+02 6.040840e+01
      vertex 3.424154e+02 3.846618e+02 7.215104e+01
      vertex 2.851504e+02 3.908169e+02 7.522321e+01
    endloop
  endfacet
  facet normal -1.970668e-02 -5.872279e-01 8.091817e-01
    outer loop
      vertex 2.851504e+02 3.908169e+02 7.522321e+01
      vertex 3.424154e+02 3.846618e+02 7.215104e+01
      vertex 3.212921e+02 4.057850e+02 8.696586e+01
    endloop
  endfacet
  facet normal 1.386548e-01 -7.964989e-01 5.885272e-01
    outer loop
      vertex 2.851504e+02 3.908169e+02 7.522321e+01
      vertex 3.212921e+02 4.057850e+02 8.696586e+01
      vertex 2.587337e+02 4.172335e+02 1.171985e+02
    endloop
  endfacet
  facet normal 6.971662e-02 -8.765694e-01 4.761992e-01
    outer loop
      vertex 2.587337e+02 4.172335e+02 1.171985e+02
      vertex 3.212921e+02 4.057850e+02 8.696586e+01
      vertex 3.001689e+02 4.269082e+02 1.289412e+02
    endloop
  endfacet
  facet normal -9.027694e-01 -5.507692e-02 4.265840e-01
    outer loop
      vertex 4.269082e+02 3.001689e+02 1.289412e+02
      vertex 4.294967e+02 3.486903e+02 1.406838e+02
      vertex 4.057850e+02 3.212921e+02 8.696586e+01
    endloop
  endfacet
  facet normal -9.300654e-01 1.349533e-01 3.417103e-01
    outer loop
      vertex 4.057850e+02 3.212921e+02 8.696586e+01
      vertex 4.294967e+02 3.486903e+02 1.406838e+02
      vertex 4.160290e+02 3.621580e+02 9.870850e+01
    endloop
  endfacet
  facet normal -6.186438e-01 -6.978968e-02 7.825658e-01
    outer loop
      vertex 4.057850e+02 3.212921e+02 8.696586e+01
      vertex 4.160290e+02 3.621580e+02 9.870850e+01
      vertex 3.846618e+02 3.424154e+02 7.215104e+01
    endloop
  endfacet
  facet normal -6.823112e-01 1.123242e-01 7.223813e-01
    outer loop
      vertex 3.846618e+02 3.424154e+02 7.215104e+01
      vertex 4.160290e+02 3.621580e+02 9.870850e+01
      vertex 4.025613e+02 3.756258e+02 8.389369e+01
    endloop
  endfacet
  facet normal -3.077880e-01 -1.654069e-01 9.369670e-01
    outer loop
      vertex 3.846618e+02 3.424154e+02 7.215104e+01
      vertex 4.025613e+02 3.756258e+02 8.389369e+01
      vertex 3.635386e+02 3.635386e+02 6.894117e+01
    endloop
  endfacet
  facet normal -3.276624e-01 -1.038460e-01 9.390705e-01
    outer loop
      vertex 3.635386e+02 3.635386e+02 6.894117e+01
      vertex 4.025613e+02 3.756258e+02 8.389369e+01
      vertex 3.890935e+02 3.890935e+02 8.068381e+01
    endloop
  endfacet
  facet normal -1.454892e-01 -2.892626e-01 9.461290e-01
    outer loop
      vertex 3.635386e+02 3.635386e+02 6.894117e+01
      vertex 3.890935e+02 3.890935e+02 8.068381e+01
      vertex 3.424154e+02 3.846618e+02 7.215104e+01
    endloop
  endfacet
  facet normal -1.352775e-01 -3.556841e-01 9.247642e-01
    outer loop
      vertex 3.424154e+02 3.846618e+02 7.215104e+01
      vertex 3.890935e+02 3.890935e+02 8.068381e+01
      vertex 3.756258e+02 4.025613e+02 8.389369e+01
    endloop
  endfacet
  facet normal 1.308978e-02 -5.653489e-01 8.247480e-01
    outer loop
      vertex 3.424154e+02 3.846618e+02 7.215104e+01
      vertex 3.756258e+02 4.025613e+02 8.389369e+01
      vertex 3.212921e+02 4.057850e+02 8.696586e+01
    endloop
  endfacet
  facet normal -6.210072e-03 -7.427360e-01 6.695555e-01
    outer loop
      vertex 3.212921e+02 4.057850e+02 8.696586e+01
      vertex 3.756258e+02 4.025613e+02 8.389369e+01
      vertex 3.621580e+02 4.160290e+02 9.870850e+01
    endloop
  endfacet
  facet normal 8.093859e-02 -8.733910e-01 4.802470e-01
    outer loop
      vertex 3.212921e+02 4.057850e+02 8.696586e+01
      vertex 3.621580e+02 4.160290e+02 9.870850e+01
      vertex 3.001689e+02 4.269082e+02 1.289412e+02
    endloop
  endfacet
  facet normal -2.151176e-02 -9.539561e-01 2.991739e-01
    outer loop
      vertex 3.001689e+02 4.269082e+02 1.289412e+02
      vertex 3.621580e+02 4.160290e+02 9.870850e+01
      vertex 3.486903e+02 4.294967e+02 1.406838e+02
    endloop
  endfacet
  facet normal -9.421415e-01 -2.515398e-01 2.215789e-01
    outer loop
      vertex 4.294967e+02 3.486903e+02 1.406838e+02
      vertex 4.146485e+02 4.146485e+02 1.524265e+02
      vertex 4.160290e+02 3.621580e+02 9.870850e+01
    endloop
  endfacet
  facet normal -9.996543e-01 -2.629168e-02 5.167102e-12
    outer loop
      vertex 4.160290e+02 3.621580e+02 9.870850e+01
      vertex 4.146485e+02 4.146485e+02 1.524265e+02
      vertex 4.146485e+02 4.146485e+02 1.104511e+02
    endloop
  endfacet
  facet normal -7.961898e-01 -1.519572e-01 5.856541e-01
    outer loop
      vertex 4.160290e+02 3.621580e+02 9.870850e+01
      vertex 4.146485e+02 4.146485e+02 1.104511e+02
      vertex 4.025613e+02 3.756258e+02 8.389369e+01
    endloop
  endfacet
  facet normal -9.552254e-01 2.958792e-01 1.881281e-11
    outer loop
      vertex 4.025613e+02 3.756258e+02 8.389369e+01
      vertex 4.146485e+02 4.146485e+02 1.104511e+02
      vertex 4.146485e+02 4.146485e+02 9.563633e+01
    endloop
  endfacet
  facet normal -3.759178e-01 -1.583078e-01 9.130303e-01
    outer loop
      vertex 4.025613e+02 3.756258e+02 8.389369e+01
      vertex 4.146485e+02 4.146485e+02 9.563633e+01
      vertex 3.890935e+02 3.890935e+02 8.068381e+01
    endloop
  endfacet
  facet normal -7.071068e-01 7.071068e-01 9.817380e-11
    outer loop
      vertex 3.890935e+02 3.890935e+02 8.068381e+01
      vertex 4.146485e+02 4.146485e+02 9.563633e+01
      vertex 4.146485e+02 4.146485e+02 9.242646e+01
    endloop
  endfacet
  facet normal -1.038460e-01 -3.276624e-01 9.390705e-01
    outer loop
      vertex 3.890935e+02 3.890935e+02 8.068381e+01
      vertex 4.146485e+02 4.146485e+02 9.242646e+01
      vertex 3.756258e+02 4.025613e+02 8.389369e+01
    endloop
  endfacet
  facet normal 2.958792e-01 -9.552254e-01 8.685045e-11
    outer loop
      vertex 3.756258e+02 4.025613e+02 8.389369e+01
      vertex 4.146485e+02 4.146485e+02 9.242646e+01
      vertex 4.146485e+02 4.146485e+02 9.563633e+01
    endloop
  endfacet
  facet normal 2.075406e-02 -7.303246e-01 6.827849e-01
    outer loop
      vertex 3.756258e+02 4.025613e+02 8.389369e+01
      vertex 4.146485e+02 4.146485e+02 9.563633e+01
      vertex 3.621580e+02 4.160290e+02 9.870850e+01
    endloop
  endfacet
  facet normal -2.629168e-02 -9.996543e-01 1.463640e-11
    outer loop
      vertex 3.621580e+02 4.160290e+02 9.870850e+01
      vertex 4.146485e+02 4.146485e+02 9.563633e+01
      vertex 4.146485e+02 4.146485e+02 1.104511e+02
    endloop
  endfacet
  facet normal -8.751643e-02 -9.563624e-01 2.787685e-01
    outer loop
      vertex 3.621580e+02 4.160290e+02 9.870850e+01
      vertex 4.146485e+02 4.146485e+02 1.104511e+02
      vertex 3.486903e+02 4.294967e+02 1.406838e+02
    endloop
  endfacet
  facet normal -2.196205e-01 -9.755854e-01 4.013029e-12
    outer loop
      vertex 3.486903e+02 4.294967e+02 1.406838e+02
      vertex 4.146485e+02 4.146485e+02 1.104511e+02
      vertex 4.146485e+02 4.146485e+02 1.524265e+02
    endloop
  endfacet
  facet normal -8.647679e-01 4.391045e-01 2.436467e-01
    outer loop
      vertex 3.547938e+01 2.250000e+02 3.500000e+01
      vertex 5.713879e+01 2.611401e+02 4.674265e+01
      vertex 2.365292e+01 2.250000e+02 -6.975309e+00
    endloop
  endfacet
  facet normal -8.875490e-01 2.237623e-01 4.027247e-01
    outer loop
      vertex 2.365292e+01 2.250000e+02 -6.975309e+00
      vertex 5.713879e+01 2.611401e+02 4.674265e+01
      vertex 3.809252e+01 2.611401e+02 4.767337e+00
    endloop
  endfacet
  facet normal -7.768746e-01 1.088912e-01 6.201682e-01
    outer loop
      vertex 2.365292e+01 2.250000e+02 -6.975309e+00
      vertex 3.809252e+01 2.611401e+02 4.767337e+00
      vertex 1.182646e+01 2.250000e+02 -2.179012e+01
    endloop
  endfacet
  facet normal -6.085436e-01 -1.326332e-01 7.823574e-01
    outer loop
      vertex 1.182646e+01 2.250000e+02 -2.179012e+01
      vertex 3.809252e+01 2.611401e+02 4.767337e+00
      vertex 1.904626e+01 2.611401e+02 -1.004748e+01
    endloop
  endfacet
  facet normal -2.534326e-01 -2.527638e-01 9.337464e-01
    outer loop
      vertex 1.182646e+01 2.250000e+02 -2.179012e+01
      vertex 1.904626e+01 2.611401e+02 -1.004748e+01
      vertex 1.377728e-14 2.250000e+02 -2.500000e+01
    endloop
  endfacet
  facet normal -1.582620e-01 -3.051225e-01 9.390705e-01
    outer loop
      vertex 1.377728e-14 2.250000e+02 -2.500000e+01
      vertex 1.904626e+01 2.611401e+02 -1.004748e+01
      vertex 1.599022e-14 2.611401e+02 -1.325735e+01
    endloop
  endfacet
  facet normal 2.499382e-01 -2.992093e-01 9.208717e-01
    outer loop
      vertex 1.377728e-14 2.250000e+02 -2.500000e+01
      vertex 1.599022e-14 2.611401e+02 -1.325735e+01
      vertex -1.182646e+01 2.250000e+02 -2.179012e+01
    endloop
  endfacet
  facet normal 1.597298e-01 -2.760428e-01 9.477799e-01
    outer loop
      vertex -1.182646e+01 2.250000e+02 -2.179012e+01
      vertex 1.599022e-14 2.611401e+02 -1.325735e+01
      vertex -1.904626e+01 2.611401e+02 -1.004748e+01
    endloop
  endfacet
  facet normal 7.806752e-01 -4.653337e-02 6.232022e-01
    outer loop
      vertex -1.182646e+01 2.250000e+02 -2.179012e+01
      vertex -1.904626e+01 2.611401e+02 -1.004748e+01
      vertex -2.365292e+01 2.250000e+02 -6.975309e+00
    endloop
  endfacet
  facet normal 6.139296e-01 -1.116094e-02 7.892819e-01
    outer loop
      vertex -2.365292e+01 2.250000e+02 -6.975309e+00
      vertex -1.904626e+01 2.611401e+02 -1.004748e+01
      vertex -3.809252e+01 2.611401e+02 4.767337e+00
    endloop
  endfacet
  facet normal 9.228276e-01 2.842301e-01 2.600049e-01
    outer loop
      vertex -2.365292e+01 2.250000e+02 -6.975309e+00
      vertex -3.809252e+01 2.611401e+02 4.767337e+00
      vertex -3.547938e+01 2.250000e+02 3.500000e+01
    endloop
  endfacet
  facet normal 8.421256e-01 3.805438e-01 3.821138e-01
    outer loop
      vertex -3.547938e+01 2.250000e+02 3.500000e+01
      vertex -3.809252e+01 2.611401e+02 4.767337e+00
      vertex -5.713879e+01 2.611401e+02 4.674265e+01
    endloop
  endfacet
  facet normal -7.515813e-01 5.646454e-01 3.410294e-01
    outer loop
      vertex 5.713879e+01 2.611401e+02 4.674265e+01
      vertex 8.961824e+01 2.972803e+02 5.848529e+01
      vertex 3.809252e+01 2.611401e+02 4.767337e+00
    endloop
  endfacet
  facet normal -7.804330e-01 2.871229e-01 5.554141e-01
    outer loop
      vertex 3.809252e+01 2.611401e+02 4.767337e+00
      vertex 8.961824e+01 2.972803e+02 5.848529e+01
      vertex 5.974550e+01 2.972803e+02 1.650998e+01
    endloop
  endfacet
  facet normal -6.101945e-01 1.106984e-01 7.844798e-01
    outer loop
      vertex 3.809252e+01 2.611401e+02 4.767337e+00
      vertex 5.974550e+01 2.972803e+02 1.650998e+01
      vertex 1.904626e+01 2.611401e+02 -1.004748e+01
    endloop
  endfacet
  facet normal -4.388513e-01 -1.560564e-01 8.849045e-01
    outer loop
      vertex 1.904626e+01 2.611401e+02 -1.004748e+01
      vertex 5.974550e+01 2.972803e+02 1.650998e+01
      vertex 2.987275e+01 2.972803e+02 1.695168e+00
    endloop
  endfacet
  facet normal -1.604168e-01 -2.612208e-01 9.518561e-01
    outer loop
      vertex 1.904626e+01 2.611401e+02 -1.004748e+01
      vertex 2.987275e+01 2.972803e+02 1.695168e+00
      vertex 1.599022e-14 2.611401e+02 -1.325735e+01
    endloop
  endfacet
  facet normal -1.016631e-01 -3.074159e-01 9.461290e-01
    outer loop
      vertex 1.599022e-14 2.611401e+02 -1.325735e+01
      vertex 2.987275e+01 2.972803e+02 1.695168e+00
      vertex 1.820317e-14 2.972803e+02 -1.514708e+00
    endloop
  endfacet
  facet normal 1.582620e-01 -3.051225e-01 9.390705e-01
    outer loop
      vertex 1.599022e-14 2.611401e+02 -1.325735e+01
      vertex 1.820317e-14 2.972803e+02 -1.514708e+00
      vertex -1.904626e+01 2.611401e+02 -1.004748e+01
    endloop
  endfacet
  facet normal 1.025801e-01 -2.794587e-01 9.546623e-01
    outer loop
      vertex -1.904626e+01 2.611401e+02 -1.004748e+01
      vertex 1.820317e-14 2.972803e+02 -1.514708e+00
      vertex -2.987275e+01 2.972803e+02 1.695168e+00
    endloop
  endfacet
  facet normal 6.123587e-01 -7.235301e-02 7.872622e-01
    outer loop
      vertex -1.904626e+01 2.611401e+02 -1.004748e+01
      vertex -2.987275e+01 2.972803e+02 1.695168e+00
      vertex -3.809252e+01 2.611401e+02 4.767337e+00
    endloop
  endfacet
  facet normal 4.441572e-01 -2.488722e-02 8.956032e-01
    outer loop
      vertex -3.809252e+01 2.611401e+02 4.767337e+00
      vertex -2.987275e+01 2.972803e+02 1.695168e+00
      vertex -5.974550e+01 2.972803e+02 1.650998e+01
    endloop
  endfacet
  facet normal 8.421736e-01 3.804157e-01 3.821356e-01
    outer loop
      vertex -3.809252e+01 2.611401e+02 4.767337e+00
      vertex -5.974550e+01 2.972803e+02 1.650998e+01
      vertex -5.713879e+01 2.611401e+02 4.674265e+01
    endloop
  endfacet
  facet normal 7.157482e-01 4.777415e-01 5.093796e-01
    outer loop
      vertex -5.713879e+01 2.611401e+02 4.674265e+01
      vertex -5.974550e+01 2.972803e+02 1.650998e+01
      vertex -8.961824e+01 2.972803e+02 5.848529e+01
    endloop
  endfacet
  facet normal -7.764501e-01 3.029539e-01 5.525796e-01
    outer loop
      vertex 8.961824e+01 2.972803e+02 5.848529e+01
      vertex 1.120763e+02 3.334204e+02 7.022794e+01
      vertex 5.974550e+01 2.972803e+02 1.650998e+01
    endloop
  endfacet
  facet normal -7.437505e-01 9.303764e-02 6.619510e-01
    outer loop
      vertex 5.974550e+01 2.972803e+02 1.650998e+01
      vertex 1.120763e+02 3.334204e+02 7.022794e+01
      vertex 7.471752e+01 3.334204e+02 2.825263e+01
    endloop
  endfacet
  facet normal -4.417717e-01 -1.064205e-01 8.907931e-01
    outer loop
      vertex 5.974550e+01 2.972803e+02 1.650998e+01
      vertex 7.471752e+01 3.334204e+02 2.825263e+01
      vertex 2.987275e+01 2.972803e+02 1.695168e+00
    endloop
  endfacet
  facet normal -3.595852e-01 -2.201441e-01 9.067718e-01
    outer loop
      vertex 2.987275e+01 2.972803e+02 1.695168e+00
      vertex 7.471752e+01 3.334204e+02 2.825263e+01
      vertex 3.735876e+01 3.334204e+02 1.343781e+01
    endloop
  endfacet
  facet normal -1.023048e-01 -2.881649e-01 9.521002e-01
    outer loop
      vertex 2.987275e+01 2.972803e+02 1.695168e+00
      vertex 3.735876e+01 3.334204e+02 1.343781e+01
      vertex 1.820317e-14 2.972803e+02 -1.514708e+00
    endloop
  endfacet
  facet normal -8.144362e-02 -3.079904e-01 9.478971e-01
    outer loop
      vertex 1.820317e-14 2.972803e+02 -1.514708e+00
      vertex 3.735876e+01 3.334204e+02 1.343781e+01
      vertex 2.041611e-14 3.334204e+02 1.022794e+01
    endloop
  endfacet
  facet normal 1.016631e-01 -3.074159e-01 9.461290e-01
    outer loop
      vertex 1.820317e-14 2.972803e+02 -1.514708e+00
      vertex 2.041611e-14 3.334204e+02 1.022794e+01
      vertex -2.987275e+01 2.972803e+02 1.695168e+00
    endloop
  endfacet
  facet normal 8.185834e-02 -2.926028e-01 9.527239e-01
    outer loop
      vertex -2.987275e+01 2.972803e+02 1.695168e+00
      vertex 2.041611e-14 3.334204e+02 1.022794e+01
      vertex -3.735876e+01 3.334204e+02 1.343781e+01
    endloop
  endfacet
  facet normal 4.357456e-01 -1.952284e-01 8.786419e-01
    outer loop
      vertex -2.987275e+01 2.972803e+02 1.695168e+00
      vertex -3.735876e+01 3.334204e+02 1.343781e+01
      vertex -5.974550e+01 2.972803e+02 1.650998e+01
    endloop
  endfacet
  facet normal 3.645863e-01 -1.476861e-01 9.193833e-01
    outer loop
      vertex -5.974550e+01 2.972803e+02 1.650998e+01
      vertex -3.735876e+01 3.334204e+02 1.343781e+01
      vertex -7.471752e+01 3.334204e+02 2.825263e+01
    endloop
  endfacet
  facet normal 8.058272e-01 1.474984e-01 5.734865e-01
    outer loop
      vertex -5.974550e+01 2.972803e+02 1.650998e+01
      vertex -7.471752e+01 3.334204e+02 2.825263e+01
      vertex -8.961824e+01 2.972803e+02 5.848529e+01
    endloop
  endfacet
  facet normal 7.249978e-01 2.408667e-01 6.452607e-01
    outer loop
      vertex -8.961824e+01 2.972803e+02 5.848529e+01
      vertex -7.471752e+01 3.334204e+02 2.825263e+01
      vertex -1.120763e+02 3.334204e+02 7.022794e+01
    endloop
  endfacet
  facet normal -7.455726e-01 6.158668e-02 6.635726e-01
    outer loop
      vertex 1.120763e+02 3.334204e+02 7.022794e+01
      vertex 1.255127e+02 3.695606e+02 8.197058e+01
      vertex 7.471752e+01 3.334204e+02 2.825263e+01
    endloop
  endfacet
  facet normal -7.072441e-01 -5.374721e-02 7.049234e-01
    outer loop
      vertex 7.471752e+01 3.334204e+02 2.825263e+01
      vertex 1.255127e+02 3.695606e+02 8.197058e+01
      vertex 8.367515e+01 3.695606e+02 3.999527e+01
    endloop
  endfacet
  facet normal -3.607110e-01 -2.061452e-01 9.096108e-01
    outer loop
      vertex 7.471752e+01 3.334204e+02 2.825263e+01
      vertex 8.367515e+01 3.695606e+02 3.999527e+01
      vertex 3.735876e+01 3.334204e+02 1.343781e+01
    endloop
  endfacet
  facet normal -3.226634e-01 -2.560837e-01 9.112132e-01
    outer loop
      vertex 3.735876e+01 3.334204e+02 1.343781e+01
      vertex 8.367515e+01 3.695606e+02 3.999527e+01
      vertex 4.183758e+01 3.695606e+02 2.518046e+01
    endloop
  endfacet
  facet normal -8.169379e-02 -2.988123e-01 9.508088e-01
    outer loop
      vertex 3.735876e+01 3.334204e+02 1.343781e+01
      vertex 4.183758e+01 3.695606e+02 2.518046e+01
      vertex 2.041611e-14 3.334204e+02 1.022794e+01
    endloop
  endfacet
  facet normal -7.277380e-02 -3.081976e-01 9.485348e-01
    outer loop
      vertex 2.041611e-14 3.334204e+02 1.022794e+01
      vertex 4.183758e+01 3.695606e+02 2.518046e+01
      vertex 2.262906e-14 3.695606e+02 2.197058e+01
    endloop
  endfacet
  facet normal 8.144362e-02 -3.079904e-01 9.478971e-01
    outer loop
      vertex 2.041611e-14 3.334204e+02 1.022794e+01
      vertex 2.262906e-14 3.695606e+02 2.197058e+01
      vertex -3.735876e+01 3.334204e+02 1.343781e+01
    endloop
  endfacet
  facet normal 7.297394e-02 -3.000016e-01 9.511434e-01
    outer loop
      vertex -3.735876e+01 3.334204e+02 1.343781e+01
      vertex 2.262906e-14 3.695606e+02 2.197058e+01
      vertex -4.183758e+01 3.695606e+02 2.518046e+01
    endloop
  endfacet
  facet normal 3.570820e-01 -2.483242e-01 9.004596e-01
    outer loop
      vertex -3.735876e+01 3.334204e+02 1.343781e+01
      vertex -4.183758e+01 3.695606e+02 2.518046e+01
      vertex -7.471752e+01 3.334204e+02 2.825263e+01
    endloop
  endfacet
  facet normal 3.257534e-01 -2.181658e-01 9.199394e-01
    outer loop
      vertex -7.471752e+01 3.334204e+02 2.825263e+01
      vertex -4.183758e+01 3.695606e+02 2.518046e+01
      vertex -8.367515e+01 3.695606e+02 3.999527e+01
    endloop
  endfacet
  facet normal 7.466349e-01 -3.085539e-02 6.645181e-01
    outer loop
      vertex -7.471752e+01 3.334204e+02 2.825263e+01
      vertex -8.367515e+01 3.695606e+02 3.999527e+01
      vertex -1.120763e+02 3.334204e+02 7.022794e+01
    endloop
  endfacet
  facet normal 7.078600e-01 3.393047e-02 7.055373e-01
    outer loop
      vertex -1.120763e+02 3.334204e+02 7.022794e+01
      vertex -8.367515e+01 3.695606e+02 3.999527e+01
      vertex -1.255127e+02 3.695606e+02 8.197058e+01
    endloop
  endfacet
  facet normal -7.012884e-01 -1.400407e-01 6.989873e-01
    outer loop
      vertex 1.255127e+02 3.695606e+02 8.197058e+01
      vertex 1.300000e+02 4.057007e+02 9.371323e+01
      vertex 8.367515e+01 3.695606e+02 3.999527e+01
    endloop
  endfacet
  facet normal -6.852550e-01 -1.731341e-01 7.074250e-01
    outer loop
      vertex 8.367515e+01 3.695606e+02 3.999527e+01
      vertex 1.300000e+02 4.057007e+02 9.371323e+01
      vertex 8.666667e+01 4.057007e+02 5.173792e+01
    endloop
  endfacet
  facet normal -3.215436e-01 -2.684277e-01 9.080508e-01
    outer loop
      vertex 8.367515e+01 3.695606e+02 3.999527e+01
      vertex 8.666667e+01 4.057007e+02 5.173792e+01
      vertex 4.183758e+01 3.695606e+02 2.518046e+01
    endloop
  endfacet
  facet normal -3.103569e-01 -2.821152e-01 9.077938e-01
    outer loop
      vertex 4.183758e+01 3.695606e+02 2.518046e+01
      vertex 8.666667e+01 4.057007e+02 5.173792e+01
      vertex 4.333333e+01 4.057007e+02 3.692311e+01
    endloop
  endfacet
  facet normal -7.284112e-02 -3.054680e-01 9.494122e-01
    outer loop
      vertex 4.183758e+01 3.695606e+02 2.518046e+01
      vertex 4.333333e+01 4.057007e+02 3.692311e+01
      vertex 2.262906e-14 3.695606e+02 2.197058e+01
    endloop
  endfacet
  facet normal -7.027446e-02 -3.082530e-01 9.487052e-01
    outer loop
      vertex 2.262906e-14 3.695606e+02 2.197058e+01
      vertex 4.333333e+01 4.057007e+02 3.692311e+01
      vertex 2.484201e-14 4.057007e+02 3.371323e+01
    endloop
  endfacet
  facet normal 7.277380e-02 -3.081976e-01 9.485348e-01
    outer loop
      vertex 2.262906e-14 3.695606e+02 2.197058e+01
      vertex 2.484201e-14 4.057007e+02 3.371323e+01
      vertex -4.183758e+01 3.695606e+02 2.518046e+01
    endloop
  endfacet
  facet normal 7.033725e-02 -3.056173e-01 9.495529e-01
    outer loop
      vertex -4.183758e+01 3.695606e+02 2.518046e+01
      vertex 2.484201e-14 4.057007e+02 3.371323e+01
      vertex -4.333333e+01 4.057007e+02 3.692311e+01
    endloop
  endfacet
  facet normal 3.203729e-01 -2.807099e-01 9.047448e-01
    outer loop
      vertex -4.183758e+01 3.695606e+02 2.518046e+01
      vertex -4.333333e+01 4.057007e+02 3.692311e+01
      vertex -8.367515e+01 3.695606e+02 3.999527e+01
    endloop
  endfacet
  facet normal 3.114618e-01 -2.702289e-01 9.110257e-01
    outer loop
      vertex -8.367515e+01 3.695606e+02 3.999527e+01
      vertex -4.333333e+01 4.057007e+02 3.692311e+01
      vertex -8.666667e+01 4.057007e+02 5.173792e+01
    endloop
  endfacet
  facet normal 6.981635e-01 -1.683120e-01 6.958727e-01
    outer loop
      vertex -8.367515e+01 3.695606e+02 3.999527e+01
      vertex -8.666667e+01 4.057007e+02 5.173792e+01
      vertex -1.255127e+02 3.695606e+02 8.197058e+01
    endloop
  endfacet
  facet normal 6.883652e-01 -1.454301e-01 7.106359e-01
    outer loop
      vertex -1.255127e+02 3.695606e+02 8.197058e+01
      vertex -8.666667e+01 4.057007e+02 5.173792e+01
      vertex -1.300000e+02 4.057007e+02 9.371323e+01
    endloop
  endfacet
  facet normal -6.627052e-01 -3.045759e-01 6.841457e-01
    outer loop
      vertex 1.300000e+02 4.057007e+02 9.371323e+01
      vertex 1.255127e+02 4.418409e+02 1.054559e+02
      vertex 8.666667e+01 4.057007e+02 5.173792e+01
    endloop
  endfacet
  facet normal -6.806036e-01 -2.767531e-01 6.783704e-01
    outer loop
      vertex 8.666667e+01 4.057007e+02 5.173792e+01
      vertex 1.255127e+02 4.418409e+02 1.054559e+02
      vertex 8.367515e+01 4.418409e+02 6.348057e+01
    endloop
  endfacet
  facet normal -3.068141e-01 -3.169897e-01 8.974311e-01
    outer loop
      vertex 8.666667e+01 4.057007e+02 5.173792e+01
      vertex 8.367515e+01 4.418409e+02 6.348057e+01
      vertex 4.333333e+01 4.057007e+02 3.692311e+01
    endloop
  endfacet
  facet normal -3.179042e-01 -3.048615e-01 8.977730e-01
    outer loop
      vertex 4.333333e+01 4.057007e+02 3.692311e+01
      vertex 8.367515e+01 4.418409e+02 6.348057e+01
      vertex 4.183758e+01 4.418409e+02 4.866575e+01
    endloop
  endfacet
  facet normal -7.021124e-02 -3.108816e-01 9.478518e-01
    outer loop
      vertex 4.333333e+01 4.057007e+02 3.692311e+01
      vertex 4.183758e+01 4.418409e+02 4.866575e+01
      vertex 2.484201e-14 4.057007e+02 3.371323e+01
    endloop
  endfacet
  facet normal -7.277380e-02 -3.081976e-01 9.485348e-01
    outer loop
      vertex 2.484201e-14 4.057007e+02 3.371323e+01
      vertex 4.183758e+01 4.418409e+02 4.866575e+01
      vertex 2.705495e-14 4.418409e+02 4.545587e+01
    endloop
  endfacet
  facet normal 7.027446e-02 -3.082530e-01 9.487052e-01
    outer loop
      vertex 2.484201e-14 4.057007e+02 3.371323e+01
      vertex 2.705495e-14 4.418409e+02 4.545587e+01
      vertex -4.333333e+01 4.057007e+02 3.692311e+01
    endloop
  endfacet
  facet normal 7.270601e-02 -3.109197e-01 9.476512e-01
    outer loop
      vertex -4.333333e+01 4.057007e+02 3.692311e+01
      vertex 2.705495e-14 4.418409e+02 4.545587e+01
      vertex -4.183758e+01 4.418409e+02 4.866575e+01
    endloop
  endfacet
  facet normal 3.080315e-01 -3.054988e-01 9.009922e-01
    outer loop
      vertex -4.333333e+01 4.057007e+02 3.692311e+01
      vertex -4.183758e+01 4.418409e+02 4.866575e+01
      vertex -8.666667e+01 4.057007e+02 5.173792e+01
    endloop
  endfacet
  facet normal 3.166095e-01 -3.167236e-01 8.941167e-01
    outer loop
      vertex -8.666667e+01 4.057007e+02 5.173792e+01
      vertex -4.183758e+01 4.418409e+02 4.866575e+01
      vertex -8.367515e+01 4.418409e+02 6.348057e+01
    endloop
  endfacet
  facet normal 6.680562e-01 -2.793859e-01 6.896698e-01
    outer loop
      vertex -8.666667e+01 4.057007e+02 5.173792e+01
      vertex -8.367515e+01 4.418409e+02 6.348057e+01
      vertex -1.300000e+02 4.057007e+02 9.371323e+01
    endloop
  endfacet
  facet normal 6.750954e-01 -3.024539e-01 6.728802e-01
    outer loop
      vertex -1.300000e+02 4.057007e+02 9.371323e+01
      vertex -8.367515e+01 4.418409e+02 6.348057e+01
      vertex -1.255127e+02 4.418409e+02 1.054559e+02
    endloop
  endfacet
  facet normal -6.353383e-01 -4.419674e-01 6.332536e-01
    outer loop
      vertex 1.255127e+02 4.418409e+02 1.054559e+02
      vertex 1.120763e+02 4.779810e+02 1.171985e+02
      vertex 8.367515e+01 4.418409e+02 6.348057e+01
    endloop
  endfacet
  facet normal -6.932843e-01 -3.723231e-01 6.170352e-01
    outer loop
      vertex 8.367515e+01 4.418409e+02 6.348057e+01
      vertex 1.120763e+02 4.779810e+02 1.171985e+02
      vertex 7.471752e+01 4.779810e+02 7.522321e+01
    endloop
  endfacet
  facet normal -3.110839e-01 -3.625507e-01 8.785123e-01
    outer loop
      vertex 8.367515e+01 4.418409e+02 6.348057e+01
      vertex 7.471752e+01 4.779810e+02 7.522321e+01
      vertex 4.183758e+01 4.418409e+02 4.866575e+01
    endloop
  endfacet
  facet normal -3.481798e-01 -3.284326e-01 8.780107e-01
    outer loop
      vertex 4.183758e+01 4.418409e+02 4.866575e+01
      vertex 7.471752e+01 4.779810e+02 7.522321e+01
      vertex 3.735876e+01 4.779810e+02 6.040840e+01
    endloop
  endfacet
  facet normal -7.256943e-02 -3.163256e-01 9.458709e-01
    outer loop
      vertex 4.183758e+01 4.418409e+02 4.866575e+01
      vertex 3.735876e+01 4.779810e+02 6.040840e+01
      vertex 2.705495e-14 4.418409e+02 4.545587e+01
    endloop
  endfacet
  facet normal -8.144362e-02 -3.079904e-01 9.478971e-01
    outer loop
      vertex 2.705495e-14 4.418409e+02 4.545587e+01
      vertex 3.735876e+01 4.779810e+02 6.040840e+01
      vertex 2.926790e-14 4.779810e+02 5.719852e+01
    endloop
  endfacet
  facet normal 7.277380e-02 -3.081976e-01 9.485348e-01
    outer loop
      vertex 2.705495e-14 4.418409e+02 4.545587e+01
      vertex 2.926790e-14 4.779810e+02 5.719852e+01
      vertex -4.183758e+01 4.418409e+02 4.866575e+01
    endloop
  endfacet
  facet normal 8.118751e-02 -3.170834e-01 9.449162e-01
    outer loop
      vertex -4.183758e+01 4.418409e+02 4.866575e+01
      vertex 2.926790e-14 4.779810e+02 5.719852e+01
      vertex -3.735876e+01 4.779810e+02 6.040840e+01
    endloop
  endfacet
  facet normal 3.152844e-01 -3.283731e-01 8.903746e-01
    outer loop
      vertex -4.183758e+01 4.418409e+02 4.866575e+01
      vertex -3.735876e+01 4.779810e+02 6.040840e+01
      vertex -8.367515e+01 4.418409e+02 6.348057e+01
    endloop
  endfacet
  facet normal 3.430376e-01 -3.660944e-01 8.650434e-01
    outer loop
      vertex -8.367515e+01 4.418409e+02 6.348057e+01
      vertex -3.735876e+01 4.779810e+02 6.040840e+01
      vertex -7.471752e+01 4.779810e+02 7.522321e+01
    endloop
  endfacet
  facet normal 6.564893e-01 -3.753227e-01 6.543352e-01
    outer loop
      vertex -8.367515e+01 4.418409e+02 6.348057e+01
      vertex -7.471752e+01 4.779810e+02 7.522321e+01
      vertex -1.255127e+02 4.418409e+02 1.054559e+02
    endloop
  endfacet
  facet normal 6.697975e-01 -4.427172e-01 5.961315e-01
    outer loop
      vertex -1.255127e+02 4.418409e+02 1.054559e+02
      vertex -7.471752e+01 4.779810e+02 7.522321e+01
      vertex -1.120763e+02 4.779810e+02 1.171985e+02
    endloop
  endfacet
  facet normal -6.176462e-01 -5.624282e-01 5.497159e-01
    outer loop
      vertex 1.120763e+02 4.779810e+02 1.171985e+02
      vertex 8.961824e+01 5.141212e+02 1.289412e+02
      vertex 7.471752e+01 4.779810e+02 7.522321e+01
    endloop
  endfacet
  facet normal -7.210931e-01 -4.654755e-01 5.131834e-01
    outer loop
      vertex 7.471752e+01 4.779810e+02 7.522321e+01
      vertex 8.961824e+01 5.141212e+02 1.289412e+02
      vertex 5.974550e+01 5.141212e+02 8.696586e+01
    endloop
  endfacet
  facet normal -3.355610e-01 -4.139588e-01 8.461896e-01
    outer loop
      vertex 7.471752e+01 4.779810e+02 7.522321e+01
      vertex 5.974550e+01 5.141212e+02 8.696586e+01
      vertex 3.735876e+01 4.779810e+02 6.040840e+01
    endloop
  endfacet
  facet normal -4.148881e-01 -3.577621e-01 8.365848e-01
    outer loop
      vertex 3.735876e+01 4.779810e+02 6.040840e+01
      vertex 5.974550e+01 5.141212e+02 8.696586e+01
      vertex 2.987275e+01 5.141212e+02 7.215104e+01
    endloop
  endfacet
  facet normal -8.101231e-02 -3.231401e-01 9.428772e-01
    outer loop
      vertex 3.735876e+01 4.779810e+02 6.040840e+01
      vertex 2.987275e+01 5.141212e+02 7.215104e+01
      vertex 2.926790e-14 4.779810e+02 5.719852e+01
    endloop
  endfacet
  facet normal -1.016631e-01 -3.074159e-01 9.461290e-01
    outer loop
      vertex 2.926790e-14 4.779810e+02 5.719852e+01
      vertex 2.987275e+01 5.141212e+02 7.215104e+01
      vertex 3.148084e-14 5.141212e+02 6.894117e+01
    endloop
  endfacet
  facet normal 8.144362e-02 -3.079904e-01 9.478971e-01
    outer loop
      vertex 2.926790e-14 4.779810e+02 5.719852e+01
      vertex 3.148084e-14 5.141212e+02 6.894117e+01
      vertex -3.735876e+01 4.779810e+02 6.040840e+01
    endloop
  endfacet
  facet normal 1.009892e-01 -3.262969e-01 9.398572e-01
    outer loop
      vertex -3.735876e+01 4.779810e+02 6.040840e+01
      vertex 3.148084e-14 5.141212e+02 6.894117e+01
      vertex -2.987275e+01 5.141212e+02 7.215104e+01
    endloop
  endfacet
  facet normal 3.447714e-01 -3.539056e-01 8.694156e-01
    outer loop
      vertex -3.735876e+01 4.779810e+02 6.040840e+01
      vertex -2.987275e+01 5.141212e+02 7.215104e+01
      vertex -7.471752e+01 4.779810e+02 7.522321e+01
    endloop
  endfacet
  facet normal 4.012981e-01 -4.291676e-01 8.091817e-01
    outer loop
      vertex -7.471752e+01 4.779810e+02 7.522321e+01
      vertex -2.987275e+01 5.141212e+02 7.215104e+01
      vertex -5.974550e+01 5.141212e+02 8.696586e+01
    endloop
  endfacet
  facet normal 6.612535e-01 -4.651661e-01 5.885272e-01
    outer loop
      vertex -7.471752e+01 4.779810e+02 7.522321e+01
      vertex -5.974550e+01 5.141212e+02 8.696586e+01
      vertex -1.120763e+02 4.779810e+02 1.171985e+02
    endloop
  endfacet
  facet normal 6.691252e-01 -5.705311e-01 4.761992e-01
    outer loop
      vertex -1.120763e+02 4.779810e+02 1.171985e+02
      vertex -5.974550e+01 5.141212e+02 8.696586e+01
      vertex -8.961824e+01 5.141212e+02 1.289412e+02
    endloop
  endfacet
  facet normal -5.994091e-01 -6.772996e-01 4.265840e-01
    outer loop
      vertex 8.961824e+01 5.141212e+02 1.289412e+02
      vertex 5.713879e+01 5.502613e+02 1.406838e+02
      vertex 5.974550e+01 5.141212e+02 8.696586e+01
    endloop
  endfacet
  facet normal -7.530819e-01 -5.622292e-01 3.417103e-01
    outer loop
      vertex 5.974550e+01 5.141212e+02 8.696586e+01
      vertex 5.713879e+01 5.502613e+02 1.406838e+02
      vertex 3.809252e+01 5.502613e+02 9.870850e+01
    endloop
  endfacet
  facet normal -3.880985e-01 -4.867960e-01 7.825658e-01
    outer loop
      vertex 5.974550e+01 5.141212e+02 8.696586e+01
      vertex 3.809252e+01 5.502613e+02 9.870850e+01
      vertex 2.987275e+01 5.141212e+02 7.215104e+01
    endloop
  endfacet
  facet normal -5.618921e-01 -4.030416e-01 7.223813e-01
    outer loop
      vertex 2.987275e+01 5.141212e+02 7.215104e+01
      vertex 3.809252e+01 5.502613e+02 9.870850e+01
      vertex 1.904626e+01 5.502613e+02 8.389369e+01
    endloop
  endfacet
  facet normal -1.006787e-01 -3.345993e-01 9.369670e-01
    outer loop
      vertex 2.987275e+01 5.141212e+02 7.215104e+01
      vertex 1.904626e+01 5.502613e+02 8.389369e+01
      vertex 3.148084e-14 5.141212e+02 6.894117e+01
    endloop
  endfacet
  facet normal -1.582620e-01 -3.051225e-01 9.390705e-01
    outer loop
      vertex 3.148084e-14 5.141212e+02 6.894117e+01
      vertex 1.904626e+01 5.502613e+02 8.389369e+01
      vertex 3.369379e-14 5.502613e+02 8.068381e+01
    endloop
  endfacet
  facet normal 1.016631e-01 -3.074159e-01 9.461290e-01
    outer loop
      vertex 3.148084e-14 5.141212e+02 6.894117e+01
      vertex 3.369379e-14 5.502613e+02 8.068381e+01
      vertex -2.987275e+01 5.141212e+02 7.215104e+01
    endloop
  endfacet
  facet normal 1.558510e-01 -3.471623e-01 9.247642e-01
    outer loop
      vertex -2.987275e+01 5.141212e+02 7.215104e+01
      vertex 3.369379e-14 5.502613e+02 8.068381e+01
      vertex -1.904626e+01 5.502613e+02 8.389369e+01
    endloop
  endfacet
  facet normal 4.090179e-01 -3.905062e-01 8.247480e-01
    outer loop
      vertex -2.987275e+01 5.141212e+02 7.215104e+01
      vertex -1.904626e+01 5.502613e+02 8.389369e+01
      vertex -5.974550e+01 5.141212e+02 8.696586e+01
    endloop
  endfacet
  facet normal 5.208025e-01 -5.295849e-01 6.695555e-01
    outer loop
      vertex -5.974550e+01 5.141212e+02 8.696586e+01
      vertex -1.904626e+01 5.502613e+02 8.389369e+01
      vertex -3.809252e+01 5.502613e+02 9.870850e+01
    endloop
  endfacet
  facet normal 6.748129e-01 -5.603484e-01 4.802470e-01
    outer loop
      vertex -5.974550e+01 5.141212e+02 8.696586e+01
      vertex -3.809252e+01 5.502613e+02 9.870850e+01
      vertex -8.961824e+01 5.141212e+02 1.289412e+02
    endloop
  endfacet
  facet normal 6.593377e-01 -6.897599e-01 2.991739e-01
    outer loop
      vertex -8.961824e+01 5.141212e+02 1.289412e+02
      vertex -3.809252e+01 5.502613e+02 9.870850e+01
      vertex -5.713879e+01 5.502613e+02 1.406838e+02
    endloop
  endfacet
  facet normal -4.883291e-01 -8.440601e-01 2.215789e-01
    outer loop
      vertex 5.713879e+01 5.502613e+02 1.406838e+02
      vertex 9.452952e-10 5.864015e+02 1.524265e+02
      vertex 3.809252e+01 5.502613e+02 9.870850e+01
    endloop
  endfacet
  facet normal -6.882713e-01 -7.254534e-01 5.166412e-12
    outer loop
      vertex 3.809252e+01 5.502613e+02 9.870850e+01
      vertex 9.452952e-10 5.864015e+02 1.524265e+02
      vertex 6.302088e-10 5.864015e+02 1.104511e+02
    endloop
  endfacet
  facet normal -4.555412e-01 -6.704412e-01 5.856541e-01
    outer loop
      vertex 3.809252e+01 5.502613e+02 9.870850e+01
      vertex 6.302088e-10 5.864015e+02 1.104511e+02
      vertex 1.904626e+01 5.502613e+02 8.389369e+01
    endloop
  endfacet
  facet normal -8.846645e-01 -4.662281e-01 1.881544e-11
    outer loop
      vertex 1.904626e+01 5.502613e+02 8.389369e+01
      vertex 6.302088e-10 5.864015e+02 1.104511e+02
      vertex 3.151223e-10 5.864015e+02 9.563633e+01
    endloop
  endfacet
  facet normal -1.538735e-01 -3.777546e-01 9.130303e-01
    outer loop
      vertex 1.904626e+01 5.502613e+02 8.389369e+01
      vertex 3.151223e-10 5.864015e+02 9.563633e+01
      vertex 3.369379e-14 5.502613e+02 8.068381e+01
    endloop
  endfacet
  facet normal -1.000000e+00 -3.189456e-11 9.816154e-11
    outer loop
      vertex 3.369379e-14 5.502613e+02 8.068381e+01
      vertex 3.151223e-10 5.864015e+02 9.563633e+01
      vertex 3.590673e-14 5.864015e+02 9.242646e+01
    endloop
  endfacet
  facet normal 1.582620e-01 -3.051225e-01 9.390705e-01
    outer loop
      vertex 3.369379e-14 5.502613e+02 8.068381e+01
      vertex 3.590673e-14 5.864015e+02 9.242646e+01
      vertex -1.904626e+01 5.502613e+02 8.389369e+01
    endloop
  endfacet
  facet normal 8.846645e-01 -4.662281e-01 8.684048e-11
    outer loop
      vertex -1.904626e+01 5.502613e+02 8.389369e+01
      vertex 3.590673e-14 5.864015e+02 9.242646e+01
      vertex -3.150505e-10 5.864015e+02 9.563633e+01
    endloop
  endfacet
  facet normal 5.310928e-01 -5.017421e-01 6.827849e-01
    outer loop
      vertex -1.904626e+01 5.502613e+02 8.389369e+01
      vertex -3.150505e-10 5.864015e+02 9.563633e+01
      vertex -3.809252e+01 5.502613e+02 9.870850e+01
    endloop
  endfacet
  facet normal 6.882713e-01 -7.254534e-01 1.463846e-11
    outer loop
      vertex -3.809252e+01 5.502613e+02 9.870850e+01
      vertex -3.150505e-10 5.864015e+02 9.563633e+01
      vertex -6.301369e-10 5.864015e+02 1.104511e+02
    endloop
  endfacet
  facet normal 6.143669e-01 -7.381338e-01 2.787685e-01
    outer loop
      vertex -3.809252e+01 5.502613e+02 9.870850e+01
      vertex -6.301369e-10 5.864015e+02 1.104511e+02
      vertex -5.713879e+01 5.502613e+02 1.406838e+02
    endloop
  endfacet
  facet normal 5.345479e-01 -8.451382e-01 4.012429e-12
    outer loop
      vertex -5.713879e+01 5.502613e+02 1.406838e+02
      vertex -6.301369e-10 5.864015e+02 1.104511e+02
      vertex -9.452234e-10 5.864015e+02 1.524265e+02
    endloop
  endfacet
  facet normal -9.219770e-01 -3.009895e-01 2.436467e-01
    outer loop
      vertex -1.340113e+02 1.841867e+02 3.500000e+01
      vertex -1.442507e+02 2.250572e+02 4.674265e+01
      vertex -1.423739e+02 1.758242e+02 -6.975309e+00
    endloop
  endfacet
  facet normal -7.858158e-01 -4.693681e-01 4.027247e-01
    outer loop
      vertex -1.423739e+02 1.758242e+02 -6.975309e+00
      vertex -1.442507e+02 2.250572e+02 4.674265e+01
      vertex -1.577185e+02 2.115895e+02 4.767337e+00
    endloop
  endfacet
  facet normal -6.263310e-01 -4.723356e-01 6.201682e-01
    outer loop
      vertex -1.423739e+02 1.758242e+02 -6.975309e+00
      vertex -1.577185e+02 2.115895e+02 4.767337e+00
      vertex -1.507365e+02 1.674616e+02 -2.179012e+01
    endloop
  endfacet
  facet normal -3.365195e-01 -5.240911e-01 7.823574e-01
    outer loop
      vertex -1.507365e+02 1.674616e+02 -2.179012e+01
      vertex -1.577185e+02 2.115895e+02 4.767337e+00
      vertex -1.711862e+02 1.981217e+02 -1.004748e+01
    endloop
  endfacet
  facet normal -4.729191e-04 -3.579349e-01 9.337464e-01
    outer loop
      vertex -1.507365e+02 1.674616e+02 -2.179012e+01
      vertex -1.711862e+02 1.981217e+02 -1.004748e+01
      vertex -1.590990e+02 1.590990e+02 -2.500000e+01
    endloop
  endfacet
  facet normal 1.038460e-01 -3.276624e-01 9.390705e-01
    outer loop
      vertex -1.590990e+02 1.590990e+02 -2.500000e+01
      vertex -1.711862e+02 1.981217e+02 -1.004748e+01
      vertex -1.846540e+02 1.846540e+02 -1.325735e+01
    endloop
  endfacet
  facet normal 3.883060e-01 -3.483996e-02 9.208717e-01
    outer loop
      vertex -1.590990e+02 1.590990e+02 -2.500000e+01
      vertex -1.846540e+02 1.846540e+02 -1.325735e+01
      vertex -1.674616e+02 1.507365e+02 -2.179012e+01
    endloop
  endfacet
  facet normal 3.081378e-01 -8.224565e-02 9.477799e-01
    outer loop
      vertex -1.674616e+02 1.507365e+02 -2.179012e+01
      vertex -1.846540e+02 1.846540e+02 -1.325735e+01
      vertex -1.981217e+02 1.711862e+02 -1.004748e+01
    endloop
  endfacet
  facet normal 5.849248e-01 5.191166e-01 6.232022e-01
    outer loop
      vertex -1.674616e+02 1.507365e+02 -2.179012e+01
      vertex -1.981217e+02 1.711862e+02 -1.004748e+01
      vertex -1.758242e+02 1.423739e+02 -6.975309e+00
    endloop
  endfacet
  facet normal 4.420058e-01 4.262218e-01 7.892819e-01
    outer loop
      vertex -1.758242e+02 1.423739e+02 -6.975309e+00
      vertex -1.981217e+02 1.711862e+02 -1.004748e+01
      vertex -2.115895e+02 1.577185e+02 4.767337e+00
    endloop
  endfacet
  facet normal 4.515566e-01 8.535187e-01 2.600049e-01
    outer loop
      vertex -1.758242e+02 1.423739e+02 -6.975309e+00
      vertex -2.115895e+02 1.577185e+02 4.767337e+00
      vertex -1.841867e+02 1.340113e+02 3.500000e+01
    endloop
  endfacet
  facet normal 3.263876e-01 8.645578e-01 3.821138e-01
    outer loop
      vertex -1.841867e+02 1.340113e+02 3.500000e+01
      vertex -2.115895e+02 1.577185e+02 4.767337e+00
      vertex -2.250572e+02 1.442507e+02 4.674265e+01
    endloop
  endfacet
  facet normal -9.307128e-01 -1.321837e-01 3.410294e-01
    outer loop
      vertex -1.442507e+02 2.250572e+02 4.674265e+01
      vertex -1.468392e+02 2.735786e+02 5.848529e+01
      vertex -1.577185e+02 2.115895e+02 4.767337e+00
    endloop
  endfacet
  facet normal -7.548760e-01 -3.488229e-01 5.554141e-01
    outer loop
      vertex -1.577185e+02 2.115895e+02 4.767337e+00
      vertex -1.468392e+02 2.735786e+02 5.848529e+01
      vertex -1.679625e+02 2.524554e+02 1.650998e+01
    endloop
  endfacet
  facet normal -5.097482e-01 -3.531971e-01 7.844798e-01
    outer loop
      vertex -1.577185e+02 2.115895e+02 4.767337e+00
      vertex -1.679625e+02 2.524554e+02 1.650998e+01
      vertex -1.711862e+02 1.981217e+02 -1.004748e+01
    endloop
  endfacet
  facet normal -1.999662e-01 -4.206633e-01 8.849045e-01
    outer loop
      vertex -1.711862e+02 1.981217e+02 -1.004748e+01
      vertex -1.679625e+02 2.524554e+02 1.650998e+01
      vertex -1.890857e+02 2.313321e+02 1.695168e+00
    endloop
  endfacet
  facet normal 7.127920e-02 -2.981428e-01 9.518561e-01
    outer loop
      vertex -1.711862e+02 1.981217e+02 -1.004748e+01
      vertex -1.890857e+02 2.313321e+02 1.695168e+00
      vertex -1.846540e+02 1.846540e+02 -1.325735e+01
    endloop
  endfacet
  facet normal 1.454892e-01 -2.892626e-01 9.461290e-01
    outer loop
      vertex -1.846540e+02 1.846540e+02 -1.325735e+01
      vertex -1.890857e+02 2.313321e+02 1.695168e+00
      vertex -2.102089e+02 2.102089e+02 -1.514708e+00
    endloop
  endfacet
  facet normal 3.276624e-01 -1.038460e-01 9.390705e-01
    outer loop
      vertex -1.846540e+02 1.846540e+02 -1.325735e+01
      vertex -2.102089e+02 2.102089e+02 -1.514708e+00
      vertex -1.981217e+02 1.711862e+02 -1.004748e+01
    endloop
  endfacet
  facet normal 2.701422e-01 -1.250721e-01 9.546623e-01
    outer loop
      vertex -1.981217e+02 1.711862e+02 -1.004748e+01
      vertex -2.102089e+02 2.102089e+02 -1.514708e+00
      vertex -2.313321e+02 1.890857e+02 1.695168e+00
    endloop
  endfacet
  facet normal 4.841643e-01 3.818417e-01 7.872622e-01
    outer loop
      vertex -1.981217e+02 1.711862e+02 -1.004748e+01
      vertex -2.313321e+02 1.890857e+02 1.695168e+00
      vertex -2.115895e+02 1.577185e+02 4.767337e+00
    endloop
  endfacet
  facet normal 3.316645e-01 2.964686e-01 8.956032e-01
    outer loop
      vertex -2.115895e+02 1.577185e+02 4.767337e+00
      vertex -2.313321e+02 1.890857e+02 1.695168e+00
      vertex -2.524554e+02 1.679625e+02 1.650998e+01
    endloop
  endfacet
  facet normal 3.265121e-01 8.645011e-01 3.821356e-01
    outer loop
      vertex -2.115895e+02 1.577185e+02 4.767337e+00
      vertex -2.524554e+02 1.679625e+02 1.650998e+01
      vertex -2.250572e+02 1.442507e+02 4.674265e+01
    endloop
  endfacet
  facet normal 1.682961e-01 8.439247e-01 5.093796e-01
    outer loop
      vertex -2.250572e+02 1.442507e+02 4.674265e+01
      vertex -2.524554e+02 1.679625e+02 1.650998e+01
      vertex -2.735786e+02 1.468392e+02 5.848529e+01
    endloop
  endfacet
  facet normal -7.632539e-01 -3.348124e-01 5.525796e-01
    outer loop
      vertex -1.468392e+02 2.735786e+02 5.848529e+01
      vertex -1.565140e+02 3.150138e+02 7.022794e+01
      vertex -1.679625e+02 2.524554e+02 1.650998e+01
    endloop
  endfacet
  facet normal -5.916986e-01 -4.601235e-01 6.619510e-01
    outer loop
      vertex -1.679625e+02 2.524554e+02 1.650998e+01
      vertex -1.565140e+02 3.150138e+02 7.022794e+01
      vertex -1.829306e+02 2.885971e+02 2.825263e+01
    endloop
  endfacet
  facet normal -2.371291e-01 -3.876304e-01 8.907931e-01
    outer loop
      vertex -1.679625e+02 2.524554e+02 1.650998e+01
      vertex -1.829306e+02 2.885971e+02 2.825263e+01
      vertex -1.890857e+02 2.313321e+02 1.695168e+00
    endloop
  endfacet
  facet normal -9.859971e-02 -4.099305e-01 9.067718e-01
    outer loop
      vertex -1.890857e+02 2.313321e+02 1.695168e+00
      vertex -1.829306e+02 2.885971e+02 2.825263e+01
      vertex -2.093472e+02 2.621805e+02 1.343781e+01
    endloop
  endfacet
  facet normal 1.314229e-01 -2.761037e-01 9.521002e-01
    outer loop
      vertex -1.890857e+02 2.313321e+02 1.695168e+00
      vertex -2.093472e+02 2.621805e+02 1.343781e+01
      vertex -2.102089e+02 2.102089e+02 -1.514708e+00
    endloop
  endfacet
  facet normal 1.601928e-01 -2.753715e-01 9.478971e-01
    outer loop
      vertex -2.102089e+02 2.102089e+02 -1.514708e+00
      vertex -2.093472e+02 2.621805e+02 1.343781e+01
      vertex -2.357639e+02 2.357639e+02 1.022794e+01
    endloop
  endfacet
  facet normal 2.892626e-01 -1.454892e-01 9.461290e-01
    outer loop
      vertex -2.102089e+02 2.102089e+02 -1.514708e+00
      vertex -2.357639e+02 2.357639e+02 1.022794e+01
      vertex -2.313321e+02 1.890857e+02 1.695168e+00
    endloop
  endfacet
  facet normal 2.647840e-01 -1.490188e-01 9.527239e-01
    outer loop
      vertex -2.313321e+02 1.890857e+02 1.695168e+00
      vertex -2.357639e+02 2.357639e+02 1.022794e+01
      vertex -2.621805e+02 2.093472e+02 1.343781e+01
    endloop
  endfacet
  facet normal 4.461660e-01 1.700713e-01 8.786419e-01
    outer loop
      vertex -2.313321e+02 1.890857e+02 1.695168e+00
      vertex -2.621805e+02 2.093472e+02 1.343781e+01
      vertex -2.524554e+02 1.679625e+02 1.650998e+01
    endloop
  endfacet
  facet normal 3.622313e-01 1.533716e-01 9.193833e-01
    outer loop
      vertex -2.524554e+02 1.679625e+02 1.650998e+01
      vertex -2.621805e+02 2.093472e+02 1.343781e+01
      vertex -2.885971e+02 1.829306e+02 2.825263e+01
    endloop
  endfacet
  facet normal 4.655087e-01 6.741030e-01 5.734865e-01
    outer loop
      vertex -2.524554e+02 1.679625e+02 1.650998e+01
      vertex -2.885971e+02 1.829306e+02 2.825263e+01
      vertex -2.735786e+02 1.468392e+02 5.848529e+01
    endloop
  endfacet
  facet normal 3.423324e-01 6.829693e-01 6.452607e-01
    outer loop
      vertex -2.735786e+02 1.468392e+02 5.848529e+01
      vertex -2.885971e+02 1.829306e+02 2.825263e+01
      vertex -3.150138e+02 1.565140e+02 7.022794e+01
    endloop
  endfacet
  facet normal -5.707478e-01 -4.836511e-01 6.635726e-01
    outer loop
      vertex -1.565140e+02 3.150138e+02 7.022794e+01
      vertex -1.725679e+02 3.500697e+02 8.197058e+01
      vertex -1.829306e+02 2.885971e+02 2.825263e+01
    endloop
  endfacet
  facet normal -4.620921e-01 -5.381021e-01 7.049234e-01
    outer loop
      vertex -1.829306e+02 2.885971e+02 2.825263e+01
      vertex -1.725679e+02 3.500697e+02 8.197058e+01
      vertex -2.021515e+02 3.204861e+02 3.999527e+01
    endloop
  endfacet
  facet normal -1.092945e-01 -4.008279e-01 9.096108e-01
    outer loop
      vertex -1.829306e+02 2.885971e+02 2.825263e+01
      vertex -2.021515e+02 3.204861e+02 3.999527e+01
      vertex -2.093472e+02 2.621805e+02 1.343781e+01
    endloop
  endfacet
  facet normal -4.707894e-02 -4.092360e-01 9.112132e-01
    outer loop
      vertex -2.093472e+02 2.621805e+02 1.343781e+01
      vertex -2.021515e+02 3.204861e+02 3.999527e+01
      vertex -2.317352e+02 2.909024e+02 2.518046e+01
    endloop
  endfacet
  facet normal 1.535259e-01 -2.690584e-01 9.508088e-01
    outer loop
      vertex -2.093472e+02 2.621805e+02 1.343781e+01
      vertex -2.317352e+02 2.909024e+02 2.518046e+01
      vertex -2.357639e+02 2.357639e+02 1.022794e+01
    endloop
  endfacet
  facet normal 1.664698e-01 -2.693875e-01 9.485348e-01
    outer loop
      vertex -2.357639e+02 2.357639e+02 1.022794e+01
      vertex -2.317352e+02 2.909024e+02 2.518046e+01
      vertex -2.613188e+02 2.613188e+02 2.197058e+01
    endloop
  endfacet
  facet normal 2.753715e-01 -1.601928e-01 9.478971e-01
    outer loop
      vertex -2.357639e+02 2.357639e+02 1.022794e+01
      vertex -2.613188e+02 2.613188e+02 2.197058e+01
      vertex -2.621805e+02 2.093472e+02 1.343781e+01
    endloop
  endfacet
  facet normal 2.637336e-01 -1.605328e-01 9.511434e-01
    outer loop
      vertex -2.621805e+02 2.093472e+02 1.343781e+01
      vertex -2.613188e+02 2.613188e+02 2.197058e+01
      vertex -2.909024e+02 2.317352e+02 2.518046e+01
    endloop
  endfacet
  facet normal 4.280869e-01 7.690342e-02 9.004596e-01
    outer loop
      vertex -2.621805e+02 2.093472e+02 1.343781e+01
      vertex -2.909024e+02 2.317352e+02 2.518046e+01
      vertex -2.885971e+02 1.829306e+02 2.825263e+01
    endloop
  endfacet
  facet normal 3.846089e-01 7.607593e-02 9.199394e-01
    outer loop
      vertex -2.885971e+02 1.829306e+02 2.825263e+01
      vertex -2.909024e+02 2.317352e+02 2.518046e+01
      vertex -3.204861e+02 2.021515e+02 3.999527e+01
    endloop
  endfacet
  facet normal 5.497686e-01 5.061325e-01 6.645181e-01
    outer loop
      vertex -2.885971e+02 1.829306e+02 2.825263e+01
      vertex -3.204861e+02 2.021515e+02 3.999527e+01
      vertex -3.150138e+02 1.565140e+02 7.022794e+01
    endloop
  endfacet
  facet normal 4.765401e-01 5.245251e-01 7.055373e-01
    outer loop
      vertex -3.150138e+02 1.565140e+02 7.022794e+01
      vertex -3.204861e+02 2.021515e+02 3.999527e+01
      vertex -3.500697e+02 1.725679e+02 8.197058e+01
    endloop
  endfacet
  facet normal -3.968621e-01 -5.949095e-01 6.989873e-01
    outer loop
      vertex -1.725679e+02 3.500697e+02 8.197058e+01
      vertex -1.949499e+02 3.787976e+02 9.371323e+01
      vertex -2.021515e+02 3.204861e+02 3.999527e+01
    endloop
  endfacet
  facet normal -3.621242e-01 -6.069728e-01 7.074250e-01
    outer loop
      vertex -2.021515e+02 3.204861e+02 3.999527e+01
      vertex -1.949499e+02 3.787976e+02 9.371323e+01
      vertex -2.255912e+02 3.481563e+02 5.173792e+01
    endloop
  endfacet
  facet normal -3.755859e-02 -4.171727e-01 9.080508e-01
    outer loop
      vertex -2.021515e+02 3.204861e+02 3.999527e+01
      vertex -2.255912e+02 3.481563e+02 5.173792e+01
      vertex -2.317352e+02 2.909024e+02 2.518046e+01
    endloop
  endfacet
  facet normal -1.996991e-02 -4.189410e-01 9.077938e-01
    outer loop
      vertex -2.317352e+02 2.909024e+02 2.518046e+01
      vertex -2.255912e+02 3.481563e+02 5.173792e+01
      vertex -2.562324e+02 3.175150e+02 3.692311e+01
    endloop
  endfacet
  facet normal 1.644920e-01 -2.675049e-01 9.494122e-01
    outer loop
      vertex -2.317352e+02 2.909024e+02 2.518046e+01
      vertex -2.562324e+02 3.175150e+02 3.692311e+01
      vertex -2.613188e+02 2.613188e+02 2.197058e+01
    endloop
  endfacet
  facet normal 1.682762e-01 -2.676593e-01 9.487052e-01
    outer loop
      vertex -2.613188e+02 2.613188e+02 2.197058e+01
      vertex -2.562324e+02 3.175150e+02 3.692311e+01
      vertex -2.868737e+02 2.868737e+02 3.371323e+01
    endloop
  endfacet
  facet normal 2.693875e-01 -1.664698e-01 9.485348e-01
    outer loop
      vertex -2.613188e+02 2.613188e+02 2.197058e+01
      vertex -2.868737e+02 2.868737e+02 3.371323e+01
      vertex -2.909024e+02 2.317352e+02 2.518046e+01
    endloop
  endfacet
  facet normal 2.658400e-01 -1.663681e-01 9.495529e-01
    outer loop
      vertex -2.909024e+02 2.317352e+02 2.518046e+01
      vertex -2.868737e+02 2.868737e+02 3.371323e+01
      vertex -3.175150e+02 2.562324e+02 3.692311e+01
    endloop
  endfacet
  facet normal 4.250297e-01 2.804598e-02 9.047448e-01
    outer loop
      vertex -2.909024e+02 2.317352e+02 2.518046e+01
      vertex -3.175150e+02 2.562324e+02 3.692311e+01
      vertex -3.204861e+02 2.021515e+02 3.999527e+01
    endloop
  endfacet
  facet normal 4.113174e-01 2.915609e-02 9.110257e-01
    outer loop
      vertex -3.204861e+02 2.021515e+02 3.999527e+01
      vertex -3.175150e+02 2.562324e+02 3.692311e+01
      vertex -3.481563e+02 2.255912e+02 5.173792e+01
    endloop
  endfacet
  facet normal 6.126907e-01 3.746616e-01 6.958727e-01
    outer loop
      vertex -3.204861e+02 2.021515e+02 3.999527e+01
      vertex -3.481563e+02 2.255912e+02 5.173792e+01
      vertex -3.500697e+02 1.725679e+02 8.197058e+01
    endloop
  endfacet
  facet normal 5.895824e-01 3.839131e-01 7.106359e-01
    outer loop
      vertex -3.500697e+02 1.725679e+02 8.197058e+01
      vertex -3.481563e+02 2.255912e+02 5.173792e+01
      vertex -3.787976e+02 1.949499e+02 9.371323e+01
    endloop
  endfacet
  facet normal -2.532357e-01 -6.839710e-01 6.841457e-01
    outer loop
      vertex -1.949499e+02 3.787976e+02 9.371323e+01
      vertex -2.236778e+02 4.011796e+02 1.054559e+02
      vertex -2.255912e+02 3.481563e+02 5.173792e+01
    endloop
  endfacet
  facet normal -2.855655e-01 -6.769534e-01 6.783704e-01
    outer loop
      vertex -2.255912e+02 3.481563e+02 5.173792e+01
      vertex -2.236778e+02 4.011796e+02 1.054559e+02
      vertex -2.532614e+02 3.715960e+02 6.348057e+01
    endloop
  endfacet
  facet normal 7.195252e-03 -4.410959e-01 8.974311e-01
    outer loop
      vertex -2.255912e+02 3.481563e+02 5.173792e+01
      vertex -2.532614e+02 3.715960e+02 6.348057e+01
      vertex -2.562324e+02 3.175150e+02 3.692311e+01
    endloop
  endfacet
  facet normal -9.222611e-03 -4.403618e-01 8.977730e-01
    outer loop
      vertex -2.562324e+02 3.175150e+02 3.692311e+01
      vertex -2.532614e+02 3.715960e+02 6.348057e+01
      vertex -2.828451e+02 3.420123e+02 4.866575e+01
    endloop
  endfacet
  facet normal 1.701796e-01 -2.694733e-01 9.478518e-01
    outer loop
      vertex -2.562324e+02 3.175150e+02 3.692311e+01
      vertex -2.828451e+02 3.420123e+02 4.866575e+01
      vertex -2.868737e+02 2.868737e+02 3.371323e+01
    endloop
  endfacet
  facet normal 1.664698e-01 -2.693875e-01 9.485348e-01
    outer loop
      vertex -2.868737e+02 2.868737e+02 3.371323e+01
      vertex -2.828451e+02 3.420123e+02 4.866575e+01
      vertex -3.124287e+02 3.124287e+02 4.545587e+01
    endloop
  endfacet
  facet normal 2.676593e-01 -1.682762e-01 9.487052e-01
    outer loop
      vertex -2.868737e+02 2.868737e+02 3.371323e+01
      vertex -3.124287e+02 3.124287e+02 4.545587e+01
      vertex -3.175150e+02 2.562324e+02 3.692311e+01
    endloop
  endfacet
  facet normal 2.712643e-01 -1.684425e-01 9.476512e-01
    outer loop
      vertex -3.175150e+02 2.562324e+02 3.692311e+01
      vertex -3.124287e+02 3.124287e+02 4.545587e+01
      vertex -3.420123e+02 2.828451e+02 4.866575e+01
    endloop
  endfacet
  facet normal 4.338315e-01 1.790893e-03 9.009922e-01
    outer loop
      vertex -3.175150e+02 2.562324e+02 3.692311e+01
      vertex -3.420123e+02 2.828451e+02 4.866575e+01
      vertex -3.481563e+02 2.255912e+02 5.173792e+01
    endloop
  endfacet
  facet normal 4.478341e-01 -8.068352e-05 8.941167e-01
    outer loop
      vertex -3.481563e+02 2.255912e+02 5.173792e+01
      vertex -3.420123e+02 2.828451e+02 4.866575e+01
      vertex -3.715960e+02 2.532614e+02 6.348057e+01
    endloop
  endfacet
  facet normal 6.699427e-01 2.748314e-01 6.896698e-01
    outer loop
      vertex -3.481563e+02 2.255912e+02 5.173792e+01
      vertex -3.715960e+02 2.532614e+02 6.348057e+01
      vertex -3.787976e+02 1.949499e+02 9.371323e+01
    endloop
  endfacet
  facet normal 6.912317e-01 2.634973e-01 6.728802e-01
    outer loop
      vertex -3.787976e+02 1.949499e+02 9.371323e+01
      vertex -3.715960e+02 2.532614e+02 6.348057e+01
      vertex -4.011796e+02 2.236778e+02 1.054559e+02
    endloop
  endfacet
  facet normal -1.367339e-01 -7.617701e-01 6.332536e-01
    outer loop
      vertex -2.236778e+02 4.011796e+02 1.054559e+02
      vertex -2.587337e+02 4.172335e+02 1.171985e+02
      vertex -2.532614e+02 3.715960e+02 6.348057e+01
    endloop
  endfacet
  facet normal -2.269538e-01 -7.534982e-01 6.170352e-01
    outer loop
      vertex -2.532614e+02 3.715960e+02 6.348057e+01
      vertex -2.587337e+02 4.172335e+02 1.171985e+02
      vertex -2.851504e+02 3.908169e+02 7.522321e+01
    endloop
  endfacet
  facet normal 3.639250e-02 -4.763316e-01 8.785123e-01
    outer loop
      vertex -2.532614e+02 3.715960e+02 6.348057e+01
      vertex -2.851504e+02 3.908169e+02 7.522321e+01
      vertex -2.828451e+02 3.420123e+02 4.866575e+01
    endloop
  endfacet
  facet normal -1.396339e-02 -4.784372e-01 8.780107e-01
    outer loop
      vertex -2.828451e+02 3.420123e+02 4.866575e+01
      vertex -2.851504e+02 3.908169e+02 7.522321e+01
      vertex -3.115670e+02 3.644003e+02 6.040840e+01
    endloop
  endfacet
  facet normal 1.723616e-01 -2.749903e-01 9.458709e-01
    outer loop
      vertex -2.828451e+02 3.420123e+02 4.866575e+01
      vertex -3.115670e+02 3.644003e+02 6.040840e+01
      vertex -3.124287e+02 3.124287e+02 4.545587e+01
    endloop
  endfacet
  facet normal 1.601928e-01 -2.753715e-01 9.478971e-01
    outer loop
      vertex -3.124287e+02 3.124287e+02 4.545587e+01
      vertex -3.115670e+02 3.644003e+02 6.040840e+01
      vertex -3.379836e+02 3.379836e+02 5.719852e+01
    endloop
  endfacet
  facet normal 2.693875e-01 -1.664698e-01 9.485348e-01
    outer loop
      vertex -3.124287e+02 3.124287e+02 4.545587e+01
      vertex -3.379836e+02 3.379836e+02 5.719852e+01
      vertex -3.420123e+02 2.828451e+02 4.866575e+01
    endloop
  endfacet
  facet normal 2.816201e-01 -1.668036e-01 9.449162e-01
    outer loop
      vertex -3.420123e+02 2.828451e+02 4.866575e+01
      vertex -3.379836e+02 3.379836e+02 5.719852e+01
      vertex -3.644003e+02 3.115670e+02 6.040840e+01
    endloop
  endfacet
  facet normal 4.551346e-01 -9.255165e-03 8.903746e-01
    outer loop
      vertex -3.420123e+02 2.828451e+02 4.866575e+01
      vertex -3.644003e+02 3.115670e+02 6.040840e+01
      vertex -3.715960e+02 2.532614e+02 6.348057e+01
    endloop
  endfacet
  facet normal 5.014320e-01 -1.630360e-02 8.650434e-01
    outer loop
      vertex -3.715960e+02 2.532614e+02 6.348057e+01
      vertex -3.644003e+02 3.115670e+02 6.040840e+01
      vertex -3.908169e+02 2.851504e+02 7.522321e+01
    endloop
  endfacet
  facet normal 7.296013e-01 1.988148e-01 6.543352e-01
    outer loop
      vertex -3.715960e+02 2.532614e+02 6.348057e+01
      vertex -3.908169e+02 2.851504e+02 7.522321e+01
      vertex -4.011796e+02 2.236778e+02 1.054559e+02
    endloop
  endfacet
  facet normal 7.866667e-01 1.605701e-01 5.961315e-01
    outer loop
      vertex -4.011796e+02 2.236778e+02 1.054559e+02
      vertex -3.908169e+02 2.851504e+02 7.522321e+01
      vertex -4.172335e+02 2.587337e+02 1.171985e+02
    endloop
  endfacet
  facet normal -3.904500e-02 -8.344387e-01 5.497159e-01
    outer loop
      vertex -2.587337e+02 4.172335e+02 1.171985e+02
      vertex -3.001689e+02 4.269082e+02 1.289412e+02
      vertex -2.851504e+02 3.908169e+02 7.522321e+01
    endloop
  endfacet
  facet normal -1.807489e-01 -8.390307e-01 5.131834e-01
    outer loop
      vertex -2.851504e+02 3.908169e+02 7.522321e+01
      vertex -3.001689e+02 4.269082e+02 1.289412e+02
      vertex -3.212921e+02 4.057850e+02 8.696586e+01
    endloop
  endfacet
  facet normal 5.543562e-02 -5.299905e-01 8.461896e-01
    outer loop
      vertex -2.851504e+02 3.908169e+02 7.522321e+01
      vertex -3.212921e+02 4.057850e+02 8.696586e+01
      vertex -3.115670e+02 3.644003e+02 6.040840e+01
    endloop
  endfacet
  facet normal -4.039418e-02 -5.463462e-01 8.365848e-01
    outer loop
      vertex -3.115670e+02 3.644003e+02 6.040840e+01
      vertex -3.212921e+02 4.057850e+02 8.696586e+01
      vertex -3.424154e+02 3.846618e+02 7.215104e+01
    endloop
  endfacet
  facet normal 1.712102e-01 -2.857789e-01 9.428772e-01
    outer loop
      vertex -3.115670e+02 3.644003e+02 6.040840e+01
      vertex -3.424154e+02 3.846618e+02 7.215104e+01
      vertex -3.379836e+02 3.379836e+02 5.719852e+01
    endloop
  endfacet
  facet normal 1.454892e-01 -2.892626e-01 9.461290e-01
    outer loop
      vertex -3.379836e+02 3.379836e+02 5.719852e+01
      vertex -3.424154e+02 3.846618e+02 7.215104e+01
      vertex -3.635386e+02 3.635386e+02 6.894117e+01
    endloop
  endfacet
  facet normal 2.753715e-01 -1.601928e-01 9.478971e-01
    outer loop
      vertex -3.379836e+02 3.379836e+02 5.719852e+01
      vertex -3.635386e+02 3.635386e+02 6.894117e+01
      vertex -3.644003e+02 3.115670e+02 6.040840e+01
    endloop
  endfacet
  facet normal 3.021369e-01 -1.593166e-01 9.398572e-01
    outer loop
      vertex -3.644003e+02 3.115670e+02 6.040840e+01
      vertex -3.635386e+02 3.635386e+02 6.894117e+01
      vertex -3.846618e+02 3.424154e+02 7.215104e+01
    endloop
  endfacet
  facet normal 4.940393e-01 -6.458895e-03 8.694156e-01
    outer loop
      vertex -3.644003e+02 3.115670e+02 6.040840e+01
      vertex -3.846618e+02 3.424154e+02 7.215104e+01
      vertex -3.908169e+02 2.851504e+02 7.522321e+01
    endloop
  endfacet
  facet normal 5.872279e-01 -1.970668e-02 8.091817e-01
    outer loop
      vertex -3.908169e+02 2.851504e+02 7.522321e+01
      vertex -3.846618e+02 3.424154e+02 7.215104e+01
      vertex -4.057850e+02 3.212921e+02 8.696586e+01
    endloop
  endfacet
  facet normal 7.964989e-01 1.386548e-01 5.885272e-01
    outer loop
      vertex -3.908169e+02 2.851504e+02 7.522321e+01
      vertex -4.057850e+02 3.212921e+02 8.696586e+01
      vertex -4.172335e+02 2.587337e+02 1.171985e+02
    endloop
  endfacet
  facet normal 8.765694e-01 6.971662e-02 4.761992e-01
    outer loop
      vertex -4.172335e+02 2.587337e+02 1.171985e+02
      vertex -4.057850e+02 3.212921e+02 8.696586e+01
      vertex -4.269082e+02 3.001689e+02 1.289412e+02
    endloop
  endfacet
  facet normal 5.507692e-02 -9.027694e-01 4.265840e-01
    outer loop
      vertex -3.001689e+02 4.269082e+02 1.289412e+02
      vertex -3.486903e+02 4.294967e+02 1.406838e+02
      vertex -3.212921e+02 4.057850e+02 8.696586e+01
    endloop
  endfacet
  facet normal -1.349533e-01 -9.300654e-01 3.417103e-01
    outer loop
      vertex -3.212921e+02 4.057850e+02 8.696586e+01
      vertex -3.486903e+02 4.294967e+02 1.406838e+02
      vertex -3.621580e+02 4.160290e+02 9.870850e+01
    endloop
  endfacet
  facet normal 6.978968e-02 -6.186438e-01 7.825658e-01
    outer loop
      vertex -3.212921e+02 4.057850e+02 8.696586e+01
      vertex -3.621580e+02 4.160290e+02 9.870850e+01
      vertex -3.424154e+02 3.846618e+02 7.215104e+01
    endloop
  endfacet
  facet normal -1.123242e-01 -6.823112e-01 7.223813e-01
    outer loop
      vertex -3.424154e+02 3.846618e+02 7.215104e+01
      vertex -3.621580e+02 4.160290e+02 9.870850e+01
      vertex -3.756258e+02 4.025613e+02 8.389369e+01
    endloop
  endfacet
  facet normal 1.654069e-01 -3.077880e-01 9.369670e-01
    outer loop
      vertex -3.424154e+02 3.846618e+02 7.215104e+01
      vertex -3.756258e+02 4.025613e+02 8.389369e+01
      vertex -3.635386e+02 3.635386e+02 6.894117e+01
    endloop
  endfacet
  facet normal 1.038460e-01 -3.276624e-01 9.390705e-01
    outer loop
      vertex -3.635386e+02 3.635386e+02 6.894117e+01
      vertex -3.756258e+02 4.025613e+02 8.389369e+01
      vertex -3.890935e+02 3.890935e+02 8.068381e+01
    endloop
  endfacet
  facet normal 2.892626e-01 -1.454892e-01 9.461290e-01
    outer loop
      vertex -3.635386e+02 3.635386e+02 6.894117e+01
      vertex -3.890935e+02 3.890935e+02 8.068381e+01
      vertex -3.846618e+02 3.424154e+02 7.215104e+01
    endloop
  endfacet
  facet normal 3.556841e-01 -1.352775e-01 9.247642e-01
    outer loop
      vertex -3.846618e+02 3.424154e+02 7.215104e+01
      vertex -3.890935e+02 3.890935e+02 8.068381e+01
      vertex -4.025613e+02 3.756258e+02 8.389369e+01
    endloop
  endfacet
  facet normal 5.653489e-01 1.308978e-02 8.247480e-01
    outer loop
      vertex -3.846618e+02 3.424154e+02 7.215104e+01
      vertex -4.025613e+02 3.756258e+02 8.389369e+01
      vertex -4.057850e+02 3.212921e+02 8.696586e+01
    endloop
  endfacet
  facet normal 7.427360e-01 -6.210072e-03 6.695555e-01
    outer loop
      vertex -4.057850e+02 3.212921e+02 8.696586e+01
      vertex -4.025613e+02 3.756258e+02 8.389369e+01
      vertex -4.160290e+02 3.621580e+02 9.870850e+01
    endloop
  endfacet
  facet normal 8.733910e-01 8.093859e-02 4.802470e-01
    outer loop
      vertex -4.057850e+02 3.212921e+02 8.696586e+01
      vertex -4.160290e+02 3.621580e+02 9.870850e+01
      vertex -4.269082e+02 3.001689e+02 1.289412e+02
    endloop
  endfacet
  facet normal 9.539561e-01 -2.151176e-02 2.991739e-01
    outer loop
      vertex -4.269082e+02 3.001689e+02 1.289412e+02
      vertex -4.160290e+02 3.621580e+02 9.870850e+01
      vertex -4.294967e+02 3.486903e+02 1.406838e+02
    endloop
  endfacet
  facet normal 2.515398e-01 -9.421415e-01 2.215789e-01
    outer loop
      vertex -3.486903e+02 4.294967e+02 1.406838e+02
      vertex -4.146485e+02 4.146485e+02 1.524265e+02
      vertex -3.621580e+02 4.160290e+02 9.870850e+01
    endloop
  endfacet
  facet normal 2.629168e-02 -9.996543e-01 5.167102e-12
    outer loop
      vertex -3.621580e+02 4.160290e+02 9.870850e+01
      vertex -4.146485e+02 4.146485e+02 1.524265e+02
      vertex -4.146485e+02 4.146485e+02 1.104511e+02
    endloop
  endfacet
  facet normal 1.519572e-01 -7.961898e-01 5.856541e-01
    outer loop
      vertex -3.621580e+02 4.160290e+02 9.870850e+01
      vertex -4.146485e+02 4.146485e+02 1.104511e+02
      vertex -3.756258e+02 4.025613e+02 8.389369e+01
    endloop
  endfacet
  facet normal -2.958792e-01 -9.552254e-01 1.881281e-11
    outer loop
      vertex -3.756258e+02 4.025613e+02 8.389369e+01
      vertex -4.146485e+02 4.146485e+02 1.104511e+02
      vertex -4.146485e+02 4.146485e+02 9.563633e+01
    endloop
  endfacet
  facet normal 1.583078e-01 -3.759178e-01 9.130303e-01
    outer loop
      vertex -3.756258e+02 4.025613e+02 8.389369e+01
      vertex -4.146485e+02 4.146485e+02 9.563633e+01
      vertex -3.890935e+02 3.890935e+02 8.068381e+01
    endloop
  endfacet
  facet normal -7.071068e-01 -7.071068e-01 9.817380e-11
    outer loop
      vertex -3.890935e+02 3.890935e+02 8.068381e+01
      vertex -4.146485e+02 4.146485e+02 9.563633e+01
      vertex -4.146485e+02 4.146485e+02 9.242646e+01
    endloop
  endfacet
  facet normal 3.276624e-01 -1.038460e-01 9.390705e-01
    outer loop
      vertex -3.890935e+02 3.890935e+02 8.068381e+01
      vertex -4.146485e+02 4.146485e+02 9.242646e+01
      vertex -4.025613e+02 3.756258e+02 8.389369e+01
    endloop
  endfacet
  facet normal 9.552254e-01 2.958792e-01 8.685045e-11
    outer loop
      vertex -4.025613e+02 3.756258e+02 8.389369e+01
      vertex -4.146485e+02 4.146485e+02 9.242646e+01
      vertex -4.146485e+02 4.146485e+02 9.563633e+01
    endloop
  endfacet
  facet normal 7.303246e-01 2.075406e-02 6.827849e-01
    outer loop
      vertex -4.025613e+02 3.756258e+02 8.389369e+01
      vertex -4.146485e+02 4.146485e+02 9.563633e+01
      vertex -4.160290e+02 3.621580e+02 9.870850e+01
    endloop
  endfacet
  facet normal 9.996543e-01 -2.629168e-02 1.463640e-11
    outer loop
      vertex -4.160290e+02 3.621580e+02 9.870850e+01
      vertex -4.146485e+02 4.146485e+02 9.563633e+01
      vertex -4.146485e+02 4.146485e+02 1.104511e+02
    endloop
  endfacet
  facet normal 9.563624e-01 -8.751643e-02 2.787685e-01
    outer loop
      vertex -4.160290e+02 3.621580e+02 9.870850e+01
      vertex -4.146485e+02 4.146485e+02 1.104511e+02
      vertex -4.294967e+02 3.486903e+02 1.406838e+02
    endloop
  endfacet
  facet normal 9.755854e-01 -2.196205e-01 4.013029e-12
    outer loop
      vertex -4.294967e+02 3.486903e+02 1.406838e+02
      vertex -4.146485e+02 4.146485e+02 1.104511e+02
      vertex -4.146485e+02 4.146485e+02 1.524265e+02
    endloop
  endfacet
  facet normal -4.391045e-01 -8.647679e-01 2.436467e-01
    outer loop
      vertex -2.250000e+02 3.547938e+01 3.500000e+01
      vertex -2.611401e+02 5.713879e+01 4.674265e+01
      vertex -2.250000e+02 2.365292e+01 -6.975309e+00
    endloop
  endfacet
  facet normal -2.237623e-01 -8.875490e-01 4.027247e-01
    outer loop
      vertex -2.250000e+02 2.365292e+01 -6.975309e+00
      vertex -2.611401e+02 5.713879e+01 4.674265e+01
      vertex -2.611401e+02 3.809252e+01 4.767337e+00
    endloop
  endfacet
  facet normal -1.088912e-01 -7.768746e-01 6.201682e-01
    outer loop
      vertex -2.250000e+02 2.365292e+01 -6.975309e+00
      vertex -2.611401e+02 3.809252e+01 4.767337e+00
      vertex -2.250000e+02 1.182646e+01 -2.179012e+01
    endloop
  endfacet
  facet normal 1.326332e-01 -6.085436e-01 7.823574e-01
    outer loop
      vertex -2.250000e+02 1.182646e+01 -2.179012e+01
      vertex -2.611401e+02 3.809252e+01 4.767337e+00
      vertex -2.611401e+02 1.904626e+01 -1.004748e+01
    endloop
  endfacet
  facet normal 2.527638e-01 -2.534326e-01 9.337464e-01
    outer loop
      vertex -2.250000e+02 1.182646e+01 -2.179012e+01
      vertex -2.611401e+02 1.904626e+01 -1.004748e+01
      vertex -2.250000e+02 2.755455e-14 -2.500000e+01
    endloop
  endfacet
  facet normal 3.051225e-01 -1.582620e-01 9.390705e-01
    outer loop
      vertex -2.250000e+02 2.755455e-14 -2.500000e+01
      vertex -2.611401e+02 1.904626e+01 -1.004748e+01
      vertex -2.611401e+02 3.198044e-14 -1.325735e+01
    endloop
  endfacet
  facet normal 2.992093e-01 2.499382e-01 9.208717e-01
    outer loop
      vertex -2.250000e+02 2.755455e-14 -2.500000e+01
      vertex -2.611401e+02 3.198044e-14 -1.325735e+01
      vertex -2.250000e+02 -1.182646e+01 -2.179012e+01
    endloop
  endfacet
  facet normal 2.760428e-01 1.597298e-01 9.477799e-01
    outer loop
      vertex -2.250000e+02 -1.182646e+01 -2.179012e+01
      vertex -2.611401e+02 3.198044e-14 -1.325735e+01
      vertex -2.611401e+02 -1.904626e+01 -1.004748e+01
    endloop
  endfacet
  facet normal 4.653337e-02 7.806752e-01 6.232022e-01
    outer loop
      vertex -2.250000e+02 -1.182646e+01 -2.179012e+01
      vertex -2.611401e+02 -1.904626e+01 -1.004748e+01
      vertex -2.250000e+02 -2.365292e+01 -6.975309e+00
    endloop
  endfacet
  facet normal 1.116094e-02 6.139296e-01 7.892819e-01
    outer loop
      vertex -2.250000e+02 -2.365292e+01 -6.975309e+00
      vertex -2.611401e+02 -1.904626e+01 -1.004748e+01
      vertex -2.611401e+02 -3.809252e+01 4.767337e+00
    endloop
  endfacet
  facet normal -2.842301e-01 9.228276e-01 2.600049e-01
    outer loop
      vertex -2.250000e+02 -2.365292e+01 -6.975309e+00
      vertex -2.611401e+02 -3.809252e+01 4.767337e+00
      vertex -2.250000e+02 -3.547938e+01 3.500000e+01
    endloop
  endfacet
  facet normal -3.805438e-01 8.421256e-01 3.821138e-01
    outer loop
      vertex -2.250000e+02 -3.547938e+01 3.500000e+01
      vertex -2.611401e+02 -3.809252e+01 4.767337e+00
      vertex -2.611401e+02 -5.713879e+01 4.674265e+01
    endloop
  endfacet
  facet normal -5.646454e-01 -7.515813e-01 3.410294e-01
    outer loop
      vertex -2.611401e+02 5.713879e+01 4.674265e+01
      vertex -2.972803e+02 8.961824e+01 5.848529e+01
      vertex -2.611401e+02 3.809252e+01 4.767337e+00
    endloop
  endfacet
  facet normal -2.871229e-01 -7.804330e-01 5.554141e-01
    outer loop
      vertex -2.611401e+02 3.809252e+01 4.767337e+00
      vertex -2.972803e+02 8.961824e+01 5.848529e+01
      vertex -2.972803e+02 5.974550e+01 1.650998e+01
    endloop
  endfacet
  facet normal -1.106984e-01 -6.101945e-01 7.844798e-01
    outer loop
      vertex -2.611401e+02 3.809252e+01 4.767337e+00
      vertex -2.972803e+02 5.974550e+01 1.650998e+01
      vertex -2.611401e+02 1.904626e+01 -1.004748e+01
    endloop
  endfacet
  facet normal 1.560564e-01 -4.388513e-01 8.849045e-01
    outer loop
      vertex -2.611401e+02 1.904626e+01 -1.004748e+01
      vertex -2.972803e+02 5.974550e+01 1.650998e+01
      vertex -2.972803e+02 2.987275e+01 1.695168e+00
    endloop
  endfacet
  facet normal 2.612208e-01 -1.604168e-01 9.518561e-01
    outer loop
      vertex -2.611401e+02 1.904626e+01 -1.004748e+01
      vertex -2.972803e+02 2.987275e+01 1.695168e+00
      vertex -2.611401e+02 3.198044e-14 -1.325735e+01
    endloop
  endfacet
  facet normal 3.074159e-01 -1.016631e-01 9.461290e-01
    outer loop
      vertex -2.611401e+02 3.198044e-14 -1.325735e+01
      vertex -2.972803e+02 2.987275e+01 1.695168e+00
      vertex -2.972803e+02 3.640634e-14 -1.514708e+00
    endloop
  endfacet
  facet normal 3.051225e-01 1.582620e-01 9.390705e-01
    outer loop
      vertex -2.611401e+02 3.198044e-14 -1.325735e+01
      vertex -2.972803e+02 3.640634e-14 -1.514708e+00
      vertex -2.611401e+02 -1.904626e+01 -1.004748e+01
    endloop
  endfacet
  facet normal 2.794587e-01 1.025801e-01 9.546623e-01
    outer loop
      vertex -2.611401e+02 -1.904626e+01 -1.004748e+01
      vertex -2.972803e+02 3.640634e-14 -1.514708e+00
      vertex -2.972803e+02 -2.987275e+01 1.695168e+00
    endloop
  endfacet
  facet normal 7.235301e-02 6.123587e-01 7.872622e-01
    outer loop
      vertex -2.611401e+02 -1.904626e+01 -1.004748e+01
      vertex -2.972803e+02 -2.987275e+01 1.695168e+00
      vertex -2.611401e+02 -3.809252e+01 4.767337e+00
    endloop
  endfacet
  facet normal 2.488722e-02 4.441572e-01 8.956032e-01
    outer loop
      vertex -2.611401e+02 -3.809252e+01 4.767337e+00
      vertex -2.972803e+02 -2.987275e+01 1.695168e+00
      vertex -2.972803e+02 -5.974550e+01 1.650998e+01
    endloop
  endfacet
  facet normal -3.804157e-01 8.421736e-01 3.821356e-01
    outer loop
      vertex -2.611401e+02 -3.809252e+01 4.767337e+00
      vertex -2.972803e+02 -5.974550e+01 1.650998e+01
      vertex -2.611401e+02 -5.713879e+01 4.674265e+01
    endloop
  endfacet
  facet normal -4.777415e-01 7.157482e-01 5.093796e-01
    outer loop
      vertex -2.611401e+02 -5.713879e+01 4.674265e+01
      vertex -2.972803e+02 -5.974550e+01 1.650998e+01
      vertex -2.972803e+02 -8.961824e+01 5.848529e+01
    endloop
  endfacet
  facet normal -3.029539e-01 -7.764501e-01 5.525796e-01
    outer loop
      vertex -2.972803e+02 8.961824e+01 5.848529e+01
      vertex -3.334204e+02 1.120763e+02 7.022794e+01
      vertex -2.972803e+02 5.974550e+01 1.650998e+01
    endloop
  endfacet
  facet normal -9.303764e-02 -7.437505e-01 6.619510e-01
    outer loop
      vertex -2.972803e+02 5.974550e+01 1.650998e+01
      vertex -3.334204e+02 1.120763e+02 7.022794e+01
      vertex -3.334204e+02 7.471752e+01 2.825263e+01
    endloop
  endfacet
  facet normal 1.064205e-01 -4.417717e-01 8.907931e-01
    outer loop
      vertex -2.972803e+02 5.974550e+01 1.650998e+01
      vertex -3.334204e+02 7.471752e+01 2.825263e+01
      vertex -2.972803e+02 2.987275e+01 1.695168e+00
    endloop
  endfacet
  facet normal 2.201441e-01 -3.595852e-01 9.067718e-01
    outer loop
      vertex -2.972803e+02 2.987275e+01 1.695168e+00
      vertex -3.334204e+02 7.471752e+01 2.825263e+01
      vertex -3.334204e+02 3.735876e+01 1.343781e+01
    endloop
  endfacet
  facet normal 2.881649e-01 -1.023048e-01 9.521002e-01
    outer loop
      vertex -2.972803e+02 2.987275e+01 1.695168e+00
      vertex -3.334204e+02 3.735876e+01 1.343781e+01
      vertex -2.972803e+02 3.640634e-14 -1.514708e+00
    endloop
  endfacet
  facet normal 3.079904e-01 -8.144362e-02 9.478971e-01
    outer loop
      vertex -2.972803e+02 3.640634e-14 -1.514708e+00
      vertex -3.334204e+02 3.735876e+01 1.343781e+01
      vertex -3.334204e+02 4.083223e-14 1.022794e+01
    endloop
  endfacet
  facet normal 3.074159e-01 1.016631e-01 9.461290e-01
    outer loop
      vertex -2.972803e+02 3.640634e-14 -1.514708e+00
      vertex -3.334204e+02 4.083223e-14 1.022794e+01
      vertex -2.972803e+02 -2.987275e+01 1.695168e+00
    endloop
  endfacet
  facet normal 2.926028e-01 8.185834e-02 9.527239e-01
    outer loop
      vertex -2.972803e+02 -2.987275e+01 1.695168e+00
      vertex -3.334204e+02 4.083223e-14 1.022794e+01
      vertex -3.334204e+02 -3.735876e+01 1.343781e+01
    endloop
  endfacet
  facet normal 1.952284e-01 4.357456e-01 8.786419e-01
    outer loop
      vertex -2.972803e+02 -2.987275e+01 1.695168e+00
      vertex -3.334204e+02 -3.735876e+01 1.343781e+01
      vertex -2.972803e+02 -5.974550e+01 1.650998e+01
    endloop
  endfacet
  facet normal 1.476861e-01 3.645863e-01 9.193833e-01
    outer loop
      vertex -2.972803e+02 -5.974550e+01 1.650998e+01
      vertex -3.334204e+02 -3.735876e+01 1.343781e+01
      vertex -3.334204e+02 -7.471752e+01 2.825263e+01
    endloop
  endfacet
  facet normal -1.474984e-01 8.058272e-01 5.734865e-01
    outer loop
      vertex -2.972803e+02 -5.974550e+01 1.650998e+01
      vertex -3.334204e+02 -7.471752e+01 2.825263e+01
      vertex -2.972803e+02 -8.961824e+01 5.848529e+01
    endloop
  endfacet
  facet normal -2.408667e-01 7.249978e-01 6.452607e-01
    outer loop
      vertex -2.972803e+02 -8.961824e+01 5.848529e+01
      vertex -3.334204e+02 -7.471752e+01 2.825263e+01
      vertex -3.334204e+02 -1.120763e+02 7.022794e+01
    endloop
  endfacet
  facet normal -6.158668e-02 -7.455726e-01 6.635726e-01
    outer loop
      vertex -3.334204e+02 1.120763e+02 7.022794e+01
      vertex -3.695606e+02 1.255127e+02 8.197058e+01
      vertex -3.334204e+02 7.471752e+01 2.825263e+01
    endloop
  endfacet
  facet normal 5.374721e-02 -7.072441e-01 7.049234e-01
    outer loop
      vertex -3.334204e+02 7.471752e+01 2.825263e+01
      vertex -3.695606e+02 1.255127e+02 8.197058e+01
      vertex -3.695606e+02 8.367515e+01 3.999527e+01
    endloop
  endfacet
  facet normal 2.061452e-01 -3.607110e-01 9.096108e-01
    outer loop
      vertex -3.334204e+02 7.471752e+01 2.825263e+01
      vertex -3.695606e+02 8.367515e+01 3.999527e+01
      vertex -3.334204e+02 3.735876e+01 1.343781e+01
    endloop
  endfacet
  facet normal 2.560837e-01 -3.226634e-01 9.112132e-01
    outer loop
      vertex -3.334204e+02 3.735876e+01 1.343781e+01
      vertex -3.695606e+02 8.367515e+01 3.999527e+01
      vertex -3.695606e+02 4.183758e+01 2.518046e+01
    endloop
  endfacet
  facet normal 2.988123e-01 -8.169379e-02 9.508088e-01
    outer loop
      vertex -3.334204e+02 3.735876e+01 1.343781e+01
      vertex -3.695606e+02 4.183758e+01 2.518046e+01
      vertex -3.334204e+02 4.083223e-14 1.022794e+01
    endloop
  endfacet
  facet normal 3.081976e-01 -7.277380e-02 9.485348e-01
    outer loop
      vertex -3.334204e+02 4.083223e-14 1.022794e+01
      vertex -3.695606e+02 4.183758e+01 2.518046e+01
      vertex -3.695606e+02 4.525812e-14 2.197058e+01
    endloop
  endfacet
  facet normal 3.079904e-01 8.144362e-02 9.478971e-01
    outer loop
      vertex -3.334204e+02 4.083223e-14 1.022794e+01
      vertex -3.695606e+02 4.525812e-14 2.197058e+01
      vertex -3.334204e+02 -3.735876e+01 1.343781e+01
    endloop
  endfacet
  facet normal 3.000016e-01 7.297394e-02 9.511434e-01
    outer loop
      vertex -3.334204e+02 -3.735876e+01 1.343781e+01
      vertex -3.695606e+02 4.525812e-14 2.197058e+01
      vertex -3.695606e+02 -4.183758e+01 2.518046e+01
    endloop
  endfacet
  facet normal 2.483242e-01 3.570820e-01 9.004596e-01
    outer loop
      vertex -3.334204e+02 -3.735876e+01 1.343781e+01
      vertex -3.695606e+02 -4.183758e+01 2.518046e+01
      vertex -3.334204e+02 -7.471752e+01 2.825263e+01
    endloop
  endfacet
  facet normal 2.181658e-01 3.257534e-01 9.199394e-01
    outer loop
      vertex -3.334204e+02 -7.471752e+01 2.825263e+01
      vertex -3.695606e+02 -4.183758e+01 2.518046e+01
      vertex -3.695606e+02 -8.367515e+01 3.999527e+01
    endloop
  endfacet
  facet normal 3.085539e-02 7.466349e-01 6.645181e-01
    outer loop
      vertex -3.334204e+02 -7.471752e+01 2.825263e+01
      vertex -3.695606e+02 -8.367515e+01 3.999527e+01
      vertex -3.334204e+02 -1.120763e+02 7.022794e+01
    endloop
  endfacet
  facet normal -3.393047e-02 7.078600e-01 7.055373e-01
    outer loop
      vertex -3.334204e+02 -1.120763e+02 7.022794e+01
      vertex -3.695606e+02 -8.367515e+01 3.999527e+01
      vertex -3.695606e+02 -1.255127e+02 8.197058e+01
    endloop
  endfacet
  facet normal 1.400407e-01 -7.012884e-01 6.989873e-01
    outer loop
      vertex -3.695606e+02 1.255127e+02 8.197058e+01
      vertex -4.057007e+02 1.300000e+02 9.371323e+01
      vertex -3.695606e+02 8.367515e+01 3.999527e+01
    endloop
  endfacet
  facet normal 1.731341e-01 -6.852550e-01 7.074250e-01
    outer loop
      vertex -3.695606e+02 8.367515e+01 3.999527e+01
      vertex -4.057007e+02 1.300000e+02 9.371323e+01
      vertex -4.057007e+02 8.666667e+01 5.173792e+01
    endloop
  endfacet
  facet normal 2.684277e-01 -3.215436e-01 9.080508e-01
    outer loop
      vertex -3.695606e+02 8.367515e+01 3.999527e+01
      vertex -4.057007e+02 8.666667e+01 5.173792e+01
      vertex -3.695606e+02 4.183758e+01 2.518046e+01
    endloop
  endfacet
  facet normal 2.821152e-01 -3.103569e-01 9.077938e-01
    outer loop
      vertex -3.695606e+02 4.183758e+01 2.518046e+01
      vertex -4.057007e+02 8.666667e+01 5.173792e+01
      vertex -4.057007e+02 4.333333e+01 3.692311e+01
    endloop
  endfacet
  facet normal 3.054680e-01 -7.284112e-02 9.494122e-01
    outer loop
      vertex -3.695606e+02 4.183758e+01 2.518046e+01
      vertex -4.057007e+02 4.333333e+01 3.692311e+01
      vertex -3.695606e+02 4.525812e-14 2.197058e+01
    endloop
  endfacet
  facet normal 3.082530e-01 -7.027446e-02 9.487052e-01
    outer loop
      vertex -3.695606e+02 4.525812e-14 2.197058e+01
      vertex -4.057007e+02 4.333333e+01 3.692311e+01
      vertex -4.057007e+02 4.968401e-14 3.371323e+01
    endloop
  endfacet
  facet normal 3.081976e-01 7.277380e-02 9.485348e-01
    outer loop
      vertex -3.695606e+02 4.525812e-14 2.197058e+01
      vertex -4.057007e+02 4.968401e-14 3.371323e+01
      vertex -3.695606e+02 -4.183758e+01 2.518046e+01
    endloop
  endfacet
  facet normal 3.056173e-01 7.033725e-02 9.495529e-01
    outer loop
      vertex -3.695606e+02 -4.183758e+01 2.518046e+01
      vertex -4.057007e+02 4.968401e-14 3.371323e+01
      vertex -4.057007e+02 -4.333333e+01 3.692311e+01
    endloop
  endfacet
  facet normal 2.807099e-01 3.203729e-01 9.047448e-01
    outer loop
      vertex -3.695606e+02 -4.183758e+01 2.518046e+01
      vertex -4.057007e+02 -4.333333e+01 3.692311e+01
      vertex -3.695606e+02 -8.367515e+01 3.999527e+01
    endloop
  endfacet
  facet normal 2.702289e-01 3.114618e-01 9.110257e-01
    outer loop
      vertex -3.695606e+02 -8.367515e+01 3.999527e+01
      vertex -4.057007e+02 -4.333333e+01 3.692311e+01
      vertex -4.057007e+02 -8.666667e+01 5.173792e+01
    endloop
  endfacet
  facet normal 1.683120e-01 6.981635e-01 6.958727e-01
    outer loop
      vertex -3.695606e+02 -8.367515e+01 3.999527e+01
      vertex -4.057007e+02 -8.666667e+01 5.173792e+01
      vertex -3.695606e+02 -1.255127e+02 8.197058e+01
    endloop
  endfacet
  facet normal 1.454301e-01 6.883652e-01 7.106359e-01
    outer loop
      vertex -3.695606e+02 -1.255127e+02 8.197058e+01
      vertex -4.057007e+02 -8.666667e+01 5.173792e+01
      vertex -4.057007e+02 -1.300000e+02 9.371323e+01
    endloop
  endfacet
  facet normal 3.045759e-01 -6.627052e-01 6.841457e-01
    outer loop
      vertex -4.057007e+02 1.300000e+02 9.371323e+01
      vertex -4.418409e+02 1.255127e+02 1.054559e+02
      vertex -4.057007e+02 8.666667e+01 5.173792e+01
    endloop
  endfacet
  facet normal 2.767531e-01 -6.806036e-01 6.783704e-01
    outer loop
      vertex -4.057007e+02 8.666667e+01 5.173792e+01
      vertex -4.418409e+02 1.255127e+02 1.054559e+02
      vertex -4.418409e+02 8.367515e+01 6.348057e+01
    endloop
  endfacet
  facet normal 3.169897e-01 -3.068141e-01 8.974311e-01
    outer loop
      vertex -4.057007e+02 8.666667e+01 5.173792e+01
      vertex -4.418409e+02 8.367515e+01 6.348057e+01
      vertex -4.057007e+02 4.333333e+01 3.692311e+01
    endloop
  endfacet
  facet normal 3.048615e-01 -3.179042e-01 8.977730e-01
    outer loop
      vertex -4.057007e+02 4.333333e+01 3.692311e+01
      vertex -4.418409e+02 8.367515e+01 6.348057e+01
      vertex -4.418409e+02 4.183758e+01 4.866575e+01
    endloop
  endfacet
  facet normal 3.108816e-01 -7.021124e-02 9.478518e-01
    outer loop
      vertex -4.057007e+02 4.333333e+01 3.692311e+01
      vertex -4.418409e+02 4.183758e+01 4.866575e+01
      vertex -4.057007e+02 4.968401e-14 3.371323e+01
    endloop
  endfacet
  facet normal 3.081976e-01 -7.277380e-02 9.485348e-01
    outer loop
      vertex -4.057007e+02 4.968401e-14 3.371323e+01
      vertex -4.418409e+02 4.183758e+01 4.866575e+01
      vertex -4.418409e+02 5.410990e-14 4.545587e+01
    endloop
  endfacet
  facet normal 3.082530e-01 7.027446e-02 9.487052e-01
    outer loop
      vertex -4.057007e+02 4.968401e-14 3.371323e+01
      vertex -4.418409e+02 5.410990e-14 4.545587e+01
      vertex -4.057007e+02 -4.333333e+01 3.692311e+01
    endloop
  endfacet
  facet normal 3.109197e-01 7.270601e-02 9.476512e-01
    outer loop
      vertex -4.057007e+02 -4.333333e+01 3.692311e+01
      vertex -4.418409e+02 5.410990e-14 4.545587e+01
      vertex -4.418409e+02 -4.183758e+01 4.866575e+01
    endloop
  endfacet
  facet normal 3.054988e-01 3.080315e-01 9.009922e-01
    outer loop
      vertex -4.057007e+02 -4.333333e+01 3.692311e+01
      vertex -4.418409e+02 -4.183758e+01 4.866575e+01
      vertex -4.057007e+02 -8.666667e+01 5.173792e+01
    endloop
  endfacet
  facet normal 3.167236e-01 3.166095e-01 8.941167e-01
    outer loop
      vertex -4.057007e+02 -8.666667e+01 5.173792e+01
      vertex -4.418409e+02 -4.183758e+01 4.866575e+01
      vertex -4.418409e+02 -8.367515e+01 6.348057e+01
    endloop
  endfacet
  facet normal 2.793859e-01 6.680562e-01 6.896698e-01
    outer loop
      vertex -4.057007e+02 -8.666667e+01 5.173792e+01
      vertex -4.418409e+02 -8.367515e+01 6.348057e+01
      vertex -4.057007e+02 -1.300000e+02 9.371323e+01
    endloop
  endfacet
  facet normal 3.024539e-01 6.750954e-01 6.728802e-01
    outer loop
      vertex -4.057007e+02 -1.300000e+02 9.371323e+01
      vertex -4.418409e+02 -8.367515e+01 6.348057e+01
      vertex -4.418409e+02 -1.255127e+02 1.054559e+02
    endloop
  endfacet
  facet normal 4.419674e-01 -6.353383e-01 6.332536e-01
    outer loop
      vertex -4.418409e+02 1.255127e+02 1.054559e+02
      vertex -4.779810e+02 1.120763e+02 1.171985e+02
      vertex -4.418409e+02 8.367515e+01 6.348057e+01
    endloop
  endfacet
  facet normal 3.723231e-01 -6.932843e-01 6.170352e-01
    outer loop
      vertex -4.418409e+02 8.367515e+01 6.348057e+01
      vertex -4.779810e+02 1.120763e+02 1.171985e+02
      vertex -4.779810e+02 7.471752e+01 7.522321e+01
    endloop
  endfacet
  facet normal 3.625507e-01 -3.110839e-01 8.785123e-01
    outer loop
      vertex -4.418409e+02 8.367515e+01 6.348057e+01
      vertex -4.779810e+02 7.471752e+01 7.522321e+01
      vertex -4.418409e+02 4.183758e+01 4.866575e+01
    endloop
  endfacet
  facet normal 3.284326e-01 -3.481798e-01 8.780107e-01
    outer loop
      vertex -4.418409e+02 4.183758e+01 4.866575e+01
      vertex -4.779810e+02 7.471752e+01 7.522321e+01
      vertex -4.779810e+02 3.735876e+01 6.040840e+01
    endloop
  endfacet
  facet normal 3.163256e-01 -7.256943e-02 9.458709e-01
    outer loop
      vertex -4.418409e+02 4.183758e+01 4.866575e+01
      vertex -4.779810e+02 3.735876e+01 6.040840e+01
      vertex -4.418409e+02 5.410990e-14 4.545587e+01
    endloop
  endfacet
  facet normal 3.079904e-01 -8.144362e-02 9.478971e-01
    outer loop
      vertex -4.418409e+02 5.410990e-14 4.545587e+01
      vertex -4.779810e+02 3.735876e+01 6.040840e+01
      vertex -4.779810e+02 5.853579e-14 5.719852e+01
    endloop
  endfacet
  facet normal 3.081976e-01 7.277380e-02 9.485348e-01
    outer loop
      vertex -4.418409e+02 5.410990e-14 4.545587e+01
      vertex -4.779810e+02 5.853579e-14 5.719852e+01
      vertex -4.418409e+02 -4.183758e+01 4.866575e+01
    endloop
  endfacet
  facet normal 3.170834e-01 8.118751e-02 9.449162e-01
    outer loop
      vertex -4.418409e+02 -4.183758e+01 4.866575e+01
      vertex -4.779810e+02 5.853579e-14 5.719852e+01
      vertex -4.779810e+02 -3.735876e+01 6.040840e+01
    endloop
  endfacet
  facet normal 3.283731e-01 3.152844e-01 8.903746e-01
    outer loop
      vertex -4.418409e+02 -4.183758e+01 4.866575e+01
      vertex -4.779810e+02 -3.735876e+01 6.040840e+01
      vertex -4.418409e+02 -8.367515e+01 6.348057e+01
    endloop
  endfacet
  facet normal 3.660944e-01 3.430376e-01 8.650434e-01
    outer loop
      vertex -4.418409e+02 -8.367515e+01 6.348057e+01
      vertex -4.779810e+02 -3.735876e+01 6.040840e+01
      vertex -4.779810e+02 -7.471752e+01 7.522321e+01
    endloop
  endfacet
  facet normal 3.753227e-01 6.564893e-01 6.543352e-01
    outer loop
      vertex -4.418409e+02 -8.367515e+01 6.348057e+01
      vertex -4.779810e+02 -7.471752e+01 7.522321e+01
      vertex -4.418409e+02 -1.255127e+02 1.054559e+02
    endloop
  endfacet
  facet normal 4.427172e-01 6.697975e-01 5.961315e-01
    outer loop
      vertex -4.418409e+02 -1.255127e+02 1.054559e+02
      vertex -4.779810e+02 -7.471752e+01 7.522321e+01
      vertex -4.779810e+02 -1.120763e+02 1.171985e+02
    endloop
  endfacet
  facet normal 5.624282e-01 -6.176462e-01 5.497159e-01
    outer loop
      vertex -4.779810e+02 1.120763e+02 1.171985e+02
      vertex -5.141212e+02 8.961824e+01 1.289412e+02
      vertex -4.779810e+02 7.471752e+01 7.522321e+01
    endloop
  endfacet
  facet normal 4.654755e-01 -7.210931e-01 5.131834e-01
    outer loop
      vertex -4.779810e+02 7.471752e+01 7.522321e+01
      vertex -5.141212e+02 8.961824e+01 1.289412e+02
      vertex -5.141212e+02 5.974550e+01 8.696586e+01
    endloop
  endfacet
  facet normal 4.139588e-01 -3.355610e-01 8.461896e-01
    outer loop
      vertex -4.779810e+02 7.471752e+01 7.522321e+01
      vertex -5.141212e+02 5.974550e+01 8.696586e+01
      vertex -4.779810e+02 3.735876e+01 6.040840e+01
    endloop
  endfacet
  facet normal 3.577621e-01 -4.148881e-01 8.365848e-01
    outer loop
      vertex -4.779810e+02 3.735876e+01 6.040840e+01
      vertex -5.141212e+02 5.974550e+01 8.696586e+01
      vertex -5.141212e+02 2.987275e+01 7.215104e+01
    endloop
  endfacet
  facet normal 3.231401e-01 -8.101231e-02 9.428772e-01
    outer loop
      vertex -4.779810e+02 3.735876e+01 6.040840e+01
      vertex -5.141212e+02 2.987275e+01 7.215104e+01
      vertex -4.779810e+02 5.853579e-14 5.719852e+01
    endloop
  endfacet
  facet normal 3.074159e-01 -1.016631e-01 9.461290e-01
    outer loop
      vertex -4.779810e+02 5.853579e-14 5.719852e+01
      vertex -5.141212e+02 2.987275e+01 7.215104e+01
      vertex -5.141212e+02 6.296169e-14 6.894117e+01
    endloop
  endfacet
  facet normal 3.079904e-01 8.144362e-02 9.478971e-01
    outer loop
      vertex -4.779810e+02 5.853579e-14 5.719852e+01
      vertex -5.141212e+02 6.296169e-14 6.894117e+01
      vertex -4.779810e+02 -3.735876e+01 6.040840e+01
    endloop
  endfacet
  facet normal 3.262969e-01 1.009892e-01 9.398572e-01
    outer loop
      vertex -4.779810e+02 -3.735876e+01 6.040840e+01
      vertex -5.141212e+02 6.296169e-14 6.894117e+01
      vertex -5.141212e+02 -2.987275e+01 7.215104e+01
    endloop
  endfacet
  facet normal 3.539056e-01 3.447714e-01 8.694156e-01
    outer loop
      vertex -4.779810e+02 -3.735876e+01 6.040840e+01
      vertex -5.141212e+02 -2.987275e+01 7.215104e+01
      vertex -4.779810e+02 -7.471752e+01 7.522321e+01
    endloop
  endfacet
  facet normal 4.291676e-01 4.012981e-01 8.091817e-01
    outer loop
      vertex -4.779810e+02 -7.471752e+01 7.522321e+01
      vertex -5.141212e+02 -2.987275e+01 7.215104e+01
      vertex -5.141212e+02 -5.974550e+01 8.696586e+01
    endloop
  endfacet
  facet normal 4.651661e-01 6.612535e-01 5.885272e-01
    outer loop
      vertex -4.779810e+02 -7.471752e+01 7.522321e+01
      vertex -5.141212e+02 -5.974550e+01 8.696586e+01
      vertex -4.779810e+02 -1.120763e+02 1.171985e+02
    endloop
  endfacet
  facet normal 5.705311e-01 6.691252e-01 4.761992e-01
    outer loop
      vertex -4.779810e+02 -1.120763e+02 1.171985e+02
      vertex -5.141212e+02 -5.974550e+01 8.696586e+01
      vertex -5.141212e+02 -8.961824e+01 1.289412e+02
    endloop
  endfacet
  facet normal 6.772996e-01 -5.994091e-01 4.265840e-01
    outer loop
      vertex -5.141212e+02 8.961824e+01 1.289412e+02
      vertex -5.502613e+02 5.713879e+01 1.406838e+02
      vertex -5.141212e+02 5.974550e+01 8.696586e+01
    endloop
  endfacet
  facet normal 5.622292e-01 -7.530819e-01 3.417103e-01
    outer loop
      vertex -5.141212e+02 5.974550e+01 8.696586e+01
      vertex -5.502613e+02 5.713879e+01 1.406838e+02
      vertex -5.502613e+02 3.809252e+01 9.870850e+01
    endloop
  endfacet
  facet normal 4.867960e-01 -3.880985e-01 7.825658e-01
    outer loop
      vertex -5.141212e+02 5.974550e+01 8.696586e+01
      vertex -5.502613e+02 3.809252e+01 9.870850e+01
      vertex -5.141212e+02 2.987275e+01 7.215104e+01
    endloop
  endfacet
  facet normal 4.030416e-01 -5.618921e-01 7.223813e-01
    outer loop
      vertex -5.141212e+02 2.987275e+01 7.215104e+01
      vertex -5.502613e+02 3.809252e+01 9.870850e+01
      vertex -5.502613e+02 1.904626e+01 8.389369e+01
    endloop
  endfacet
  facet normal 3.345993e-01 -1.006787e-01 9.369670e-01
    outer loop
      vertex -5.141212e+02 2.987275e+01 7.215104e+01
      vertex -5.502613e+02 1.904626e+01 8.389369e+01
      vertex -5.141212e+02 6.296169e-14 6.894117e+01
    endloop
  endfacet
  facet normal 3.051225e-01 -1.582620e-01 9.390705e-01
    outer loop
      vertex -5.141212e+02 6.296169e-14 6.894117e+01
      vertex -5.502613e+02 1.904626e+01 8.389369e+01
      vertex -5.502613e+02 6.738758e-14 8.068381e+01
    endloop
  endfacet
  facet normal 3.074159e-01 1.016631e-01 9.461290e-01
    outer loop
      vertex -5.141212e+02 6.296169e-14 6.894117e+01
      vertex -5.502613e+02 6.738758e-14 8.068381e+01
      vertex -5.141212e+02 -2.987275e+01 7.215104e+01
    endloop
  endfacet
  facet normal 3.471623e-01 1.558510e-01 9.247642e-01
    outer loop
      vertex -5.141212e+02 -2.987275e+01 7.215104e+01
      vertex -5.502613e+02 6.738758e-14 8.068381e+01
      vertex -5.502613e+02 -1.904626e+01 8.389369e+01
    endloop
  endfacet
  facet normal 3.905062e-01 4.090179e-01 8.247480e-01
    outer loop
      vertex -5.141212e+02 -2.987275e+01 7.215104e+01
      vertex -5.502613e+02 -1.904626e+01 8.389369e+01
      vertex -5.141212e+02 -5.974550e+01 8.696586e+01
    endloop
  endfacet
  facet normal 5.295849e-01 5.208025e-01 6.695555e-01
    outer loop
      vertex -5.141212e+02 -5.974550e+01 8.696586e+01
      vertex -5.502613e+02 -1.904626e+01 8.389369e+01
      vertex -5.502613e+02 -3.809252e+01 9.870850e+01
    endloop
  endfacet
  facet normal 5.603484e-01 6.748129e-01 4.802470e-01
    outer loop
      vertex -5.141212e+02 -5.974550e+01 8.696586e+01
      vertex -5.502613e+02 -3.809252e+01 9.870850e+01
      vertex -5.141212e+02 -8.961824e+01 1.289412e+02
    endloop
  endfacet
  facet normal 6.897599e-01 6.593377e-01 2.991739e-01
    outer loop
      vertex -5.141212e+02 -8.961824e+01 1.289412e+02
      vertex -5.502613e+02 -3.809252e+01 9.870850e+01
      vertex -5.502613e+02 -5.713879e+01 1.406838e+02
    endloop
  endfacet
  facet normal 8.440601e-01 -4.883291e-01 2.215789e-01
    outer loop
      vertex -5.502613e+02 5.713879e+01 1.406838e+02
      vertex -5.864015e+02 9.453311e-10 1.524265e+02
      vertex -5.502613e+02 3.809252e+01 9.870850e+01
    endloop
  endfacet
  facet normal 7.254534e-01 -6.882713e-01 5.166515e-12
    outer loop
      vertex -5.502613e+02 3.809252e+01 9.870850e+01
      vertex -5.864015e+02 9.453311e-10 1.524265e+02
      vertex -5.864015e+02 6.302447e-10 1.104511e+02
    endloop
  endfacet
  facet normal 6.704412e-01 -4.555412e-01 5.856541e-01
    outer loop
      vertex -5.502613e+02 3.809252e+01 9.870850e+01
      vertex -5.864015e+02 6.302447e-10 1.104511e+02
      vertex -5.502613e+02 1.904626e+01 8.389369e+01
    endloop
  endfacet
  facet normal 4.662281e-01 -8.846645e-01 1.881544e-11
    outer loop
      vertex -5.502613e+02 1.904626e+01 8.389369e+01
      vertex -5.864015e+02 6.302447e-10 1.104511e+02
      vertex -5.864015e+02 3.151582e-10 9.563633e+01
    endloop
  endfacet
  facet normal 3.777546e-01 -1.538735e-01 9.130303e-01
    outer loop
      vertex -5.502613e+02 1.904626e+01 8.389369e+01
      vertex -5.864015e+02 3.151582e-10 9.563633e+01
      vertex -5.502613e+02 6.738758e-14 8.068381e+01
    endloop
  endfacet
  facet normal 3.189450e-11 -1.000000e+00 9.816154e-11
    outer loop
      vertex -5.502613e+02 6.738758e-14 8.068381e+01
      vertex -5.864015e+02 3.151582e-10 9.563633e+01
      vertex -5.864015e+02 7.181347e-14 9.242646e+01
    endloop
  endfacet
  facet normal 3.051225e-01 1.582620e-01 9.390705e-01
    outer loop
      vertex -5.502613e+02 6.738758e-14 8.068381e+01
      vertex -5.864015e+02 7.181347e-14 9.242646e+01
      vertex -5.502613e+02 -1.904626e+01 8.389369e+01
    endloop
  endfacet
  facet normal 4.662281e-01 8.846645e-01 8.684048e-11
    outer loop
      vertex -5.502613e+02 -1.904626e+01 8.389369e+01
      vertex -5.864015e+02 7.181347e-14 9.242646e+01
      vertex -5.864015e+02 -3.150146e-10 9.563633e+01
    endloop
  endfacet
  facet normal 5.017421e-01 5.310928e-01 6.827849e-01
    outer loop
      vertex -5.502613e+02 -1.904626e+01 8.389369e+01
      vertex -5.864015e+02 -3.150146e-10 9.563633e+01
      vertex -5.502613e+02 -3.809252e+01 9.870850e+01
    endloop
  endfacet
  facet normal 7.254534e-01 6.882713e-01 1.463875e-11
    outer loop
      vertex -5.502613e+02 -3.809252e+01 9.870850e+01
      vertex -5.864015e+02 -3.150146e-10 9.563633e+01
      vertex -5.864015e+02 -6.301010e-10 1.104511e+02
    endloop
  endfacet
  facet normal 7.381338e-01 6.143669e-01 2.787685e-01
    outer loop
      vertex -5.502613e+02 -3.809252e+01 9.870850e+01
      vertex -5.864015e+02 -6.301010e-10 1.104511e+02
      vertex -5.502613e+02 -5.713879e+01 1.406838e+02
    endloop
  endfacet
  facet normal 8.451382e-01 5.345479e-01 4.012589e-12
    outer loop
      vertex -5.502613e+02 -5.713879e+01 1.406838e+02
      vertex -5.864015e+02 -6.301010e-10 1.104511e+02
      vertex -5.864015e+02 -9.451875e-10 1.524265e+02
    endloop
  endfacet
  facet normal 3.009895e-01 -9.219770e-01 2.436467e-01
    outer loop
      vertex -1.841867e+02 -1.340113e+02 3.500000e+01
      vertex -2.250572e+02 -1.442507e+02 4.674265e+01
      vertex -1.758242e+02 -1.423739e+02 -6.975309e+00
    endloop
  endfacet
  facet normal 4.693681e-01 -7.858158e-01 4.027247e-01
    outer loop
      vertex -1.758242e+02 -1.423739e+02 -6.975309e+00
      vertex -2.250572e+02 -1.442507e+02 4.674265e+01
      vertex -2.115895e+02 -1.577185e+02 4.767337e+00
    endloop
  endfacet
  facet normal 4.723356e-01 -6.263310e-01 6.201682e-01
    outer loop
      vertex -1.758242e+02 -1.423739e+02 -6.975309e+00
      vertex -2.115895e+02 -1.577185e+02 4.767337e+00
      vertex -1.674616e+02 -1.507365e+02 -2.179012e+01
    endloop
  endfacet
  facet normal 5.240911e-01 -3.365195e-01 7.823574e-01
    outer loop
      vertex -1.674616e+02 -1.507365e+02 -2.179012e+01
      vertex -2.115895e+02 -1.577185e+02 4.767337e+00
      vertex -1.981217e+02 -1.711862e+02 -1.004748e+01
    endloop
  endfacet
  facet normal 3.579349e-01 -4.729191e-04 9.337464e-01
    outer loop
      vertex -1.674616e+02 -1.507365e+02 -2.179012e+01
      vertex -1.981217e+02 -1.711862e+02 -1.004748e+01
      vertex -1.590990e+02 -1.590990e+02 -2.500000e+01
    endloop
  endfacet
  facet normal 3.276624e-01 1.038460e-01 9.390705e-01
    outer loop
      vertex -1.590990e+02 -1.590990e+02 -2.500000e+01
      vertex -1.981217e+02 -1.711862e+02 -1.004748e+01
      vertex -1.846540e+02 -1.846540e+02 -1.325735e+01
    endloop
  endfacet
  facet normal 3.483996e-02 3.883060e-01 9.208717e-01
    outer loop
      vertex -1.590990e+02 -1.590990e+02 -2.500000e+01
      vertex -1.846540e+02 -1.846540e+02 -1.325735e+01
      vertex -1.507365e+02 -1.674616e+02 -2.179012e+01
    endloop
  endfacet
  facet normal 8.224565e-02 3.081378e-01 9.477799e-01
    outer loop
      vertex -1.507365e+02 -1.674616e+02 -2.179012e+01
      vertex -1.846540e+02 -1.846540e+02 -1.325735e+01
      vertex -1.711862e+02 -1.981217e+02 -1.004748e+01
    endloop
  endfacet
  facet normal -5.191166e-01 5.849248e-01 6.232022e-01
    outer loop
      vertex -1.507365e+02 -1.674616e+02 -2.179012e+01
      vertex -1.711862e+02 -1.981217e+02 -1.004748e+01
      vertex -1.423739e+02 -1.758242e+02 -6.975309e+00
    endloop
  endfacet
  facet normal -4.262218e-01 4.420058e-01 7.892819e-01
    outer loop
      vertex -1.423739e+02 -1.758242e+02 -6.975309e+00
      vertex -1.711862e+02 -1.981217e+02 -1.004748e+01
      vertex -1.577185e+02 -2.115895e+02 4.767337e+00
    endloop
  endfacet
  facet normal -8.535187e-01 4.515566e-01 2.600049e-01
    outer loop
      vertex -1.423739e+02 -1.758242e+02 -6.975309e+00
      vertex -1.577185e+02 -2.115895e+02 4.767337e+00
      vertex -1.340113e+02 -1.841867e+02 3.500000e+01
    endloop
  endfacet
  facet normal -8.645578e-01 3.263876e-01 3.821138e-01
    outer loop
      vertex -1.340113e+02 -1.841867e+02 3.500000e+01
      vertex -1.577185e+02 -2.115895e+02 4.767337e+00
      vertex -1.442507e+02 -2.250572e+02 4.674265e+01
    endloop
  endfacet
  facet normal 1.321837e-01 -9.307128e-01 3.410294e-01
    outer loop
      vertex -2.250572e+02 -1.442507e+02 4.674265e+01
      vertex -2.735786e+02 -1.468392e+02 5.848529e+01
      vertex -2.115895e+02 -1.577185e+02 4.767337e+00
    endloop
  endfacet
  facet normal 3.488229e-01 -7.548760e-01 5.554141e-01
    outer loop
      vertex -2.115895e+02 -1.577185e+02 4.767337e+00
      vertex -2.735786e+02 -1.468392e+02 5.848529e+01
      vertex -2.524554e+02 -1.679625e+02 1.650998e+01
    endloop
  endfacet
  facet normal 3.531971e-01 -5.097482e-01 7.844798e-01
    outer loop
      vertex -2.115895e+02 -1.577185e+02 4.767337e+00
      vertex -2.524554e+02 -1.679625e+02 1.650998e+01
      vertex -1.981217e+02 -1.711862e+02 -1.004748e+01
    endloop
  endfacet
  facet normal 4.206633e-01 -1.999662e-01 8.849045e-01
    outer loop
      vertex -1.981217e+02 -1.711862e+02 -1.004748e+01
      vertex -2.524554e+02 -1.679625e+02 1.650998e+01
      vertex -2.313321e+02 -1.890857e+02 1.695168e+00
    endloop
  endfacet
  facet normal 2.981428e-01 7.127920e-02 9.518561e-01
    outer loop
      vertex -1.981217e+02 -1.711862e+02 -1.004748e+01
      vertex -2.313321e+02 -1.890857e+02 1.695168e+00
      vertex -1.846540e+02 -1.846540e+02 -1.325735e+01
    endloop
  endfacet
  facet normal 2.892626e-01 1.454892e-01 9.461290e-01
    outer loop
      vertex -1.846540e+02 -1.846540e+02 -1.325735e+01
      vertex -2.313321e+02 -1.890857e+02 1.695168e+00
      vertex -2.102089e+02 -2.102089e+02 -1.514708e+00
    endloop
  endfacet
  facet normal 1.038460e-01 3.276624e-01 9.390705e-01
    outer loop
      vertex -1.846540e+02 -1.846540e+02 -1.325735e+01
      vertex -2.102089e+02 -2.102089e+02 -1.514708e+00
      vertex -1.711862e+02 -1.981217e+02 -1.004748e+01
    endloop
  endfacet
  facet normal 1.250721e-01 2.701422e-01 9.546623e-01
    outer loop
      vertex -1.711862e+02 -1.981217e+02 -1.004748e+01
      vertex -2.102089e+02 -2.102089e+02 -1.514708e+00
      vertex -1.890857e+02 -2.313321e+02 1.695168e+00
    endloop
  endfacet
  facet normal -3.818417e-01 4.841643e-01 7.872622e-01
    outer loop
      vertex -1.711862e+02 -1.981217e+02 -1.004748e+01
      vertex -1.890857e+02 -2.313321e+02 1.695168e+00
      vertex -1.577185e+02 -2.115895e+02 4.767337e+00
    endloop
  endfacet
  facet normal -2.964686e-01 3.316645e-01 8.956032e-01
    outer loop
      vertex -1.577185e+02 -2.115895e+02 4.767337e+00
      vertex -1.890857e+02 -2.313321e+02 1.695168e+00
      vertex -1.679625e+02 -2.524554e+02 1.650998e+01
    endloop
  endfacet
  facet normal -8.645011e-01 3.265121e-01 3.821356e-01
    outer loop
      vertex -1.577185e+02 -2.115895e+02 4.767337e+00
      vertex -1.679625e+02 -2.524554e+02 1.650998e+01
      vertex -1.442507e+02 -2.250572e+02 4.674265e+01
    endloop
  endfacet
  facet normal -8.439247e-01 1.682961e-01 5.093796e-01
    outer loop
      vertex -1.442507e+02 -2.250572e+02 4.674265e+01
      vertex -1.679625e+02 -2.524554e+02 1.650998e+01
      vertex -1.468392e+02 -2.735786e+02 5.848529e+01
    endloop
  endfacet
  facet normal 3.348124e-01 -7.632539e-01 5.525796e-01
    outer loop
      vertex -2.735786e+02 -1.468392e+02 5.848529e+01
      vertex -3.150138e+02 -1.565140e+02 7.022794e+01
      vertex -2.524554e+02 -1.679625e+02 1.650998e+01
    endloop
  endfacet
  facet normal 4.601235e-01 -5.916986e-01 6.619510e-01
    outer loop
      vertex -2.524554e+02 -1.679625e+02 1.650998e+01
      vertex -3.150138e+02 -1.565140e+02 7.022794e+01
      vertex -2.885971e+02 -1.829306e+02 2.825263e+01
    endloop
  endfacet
  facet normal 3.876304e-01 -2.371291e-01 8.907931e-01
    outer loop
      vertex -2.524554e+02 -1.679625e+02 1.650998e+01
      vertex -2.885971e+02 -1.829306e+02 2.825263e+01
      vertex -2.313321e+02 -1.890857e+02 1.695168e+00
    endloop
  endfacet
  facet normal 4.099305e-01 -9.859971e-02 9.067718e-01
    outer loop
      vertex -2.313321e+02 -1.890857e+02 1.695168e+00
      vertex -2.885971e+02 -1.829306e+02 2.825263e+01
      vertex -2.621805e+02 -2.093472e+02 1.343781e+01
    endloop
  endfacet
  facet normal 2.761037e-01 1.314229e-01 9.521002e-01
    outer loop
      vertex -2.313321e+02 -1.890857e+02 1.695168e+00
      vertex -2.621805e+02 -2.093472e+02 1.343781e+01
      vertex -2.102089e+02 -2.102089e+02 -1.514708e+00
    endloop
  endfacet
  facet normal 2.753715e-01 1.601928e-01 9.478971e-01
    outer loop
      vertex -2.102089e+02 -2.102089e+02 -1.514708e+00
      vertex -2.621805e+02 -2.093472e+02 1.343781e+01
      vertex -2.357639e+02 -2.357639e+02 1.022794e+01
    endloop
  endfacet
  facet normal 1.454892e-01 2.892626e-01 9.461290e-01
    outer loop
      vertex -2.102089e+02 -2.102089e+02 -1.514708e+00
      vertex -2.357639e+02 -2.357639e+02 1.022794e+01
      vertex -1.890857e+02 -2.313321e+02 1.695168e+00
    endloop
  endfacet
  facet normal 1.490188e-01 2.647840e-01 9.527239e-01
    outer loop
      vertex -1.890857e+02 -2.313321e+02 1.695168e+00
      vertex -2.357639e+02 -2.357639e+02 1.022794e+01
      vertex -2.093472e+02 -2.621805e+02 1.343781e+01
    endloop
  endfacet
  facet normal -1.700713e-01 4.461660e-01 8.786419e-01
    outer loop
      vertex -1.890857e+02 -2.313321e+02 1.695168e+00
      vertex -2.093472e+02 -2.621805e+02 1.343781e+01
      vertex -1.679625e+02 -2.524554e+02 1.650998e+01
    endloop
  endfacet
  facet normal -1.533716e-01 3.622313e-01 9.193833e-01
    outer loop
      vertex -1.679625e+02 -2.524554e+02 1.650998e+01
      vertex -2.093472e+02 -2.621805e+02 1.343781e+01
      vertex -1.829306e+02 -2.885971e+02 2.825263e+01
    endloop
  endfacet
  facet normal -6.741030e-01 4.655087e-01 5.734865e-01
    outer loop
      vertex -1.679625e+02 -2.524554e+02 1.650998e+01
      vertex -1.829306e+02 -2.885971e+02 2.825263e+01
      vertex -1.468392e+02 -2.735786e+02 5.848529e+01
    endloop
  endfacet
  facet normal -6.829693e-01 3.423324e-01 6.452607e-01
    outer loop
      vertex -1.468392e+02 -2.735786e+02 5.848529e+01
      vertex -1.829306e+02 -2.885971e+02 2.825263e+01
      vertex -1.565140e+02 -3.150138e+02 7.022794e+01
    endloop
  endfacet
  facet normal 4.836511e-01 -5.707478e-01 6.635726e-01
    outer loop
      vertex -3.150138e+02 -1.565140e+02 7.022794e+01
      vertex -3.500697e+02 -1.725679e+02 8.197058e+01
      vertex -2.885971e+02 -1.829306e+02 2.825263e+01
    endloop
  endfacet
  facet normal 5.381021e-01 -4.620921e-01 7.049234e-01
    outer loop
      vertex -2.885971e+02 -1.829306e+02 2.825263e+01
      vertex -3.500697e+02 -1.725679e+02 8.197058e+01
      vertex -3.204861e+02 -2.021515e+02 3.999527e+01
    endloop
  endfacet
  facet normal 4.008279e-01 -1.092945e-01 9.096108e-01
    outer loop
      vertex -2.885971e+02 -1.829306e+02 2.825263e+01
      vertex -3.204861e+02 -2.021515e+02 3.999527e+01
      vertex -2.621805e+02 -2.093472e+02 1.343781e+01
    endloop
  endfacet
  facet normal 4.092360e-01 -4.707894e-02 9.112132e-01
    outer loop
      vertex -2.621805e+02 -2.093472e+02 1.343781e+01
      vertex -3.204861e+02 -2.021515e+02 3.999527e+01
      vertex -2.909024e+02 -2.317352e+02 2.518046e+01
    endloop
  endfacet
  facet normal 2.690584e-01 1.535259e-01 9.508088e-01
    outer loop
      vertex -2.621805e+02 -2.093472e+02 1.343781e+01
      vertex -2.909024e+02 -2.317352e+02 2.518046e+01
      vertex -2.357639e+02 -2.357639e+02 1.022794e+01
    endloop
  endfacet
  facet normal 2.693875e-01 1.664698e-01 9.485348e-01
    outer loop
      vertex -2.357639e+02 -2.357639e+02 1.022794e+01
      vertex -2.909024e+02 -2.317352e+02 2.518046e+01
      vertex -2.613188e+02 -2.613188e+02 2.197058e+01
    endloop
  endfacet
  facet normal 1.601928e-01 2.753715e-01 9.478971e-01
    outer loop
      vertex -2.357639e+02 -2.357639e+02 1.022794e+01
      vertex -2.613188e+02 -2.613188e+02 2.197058e+01
      vertex -2.093472e+02 -2.621805e+02 1.343781e+01
    endloop
  endfacet
  facet normal 1.605328e-01 2.637336e-01 9.511434e-01
    outer loop
      vertex -2.093472e+02 -2.621805e+02 1.343781e+01
      vertex -2.613188e+02 -2.613188e+02 2.197058e+01
      vertex -2.317352e+02 -2.909024e+02 2.518046e+01
    endloop
  endfacet
  facet normal -7.690342e-02 4.280869e-01 9.004596e-01
    outer loop
      vertex -2.093472e+02 -2.621805e+02 1.343781e+01
      vertex -2.317352e+02 -2.909024e+02 2.518046e+01
      vertex -1.829306e+02 -2.885971e+02 2.825263e+01
    endloop
  endfacet
  facet normal -7.607593e-02 3.846089e-01 9.199394e-01
    outer loop
      vertex -1.829306e+02 -2.885971e+02 2.825263e+01
      vertex -2.317352e+02 -2.909024e+02 2.518046e+01
      vertex -2.021515e+02 -3.204861e+02 3.999527e+01
    endloop
  endfacet
  facet normal -5.061325e-01 5.497686e-01 6.645181e-01
    outer loop
      vertex -1.829306e+02 -2.885971e+02 2.825263e+01
      vertex -2.021515e+02 -3.204861e+02 3.999527e+01
      vertex -1.565140e+02 -3.150138e+02 7.022794e+01
    endloop
  endfacet
  facet normal -5.245251e-01 4.765401e-01 7.055373e-01
    outer loop
      vertex -1.565140e+02 -3.150138e+02 7.022794e+01
      vertex -2.021515e+02 -3.204861e+02 3.999527e+01
      vertex -1.725679e+02 -3.500697e+02 8.197058e+01
    endloop
  endfacet
  facet normal 5.949095e-01 -3.968621e-01 6.989873e-01
    outer loop
      vertex -3.500697e+02 -1.725679e+02 8.197058e+01
      vertex -3.787976e+02 -1.949499e+02 9.371323e+01
      vertex -3.204861e+02 -2.021515e+02 3.999527e+01
    endloop
  endfacet
  facet normal 6.069728e-01 -3.621242e-01 7.074250e-01
    outer loop
      vertex -3.204861e+02 -2.021515e+02 3.999527e+01
      vertex -3.787976e+02 -1.949499e+02 9.371323e+01
      vertex -3.481563e+02 -2.255912e+02 5.173792e+01
    endloop
  endfacet
  facet normal 4.171727e-01 -3.755859e-02 9.080508e-01
    outer loop
      vertex -3.204861e+02 -2.021515e+02 3.999527e+01
      vertex -3.481563e+02 -2.255912e+02 5.173792e+01
      vertex -2.909024e+02 -2.317352e+02 2.518046e+01
    endloop
  endfacet
  facet normal 4.189410e-01 -1.996991e-02 9.077938e-01
    outer loop
      vertex -2.909024e+02 -2.317352e+02 2.518046e+01
      vertex -3.481563e+02 -2.255912e+02 5.173792e+01
      vertex -3.175150e+02 -2.562324e+02 3.692311e+01
    endloop
  endfacet
  facet normal 2.675049e-01 1.644920e-01 9.494122e-01
    outer loop
      vertex -2.909024e+02 -2.317352e+02 2.518046e+01
      vertex -3.175150e+02 -2.562324e+02 3.692311e+01
      vertex -2.613188e+02 -2.613188e+02 2.197058e+01
    endloop
  endfacet
  facet normal 2.676593e-01 1.682762e-01 9.487052e-01
    outer loop
      vertex -2.613188e+02 -2.613188e+02 2.197058e+01
      vertex -3.175150e+02 -2.562324e+02 3.692311e+01
      vertex -2.868737e+02 -2.868737e+02 3.371323e+01
    endloop
  endfacet
  facet normal 1.664698e-01 2.693875e-01 9.485348e-01
    outer loop
      vertex -2.613188e+02 -2.613188e+02 2.197058e+01
      vertex -2.868737e+02 -2.868737e+02 3.371323e+01
      vertex -2.317352e+02 -2.909024e+02 2.518046e+01
    endloop
  endfacet
  facet normal 1.663681e-01 2.658400e-01 9.495529e-01
    outer loop
      vertex -2.317352e+02 -2.909024e+02 2.518046e+01
      vertex -2.868737e+02 -2.868737e+02 3.371323e+01
      vertex -2.562324e+02 -3.175150e+02 3.692311e+01
    endloop
  endfacet
  facet normal -2.804598e-02 4.250297e-01 9.047448e-01
    outer loop
      vertex -2.317352e+02 -2.909024e+02 2.518046e+01
      vertex -2.562324e+02 -3.175150e+02 3.692311e+01
      vertex -2.021515e+02 -3.204861e+02 3.999527e+01
    endloop
  endfacet
  facet normal -2.915609e-02 4.113174e-01 9.110257e-01
    outer loop
      vertex -2.021515e+02 -3.204861e+02 3.999527e+01
      vertex -2.562324e+02 -3.175150e+02 3.692311e+01
      vertex -2.255912e+02 -3.481563e+02 5.173792e+01
    endloop
  endfacet
  facet normal -3.746616e-01 6.126907e-01 6.958727e-01
    outer loop
      vertex -2.021515e+02 -3.204861e+02 3.999527e+01
      vertex -2.255912e+02 -3.481563e+02 5.173792e+01
      vertex -1.725679e+02 -3.500697e+02 8.197058e+01
    endloop
  endfacet
  facet normal -3.839131e-01 5.895824e-01 7.106359e-01
    outer loop
      vertex -1.725679e+02 -3.500697e+02 8.197058e+01
      vertex -2.255912e+02 -3.481563e+02 5.173792e+01
      vertex -1.949499e+02 -3.787976e+02 9.371323e+01
    endloop
  endfacet
  facet normal 6.839710e-01 -2.532357e-01 6.841457e-01
    outer loop
      vertex -3.787976e+02 -1.949499e+02 9.371323e+01
      vertex -4.011796e+02 -2.236778e+02 1.054559e+02
      vertex -3.481563e+02 -2.255912e+02 5.173792e+01
    endloop
  endfacet
  facet normal 6.769534e-01 -2.855655e-01 6.783704e-01
    outer loop
      vertex -3.481563e+02 -2.255912e+02 5.173792e+01
      vertex -4.011796e+02 -2.236778e+02 1.054559e+02
      vertex -3.715960e+02 -2.532614e+02 6.348057e+01
    endloop
  endfacet
  facet normal 4.410959e-01 7.195252e-03 8.974311e-01
    outer loop
      vertex -3.481563e+02 -2.255912e+02 5.173792e+01
      vertex -3.715960e+02 -2.532614e+02 6.348057e+01
      vertex -3.175150e+02 -2.562324e+02 3.692311e+01
    endloop
  endfacet
  facet normal 4.403618e-01 -9.222611e-03 8.977730e-01
    outer loop
      vertex -3.175150e+02 -2.562324e+02 3.692311e+01
      vertex -3.715960e+02 -2.532614e+02 6.348057e+01
      vertex -3.420123e+02 -2.828451e+02 4.866575e+01
    endloop
  endfacet
  facet normal 2.694733e-01 1.701796e-01 9.478518e-01
    outer loop
      vertex -3.175150e+02 -2.562324e+02 3.692311e+01
      vertex -3.420123e+02 -2.828451e+02 4.866575e+01
      vertex -2.868737e+02 -2.868737e+02 3.371323e+01
    endloop
  endfacet
  facet normal 2.693875e-01 1.664698e-01 9.485348e-01
    outer loop
      vertex -2.868737e+02 -2.868737e+02 3.371323e+01
      vertex -3.420123e+02 -2.828451e+02 4.866575e+01
      vertex -3.124287e+02 -3.124287e+02 4.545587e+01
    endloop
  endfacet
  facet normal 1.682762e-01 2.676593e-01 9.487052e-01
    outer loop
      vertex -2.868737e+02 -2.868737e+02 3.371323e+01
      vertex -3.124287e+02 -3.124287e+02 4.545587e+01
      vertex -2.562324e+02 -3.175150e+02 3.692311e+01
    endloop
  endfacet
  facet normal 1.684425e-01 2.712643e-01 9.476512e-01
    outer loop
      vertex -2.562324e+02 -3.175150e+02 3.692311e+01
      vertex -3.124287e+02 -3.124287e+02 4.545587e+01
      vertex -2.828451e+02 -3.420123e+02 4.866575e+01
    endloop
  endfacet
  facet normal -1.790893e-03 4.338315e-01 9.009922e-01
    outer loop
      vertex -2.562324e+02 -3.175150e+02 3.692311e+01
      vertex -2.828451e+02 -3.420123e+02 4.866575e+01
      vertex -2.255912e+02 -3.481563e+02 5.173792e+01
    endloop
  endfacet
  facet normal 8.068352e-05 4.478341e-01 8.941167e-01
    outer loop
      vertex -2.255912e+02 -3.481563e+02 5.173792e+01
      vertex -2.828451e+02 -3.420123e+02 4.866575e+01
      vertex -2.532614e+02 -3.715960e+02 6.348057e+01
    endloop
  endfacet
  facet normal -2.748314e-01 6.699427e-01 6.896698e-01
    outer loop
      vertex -2.255912e+02 -3.481563e+02 5.173792e+01
      vertex -2.532614e+02 -3.715960e+02 6.348057e+01
      vertex -1.949499e+02 -3.787976e+02 9.371323e+01
    endloop
  endfacet
  facet normal -2.634973e-01 6.912317e-01 6.728802e-01
    outer loop
      vertex -1.949499e+02 -3.787976e+02 9.371323e+01
      vertex -2.532614e+02 -3.715960e+02 6.348057e+01
      vertex -2.236778e+02 -4.011796e+02 1.054559e+02
    endloop
  endfacet
  facet normal 7.617701e-01 -1.367339e-01 6.332536e-01
    outer loop
      vertex -4.011796e+02 -2.236778e+02 1.054559e+02
      vertex -4.172335e+02 -2.587337e+02 1.171985e+02
      vertex -3.715960e+02 -2.532614e+02 6.348057e+01
    endloop
  endfacet
  facet normal 7.534982e-01 -2.269538e-01 6.170352e-01
    outer loop
      vertex -3.715960e+02 -2.532614e+02 6.348057e+01
      vertex -4.172335e+02 -2.587337e+02 1.171985e+02
      vertex -3.908169e+02 -2.851504e+02 7.522321e+01
    endloop
  endfacet
  facet normal 4.763316e-01 3.639250e-02 8.785123e-01
    outer loop
      vertex -3.715960e+02 -2.532614e+02 6.348057e+01
      vertex -3.908169e+02 -2.851504e+02 7.522321e+01
      vertex -3.420123e+02 -2.828451e+02 4.866575e+01
    endloop
  endfacet
  facet normal 4.784372e-01 -1.396339e-02 8.780107e-01
    outer loop
      vertex -3.420123e+02 -2.828451e+02 4.866575e+01
      vertex -3.908169e+02 -2.851504e+02 7.522321e+01
      vertex -3.644003e+02 -3.115670e+02 6.040840e+01
    endloop
  endfacet
  facet normal 2.749903e-01 1.723616e-01 9.458709e-01
    outer loop
      vertex -3.420123e+02 -2.828451e+02 4.866575e+01
      vertex -3.644003e+02 -3.115670e+02 6.040840e+01
      vertex -3.124287e+02 -3.124287e+02 4.545587e+01
    endloop
  endfacet
  facet normal 2.753715e-01 1.601928e-01 9.478971e-01
    outer loop
      vertex -3.124287e+02 -3.124287e+02 4.545587e+01
      vertex -3.644003e+02 -3.115670e+02 6.040840e+01
      vertex -3.379836e+02 -3.379836e+02 5.719852e+01
    endloop
  endfacet
  facet normal 1.664698e-01 2.693875e-01 9.485348e-01
    outer loop
      vertex -3.124287e+02 -3.124287e+02 4.545587e+01
      vertex -3.379836e+02 -3.379836e+02 5.719852e+01
      vertex -2.828451e+02 -3.420123e+02 4.866575e+01
    endloop
  endfacet
  facet normal 1.668036e-01 2.816201e-01 9.449162e-01
    outer loop
      vertex -2.828451e+02 -3.420123e+02 4.866575e+01
      vertex -3.379836e+02 -3.379836e+02 5.719852e+01
      vertex -3.115670e+02 -3.644003e+02 6.040840e+01
    endloop
  endfacet
  facet normal 9.255165e-03 4.551346e-01 8.903746e-01
    outer loop
      vertex -2.828451e+02 -3.420123e+02 4.866575e+01
      vertex -3.115670e+02 -3.644003e+02 6.040840e+01
      vertex -2.532614e+02 -3.715960e+02 6.348057e+01
    endloop
  endfacet
  facet normal 1.630360e-02 5.014320e-01 8.650434e-01
    outer loop
      vertex -2.532614e+02 -3.715960e+02 6.348057e+01
      vertex -3.115670e+02 -3.644003e+02 6.040840e+01
      vertex -2.851504e+02 -3.908169e+02 7.522321e+01
    endloop
  endfacet
  facet normal -1.988148e-01 7.296013e-01 6.543352e-01
    outer loop
      vertex -2.532614e+02 -3.715960e+02 6.348057e+01
      vertex -2.851504e+02 -3.908169e+02 7.522321e+01
      vertex -2.236778e+02 -4.011796e+02 1.054559e+02
    endloop
  endfacet
  facet normal -1.605701e-01 7.866667e-01 5.961315e-01
    outer loop
      vertex -2.236778e+02 -4.011796e+02 1.054559e+02
      vertex -2.851504e+02 -3.908169e+02 7.522321e+01
      vertex -2.587337e+02 -4.172335e+02 1.171985e+02
    endloop
  endfacet
  facet normal 8.344387e-01 -3.904500e-02 5.497159e-01
    outer loop
      vertex -4.172335e+02 -2.587337e+02 1.171985e+02
      vertex -4.269082e+02 -3.001689e+02 1.289412e+02
      vertex -3.908169e+02 -2.851504e+02 7.522321e+01
    endloop
  endfacet
  facet normal 8.390307e-01 -1.807489e-01 5.131834e-01
    outer loop
      vertex -3.908169e+02 -2.851504e+02 7.522321e+01
      vertex -4.269082e+02 -3.001689e+02 1.289412e+02
      vertex -4.057850e+02 -3.212921e+02 8.696586e+01
    endloop
  endfacet
  facet normal 5.299905e-01 5.543562e-02 8.461896e-01
    outer loop
      vertex -3.908169e+02 -2.851504e+02 7.522321e+01
      vertex -4.057850e+02 -3.212921e+02 8.696586e+01
      vertex -3.644003e+02 -3.115670e+02 6.040840e+01
    endloop
  endfacet
  facet normal 5.463462e-01 -4.039418e-02 8.365848e-01
    outer loop
      vertex -3.644003e+02 -3.115670e+02 6.040840e+01
      vertex -4.057850e+02 -3.212921e+02 8.696586e+01
      vertex -3.846618e+02 -3.424154e+02 7.215104e+01
    endloop
  endfacet
  facet normal 2.857789e-01 1.712102e-01 9.428772e-01
    outer loop
      vertex -3.644003e+02 -3.115670e+02 6.040840e+01
      vertex -3.846618e+02 -3.424154e+02 7.215104e+01
      vertex -3.379836e+02 -3.379836e+02 5.719852e+01
    endloop
  endfacet
  facet normal 2.892626e-01 1.454892e-01 9.461290e-01
    outer loop
      vertex -3.379836e+02 -3.379836e+02 5.719852e+01
      vertex -3.846618e+02 -3.424154e+02 7.215104e+01
      vertex -3.635386e+02 -3.635386e+02 6.894117e+01
    endloop
  endfacet
  facet normal 1.601928e-01 2.753715e-01 9.478971e-01
    outer loop
      vertex -3.379836e+02 -3.379836e+02 5.719852e+01
      vertex -3.635386e+02 -3.635386e+02 6.894117e+01
      vertex -3.115670e+02 -3.644003e+02 6.040840e+01
    endloop
  endfacet
  facet normal 1.593166e-01 3.021369e-01 9.398572e-01
    outer loop
      vertex -3.115670e+02 -3.644003e+02 6.040840e+01
      vertex -3.635386e+02 -3.635386e+02 6.894117e+01
      vertex -3.424154e+02 -3.846618e+02 7.215104e+01
    endloop
  endfacet
  facet normal 6.458895e-03 4.940393e-01 8.694156e-01
    outer loop
      vertex -3.115670e+02 -3.644003e+02 6.040840e+01
      vertex -3.424154e+02 -3.846618e+02 7.215104e+01
      vertex -2.851504e+02 -3.908169e+02 7.522321e+01
    endloop
  endfacet
  facet normal 1.970668e-02 5.872279e-01 8.091817e-01
    outer loop
      vertex -2.851504e+02 -3.908169e+02 7.522321e+01
      vertex -3.424154e+02 -3.846618e+02 7.215104e+01
      vertex -3.212921e+02 -4.057850e+02 8.696586e+01
    endloop
  endfacet
  facet normal -1.386548e-01 7.964989e-01 5.885272e-01
    outer loop
      vertex -2.851504e+02 -3.908169e+02 7.522321e+01
      vertex -3.212921e+02 -4.057850e+02 8.696586e+01
      vertex -2.587337e+02 -4.172335e+02 1.171985e+02
    endloop
  endfacet
  facet normal -6.971662e-02 8.765694e-01 4.761992e-01
    outer loop
      vertex -2.587337e+02 -4.172335e+02 1.171985e+02
      vertex -3.212921e+02 -4.057850e+02 8.696586e+01
      vertex -3.001689e+02 -4.269082e+02 1.289412e+02
    endloop
  endfacet
  facet normal 9.027694e-01 5.507692e-02 4.265840e-01
    outer loop
      vertex -4.269082e+02 -3.001689e+02 1.289412e+02
      vertex -4.294967e+02 -3.486903e+02 1.406838e+02
      vertex -4.057850e+02 -3.212921e+02 8.696586e+01
    endloop
  endfacet
  facet normal 9.300654e-01 -1.349533e-01 3.417103e-01
    outer loop
      vertex -4.057850e+02 -3.212921e+02 8.696586e+01
      vertex -4.294967e+02 -3.486903e+02 1.406838e+02
      vertex -4.160290e+02 -3.621580e+02 9.870850e+01
    endloop
  endfacet
  facet normal 6.186438e-01 6.978968e-02 7.825658e-01
    outer loop
      vertex -4.057850e+02 -3.212921e+02 8.696586e+01
      vertex -4.160290e+02 -3.621580e+02 9.870850e+01
      vertex -3.846618e+02 -3.424154e+02 7.215104e+01
    endloop
  endfacet
  facet normal 6.823112e-01 -1.123242e-01 7.223813e-01
    outer loop
      vertex -3.846618e+02 -3.424154e+02 7.215104e+01
      vertex -4.160290e+02 -3.621580e+02 9.870850e+01
      vertex -4.025613e+02 -3.756258e+02 8.389369e+01
    endloop
  endfacet
  facet normal 3.077880e-01 1.654069e-01 9.369670e-01
    outer loop
      vertex -3.846618e+02 -3.424154e+02 7.215104e+01
      vertex -4.025613e+02 -3.756258e+02 8.389369e+01
      vertex -3.635386e+02 -3.635386e+02 6.894117e+01
    endloop
  endfacet
  facet normal 3.276624e-01 1.038460e-01 9.390705e-01
    outer loop
      vertex -3.635386e+02 -3.635386e+02 6.894117e+01
      vertex -4.025613e+02 -3.756258e+02 8.389369e+01
      vertex -3.890935e+02 -3.890935e+02 8.068381e+01
    endloop
  endfacet
  facet normal 1.454892e-01 2.892626e-01 9.461290e-01
    outer loop
      vertex -3.635386e+02 -3.635386e+02 6.894117e+01
      vertex -3.890935e+02 -3.890935e+02 8.068381e+01
      vertex -3.424154e+02 -3.846618e+02 7.215104e+01
    endloop
  endfacet
  facet normal 1.352775e-01 3.556841e-01 9.247642e-01
    outer loop
      vertex -3.424154e+02 -3.846618e+02 7.215104e+01
      vertex -3.890935e+02 -3.890935e+02 8.068381e+01
      vertex -3.756258e+02 -4.025613e+02 8.389369e+01
    endloop
  endfacet
  facet normal -1.308978e-02 5.653489e-01 8.247480e-01
    outer loop
      vertex -3.424154e+02 -3.846618e+02 7.215104e+01
      vertex -3.756258e+02 -4.025613e+02 8.389369e+01
      vertex -3.212921e+02 -4.057850e+02 8.696586e+01
    endloop
  endfacet
  facet normal 6.210072e-03 7.427360e-01 6.695555e-01
    outer loop
      vertex -3.212921e+02 -4.057850e+02 8.696586e+01
      vertex -3.756258e+02 -4.025613e+02 8.389369e+01
      vertex -3.621580e+02 -4.160290e+02 9.870850e+01
    endloop
  endfacet
  facet normal -8.093859e-02 8.733910e-01 4.802470e-01
    outer loop
      vertex -3.212921e+02 -4.057850e+02 8.696586e+01
      vertex -3.621580e+02 -4.160290e+02 9.870850e+01
      vertex -3.001689e+02 -4.269082e+02 1.289412e+02
    endloop
  endfacet
  facet normal 2.151176e-02 9.539561e-01 2.991739e-01
    outer loop
      vertex -3.001689e+02 -4.269082e+02 1.289412e+02
      vertex -3.621580e+02 -4.160290e+02 9.870850e+01
      vertex -3.486903e+02 -4.294967e+02 1.406838e+02
    endloop
  endfacet
  facet normal 9.421415e-01 2.515398e-01 2.215789e-01
    outer loop
      vertex -4.294967e+02 -3.486903e+02 1.406838e+02
      vertex -4.146485e+02 -4.146485e+02 1.524265e+02
      vertex -4.160290e+02 -3.621580e+02 9.870850e+01
    endloop
  endfacet
  facet normal 9.996543e-01 2.629168e-02 5.167102e-12
    outer loop
      vertex -4.160290e+02 -3.621580e+02 9.870850e+01
      vertex -4.146485e+02 -4.146485e+02 1.524265e+02
      vertex -4.146485e+02 -4.146485e+02 1.104511e+02
    endloop
  endfacet
  facet normal 7.961898e-01 1.519572e-01 5.856541e-01
    outer loop
      vertex -4.160290e+02 -3.621580e+02 9.870850e+01
      vertex -4.146485e+02 -4.146485e+02 1.104511e+02
      vertex -4.025613e+02 -3.756258e+02 8.389369e+01
    endloop
  endfacet
  facet normal 9.552254e-01 -2.958792e-01 1.881281e-11
    outer loop
      vertex -4.025613e+02 -3.756258e+02 8.389369e+01
      vertex -4.146485e+02 -4.146485e+02 1.104511e+02
      vertex -4.146485e+02 -4.146485e+02 9.563633e+01
    endloop
  endfacet
  facet normal 3.759178e-01 1.583078e-01 9.130303e-01
    outer loop
      vertex -4.025613e+02 -3.756258e+02 8.389369e+01
      vertex -4.146485e+02 -4.146485e+02 9.563633e+01
      vertex -3.890935e+02 -3.890935e+02 8.068381e+01
    endloop
  endfacet
  facet normal 7.071068e-01 -7.071068e-01 9.817380e-11
    outer loop
      vertex -3.890935e+02 -3.890935e+02 8.068381e+01
      vertex -4.146485e+02 -4.146485e+02 9.563633e+01
      vertex -4.146485e+02 -4.146485e+02 9.242646e+01
    endloop
  endfacet
  facet normal 1.038460e-01 3.276624e-01 9.390705e-01
    outer loop
      vertex -3.890935e+02 -3.890935e+02 8.068381e+01
      vertex -4.146485e+02 -4.146485e+02 9.242646e+01
      vertex -3.756258e+02 -4.025613e+02 8.389369e+01
    endloop
  endfacet
  facet normal -2.958792e-01 9.552254e-01 8.685045e-11
    outer loop
      vertex -3.756258e+02 -4.025613e+02 8.389369e+01
      vertex -4.146485e+02 -4.146485e+02 9.242646e+01
      vertex -4.146485e+02 -4.146485e+02 9.563633e+01
    endloop
  endfacet
  facet normal -2.075406e-02 7.303246e-01 6.827849e-01
    outer loop
      vertex -3.756258e+02 -4.025613e+02 8.389369e+01
      vertex -4.146485e+02 -4.146485e+02 9.563633e+01
      vertex -3.621580e+02 -4.160290e+02 9.870850e+01
    endloop
  endfacet
  facet normal 2.629168e-02 9.996543e-01 1.463640e-11
    outer loop
      vertex -3.621580e+02 -4.160290e+02 9.870850e+01
      vertex -4.146485e+02 -4.146485e+02 9.563633e+01
      vertex -4.146485e+02 -4.146485e+02 1.104511e+02
    endloop
  endfacet
  facet normal 8.751643e-02 9.563624e-01 2.787685e-01
    outer loop
      vertex -3.621580e+02 -4.160290e+02 9.870850e+01
      vertex -4.146485e+02 -4.146485e+02 1.104511e+02
      vertex -3.486903e+02 -4.294967e+02 1.406838e+02
    endloop
  endfacet
  facet normal 2.196205e-01 9.755854e-01 4.013029e-12
    outer loop
      vertex -3.486903e+02 -4.294967e+02 1.406838e+02
      vertex -4.146485e+02 -4.146485e+02 1.104511e+02
      vertex -4.146485e+02 -4.146485e+02 1.524265e+02
    endloop
  endfacet
  facet normal 8.647679e-01 -4.391045e-01 2.436467e-01
    outer loop
      vertex -3.547938e+01 -2.250000e+02 3.500000e+01
      vertex -5.713879e+01 -2.611401e+02 4.674265e+01
      vertex -2.365292e+01 -2.250000e+02 -6.975309e+00
    endloop
  endfacet
  facet normal 8.875490e-01 -2.237623e-01 4.027247e-01
    outer loop
      vertex -2.365292e+01 -2.250000e+02 -6.975309e+00
      vertex -5.713879e+01 -2.611401e+02 4.674265e+01
      vertex -3.809252e+01 -2.611401e+02 4.767337e+00
    endloop
  endfacet
  facet normal 7.768746e-01 -1.088912e-01 6.201682e-01
    outer loop
      vertex -2.365292e+01 -2.250000e+02 -6.975309e+00
      vertex -3.809252e+01 -2.611401e+02 4.767337e+00
      vertex -1.182646e+01 -2.250000e+02 -2.179012e+01
    endloop
  endfacet
  facet normal 6.085436e-01 1.326332e-01 7.823574e-01
    outer loop
      vertex -1.182646e+01 -2.250000e+02 -2.179012e+01
      vertex -3.809252e+01 -2.611401e+02 4.767337e+00
      vertex -1.904626e+01 -2.611401e+02 -1.004748e+01
    endloop
  endfacet
  facet normal 2.534326e-01 2.527638e-01 9.337464e-01
    outer loop
      vertex -1.182646e+01 -2.250000e+02 -2.179012e+01
      vertex -1.904626e+01 -2.611401e+02 -1.004748e+01
      vertex -4.133183e-14 -2.250000e+02 -2.500000e+01
    endloop
  endfacet
  facet normal 1.582620e-01 3.051225e-01 9.390705e-01
    outer loop
      vertex -4.133183e-14 -2.250000e+02 -2.500000e+01
      vertex -1.904626e+01 -2.611401e+02 -1.004748e+01
      vertex -4.797067e-14 -2.611401e+02 -1.325735e+01
    endloop
  endfacet
  facet normal -2.499382e-01 2.992093e-01 9.208717e-01
    outer loop
      vertex -4.133183e-14 -2.250000e+02 -2.500000e+01
      vertex -4.797067e-14 -2.611401e+02 -1.325735e+01
      vertex 1.182646e+01 -2.250000e+02 -2.179012e+01
    endloop
  endfacet
  facet normal -1.597298e-01 2.760428e-01 9.477799e-01
    outer loop
      vertex 1.182646e+01 -2.250000e+02 -2.179012e+01
      vertex -4.797067e-14 -2.611401e+02 -1.325735e+01
      vertex 1.904626e+01 -2.611401e+02 -1.004748e+01
    endloop
  endfacet
  facet normal -7.806752e-01 4.653337e-02 6.232022e-01
    outer loop
      vertex 1.182646e+01 -2.250000e+02 -2.179012e+01
      vertex 1.904626e+01 -2.611401e+02 -1.004748e+01
      vertex 2.365292e+01 -2.250000e+02 -6.975309e+00
    endloop
  endfacet
  facet normal -6.139296e-01 1.116094e-02 7.892819e-01
    outer loop
      vertex 2.365292e+01 -2.250000e+02 -6.975309e+00
      vertex 1.904626e+01 -2.611401e+02 -1.004748e+01
      vertex 3.809252e+01 -2.611401e+02 4.767337e+00
    endloop
  endfacet
  facet normal -9.228276e-01 -2.842301e-01 2.600049e-01
    outer loop
      vertex 2.365292e+01 -2.250000e+02 -6.975309e+00
      vertex 3.809252e+01 -2.611401e+02 4.767337e+00
      vertex 3.547938e+01 -2.250000e+02 3.500000e+01
    endloop
  endfacet
  facet normal -8.421256e-01 -3.805438e-01 3.821138e-01
    outer loop
      vertex 3.547938e+01 -2.250000e+02 3.500000e+01
      vertex 3.809252e+01 -2.611401e+02 4.767337e+00
      vertex 5.713879e+01 -2.611401e+02 4.674265e+01
    endloop
  endfacet
  facet normal 7.515813e-01 -5.646454e-01 3.410294e-01
    outer loop
      vertex -5.713879e+01 -2.611401e+02 4.674265e+01
      vertex -8.961824e+01 -2.972803e+02 5.848529e+01
      vertex -3.809252e+01 -2.611401e+02 4.767337e+00
    endloop
  endfacet
  facet normal 7.804330e-01 -2.871229e-01 5.554141e-01
    outer loop
      vertex -3.809252e+01 -2.611401e+02 4.767337e+00
      vertex -8.961824e+01 -2.972803e+02 5.848529e+01
      vertex -5.974550e+01 -2.972803e+02 1.650998e+01
    endloop
  endfacet
  facet normal 6.101945e-01 -1.106984e-01 7.844798e-01
    outer loop
      vertex -3.809252e+01 -2.611401e+02 4.767337e+00
      vertex -5.974550e+01 -2.972803e+02 1.650998e+01
      vertex -1.904626e+01 -2.611401e+02 -1.004748e+01
    endloop
  endfacet
  facet normal 4.388513e-01 1.560564e-01 8.849045e-01
    outer loop
      vertex -1.904626e+01 -2.611401e+02 -1.004748e+01
      vertex -5.974550e+01 -2.972803e+02 1.650998e+01
      vertex -2.987275e+01 -2.972803e+02 1.695168e+00
    endloop
  endfacet
  facet normal 1.604168e-01 2.612208e-01 9.518561e-01
    outer loop
      vertex -1.904626e+01 -2.611401e+02 -1.004748e+01
      vertex -2.987275e+01 -2.972803e+02 1.695168e+00
      vertex -4.797067e-14 -2.611401e+02 -1.325735e+01
    endloop
  endfacet
  facet normal 1.016631e-01 3.074159e-01 9.461290e-01
    outer loop
      vertex -4.797067e-14 -2.611401e+02 -1.325735e+01
      vertex -2.987275e+01 -2.972803e+02 1.695168e+00
      vertex -5.460950e-14 -2.972803e+02 -1.514708e+00
    endloop
  endfacet
  facet normal -1.582620e-01 3.051225e-01 9.390705e-01
    outer loop
      vertex -4.797067e-14 -2.611401e+02 -1.325735e+01
      vertex -5.460950e-14 -2.972803e+02 -1.514708e+00
      vertex 1.904626e+01 -2.611401e+02 -1.004748e+01
    endloop
  endfacet
  facet normal -1.025801e-01 2.794587e-01 9.546623e-01
    outer loop
      vertex 1.904626e+01 -2.611401e+02 -1.004748e+01
      vertex -5.460950e-14 -2.972803e+02 -1.514708e+00
      vertex 2.987275e+01 -2.972803e+02 1.695168e+00
    endloop
  endfacet
  facet normal -6.123587e-01 7.235301e-02 7.872622e-01
    outer loop
      vertex 1.904626e+01 -2.611401e+02 -1.004748e+01
      vertex 2.987275e+01 -2.972803e+02 1.695168e+00
      vertex 3.809252e+01 -2.611401e+02 4.767337e+00
    endloop
  endfacet
  facet normal -4.441572e-01 2.488722e-02 8.956032e-01
    outer loop
      vertex 3.809252e+01 -2.611401e+02 4.767337e+00
      vertex 2.987275e+01 -2.972803e+02 1.695168e+00
      vertex 5.974550e+01 -2.972803e+02 1.650998e+01
    endloop
  endfacet
  facet normal -8.421736e-01 -3.804157e-01 3.821356e-01
    outer loop
      vertex 3.809252e+01 -2.611401e+02 4.767337e+00
      vertex 5.974550e+01 -2.972803e+02 1.650998e+01
      vertex 5.713879e+01 -2.611401e+02 4.674265e+01
    endloop
  endfacet
  facet normal -7.157482e-01 -4.777415e-01 5.093796e-01
    outer loop
      vertex 5.713879e+01 -2.611401e+02 4.674265e+01
      vertex 5.974550e+01 -2.972803e+02 1.650998e+01
      vertex 8.961824e+01 -2.972803e+02 5.848529e+01
    endloop
  endfacet
  facet normal 7.764501e-01 -3.029539e-01 5.525796e-01
    outer loop
      vertex -8.961824e+01 -2.972803e+02 5.848529e+01
      vertex -1.120763e+02 -3.334204e+02 7.022794e+01
      vertex -5.974550e+01 -2.972803e+02 1.650998e+01
    endloop
  endfacet
  facet normal 7.437505e-01 -9.303764e-02 6.619510e-01
    outer loop
      vertex -5.974550e+01 -2.972803e+02 1.650998e+01
      vertex -1.120763e+02 -3.334204e+02 7.022794e+01
      vertex -7.471752e+01 -3.334204e+02 2.825263e+01
    endloop
  endfacet
  facet normal 4.417717e-01 1.064205e-01 8.907931e-01
    outer loop
      vertex -5.974550e+01 -2.972803e+02 1.650998e+01
      vertex -7.471752e+01 -3.334204e+02 2.825263e+01
      vertex -2.987275e+01 -2.972803e+02 1.695168e+00
    endloop
  endfacet
  facet normal 3.595852e-01 2.201441e-01 9.067718e-01
    outer loop
      vertex -2.987275e+01 -2.972803e+02 1.695168e+00
      vertex -7.471752e+01 -3.334204e+02 2.825263e+01
      vertex -3.735876e+01 -3.334204e+02 1.343781e+01
    endloop
  endfacet
  facet normal 1.023048e-01 2.881649e-01 9.521002e-01
    outer loop
      vertex -2.987275e+01 -2.972803e+02 1.695168e+00
      vertex -3.735876e+01 -3.334204e+02 1.343781e+01
      vertex -5.460950e-14 -2.972803e+02 -1.514708e+00
    endloop
  endfacet
  facet normal 8.144362e-02 3.079904e-01 9.478971e-01
    outer loop
      vertex -5.460950e-14 -2.972803e+02 -1.514708e+00
      vertex -3.735876e+01 -3.334204e+02 1.343781e+01
      vertex -6.124834e-14 -3.334204e+02 1.022794e+01
    endloop
  endfacet
  facet normal -1.016631e-01 3.074159e-01 9.461290e-01
    outer loop
      vertex -5.460950e-14 -2.972803e+02 -1.514708e+00
      vertex -6.124834e-14 -3.334204e+02 1.022794e+01
      vertex 2.987275e+01 -2.972803e+02 1.695168e+00
    endloop
  endfacet
  facet normal -8.185834e-02 2.926028e-01 9.527239e-01
    outer loop
      vertex 2.987275e+01 -2.972803e+02 1.695168e+00
      vertex -6.124834e-14 -3.334204e+02 1.022794e+01
      vertex 3.735876e+01 -3.334204e+02 1.343781e+01
    endloop
  endfacet
  facet normal -4.357456e-01 1.952284e-01 8.786419e-01
    outer loop
      vertex 2.987275e+01 -2.972803e+02 1.695168e+00
      vertex 3.735876e+01 -3.334204e+02 1.343781e+01
      vertex 5.974550e+01 -2.972803e+02 1.650998e+01
    endloop
  endfacet
  facet normal -3.645863e-01 1.476861e-01 9.193833e-01
    outer loop
      vertex 5.974550e+01 -2.972803e+02 1.650998e+01
      vertex 3.735876e+01 -3.334204e+02 1.343781e+01
      vertex 7.471752e+01 -3.334204e+02 2.825263e+01
    endloop
  endfacet
  facet normal -8.058272e-01 -1.474984e-01 5.734865e-01
    outer loop
      vertex 5.974550e+01 -2.972803e+02 1.650998e+01
      vertex 7.471752e+01 -3.334204e+02 2.825263e+01
      vertex 8.961824e+01 -2.972803e+02 5.848529e+01
    endloop
  endfacet
  facet normal -7.249978e-01 -2.408667e-01 6.452607e-01
    outer loop
      vertex 8.961824e+01 -2.972803e+02 5.848529e+01
      vertex 7.471752e+01 -3.334204e+02 2.825263e+01
      vertex 1.120763e+02 -3.334204e+02 7.022794e+01
    endloop
  endfacet
  facet normal 7.455726e-01 -6.158668e-02 6.635726e-01
    outer loop
      vertex -1.120763e+02 -3.334204e+02 7.022794e+01
      vertex -1.255127e+02 -3.695606e+02 8.197058e+01
      vertex -7.471752e+01 -3.334204e+02 2.825263e+01
    endloop
  endfacet
  facet normal 7.072441e-01 5.374721e-02 7.049234e-01
    outer loop
      vertex -7.471752e+01 -3.334204e+02 2.825263e+01
      vertex -1.255127e+02 -3.695606e+02 8.197058e+01
      vertex -8.367515e+01 -3.695606e+02 3.999527e+01
    endloop
  endfacet
  facet normal 3.607110e-01 2.061452e-01 9.096108e-01
    outer loop
      vertex -7.471752e+01 -3.334204e+02 2.825263e+01
      vertex -8.367515e+01 -3.695606e+02 3.999527e+01
      vertex -3.735876e+01 -3.334204e+02 1.343781e+01
    endloop
  endfacet
  facet normal 3.226634e-01 2.560837e-01 9.112132e-01
    outer loop
      vertex -3.735876e+01 -3.334204e+02 1.343781e+01
      vertex -8.367515e+01 -3.695606e+02 3.999527e+01
      vertex -4.183758e+01 -3.695606e+02 2.518046e+01
    endloop
  endfacet
  facet normal 8.169379e-02 2.988123e-01 9.508088e-01
    outer loop
      vertex -3.735876e+01 -3.334204e+02 1.343781e+01
      vertex -4.183758e+01 -3.695606e+02 2.518046e+01
      vertex -6.124834e-14 -3.334204e+02 1.022794e+01
    endloop
  endfacet
  facet normal 7.277380e-02 3.081976e-01 9.485348e-01
    outer loop
      vertex -6.124834e-14 -3.334204e+02 1.022794e+01
      vertex -4.183758e+01 -3.695606e+02 2.518046e+01
      vertex -6.788718e-14 -3.695606e+02 2.197058e+01
    endloop
  endfacet
  facet normal -8.144362e-02 3.079904e-01 9.478971e-01
    outer loop
      vertex -6.124834e-14 -3.334204e+02 1.022794e+01
      vertex -6.788718e-14 -3.695606e+02 2.197058e+01
      vertex 3.735876e+01 -3.334204e+02 1.343781e+01
    endloop
  endfacet
  facet normal -7.297394e-02 3.000016e-01 9.511434e-01
    outer loop
      vertex 3.735876e+01 -3.334204e+02 1.343781e+01
      vertex -6.788718e-14 -3.695606e+02 2.197058e+01
      vertex 4.183758e+01 -3.695606e+02 2.518046e+01
    endloop
  endfacet
  facet normal -3.570820e-01 2.483242e-01 9.004596e-01
    outer loop
      vertex 3.735876e+01 -3.334204e+02 1.343781e+01
      vertex 4.183758e+01 -3.695606e+02 2.518046e+01
      vertex 7.471752e+01 -3.334204e+02 2.825263e+01
    endloop
  endfacet
  facet normal -3.257534e-01 2.181658e-01 9.199394e-01
    outer loop
      vertex 7.471752e+01 -3.334204e+02 2.825263e+01
      vertex 4.183758e+01 -3.695606e+02 2.518046e+01
      vertex 8.367515e+01 -3.695606e+02 3.999527e+01
    endloop
  endfacet
  facet normal -7.466349e-01 3.085539e-02 6.645181e-01
    outer loop
      vertex 7.471752e+01 -3.334204e+02 2.825263e+01
      vertex 8.367515e+01 -3.695606e+02 3.999527e+01
      vertex 1.120763e+02 -3.334204e+02 7.022794e+01
    endloop
  endfacet
  facet normal -7.078600e-01 -3.393047e-02 7.055373e-01
    outer loop
      vertex 1.120763e+02 -3.334204e+02 7.022794e+01
      vertex 8.367515e+01 -3.695606e+02 3.999527e+01
      vertex 1.255127e+02 -3.695606e+02 8.197058e+01
    endloop
  endfacet
  facet normal 7.012884e-01 1.400407e-01 6.989873e-01
    outer loop
      vertex -1.255127e+02 -3.695606e+02 8.197058e+01
      vertex -1.300000e+02 -4.057007e+02 9.371323e+01
      vertex -8.367515e+01 -3.695606e+02 3.999527e+01
    endloop
  endfacet
  facet normal 6.852550e-01 1.731341e-01 7.074250e-01
    outer loop
      vertex -8.367515e+01 -3.695606e+02 3.999527e+01
      vertex -1.300000e+02 -4.057007e+02 9.371323e+01
      vertex -8.666667e+01 -4.057007e+02 5.173792e+01
    endloop
  endfacet
  facet normal 3.215436e-01 2.684277e-01 9.080508e-01
    outer loop
      vertex -8.367515e+01 -3.695606e+02 3.999527e+01
      vertex -8.666667e+01 -4.057007e+02 5.173792e+01
      vertex -4.183758e+01 -3.695606e+02 2.518046e+01
    endloop
  endfacet
  facet normal 3.103569e-01 2.821152e-01 9.077938e-01
    outer loop
      vertex -4.183758e+01 -3.695606e+02 2.518046e+01
      vertex -8.666667e+01 -4.057007e+02 5.173792e+01
      vertex -4.333333e+01 -4.057007e+02 3.692311e+01
    endloop
  endfacet
  facet normal 7.284112e-02 3.054680e-01 9.494122e-01
    outer loop
      vertex -4.183758e+01 -3.695606e+02 2.518046e+01
      vertex -4.333333e+01 -4.057007e+02 3.692311e+01
      vertex -6.788718e-14 -3.695606e+02 2.197058e+01
    endloop
  endfacet
  facet normal 7.027446e-02 3.082530e-01 9.487052e-01
    outer loop
      vertex -6.788718e-14 -3.695606e+02 2.197058e+01
      vertex -4.333333e+01 -4.057007e+02 3.692311e+01
      vertex -7.452602e-14 -4.057007e+02 3.371323e+01
    endloop
  endfacet
  facet normal -7.277380e-02 3.081976e-01 9.485348e-01
    outer loop
      vertex -6.788718e-14 -3.695606e+02 2.197058e+01
      vertex -7.452602e-14 -4.057007e+02 3.371323e+01
      vertex 4.183758e+01 -3.695606e+02 2.518046e+01
    endloop
  endfacet
  facet normal -7.033725e-02 3.056173e-01 9.495529e-01
    outer loop
      vertex 4.183758e+01 -3.695606e+02 2.518046e+01
      vertex -7.452602e-14 -4.057007e+02 3.371323e+01
      vertex 4.333333e+01 -4.057007e+02 3.692311e+01
    endloop
  endfacet
  facet normal -3.203729e-01 2.807099e-01 9.047448e-01
    outer loop
      vertex 4.183758e+01 -3.695606e+02 2.518046e+01
      vertex 4.333333e+01 -4.057007e+02 3.692311e+01
      vertex 8.367515e+01 -3.695606e+02 3.999527e+01
    endloop
  endfacet
  facet normal -3.114618e-01 2.702289e-01 9.110257e-01
    outer loop
      vertex 8.367515e+01 -3.695606e+02 3.999527e+01
      vertex 4.333333e+01 -4.057007e+02 3.692311e+01
      vertex 8.666667e+01 -4.057007e+02 5.173792e+01
    endloop
  endfacet
  facet normal -6.981635e-01 1.683120e-01 6.958727e-01
    outer loop
      vertex 8.367515e+01 -3.695606e+02 3.999527e+01
      vertex 8.666667e+01 -4.057007e+02 5.173792e+01
      vertex 1.255127e+02 -3.695606e+02 8.197058e+01
    endloop
  endfacet
  facet normal -6.883652e-01 1.454301e-01 7.106359e-01
    outer loop
      vertex 1.255127e+02 -3.695606e+02 8.197058e+01
      vertex 8.666667e+01 -4.057007e+02 5.173792e+01
      vertex 1.300000e+02 -4.057007e+02 9.371323e+01
    endloop
  endfacet
  facet normal 6.627052e-01 3.045759e-01 6.841457e-01
    outer loop
      vertex -1.300000e+02 -4.057007e+02 9.371323e+01
      vertex -1.255127e+02 -4.418409e+02 1.054559e+02
      vertex -8.666667e+01 -4.057007e+02 5.173792e+01
    endloop
  endfacet
  facet normal 6.806036e-01 2.767531e-01 6.783704e-01
    outer loop
      vertex -8.666667e+01 -4.057007e+02 5.173792e+01
      vertex -1.255127e+02 -4.418409e+02 1.054559e+02
      vertex -8.367515e+01 -4.418409e+02 6.348057e+01
    endloop
  endfacet
  facet normal 3.068141e-01 3.169897e-01 8.974311e-01
    outer loop
      vertex -8.666667e+01 -4.057007e+02 5.173792e+01
      vertex -8.367515e+01 -4.418409e+02 6.348057e+01
      vertex -4.333333e+01 -4.057007e+02 3.692311e+01
    endloop
  endfacet
  facet normal 3.179042e-01 3.048615e-01 8.977730e-01
    outer loop
      vertex -4.333333e+01 -4.057007e+02 3.692311e+01
      vertex -8.367515e+01 -4.418409e+02 6.348057e+01
      vertex -4.183758e+01 -4.418409e+02 4.866575e+01
    endloop
  endfacet
  facet normal 7.021124e-02 3.108816e-01 9.478518e-01
    outer loop
      vertex -4.333333e+01 -4.057007e+02 3.692311e+01
      vertex -4.183758e+01 -4.418409e+02 4.866575e+01
      vertex -7.452602e-14 -4.057007e+02 3.371323e+01
    endloop
  endfacet
  facet normal 7.277380e-02 3.081976e-01 9.485348e-01
    outer loop
      vertex -7.452602e-14 -4.057007e+02 3.371323e+01
      vertex -4.183758e+01 -4.418409e+02 4.866575e+01
      vertex -8.116485e-14 -4.418409e+02 4.545587e+01
    endloop
  endfacet
  facet normal -7.027446e-02 3.082530e-01 9.487052e-01
    outer loop
      vertex -7.452602e-14 -4.057007e+02 3.371323e+01
      vertex -8.116485e-14 -4.418409e+02 4.545587e+01
      vertex 4.333333e+01 -4.057007e+02 3.692311e+01
    endloop
  endfacet
  facet normal -7.270601e-02 3.109197e-01 9.476512e-01
    outer loop
      vertex 4.333333e+01 -4.057007e+02 3.692311e+01
      vertex -8.116485e-14 -4.418409e+02 4.545587e+01
      vertex 4.183758e+01 -4.418409e+02 4.866575e+01
    endloop
  endfacet
  facet normal -3.080315e-01 3.054988e-01 9.009922e-01
    outer loop
      vertex 4.333333e+01 -4.057007e+02 3.692311e+01
      vertex 4.183758e+01 -4.418409e+02 4.866575e+01
      vertex 8.666667e+01 -4.057007e+02 5.173792e+01
    endloop
  endfacet
  facet normal -3.166095e-01 3.167236e-01 8.941167e-01
    outer loop
      vertex 8.666667e+01 -4.057007e+02 5.173792e+01
      vertex 4.183758e+01 -4.418409e+02 4.866575e+01
      vertex 8.367515e+01 -4.418409e+02 6.348057e+01
    endloop
  endfacet
  facet normal -6.680562e-01 2.793859e-01 6.896698e-01
    outer loop
      vertex 8.666667e+01 -4.057007e+02 5.173792e+01
      vertex 8.367515e+01 -4.418409e+02 6.348057e+01
      vertex 1.300000e+02 -4.057007e+02 9.371323e+01
    endloop
  endfacet
  facet normal -6.750954e-01 3.024539e-01 6.728802e-01
    outer loop
      vertex 1.300000e+02 -4.057007e+02 9.371323e+01
      vertex 8.367515e+01 -4.418409e+02 6.348057e+01
      vertex 1.255127e+02 -4.418409e+02 1.054559e+02
    endloop
  endfacet
  facet normal 6.353383e-01 4.419674e-01 6.332536e-01
    outer loop
      vertex -1.255127e+02 -4.418409e+02 1.054559e+02
      vertex -1.120763e+02 -4.779810e+02 1.171985e+02
      vertex -8.367515e+01 -4.418409e+02 6.348057e+01
    endloop
  endfacet
  facet normal 6.932843e-01 3.723231e-01 6.170352e-01
    outer loop
      vertex -8.367515e+01 -4.418409e+02 6.348057e+01
      vertex -1.120763e+02 -4.779810e+02 1.171985e+02
      vertex -7.471752e+01 -4.779810e+02 7.522321e+01
    endloop
  endfacet
  facet normal 3.110839e-01 3.625507e-01 8.785123e-01
    outer loop
      vertex -8.367515e+01 -4.418409e+02 6.348057e+01
      vertex -7.471752e+01 -4.779810e+02 7.522321e+01
      vertex -4.183758e+01 -4.418409e+02 4.866575e+01
    endloop
  endfacet
  facet normal 3.481798e-01 3.284326e-01 8.780107e-01
    outer loop
      vertex -4.183758e+01 -4.418409e+02 4.866575e+01
      vertex -7.471752e+01 -4.779810e+02 7.522321e+01
      vertex -3.735876e+01 -4.779810e+02 6.040840e+01
    endloop
  endfacet
  facet normal 7.256943e-02 3.163256e-01 9.458709e-01
    outer loop
      vertex -4.183758e+01 -4.418409e+02 4.866575e+01
      vertex -3.735876e+01 -4.779810e+02 6.040840e+01
      vertex -8.116485e-14 -4.418409e+02 4.545587e+01
    endloop
  endfacet
  facet normal 8.144362e-02 3.079904e-01 9.478971e-01
    outer loop
      vertex -8.116485e-14 -4.418409e+02 4.545587e+01
      vertex -3.735876e+01 -4.779810e+02 6.040840e+01
      vertex -8.780369e-14 -4.779810e+02 5.719852e+01
    endloop
  endfacet
  facet normal -7.277380e-02 3.081976e-01 9.485348e-01
    outer loop
      vertex -8.116485e-14 -4.418409e+02 4.545587e+01
      vertex -8.780369e-14 -4.779810e+02 5.719852e+01
      vertex 4.183758e+01 -4.418409e+02 4.866575e+01
    endloop
  endfacet
  facet normal -8.118751e-02 3.170834e-01 9.449162e-01
    outer loop
      vertex 4.183758e+01 -4.418409e+02 4.866575e+01
      vertex -8.780369e-14 -4.779810e+02 5.719852e+01
      vertex 3.735876e+01 -4.779810e+02 6.040840e+01
    endloop
  endfacet
  facet normal -3.152844e-01 3.283731e-01 8.903746e-01
    outer loop
      vertex 4.183758e+01 -4.418409e+02 4.866575e+01
      vertex 3.735876e+01 -4.779810e+02 6.040840e+01
      vertex 8.367515e+01 -4.418409e+02 6.348057e+01
    endloop
  endfacet
  facet normal -3.430376e-01 3.660944e-01 8.650434e-01
    outer loop
      vertex 8.367515e+01 -4.418409e+02 6.348057e+01
      vertex 3.735876e+01 -4.779810e+02 6.040840e+01
      vertex 7.471752e+01 -4.779810e+02 7.522321e+01
    endloop
  endfacet
  facet normal -6.564893e-01 3.753227e-01 6.543352e-01
    outer loop
      vertex 8.367515e+01 -4.418409e+02 6.348057e+01
      vertex 7.471752e+01 -4.779810e+02 7.522321e+01
      vertex 1.255127e+02 -4.418409e+02 1.054559e+02
    endloop
  endfacet
  facet normal -6.697975e-01 4.427172e-01 5.961315e-01
    outer loop
      vertex 1.255127e+02 -4.418409e+02 1.054559e+02
      vertex 7.471752e+01 -4.779810e+02 7.522321e+01
      vertex 1.120763e+02 -4.779810e+02 1.171985e+02
    endloop
  endfacet
  facet normal 6.176462e-01 5.624282e-01 5.497159e-01
    outer loop
      vertex -1.120763e+02 -4.779810e+02 1.171985e+02
      vertex -8.961824e+01 -5.141212e+02 1.289412e+02
      vertex -7.471752e+01 -4.779810e+02 7.522321e+01
    endloop
  endfacet
  facet normal 7.210931e-01 4.654755e-01 5.131834e-01
    outer loop
      vertex -7.471752e+01 -4.779810e+02 7.522321e+01
      vertex -8.961824e+01 -5.141212e+02 1.289412e+02
      vertex -5.974550e+01 -5.141212e+02 8.696586e+01
    endloop
  endfacet
  facet normal 3.355610e-01 4.139588e-01 8.461896e-01
    outer loop
      vertex -7.471752e+01 -4.779810e+02 7.522321e+01
      vertex -5.974550e+01 -5.141212e+02 8.696586e+01
      vertex -3.735876e+01 -4.779810e+02 6.040840e+01
    endloop
  endfacet
  facet normal 4.148881e-01 3.577621e-01 8.365848e-01
    outer loop
      vertex -3.735876e+01 -4.779810e+02 6.040840e+01
      vertex -5.974550e+01 -5.141212e+02 8.696586e+01
      vertex -2.987275e+01 -5.141212e+02 7.215104e+01
    endloop
  endfacet
  facet normal 8.101231e-02 3.231401e-01 9.428772e-01
    outer loop
      vertex -3.735876e+01 -4.779810e+02 6.040840e+01
      vertex -2.987275e+01 -5.141212e+02 7.215104e+01
      vertex -8.780369e-14 -4.779810e+02 5.719852e+01
    endloop
  endfacet
  facet normal 1.016631e-01 3.074159e-01 9.461290e-01
    outer loop
      vertex -8.780369e-14 -4.779810e+02 5.719852e+01
      vertex -2.987275e+01 -5.141212e+02 7.215104e+01
      vertex -9.444253e-14 -5.141212e+02 6.894117e+01
    endloop
  endfacet
  facet normal -8.144362e-02 3.079904e-01 9.478971e-01
    outer loop
      vertex -8.780369e-14 -4.779810e+02 5.719852e+01
      vertex -9.444253e-14 -5.141212e+02 6.894117e+01
      vertex 3.735876e+01 -4.779810e+02 6.040840e+01
    endloop
  endfacet
  facet normal -1.009892e-01 3.262969e-01 9.398572e-01
    outer loop
      vertex 3.735876e+01 -4.779810e+02 6.040840e+01
      vertex -9.444253e-14 -5.141212e+02 6.894117e+01
      vertex 2.987275e+01 -5.141212e+02 7.215104e+01
    endloop
  endfacet
  facet normal -3.447714e-01 3.539056e-01 8.694156e-01
    outer loop
      vertex 3.735876e+01 -4.779810e+02 6.040840e+01
      vertex 2.987275e+01 -5.141212e+02 7.215104e+01
      vertex 7.471752e+01 -4.779810e+02 7.522321e+01
    endloop
  endfacet
  facet normal -4.012981e-01 4.291676e-01 8.091817e-01
    outer loop
      vertex 7.471752e+01 -4.779810e+02 7.522321e+01
      vertex 2.987275e+01 -5.141212e+02 7.215104e+01
      vertex 5.974550e+01 -5.141212e+02 8.696586e+01
    endloop
  endfacet
  facet normal -6.612535e-01 4.651661e-01 5.885272e-01
    outer loop
      vertex 7.471752e+01 -4.779810e+02 7.522321e+01
      vertex 5.974550e+01 -5.141212e+02 8.696586e+01
      vertex 1.120763e+02 -4.779810e+02 1.171985e+02
    endloop
  endfacet
  facet normal -6.691252e-01 5.705311e-01 4.761992e-01
    outer loop
      vertex 1.120763e+02 -4.779810e+02 1.171985e+02
      vertex 5.974550e+01 -5.141212e+02 8.696586e+01
      vertex 8.961824e+01 -5.141212e+02 1.289412e+02
    endloop
  endfacet
  facet normal 5.994091e-01 6.772996e-01 4.265840e-01
    outer loop
      vertex -8.961824e+01 -5.141212e+02 1.289412e+02
      vertex -5.713879e+01 -5.502613e+02 1.406838e+02
      vertex -5.974550e+01 -5.141212e+02 8.696586e+01
    endloop
  endfacet
  facet normal 7.530819e-01 5.622292e-01 3.417103e-01
    outer loop
      vertex -5.974550e+01 -5.141212e+02 8.696586e+01
      vertex -5.713879e+01 -5.502613e+02 1.406838e+02
      vertex -3.809252e+01 -5.502613e+02 9.870850e+01
    endloop
  endfacet
  facet normal 3.880985e-01 4.867960e-01 7.825658e-01
    outer loop
      vertex -5.974550e+01 -5.141212e+02 8.696586e+01
      vertex -3.809252e+01 -5.502613e+02 9.870850e+01
      vertex -2.987275e+01 -5.141212e+02 7.215104e+01
    endloop
  endfacet
  facet normal 5.618921e-01 4.030416e-01 7.223813e-01
    outer loop
      vertex -2.987275e+01 -5.141212e+02 7.215104e+01
      vertex -3.809252e+01 -5.502613e+02 9.870850e+01
      vertex -1.904626e+01 -5.502613e+02 8.389369e+01
    endloop
  endfacet
  facet normal 1.006787e-01 3.345993e-01 9.369670e-01
    outer loop
      vertex -2.987275e+01 -5.141212e+02 7.215104e+01
      vertex -1.904626e+01 -5.502613e+02 8.389369e+01
      vertex -9.444253e-14 -5.141212e+02 6.894117e+01
    endloop
  endfacet
  facet normal 1.582620e-01 3.051225e-01 9.390705e-01
    outer loop
      vertex -9.444253e-14 -5.141212e+02 6.894117e+01
      vertex -1.904626e+01 -5.502613e+02 8.389369e+01
      vertex -1.010814e-13 -5.502613e+02 8.068381e+01
    endloop
  endfacet
  facet normal -1.016631e-01 3.074159e-01 9.461290e-01
    outer loop
      vertex -9.444253e-14 -5.141212e+02 6.894117e+01
      vertex -1.010814e-13 -5.502613e+02 8.068381e+01
      vertex 2.987275e+01 -5.141212e+02 7.215104e+01
    endloop
  endfacet
  facet normal -1.558510e-01 3.471623e-01 9.247642e-01
    outer loop
      vertex 2.987275e+01 -5.141212e+02 7.215104e+01
      vertex -1.010814e-13 -5.502613e+02 8.068381e+01
      vertex 1.904626e+01 -5.502613e+02 8.389369e+01
    endloop
  endfacet
  facet normal -4.090179e-01 3.905062e-01 8.247480e-01
    outer loop
      vertex 2.987275e+01 -5.141212e+02 7.215104e+01
      vertex 1.904626e+01 -5.502613e+02 8.389369e+01
      vertex 5.974550e+01 -5.141212e+02 8.696586e+01
    endloop
  endfacet
  facet normal -5.208025e-01 5.295849e-01 6.695555e-01
    outer loop
      vertex 5.974550e+01 -5.141212e+02 8.696586e+01
      vertex 1.904626e+01 -5.502613e+02 8.389369e+01
      vertex 3.809252e+01 -5.502613e+02 9.870850e+01
    endloop
  endfacet
  facet normal -6.748129e-01 5.603484e-01 4.802470e-01
    outer loop
      vertex 5.974550e+01 -5.141212e+02 8.696586e+01
      vertex 3.809252e+01 -5.502613e+02 9.870850e+01
      vertex 8.961824e+01 -5.141212e+02 1.289412e+02
    endloop
  endfacet
  facet normal -6.593377e-01 6.897599e-01 2.991739e-01
    outer loop
      vertex 8.961824e+01 -5.141212e+02 1.289412e+02
      vertex 3.809252e+01 -5.502613e+02 9.870850e+01
      vertex 5.713879e+01 -5.502613e+02 1.406838e+02
    endloop
  endfacet
  facet normal 4.883291e-01 8.440601e-01 2.215789e-01
    outer loop
      vertex -5.713879e+01 -5.502613e+02 1.406838e+02
      vertex -9.453670e-10 -5.864015e+02 1.524265e+02
      vertex -3.809252e+01 -5.502613e+02 9.870850e+01
    endloop
  endfacet
  facet normal 6.882713e-01 7.254534e-01 5.166515e-12
    outer loop
      vertex -3.809252e+01 -5.502613e+02 9.870850e+01
      vertex -9.453670e-10 -5.864015e+02 1.524265e+02
      vertex -6.302806e-10 -5.864015e+02 1.104511e+02
    endloop
  endfacet
  facet normal 4.555412e-01 6.704412e-01 5.856541e-01
    outer loop
      vertex -3.809252e+01 -5.502613e+02 9.870850e+01
      vertex -6.302806e-10 -5.864015e+02 1.104511e+02
      vertex -1.904626e+01 -5.502613e+02 8.389369e+01
    endloop
  endfacet
  facet normal 8.846645e-01 4.662281e-01 1.881544e-11
    outer loop
      vertex -1.904626e+01 -5.502613e+02 8.389369e+01
      vertex -6.302806e-10 -5.864015e+02 1.104511e+02
      vertex -3.151941e-10 -5.864015e+02 9.563633e+01
    endloop
  endfacet
  facet normal 1.538735e-01 3.777546e-01 9.130303e-01
    outer loop
      vertex -1.904626e+01 -5.502613e+02 8.389369e+01
      vertex -3.151941e-10 -5.864015e+02 9.563633e+01
      vertex -1.010814e-13 -5.502613e+02 8.068381e+01
    endloop
  endfacet
  facet normal 1.000000e+00 3.189443e-11 9.816154e-11
    outer loop
      vertex -1.010814e-13 -5.502613e+02 8.068381e+01
      vertex -3.151941e-10 -5.864015e+02 9.563633e+01
      vertex -1.077202e-13 -5.864015e+02 9.242646e+01
    endloop
  endfacet
  facet normal -1.582620e-01 3.051225e-01 9.390705e-01
    outer loop
      vertex -1.010814e-13 -5.502613e+02 8.068381e+01
      vertex -1.077202e-13 -5.864015e+02 9.242646e+01
      vertex 1.904626e+01 -5.502613e+02 8.389369e+01
    endloop
  endfacet
  facet normal -8.846645e-01 4.662281e-01 8.684048e-11
    outer loop
      vertex 1.904626e+01 -5.502613e+02 8.389369e+01
      vertex -1.077202e-13 -5.864015e+02 9.242646e+01
      vertex 3.149787e-10 -5.864015e+02 9.563633e+01
    endloop
  endfacet
  facet normal -5.310928e-01 5.017421e-01 6.827849e-01
    outer loop
      vertex 1.904626e+01 -5.502613e+02 8.389369e+01
      vertex 3.149787e-10 -5.864015e+02 9.563633e+01
      vertex 3.809252e+01 -5.502613e+02 9.870850e+01
    endloop
  endfacet
  facet normal -6.882713e-01 7.254534e-01 1.463875e-11
    outer loop
      vertex 3.809252e+01 -5.502613e+02 9.870850e+01
      vertex 3.149787e-10 -5.864015e+02 9.563633e+01
      vertex 6.300651e-10 -5.864015e+02 1.104511e+02
    endloop
  endfacet
  facet normal -6.143669e-01 7.381338e-01 2.787685e-01
    outer loop
      vertex 3.809252e+01 -5.502613e+02 9.870850e+01
      vertex 6.300651e-10 -5.864015e+02 1.104511e+02
      vertex 5.713879e+01 -5.502613e+02 1.406838e+02
    endloop
  endfacet
  facet normal -5.345479e-01 8.451382e-01 4.012589e-12
    outer loop
      vertex 5.713879e+01 -5.502613e+02 1.406838e+02
      vertex 6.300651e-10 -5.864015e+02 1.104511e+02
      vertex 9.451516e-10 -5.864015e+02 1.524265e+02
    endloop
  endfacet
  facet normal 9.219770e-01 3.009895e-01 2.436467e-01
    outer loop
      vertex 1.340113e+02 -1.841867e+02 3.500000e+01
      vertex 1.442507e+02 -2.250572e+02 4.674265e+01
      vertex 1.423739e+02 -1.758242e+02 -6.975309e+00
    endloop
  endfacet
  facet normal 7.858158e-01 4.693681e-01 4.027247e-01
    outer loop
      vertex 1.423739e+02 -1.758242e+02 -6.975309e+00
      vertex 1.442507e+02 -2.250572e+02 4.674265e+01
      vertex 1.577185e+02 -2.115895e+02 4.767337e+00
    endloop
  endfacet
  facet normal 6.263310e-01 4.723356e-01 6.201682e-01
    outer loop
      vertex 1.423739e+02 -1.758242e+02 -6.975309e+00
      vertex 1.577185e+02 -2.115895e+02 4.767337e+00
      vertex 1.507365e+02 -1.674616e+02 -2.179012e+01
    endloop
  endfacet
  facet normal 3.365195e-01 5.240911e-01 7.823574e-01
    outer loop
      vertex 1.507365e+02 -1.674616e+02 -2.179012e+01
      vertex 1.577185e+02 -2.115895e+02 4.767337e+00
      vertex 1.711862e+02 -1.981217e+02 -1.004748e+01
    endloop
  endfacet
  facet normal 4.729191e-04 3.579349e-01 9.337464e-01
    outer loop
      vertex 1.507365e+02 -1.674616e+02 -2.179012e+01
      vertex 1.711862e+02 -1.981217e+02 -1.004748e+01
      vertex 1.590990e+02 -1.590990e+02 -2.500000e+01
    endloop
  endfacet
  facet normal -1.038460e-01 3.276624e-01 9.390705e-01
    outer loop
      vertex 1.590990e+02 -1.590990e+02 -2.500000e+01
      vertex 1.711862e+02 -1.981217e+02 -1.004748e+01
      vertex 1.846540e+02 -1.846540e+02 -1.325735e+01
    endloop
  endfacet
  facet normal -3.883060e-01 3.483996e-02 9.208717e-01
    outer loop
      vertex 1.590990e+02 -1.590990e+02 -2.500000e+01
      vertex 1.846540e+02 -1.846540e+02 -1.325735e+01
      vertex 1.674616e+02 -1.507365e+02 -2.179012e+01
    endloop
  endfacet
  facet normal -3.081378e-01 8.224565e-02 9.477799e-01
    outer loop
      vertex 1.674616e+02 -1.507365e+02 -2.179012e+01
      vertex 1.846540e+02 -1.846540e+02 -1.325735e+01
      vertex 1.981217e+02 -1.711862e+02 -1.004748e+01
    endloop
  endfacet
  facet normal -5.849248e-01 -5.191166e-01 6.232022e-01
    outer loop
      vertex 1.674616e+02 -1.507365e+02 -2.179012e+01
      vertex 1.981217e+02 -1.711862e+02 -1.004748e+01
      vertex 1.758242e+02 -1.423739e+02 -6.975309e+00
    endloop
  endfacet
  facet normal -4.420058e-01 -4.262218e-01 7.892819e-01
    outer loop
      vertex 1.758242e+02 -1.423739e+02 -6.975309e+00
      vertex 1.981217e+02 -1.711862e+02 -1.004748e+01
      vertex 2.115895e+02 -1.577185e+02 4.767337e+00
    endloop
  endfacet
  facet normal -4.515566e-01 -8.535187e-01 2.600049e-01
    outer loop
      vertex 1.758242e+02 -1.423739e+02 -6.975309e+00
      vertex 2.115895e+02 -1.577185e+02 4.767337e+00
      vertex 1.841867e+02 -1.340113e+02 3.500000e+01
    endloop
  endfacet
  facet normal -3.263876e-01 -8.645578e-01 3.821138e-01
    outer loop
      vertex 1.841867e+02 -1.340113e+02 3.500000e+01
      vertex 2.115895e+02 -1.577185e+02 4.767337e+00
      vertex 2.250572e+02 -1.442507e+02 4.674265e+01
    endloop
  endfacet
  facet normal 9.307128e-01 1.321837e-01 3.410294e-01
    outer loop
      vertex 1.442507e+02 -2.250572e+02 4.674265e+01
      vertex 1.468392e+02 -2.735786e+02 5.848529e+01
      vertex 1.577185e+02 -2.115895e+02 4.767337e+00
    endloop
  endfacet
  facet normal 7.548760e-01 3.488229e-01 5.554141e-01
    outer loop
      vertex 1.577185e+02 -2.115895e+02 4.767337e+00
      vertex 1.468392e+02 -2.735786e+02 5.848529e+01
      vertex 1.679625e+02 -2.524554e+02 1.650998e+01
    endloop
  endfacet
  facet normal 5.097482e-01 3.531971e-01 7.844798e-01
    outer loop
      vertex 1.577185e+02 -2.115895e+02 4.767337e+00
      vertex 1.679625e+02 -2.524554e+02 1.650998e+01
      vertex 1.711862e+02 -1.981217e+02 -1.004748e+01
    endloop
  endfacet
  facet normal 1.999662e-01 4.206633e-01 8.849045e-01
    outer loop
      vertex 1.711862e+02 -1.981217e+02 -1.004748e+01
      vertex 1.679625e+02 -2.524554e+02 1.650998e+01
      vertex 1.890857e+02 -2.313321e+02 1.695168e+00
    endloop
  endfacet
  facet normal -7.127920e-02 2.981428e-01 9.518561e-01
    outer loop
      vertex 1.711862e+02 -1.981217e+02 -1.004748e+01
      vertex 1.890857e+02 -2.313321e+02 1.695168e+00
      vertex 1.846540e+02 -1.846540e+02 -1.325735e+01
    endloop
  endfacet
  facet normal -1.454892e-01 2.892626e-01 9.461290e-01
    outer loop
      vertex 1.846540e+02 -1.846540e+02 -1.325735e+01
      vertex 1.890857e+02 -2.313321e+02 1.695168e+00
      vertex 2.102089e+02 -2.102089e+02 -1.514708e+00
    endloop
  endfacet
  facet normal -3.276624e-01 1.038460e-01 9.390705e-01
    outer loop
      vertex 1.846540e+02 -1.846540e+02 -1.325735e+01
      vertex 2.102089e+02 -2.102089e+02 -1.514708e+00
      vertex 1.981217e+02 -1.711862e+02 -1.004748e+01
    endloop
  endfacet
  facet normal -2.701422e-01 1.250721e-01 9.546623e-01
    outer loop
      vertex 1.981217e+02 -1.711862e+02 -1.004748e+01
      vertex 2.102089e+02 -2.102089e+02 -1.514708e+00
      vertex 2.313321e+02 -1.890857e+02 1.695168e+00
    endloop
  endfacet
  facet normal -4.841643e-01 -3.818417e-01 7.872622e-01
    outer loop
      vertex 1.981217e+02 -1.711862e+02 -1.004748e+01
      vertex 2.313321e+02 -1.890857e+02 1.695168e+00
      vertex 2.115895e+02 -1.577185e+02 4.767337e+00
    endloop
  endfacet
  facet normal -3.316645e-01 -2.964686e-01 8.956032e-01
    outer loop
      vertex 2.115895e+02 -1.577185e+02 4.767337e+00
      vertex 2.313321e+02 -1.890857e+02 1.695168e+00
      vertex 2.524554e+02 -1.679625e+02 1.650998e+01
    endloop
  endfacet
  facet normal -3.265121e-01 -8.645011e-01 3.821356e-01
    outer loop
      vertex 2.115895e+02 -1.577185e+02 4.767337e+00
      vertex 2.524554e+02 -1.679625e+02 1.650998e+01
      vertex 2.250572e+02 -1.442507e+02 4.674265e+01
    endloop
  endfacet
  facet normal -1.682961e-01 -8.439247e-01 5.093796e-01
    outer loop
      vertex 2.250572e+02 -1.442507e+02 4.674265e+01
      vertex 2.524554e+02 -1.679625e+02 1.650998e+01
      vertex 2.735786e+02 -1.468392e+02 5.848529e+01
    endloop
  endfacet
  facet normal 7.632539e-01 3.348124e-01 5.525796e-01
    outer loop
      vertex 1.468392e+02 -2.735786e+02 5.848529e+01
      vertex 1.565140e+02 -3.150138e+02 7.022794e+01
      vertex 1.679625e+02 -2.524554e+02 1.650998e+01
    endloop
  endfacet
  facet normal 5.916986e-01 4.601235e-01 6.619510e-01
    outer loop
      vertex 1.679625e+02 -2.524554e+02 1.650998e+01
      vertex 1.565140e+02 -3.150138e+02 7.022794e+01
      vertex 1.829306e+02 -2.885971e+02 2.825263e+01
    endloop
  endfacet
  facet normal 2.371291e-01 3.876304e-01 8.907931e-01
    outer loop
      vertex 1.679625e+02 -2.524554e+02 1.650998e+01
      vertex 1.829306e+02 -2.885971e+02 2.825263e+01
      vertex 1.890857e+02 -2.313321e+02 1.695168e+00
    endloop
  endfacet
  facet normal 9.859971e-02 4.099305e-01 9.067718e-01
    outer loop
      vertex 1.890857e+02 -2.313321e+02 1.695168e+00
      vertex 1.829306e+02 -2.885971e+02 2.825263e+01
      vertex 2.093472e+02 -2.621805e+02 1.343781e+01
    endloop
  endfacet
  facet normal -1.314229e-01 2.761037e-01 9.521002e-01
    outer loop
      vertex 1.890857e+02 -2.313321e+02 1.695168e+00
      vertex 2.093472e+02 -2.621805e+02 1.343781e+01
      vertex 2.102089e+02 -2.102089e+02 -1.514708e+00
    endloop
  endfacet
  facet normal -1.601928e-01 2.753715e-01 9.478971e-01
    outer loop
      vertex 2.102089e+02 -2.102089e+02 -1.514708e+00
      vertex 2.093472e+02 -2.621805e+02 1.343781e+01
      vertex 2.357639e+02 -2.357639e+02 1.022794e+01
    endloop
  endfacet
  facet normal -2.892626e-01 1.454892e-01 9.461290e-01
    outer loop
      vertex 2.102089e+02 -2.102089e+02 -1.514708e+00
      vertex 2.357639e+02 -2.357639e+02 1.022794e+01
      vertex 2.313321e+02 -1.890857e+02 1.695168e+00
    endloop
  endfacet
  facet normal -2.647840e-01 1.490188e-01 9.527239e-01
    outer loop
      vertex 2.313321e+02 -1.890857e+02 1.695168e+00
      vertex 2.357639e+02 -2.357639e+02 1.022794e+01
      vertex 2.621805e+02 -2.093472e+02 1.343781e+01
    endloop
  endfacet
  facet normal -4.461660e-01 -1.700713e-01 8.786419e-01
    outer loop
      vertex 2.313321e+02 -1.890857e+02 1.695168e+00
      vertex 2.621805e+02 -2.093472e+02 1.343781e+01
      vertex 2.524554e+02 -1.679625e+02 1.650998e+01
    endloop
  endfacet
  facet normal -3.622313e-01 -1.533716e-01 9.193833e-01
    outer loop
      vertex 2.524554e+02 -1.679625e+02 1.650998e+01
      vertex 2.621805e+02 -2.093472e+02 1.343781e+01
      vertex 2.885971e+02 -1.829306e+02 2.825263e+01
    endloop
  endfacet
  facet normal -4.655087e-01 -6.741030e-01 5.734865e-01
    outer loop
      vertex 2.524554e+02 -1.679625e+02 1.650998e+01
      vertex 2.885971e+02 -1.829306e+02 2.825263e+01
      vertex 2.735786e+02 -1.468392e+02 5.848529e+01
    endloop
  endfacet
  facet normal -3.423324e-01 -6.829693e-01 6.452607e-01
    outer loop
      vertex 2.735786e+02 -1.468392e+02 5.848529e+01
      vertex 2.885971e+02 -1.829306e+02 2.825263e+01
      vertex 3.150138e+02 -1.565140e+02 7.022794e+01
    endloop
  endfacet
  facet normal 5.707478e-01 4.836511e-01 6.635726e-01
    outer loop
      vertex 1.565140e+02 -3.150138e+02 7.022794e+01
      vertex 1.725679e+02 -3.500697e+02 8.197058e+01
      vertex 1.829306e+02 -2.885971e+02 2.825263e+01
    endloop
  endfacet
  facet normal 4.620921e-01 5.381021e-01 7.049234e-01
    outer loop
      vertex 1.829306e+02 -2.885971e+02 2.825263e+01
      vertex 1.725679e+02 -3.500697e+02 8.197058e+01
      vertex 2.021515e+02 -3.204861e+02 3.999527e+01
    endloop
  endfacet
  facet normal 1.092945e-01 4.008279e-01 9.096108e-01
    outer loop
      vertex 1.829306e+02 -2.885971e+02 2.825263e+01
      vertex 2.021515e+02 -3.204861e+02 3.999527e+01
      vertex 2.093472e+02 -2.621805e+02 1.343781e+01
    endloop
  endfacet
  facet normal 4.707894e-02 4.092360e-01 9.112132e-01
    outer loop
      vertex 2.093472e+02 -2.621805e+02 1.343781e+01
      vertex 2.021515e+02 -3.204861e+02 3.999527e+01
      vertex 2.317352e+02 -2.909024e+02 2.518046e+01
    endloop
  endfacet
  facet normal -1.535259e-01 2.690584e-01 9.508088e-01
    outer loop
      vertex 2.093472e+02 -2.621805e+02 1.343781e+01
      vertex 2.317352e+02 -2.909024e+02 2.518046e+01
      vertex 2.357639e+02 -2.357639e+02 1.022794e+01
    endloop
  endfacet
  facet normal -1.664698e-01 2.693875e-01 9.485348e-01
    outer loop
      vertex 2.357639e+02 -2.357639e+02 1.022794e+01
      vertex 2.317352e+02 -2.909024e+02 2.518046e+01
      vertex 2.613188e+02 -2.613188e+02 2.197058e+01
    endloop
  endfacet
  facet normal -2.753715e-01 1.601928e-01 9.478971e-01
    outer loop
      vertex 2.357639e+02 -2.357639e+02 1.022794e+01
      vertex 2.613188e+02 -2.613188e+02 2.197058e+01
      vertex 2.621805e+02 -2.093472e+02 1.343781e+01
    endloop
  endfacet
  facet normal -2.637336e-01 1.605328e-01 9.511434e-01
    outer loop
      vertex 2.621805e+02 -2.093472e+02 1.343781e+01
      vertex 2.613188e+02 -2.613188e+02 2.197058e+01
      vertex 2.909024e+02 -2.317352e+02 2.518046e+01
    endloop
  endfacet
  facet normal -4.280869e-01 -7.690342e-02 9.004596e-01
    outer loop
      vertex 2.621805e+02 -2.093472e+02 1.343781e+01
      vertex 2.909024e+02 -2.317352e+02 2.518046e+01
      vertex 2.885971e+02 -1.829306e+02 2.825263e+01
    endloop
  endfacet
  facet normal -3.846089e-01 -7.607593e-02 9.199394e-01
    outer loop
      vertex 2.885971e+02 -1.829306e+02 2.825263e+01
      vertex 2.909024e+02 -2.317352e+02 2.518046e+01
      vertex 3.204861e+02 -2.021515e+02 3.999527e+01
    endloop
  endfacet
  facet normal -5.497686e-01 -5.061325e-01 6.645181e-01
    outer loop
      vertex 2.885971e+02 -1.829306e+02 2.825263e+01
      vertex 3.204861e+02 -2.021515e+02 3.999527e+01
      vertex 3.150138e+02 -1.565140e+02 7.022794e+01
    endloop
  endfacet
  facet normal -4.765401e-01 -5.245251e-01 7.055373e-01
    outer loop
      vertex 3.150138e+02 -1.565140e+02 7.022794e+01
      vertex 3.204861e+02 -2.021515e+02 3.999527e+01
      vertex 3.500697e+02 -1.725679e+02 8.197058e+01
    endloop
  endfacet
  facet normal 3.968621e-01 5.949095e-01 6.989873e-01
    outer loop
      vertex 1.725679e+02 -3.500697e+02 8.197058e+01
      vertex 1.949499e+02 -3.787976e+02 9.371323e+01
      vertex 2.021515e+02 -3.204861e+02 3.999527e+01
    endloop
  endfacet
  facet normal 3.621242e-01 6.069728e-01 7.074250e-01
    outer loop
      vertex 2.021515e+02 -3.204861e+02 3.999527e+01
      vertex 1.949499e+02 -3.787976e+02 9.371323e+01
      vertex 2.255912e+02 -3.481563e+02 5.173792e+01
    endloop
  endfacet
  facet normal 3.755859e-02 4.171727e-01 9.080508e-01
    outer loop
      vertex 2.021515e+02 -3.204861e+02 3.999527e+01
      vertex 2.255912e+02 -3.481563e+02 5.173792e+01
      vertex 2.317352e+02 -2.909024e+02 2.518046e+01
    endloop
  endfacet
  facet normal 1.996991e-02 4.189410e-01 9.077938e-01
    outer loop
      vertex 2.317352e+02 -2.909024e+02 2.518046e+01
      vertex 2.255912e+02 -3.481563e+02 5.173792e+01
      vertex 2.562324e+02 -3.175150e+02 3.692311e+01
    endloop
  endfacet
  facet normal -1.644920e-01 2.675049e-01 9.494122e-01
    outer loop
      vertex 2.317352e+02 -2.909024e+02 2.518046e+01
      vertex 2.562324e+02 -3.175150e+02 3.692311e+01
      vertex 2.613188e+02 -2.613188e+02 2.197058e+01
    endloop
  endfacet
  facet normal -1.682762e-01 2.676593e-01 9.487052e-01
    outer loop
      vertex 2.613188e+02 -2.613188e+02 2.197058e+01
      vertex 2.562324e+02 -3.175150e+02 3.692311e+01
      vertex 2.868737e+02 -2.868737e+02 3.371323e+01
    endloop
  endfacet
  facet normal -2.693875e-01 1.664698e-01 9.485348e-01
    outer loop
      vertex 2.613188e+02 -2.613188e+02 2.197058e+01
      vertex 2.868737e+02 -2.868737e+02 3.371323e+01
      vertex 2.909024e+02 -2.317352e+02 2.518046e+01
    endloop
  endfacet
  facet normal -2.658400e-01 1.663681e-01 9.495529e-01
    outer loop
      vertex 2.909024e+02 -2.317352e+02 2.518046e+01
      vertex 2.868737e+02 -2.868737e+02 3.371323e+01
      vertex 3.175150e+02 -2.562324e+02 3.692311e+01
    endloop
  endfacet
  facet normal -4.250297e-01 -2.804598e-02 9.047448e-01
    outer loop
      vertex 2.909024e+02 -2.317352e+02 2.518046e+01
      vertex 3.175150e+02 -2.562324e+02 3.692311e+01
      vertex 3.204861e+02 -2.021515e+02 3.999527e+01
    endloop
  endfacet
  facet normal -4.113174e-01 -2.915609e-02 9.110257e-01
    outer loop
      vertex 3.204861e+02 -2.021515e+02 3.999527e+01
      vertex 3.175150e+02 -2.562324e+02 3.692311e+01
      vertex 3.481563e+02 -2.255912e+02 5.173792e+01
    endloop
  endfacet
  facet normal -6.126907e-01 -3.746616e-01 6.958727e-01
    outer loop
      vertex 3.204861e+02 -2.021515e+02 3.999527e+01
      vertex 3.481563e+02 -2.255912e+02 5.173792e+01
      vertex 3.500697e+02 -1.725679e+02 8.197058e+01
    endloop
  endfacet
  facet normal -5.895824e-01 -3.839131e-01 7.106359e-01
    outer loop
      vertex 3.500697e+02 -1.725679e+02 8.197058e+01
      vertex 3.481563e+02 -2.255912e+02 5.173792e+01
      vertex 3.787976e+02 -1.949499e+02 9.371323e+01
    endloop
  endfacet
  facet normal 2.532357e-01 6.839710e-01 6.841457e-01
    outer loop
      vertex 1.949499e+02 -3.787976e+02 9.371323e+01
      vertex 2.236778e+02 -4.011796e+02 1.054559e+02
      vertex 2.255912e+02 -3.481563e+02 5.173792e+01
    endloop
  endfacet
  facet normal 2.855655e-01 6.769534e-01 6.783704e-01
    outer loop
      vertex 2.255912e+02 -3.481563e+02 5.173792e+01
      vertex 2.236778e+02 -4.011796e+02 1.054559e+02
      vertex 2.532614e+02 -3.715960e+02 6.348057e+01
    endloop
  endfacet
  facet normal -7.195252e-03 4.410959e-01 8.974311e-01
    outer loop
      vertex 2.255912e+02 -3.481563e+02 5.173792e+01
      vertex 2.532614e+02 -3.715960e+02 6.348057e+01
      vertex 2.562324e+02 -3.175150e+02 3.692311e+01
    endloop
  endfacet
  facet normal 9.222611e-03 4.403618e-01 8.977730e-01
    outer loop
      vertex 2.562324e+02 -3.175150e+02 3.692311e+01
      vertex 2.532614e+02 -3.715960e+02 6.348057e+01
      vertex 2.828451e+02 -3.420123e+02 4.866575e+01
    endloop
  endfacet
  facet normal -1.701796e-01 2.694733e-01 9.478518e-01
    outer loop
      vertex 2.562324e+02 -3.175150e+02 3.692311e+01
      vertex 2.828451e+02 -3.420123e+02 4.866575e+01
      vertex 2.868737e+02 -2.868737e+02 3.371323e+01
    endloop
  endfacet
  facet normal -1.664698e-01 2.693875e-01 9.485348e-01
    outer loop
      vertex 2.868737e+02 -2.868737e+02 3.371323e+01
      vertex 2.828451e+02 -3.420123e+02 4.866575e+01
      vertex 3.124287e+02 -3.124287e+02 4.545587e+01
    endloop
  endfacet
  facet normal -2.676593e-01 1.682762e-01 9.487052e-01
    outer loop
      vertex 2.868737e+02 -2.868737e+02 3.371323e+01
      vertex 3.124287e+02 -3.124287e+02 4.545587e+01
      vertex 3.175150e+02 -2.562324e+02 3.692311e+01
    endloop
  endfacet
  facet normal -2.712643e-01 1.684425e-01 9.476512e-01
    outer loop
      vertex 3.175150e+02 -2.562324e+02 3.692311e+01
      vertex 3.124287e+02 -3.124287e+02 4.545587e+01
      vertex 3.420123e+02 -2.828451e+02 4.866575e+01
    endloop
  endfacet
  facet normal -4.338315e-01 -1.790893e-03 9.009922e-01
    outer loop
      vertex 3.175150e+02 -2.562324e+02 3.692311e+01
      vertex 3.420123e+02 -2.828451e+02 4.866575e+01
      vertex 3.481563e+02 -2.255912e+02 5.173792e+01
    endloop
  endfacet
  facet normal -4.478341e-01 8.068352e-05 8.941167e-01
    outer loop
      vertex 3.481563e+02 -2.255912e+02 5.173792e+01
      vertex 3.420123e+02 -2.828451e+02 4.866575e+01
      vertex 3.715960e+02 -2.532614e+02 6.348057e+01
    endloop
  endfacet
  facet normal -6.699427e-01 -2.748314e-01 6.896698e-01
    outer loop
      vertex 3.481563e+02 -2.255912e+02 5.173792e+01
      vertex 3.715960e+02 -2.532614e+02 6.348057e+01
      vertex 3.787976e+02 -1.949499e+02 9.371323e+01
    endloop
  endfacet
  facet normal -6.912317e-01 -2.634973e-01 6.728802e-01
    outer loop
      vertex 3.787976e+02 -1.949499e+02 9.371323e+01
      vertex 3.715960e+02 -2.532614e+02 6.348057e+01
      vertex 4.011796e+02 -2.236778e+02 1.054559e+02
    endloop
  endfacet
  facet normal 1.367339e-01 7.617701e-01 6.332536e-01
    outer loop
      vertex 2.236778e+02 -4.011796e+02 1.054559e+02
      vertex 2.587337e+02 -4.172335e+02 1.171985e+02
      vertex 2.532614e+02 -3.715960e+02 6.348057e+01
    endloop
  endfacet
  facet normal 2.269538e-01 7.534982e-01 6.170352e-01
    outer loop
      vertex 2.532614e+02 -3.715960e+02 6.348057e+01
      vertex 2.587337e+02 -4.172335e+02 1.171985e+02
      vertex 2.851504e+02 -3.908169e+02 7.522321e+01
    endloop
  endfacet
  facet normal -3.639250e-02 4.763316e-01 8.785123e-01
    outer loop
      vertex 2.532614e+02 -3.715960e+02 6.348057e+01
      vertex 2.851504e+02 -3.908169e+02 7.522321e+01
      vertex 2.828451e+02 -3.420123e+02 4.866575e+01
    endloop
  endfacet
  facet normal 1.396339e-02 4.784372e-01 8.780107e-01
    outer loop
      vertex 2.828451e+02 -3.420123e+02 4.866575e+01
      vertex 2.851504e+02 -3.908169e+02 7.522321e+01
      vertex 3.115670e+02 -3.644003e+02 6.040840e+01
    endloop
  endfacet
  facet normal -1.723616e-01 2.749903e-01 9.458709e-01
    outer loop
      vertex 2.828451e+02 -3.420123e+02 4.866575e+01
      vertex 3.115670e+02 -3.644003e+02 6.040840e+01
      vertex 3.124287e+02 -3.124287e+02 4.545587e+01
    endloop
  endfacet
  facet normal -1.601928e-01 2.753715e-01 9.478971e-01
    outer loop
      vertex 3.124287e+02 -3.124287e+02 4.545587e+01
      vertex 3.115670e+02 -3.644003e+02 6.040840e+01
      vertex 3.379836e+02 -3.379836e+02 5.719852e+01
    endloop
  endfacet
  facet normal -2.693875e-01 1.664698e-01 9.485348e-01
    outer loop
      vertex 3.124287e+02 -3.124287e+02 4.545587e+01
      vertex 3.379836e+02 -3.379836e+02 5.719852e+01
      vertex 3.420123e+02 -2.828451e+02 4.866575e+01
    endloop
  endfacet
  facet normal -2.816201e-01 1.668036e-01 9.449162e-01
    outer loop
      vertex 3.420123e+02 -2.828451e+02 4.866575e+01
      vertex 3.379836e+02 -3.379836e+02 5.719852e+01
      vertex 3.644003e+02 -3.115670e+02 6.040840e+01
    endloop
  endfacet
  facet normal -4.551346e-01 9.255165e-03 8.903746e-01
    outer loop
      vertex 3.420123e+02 -2.828451e+02 4.866575e+01
      vertex 3.644003e+02 -3.115670e+02 6.040840e+01
      vertex 3.715960e+02 -2.532614e+02 6.348057e+01
    endloop
  endfacet
  facet normal -5.014320e-01 1.630360e-02 8.650434e-01
    outer loop
      vertex 3.715960e+02 -2.532614e+02 6.348057e+01
      vertex 3.644003e+02 -3.115670e+02 6.040840e+01
      vertex 3.908169e+02 -2.851504e+02 7.522321e+01
    endloop
  endfacet
  facet normal -7.296013e-01 -1.988148e-01 6.543352e-01
    outer loop
      vertex 3.715960e+02 -2.532614e+02 6.348057e+01
      vertex 3.908169e+02 -2.851504e+02 7.522321e+01
      vertex 4.011796e+02 -2.236778e+02 1.054559e+02
    endloop
  endfacet
  facet normal -7.866667e-01 -1.605701e-01 5.961315e-01
    outer loop
      vertex 4.011796e+02 -2.236778e+02 1.054559e+02
      vertex 3.908169e+02 -2.851504e+02 7.522321e+01
      vertex 4.172335e+02 -2.587337e+02 1.171985e+02
    endloop
  endfacet
  facet normal 3.904500e-02 8.344387e-01 5.497159e-01
    outer loop
      vertex 2.587337e+02 -4.172335e+02 1.171985e+02
      vertex 3.001689e+02 -4.269082e+02 1.289412e+02
      vertex 2.851504e+02 -3.908169e+02 7.522321e+01
    endloop
  endfacet
  facet normal 1.807489e-01 8.390307e-01 5.131834e-01
    outer loop
      vertex 2.851504e+02 -3.908169e+02 7.522321e+01
      vertex 3.001689e+02 -4.269082e+02 1.289412e+02
      vertex 3.212921e+02 -4.057850e+02 8.696586e+01
    endloop
  endfacet
  facet normal -5.543562e-02 5.299905e-01 8.461896e-01
    outer loop
      vertex 2.851504e+02 -3.908169e+02 7.522321e+01
      vertex 3.212921e+02 -4.057850e+02 8.696586e+01
      vertex 3.115670e+02 -3.644003e+02 6.040840e+01
    endloop
  endfacet
  facet normal 4.039418e-02 5.463462e-01 8.365848e-01
    outer loop
      vertex 3.115670e+02 -3.644003e+02 6.040840e+01
      vertex 3.212921e+02 -4.057850e+02 8.696586e+01
      vertex 3.424154e+02 -3.846618e+02 7.215104e+01
    endloop
  endfacet
  facet normal -1.712102e-01 2.857789e-01 9.428772e-01
    outer loop
      vertex 3.115670e+02 -3.644003e+02 6.040840e+01
      vertex 3.424154e+02 -3.846618e+02 7.215104e+01
      vertex 3.379836e+02 -3.379836e+02 5.719852e+01
    endloop
  endfacet
  facet normal -1.454892e-01 2.892626e-01 9.461290e-01
    outer loop
      vertex 3.379836e+02 -3.379836e+02 5.719852e+01
      vertex 3.424154e+02 -3.846618e+02 7.215104e+01
      vertex 3.635386e+02 -3.635386e+02 6.894117e+01
    endloop
  endfacet
  facet normal -2.753715e-01 1.601928e-01 9.478971e-01
    outer loop
      vertex 3.379836e+02 -3.379836e+02 5.719852e+01
      vertex 3.635386e+02 -3.635386e+02 6.894117e+01
      vertex 3.644003e+02 -3.115670e+02 6.040840e+01
    endloop
  endfacet
  facet normal -3.021369e-01 1.593166e-01 9.398572e-01
    outer loop
      vertex 3.644003e+02 -3.115670e+02 6.040840e+01
      vertex 3.635386e+02 -3.635386e+02 6.894117e+01
      vertex 3.846618e+02 -3.424154e+02 7.215104e+01
    endloop
  endfacet
  facet normal -4.940393e-01 6.458895e-03 8.694156e-01
    outer loop
      vertex 3.644003e+02 -3.115670e+02 6.040840e+01
      vertex 3.846618e+02 -3.424154e+02 7.215104e+01
      vertex 3.908169e+02 -2.851504e+02 7.522321e+01
    endloop
  endfacet
  facet normal -5.872279e-01 1.970668e-02 8.091817e-01
    outer loop
      vertex 3.908169e+02 -2.851504e+02 7.522321e+01
      vertex 3.846618e+02 -3.424154e+02 7.215104e+01
      vertex 4.057850e+02 -3.212921e+02 8.696586e+01
    endloop
  endfacet
  facet normal -7.964989e-01 -1.386548e-01 5.885272e-01
    outer loop
      vertex 3.908169e+02 -2.851504e+02 7.522321e+01
      vertex 4.057850e+02 -3.212921e+02 8.696586e+01
      vertex 4.172335e+02 -2.587337e+02 1.171985e+02
    endloop
  endfacet
  facet normal -8.765694e-01 -6.971662e-02 4.761992e-01
    outer loop
      vertex 4.172335e+02 -2.587337e+02 1.171985e+02
      vertex 4.057850e+02 -3.212921e+02 8.696586e+01
      vertex 4.269082e+02 -3.001689e+02 1.289412e+02
    endloop
  endfacet
  facet normal -5.507692e-02 9.027694e-01 4.265840e-01
    outer loop
      vertex 3.001689e+02 -4.269082e+02 1.289412e+02
      vertex 3.486903e+02 -4.294967e+02 1.406838e+02
      vertex 3.212921e+02 -4.057850e+02 8.696586e+01
    endloop
  endfacet
  facet normal 1.349533e-01 9.300654e-01 3.417103e-01
    outer loop
      vertex 3.212921e+02 -4.057850e+02 8.696586e+01
      vertex 3.486903e+02 -4.294967e+02 1.406838e+02
      vertex 3.621580e+02 -4.160290e+02 9.870850e+01
    endloop
  endfacet
  facet normal -6.978968e-02 6.186438e-01 7.825658e-01
    outer loop
      vertex 3.212921e+02 -4.057850e+02 8.696586e+01
      vertex 3.621580e+02 -4.160290e+02 9.870850e+01
      vertex 3.424154e+02 -3.846618e+02 7.215104e+01
    endloop
  endfacet
  facet normal 1.123242e-01 6.823112e-01 7.223813e-01
    outer loop
      vertex 3.424154e+02 -3.846618e+02 7.215104e+01
      vertex 3.621580e+02 -4.160290e+02 9.870850e+01
      vertex 3.756258e+02 -4.025613e+02 8.389369e+01
    endloop
  endfacet
  facet normal -1.654069e-01 3.077880e-01 9.369670e-01
    outer loop
      vertex 3.424154e+02 -3.846618e+02 7.215104e+01
      vertex 3.756258e+02 -4.025613e+02 8.389369e+01
      vertex 3.635386e+02 -3.635386e+02 6.894117e+01
    endloop
  endfacet
  facet normal -1.038460e-01 3.276624e-01 9.390705e-01
    outer loop
      vertex 3.635386e+02 -3.635386e+02 6.894117e+01
      vertex 3.756258e+02 -4.025613e+02 8.389369e+01
      vertex 3.890935e+02 -3.890935e+02 8.068381e+01
    endloop
  endfacet
  facet normal -2.892626e-01 1.454892e-01 9.461290e-01
    outer loop
      vertex 3.635386e+02 -3.635386e+02 6.894117e+01
      vertex 3.890935e+02 -3.890935e+02 8.068381e+01
      vertex 3.846618e+02 -3.424154e+02 7.215104e+01
    endloop
  endfacet
  facet normal -3.556841e-01 1.352775e-01 9.247642e-01
    outer loop
      vertex 3.846618e+02 -3.424154e+02 7.215104e+01
      vertex 3.890935e+02 -3.890935e+02 8.068381e+01
      vertex 4.025613e+02 -3.756258e+02 8.389369e+01
    endloop
  endfacet
  facet normal -5.653489e-01 -1.308978e-02 8.247480e-01
    outer loop
      vertex 3.846618e+02 -3.424154e+02 7.215104e+01
      vertex 4.025613e+02 -3.756258e+02 8.389369e+01
      vertex 4.057850e+02 -3.212921e+02 8.696586e+01
    endloop
  endfacet
  facet normal -7.427360e-01 6.210072e-03 6.695555e-01
    outer loop
      vertex 4.057850e+02 -3.212921e+02 8.696586e+01
      vertex 4.025613e+02 -3.756258e+02 8.389369e+01
      vertex 4.160290e+02 -3.621580e+02 9.870850e+01
    endloop
  endfacet
  facet normal -8.733910e-01 -8.093859e-02 4.802470e-01
    outer loop
      vertex 4.057850e+02 -3.212921e+02 8.696586e+01
      vertex 4.160290e+02 -3.621580e+02 9.870850e+01
      vertex 4.269082e+02 -3.001689e+02 1.289412e+02
    endloop
  endfacet
  facet normal -9.539561e-01 2.151176e-02 2.991739e-01
    outer loop
      vertex 4.269082e+02 -3.001689e+02 1.289412e+02
      vertex 4.160290e+02 -3.621580e+02 9.870850e+01
      vertex 4.294967e+02 -3.486903e+02 1.406838e+02
    endloop
  endfacet
  facet normal -2.515398e-01 9.421415e-01 2.215789e-01
    outer loop
      vertex 3.486903e+02 -4.294967e+02 1.406838e+02
      vertex 4.146485e+02 -4.146485e+02 1.524265e+02
      vertex 3.621580e+02 -4.160290e+02 9.870850e+01
    endloop
  endfacet
  facet normal -2.629168e-02 9.996543e-01 5.167102e-12
    outer loop
      vertex 3.621580e+02 -4.160290e+02 9.870850e+01
      vertex 4.146485e+02 -4.146485e+02 1.524265e+02
      vertex 4.146485e+02 -4.146485e+02 1.104511e+02
    endloop
  endfacet
  facet normal -1.519572e-01 7.961898e-01 5.856541e-01
    outer loop
      vertex 3.621580e+02 -4.160290e+02 9.870850e+01
      vertex 4.146485e+02 -4.146485e+02 1.104511e+02
      vertex 3.756258e+02 -4.025613e+02 8.389369e+01
    endloop
  endfacet
  facet normal 2.958792e-01 9.552254e-01 1.881281e-11
    outer loop
      vertex 3.756258e+02 -4.025613e+02 8.389369e+01
      vertex 4.146485e+02 -4.146485e+02 1.104511e+02
      vertex 4.146485e+02 -4.146485e+02 9.563633e+01
    endloop
  endfacet
  facet normal -1.583078e-01 3.759178e-01 9.130303e-01
    outer loop
      vertex 3.756258e+02 -4.025613e+02 8.389369e+01
      vertex 4.146485e+02 -4.146485e+02 9.563633e+01
      vertex 3.890935e+02 -3.890935e+02 8.068381e+01
    endloop
  endfacet
  facet normal 7.071068e-01 7.071068e-01 9.817380e-11
    outer loop
      vertex 3.890935e+02 -3.890935e+02 8.068381e+01
      vertex 4.146485e+02 -4.146485e+02 9.563633e+01
      vertex 4.146485e+02 -4.146485e+02 9.242646e+01
    endloop
  endfacet
  facet normal -3.276624e-01 1.038460e-01 9.390705e-01
    outer loop
      vertex 3.890935e+02 -3.890935e+02 8.068381e+01
      vertex 4.146485e+02 -4.146485e+02 9.242646e+01
      vertex 4.025613e+02 -3.756258e+02 8.389369e+01
    endloop
  endfacet
  facet normal -9.552254e-01 -2.958792e-01 8.685045e-11
    outer loop
      vertex 4.025613e+02 -3.756258e+02 8.389369e+01
      vertex 4.146485e+02 -4.146485e+02 9.242646e+01
      vertex 4.146485e+02 -4.146485e+02 9.563633e+01
    endloop
  endfacet
  facet normal -7.303246e-01 -2.075406e-02 6.827849e-01
    outer loop
      vertex 4.025613e+02 -3.756258e+02 8.389369e+01
      vertex 4.146485e+02 -4.146485e+02 9.563633e+01
      vertex 4.160290e+02 -3.621580e+02 9.870850e+01
    endloop
  endfacet
  facet normal -9.996543e-01 2.629168e-02 1.463640e-11
    outer loop
      vertex 4.160290e+02 -3.621580e+02 9.870850e+01
      vertex 4.146485e+02 -4.146485e+02 9.563633e+01
      vertex 4.146485e+02 -4.146485e+02 1.104511e+02
    endloop
  endfacet
  facet normal -9.563624e-01 8.751643e-02 2.787685e-01
    outer loop
      vertex 4.160290e+02 -3.621580e+02 9.870850e+01
      vertex 4.146485e+02 -4.146485e+02 1.104511e+02
      vertex 4.294967e+02 -3.486903e+02 1.406838e+02
    endloop
  endfacet
  facet normal -9.755854e-01 2.196205e-01 4.013029e-12
    outer loop
      vertex 4.294967e+02 -3.486903e+02 1.406838e+02
      vertex 4.146485e+02 -4.146485e+02 1.104511e+02
      vertex 4.146485e+02 -4.146485e+02 1.524265e+02
    endloop
  endfacet
endsolid tinaco_rainwater_collector
