ISO-10303-21;
HEADER;
FILE_DESCRIPTION(('Parametric CAD Model', 'Faceted B-Rep Solid'), '2;1');
FILE_NAME('tinaco_adapter.step', '2026-09-09T15:19:05Z', ('Automated CAD Generator'), ('CDMX Rooftop Water Initiative'), 'Parametric Engine 2.0', 'Open CAD Suite', '');
FILE_SCHEMA(('CONFIG_CONTROL_DESIGN'));
ENDSEC;
DATA;
#1 = APPLICATION_CONTEXT('configuration controlled 3d designs of mechanical parts and assemblies');
#2 = APPLICATION_PROTOCOL_DEFINITION('international standard', 'config_control_design', 1994, #1);
#3 = PRODUCT('tinaco_adapter', 'tinaco_adapter', 'Flower-Shaped Rainwater Collector Component', (#4));
#4 = PRODUCT_CONTEXT('', #1, 'mechanical');
#5 = PRODUCT_DEFINITION_FORMATION('1', 'First Revision', #3);
#6 = PRODUCT_DEFINITION_CONTEXT('part definition', #1, 'design');
#7 = PRODUCT_DEFINITION('design', 'Complete Component Model', #5, #6);
#8 = PRODUCT_DEFINITION_SHAPE('shape representation', '', #7);
#9 = CARTESIAN_POINT('origin', (0., 0., 0.));
#10 = DIRECTION('dir_z', (0., 0., 1.));
#11 = DIRECTION('dir_x', (1., 0., 0.));
#12 = AXIS2_PLACEMENT_3D('placement', #9, #10, #11);
#13 = UNCERTAINTY_MEASURE_WITH_UNIT(LENGTH_MEASURE(1.E-05), #17, 'closure', 'Maximum tolerance');
#14 = (GEOMETRIC_REPRESENTATION_CONTEXT(3) GLOBAL_UNCERTAINTY_ASSIGNED_CONTEXT((#13)) GLOBAL_UNIT_ASSIGNED_CONTEXT((#17, #18, #19)) REPRESENTATION_CONTEXT('3D', '3D Workspace Context'));
#15 = SI_UNIT(.MILLI., .METRE.);
#16 = LENGTH_UNIT();
#17 = (CONVERSION_BASED_UNIT('MILLIMETRE', #20) LENGTH_UNIT() NAMED_UNIT(#21));
#18 = (NAMED_UNIT(#22) PLANE_ANGLE_UNIT() SI_UNIT($, .RADIAN.));
#19 = (NAMED_UNIT(#22) SOLID_ANGLE_UNIT() SI_UNIT($, .STERADIAN.));
#20 = LENGTH_MEASURE_WITH_UNIT(LENGTH_MEASURE(1.E-03), #15);
#21 = DIMENSIONAL_EXPOSITIONS(1., 0., 0., 0., 0., 0., 0.);
#22 = DIMENSIONAL_EXPOSITIONS(0., 0., 0., 0., 0., 0., 0.);
#31 = CARTESIAN_POINT('', (250.0000, 0.0000, -300.0000));
#30 = VERTEX_POINT('', #31);
#33 = CARTESIAN_POINT('', (248.7962, 24.5043, -300.0000));
#32 = VERTEX_POINT('', #33);
#35 = CARTESIAN_POINT('', (245.1963, 48.7726, -300.0000));
#34 = VERTEX_POINT('', #35);
#37 = CARTESIAN_POINT('', (239.2351, 72.5712, -300.0000));
#36 = VERTEX_POINT('', #37);
#39 = CARTESIAN_POINT('', (230.9699, 95.6709, -300.0000));
#38 = VERTEX_POINT('', #39);
#41 = CARTESIAN_POINT('', (220.4803, 117.8492, -300.0000));
#40 = VERTEX_POINT('', #41);
#43 = CARTESIAN_POINT('', (207.8674, 138.8926, -300.0000));
#42 = VERTEX_POINT('', #43);
#45 = CARTESIAN_POINT('', (193.2526, 158.5983, -300.0000));
#44 = VERTEX_POINT('', #45);
#47 = CARTESIAN_POINT('', (176.7767, 176.7767, -300.0000));
#46 = VERTEX_POINT('', #47);
#49 = CARTESIAN_POINT('', (158.5983, 193.2526, -300.0000));
#48 = VERTEX_POINT('', #49);
#51 = CARTESIAN_POINT('', (138.8926, 207.8674, -300.0000));
#50 = VERTEX_POINT('', #51);
#53 = CARTESIAN_POINT('', (117.8492, 220.4803, -300.0000));
#52 = VERTEX_POINT('', #53);
#55 = CARTESIAN_POINT('', (95.6709, 230.9699, -300.0000));
#54 = VERTEX_POINT('', #55);
#57 = CARTESIAN_POINT('', (72.5712, 239.2351, -300.0000));
#56 = VERTEX_POINT('', #57);
#59 = CARTESIAN_POINT('', (48.7726, 245.1963, -300.0000));
#58 = VERTEX_POINT('', #59);
#61 = CARTESIAN_POINT('', (24.5043, 248.7962, -300.0000));
#60 = VERTEX_POINT('', #61);
#63 = CARTESIAN_POINT('', (0.0000, 250.0000, -300.0000));
#62 = VERTEX_POINT('', #63);
#65 = CARTESIAN_POINT('', (-24.5043, 248.7962, -300.0000));
#64 = VERTEX_POINT('', #65);
#67 = CARTESIAN_POINT('', (-48.7726, 245.1963, -300.0000));
#66 = VERTEX_POINT('', #67);
#69 = CARTESIAN_POINT('', (-72.5712, 239.2351, -300.0000));
#68 = VERTEX_POINT('', #69);
#71 = CARTESIAN_POINT('', (-95.6709, 230.9699, -300.0000));
#70 = VERTEX_POINT('', #71);
#73 = CARTESIAN_POINT('', (-117.8492, 220.4803, -300.0000));
#72 = VERTEX_POINT('', #73);
#75 = CARTESIAN_POINT('', (-138.8926, 207.8674, -300.0000));
#74 = VERTEX_POINT('', #75);
#77 = CARTESIAN_POINT('', (-158.5983, 193.2526, -300.0000));
#76 = VERTEX_POINT('', #77);
#79 = CARTESIAN_POINT('', (-176.7767, 176.7767, -300.0000));
#78 = VERTEX_POINT('', #79);
#81 = CARTESIAN_POINT('', (-193.2526, 158.5983, -300.0000));
#80 = VERTEX_POINT('', #81);
#83 = CARTESIAN_POINT('', (-207.8674, 138.8926, -300.0000));
#82 = VERTEX_POINT('', #83);
#85 = CARTESIAN_POINT('', (-220.4803, 117.8492, -300.0000));
#84 = VERTEX_POINT('', #85);
#87 = CARTESIAN_POINT('', (-230.9699, 95.6709, -300.0000));
#86 = VERTEX_POINT('', #87);
#89 = CARTESIAN_POINT('', (-239.2351, 72.5712, -300.0000));
#88 = VERTEX_POINT('', #89);
#91 = CARTESIAN_POINT('', (-245.1963, 48.7726, -300.0000));
#90 = VERTEX_POINT('', #91);
#93 = CARTESIAN_POINT('', (-248.7962, 24.5043, -300.0000));
#92 = VERTEX_POINT('', #93);
#95 = CARTESIAN_POINT('', (-250.0000, 0.0000, -300.0000));
#94 = VERTEX_POINT('', #95);
#97 = CARTESIAN_POINT('', (-248.7962, -24.5043, -300.0000));
#96 = VERTEX_POINT('', #97);
#99 = CARTESIAN_POINT('', (-245.1963, -48.7726, -300.0000));
#98 = VERTEX_POINT('', #99);
#101 = CARTESIAN_POINT('', (-239.2351, -72.5712, -300.0000));
#100 = VERTEX_POINT('', #101);
#103 = CARTESIAN_POINT('', (-230.9699, -95.6709, -300.0000));
#102 = VERTEX_POINT('', #103);
#105 = CARTESIAN_POINT('', (-220.4803, -117.8492, -300.0000));
#104 = VERTEX_POINT('', #105);
#107 = CARTESIAN_POINT('', (-207.8674, -138.8926, -300.0000));
#106 = VERTEX_POINT('', #107);
#109 = CARTESIAN_POINT('', (-193.2526, -158.5983, -300.0000));
#108 = VERTEX_POINT('', #109);
#111 = CARTESIAN_POINT('', (-176.7767, -176.7767, -300.0000));
#110 = VERTEX_POINT('', #111);
#113 = CARTESIAN_POINT('', (-158.5983, -193.2526, -300.0000));
#112 = VERTEX_POINT('', #113);
#115 = CARTESIAN_POINT('', (-138.8926, -207.8674, -300.0000));
#114 = VERTEX_POINT('', #115);
#117 = CARTESIAN_POINT('', (-117.8492, -220.4803, -300.0000));
#116 = VERTEX_POINT('', #117);
#119 = CARTESIAN_POINT('', (-95.6709, -230.9699, -300.0000));
#118 = VERTEX_POINT('', #119);
#121 = CARTESIAN_POINT('', (-72.5712, -239.2351, -300.0000));
#120 = VERTEX_POINT('', #121);
#123 = CARTESIAN_POINT('', (-48.7726, -245.1963, -300.0000));
#122 = VERTEX_POINT('', #123);
#125 = CARTESIAN_POINT('', (-24.5043, -248.7962, -300.0000));
#124 = VERTEX_POINT('', #125);
#127 = CARTESIAN_POINT('', (-0.0000, -250.0000, -300.0000));
#126 = VERTEX_POINT('', #127);
#129 = CARTESIAN_POINT('', (24.5043, -248.7962, -300.0000));
#128 = VERTEX_POINT('', #129);
#131 = CARTESIAN_POINT('', (48.7726, -245.1963, -300.0000));
#130 = VERTEX_POINT('', #131);
#133 = CARTESIAN_POINT('', (72.5712, -239.2351, -300.0000));
#132 = VERTEX_POINT('', #133);
#135 = CARTESIAN_POINT('', (95.6709, -230.9699, -300.0000));
#134 = VERTEX_POINT('', #135);
#137 = CARTESIAN_POINT('', (117.8492, -220.4803, -300.0000));
#136 = VERTEX_POINT('', #137);
#139 = CARTESIAN_POINT('', (138.8926, -207.8674, -300.0000));
#138 = VERTEX_POINT('', #139);
#141 = CARTESIAN_POINT('', (158.5983, -193.2526, -300.0000));
#140 = VERTEX_POINT('', #141);
#143 = CARTESIAN_POINT('', (176.7767, -176.7767, -300.0000));
#142 = VERTEX_POINT('', #143);
#145 = CARTESIAN_POINT('', (193.2526, -158.5983, -300.0000));
#144 = VERTEX_POINT('', #145);
#147 = CARTESIAN_POINT('', (207.8674, -138.8926, -300.0000));
#146 = VERTEX_POINT('', #147);
#149 = CARTESIAN_POINT('', (220.4803, -117.8492, -300.0000));
#148 = VERTEX_POINT('', #149);
#151 = CARTESIAN_POINT('', (230.9699, -95.6709, -300.0000));
#150 = VERTEX_POINT('', #151);
#153 = CARTESIAN_POINT('', (239.2351, -72.5712, -300.0000));
#152 = VERTEX_POINT('', #153);
#155 = CARTESIAN_POINT('', (245.1963, -48.7726, -300.0000));
#154 = VERTEX_POINT('', #155);
#157 = CARTESIAN_POINT('', (248.7962, -24.5043, -300.0000));
#156 = VERTEX_POINT('', #157);
#159 = CARTESIAN_POINT('', (255.0000, 0.0000, -300.0000));
#158 = VERTEX_POINT('', #159);
#161 = CARTESIAN_POINT('', (253.7721, 24.9944, -300.0000));
#160 = VERTEX_POINT('', #161);
#163 = CARTESIAN_POINT('', (250.1002, 49.7480, -300.0000));
#162 = VERTEX_POINT('', #163);
#165 = CARTESIAN_POINT('', (244.0198, 74.0226, -300.0000));
#164 = VERTEX_POINT('', #165);
#167 = CARTESIAN_POINT('', (235.5893, 97.5843, -300.0000));
#166 = VERTEX_POINT('', #167);
#169 = CARTESIAN_POINT('', (224.8899, 120.2062, -300.0000));
#168 = VERTEX_POINT('', #169);
#171 = CARTESIAN_POINT('', (212.0248, 141.6704, -300.0000));
#170 = VERTEX_POINT('', #171);
#173 = CARTESIAN_POINT('', (197.1177, 161.7703, -300.0000));
#172 = VERTEX_POINT('', #173);
#175 = CARTESIAN_POINT('', (180.3122, 180.3122, -300.0000));
#174 = VERTEX_POINT('', #175);
#177 = CARTESIAN_POINT('', (161.7703, 197.1177, -300.0000));
#176 = VERTEX_POINT('', #177);
#179 = CARTESIAN_POINT('', (141.6704, 212.0248, -300.0000));
#178 = VERTEX_POINT('', #179);
#181 = CARTESIAN_POINT('', (120.2062, 224.8899, -300.0000));
#180 = VERTEX_POINT('', #181);
#183 = CARTESIAN_POINT('', (97.5843, 235.5893, -300.0000));
#182 = VERTEX_POINT('', #183);
#185 = CARTESIAN_POINT('', (74.0226, 244.0198, -300.0000));
#184 = VERTEX_POINT('', #185);
#187 = CARTESIAN_POINT('', (49.7480, 250.1002, -300.0000));
#186 = VERTEX_POINT('', #187);
#189 = CARTESIAN_POINT('', (24.9944, 253.7721, -300.0000));
#188 = VERTEX_POINT('', #189);
#191 = CARTESIAN_POINT('', (0.0000, 255.0000, -300.0000));
#190 = VERTEX_POINT('', #191);
#193 = CARTESIAN_POINT('', (-24.9944, 253.7721, -300.0000));
#192 = VERTEX_POINT('', #193);
#195 = CARTESIAN_POINT('', (-49.7480, 250.1002, -300.0000));
#194 = VERTEX_POINT('', #195);
#197 = CARTESIAN_POINT('', (-74.0226, 244.0198, -300.0000));
#196 = VERTEX_POINT('', #197);
#199 = CARTESIAN_POINT('', (-97.5843, 235.5893, -300.0000));
#198 = VERTEX_POINT('', #199);
#201 = CARTESIAN_POINT('', (-120.2062, 224.8899, -300.0000));
#200 = VERTEX_POINT('', #201);
#203 = CARTESIAN_POINT('', (-141.6704, 212.0248, -300.0000));
#202 = VERTEX_POINT('', #203);
#205 = CARTESIAN_POINT('', (-161.7703, 197.1177, -300.0000));
#204 = VERTEX_POINT('', #205);
#207 = CARTESIAN_POINT('', (-180.3122, 180.3122, -300.0000));
#206 = VERTEX_POINT('', #207);
#209 = CARTESIAN_POINT('', (-197.1177, 161.7703, -300.0000));
#208 = VERTEX_POINT('', #209);
#211 = CARTESIAN_POINT('', (-212.0248, 141.6704, -300.0000));
#210 = VERTEX_POINT('', #211);
#213 = CARTESIAN_POINT('', (-224.8899, 120.2062, -300.0000));
#212 = VERTEX_POINT('', #213);
#215 = CARTESIAN_POINT('', (-235.5893, 97.5843, -300.0000));
#214 = VERTEX_POINT('', #215);
#217 = CARTESIAN_POINT('', (-244.0198, 74.0226, -300.0000));
#216 = VERTEX_POINT('', #217);
#219 = CARTESIAN_POINT('', (-250.1002, 49.7480, -300.0000));
#218 = VERTEX_POINT('', #219);
#221 = CARTESIAN_POINT('', (-253.7721, 24.9944, -300.0000));
#220 = VERTEX_POINT('', #221);
#223 = CARTESIAN_POINT('', (-255.0000, 0.0000, -300.0000));
#222 = VERTEX_POINT('', #223);
#225 = CARTESIAN_POINT('', (-253.7721, -24.9944, -300.0000));
#224 = VERTEX_POINT('', #225);
#227 = CARTESIAN_POINT('', (-250.1002, -49.7480, -300.0000));
#226 = VERTEX_POINT('', #227);
#229 = CARTESIAN_POINT('', (-244.0198, -74.0226, -300.0000));
#228 = VERTEX_POINT('', #229);
#231 = CARTESIAN_POINT('', (-235.5893, -97.5843, -300.0000));
#230 = VERTEX_POINT('', #231);
#233 = CARTESIAN_POINT('', (-224.8899, -120.2062, -300.0000));
#232 = VERTEX_POINT('', #233);
#235 = CARTESIAN_POINT('', (-212.0248, -141.6704, -300.0000));
#234 = VERTEX_POINT('', #235);
#237 = CARTESIAN_POINT('', (-197.1177, -161.7703, -300.0000));
#236 = VERTEX_POINT('', #237);
#239 = CARTESIAN_POINT('', (-180.3122, -180.3122, -300.0000));
#238 = VERTEX_POINT('', #239);
#241 = CARTESIAN_POINT('', (-161.7703, -197.1177, -300.0000));
#240 = VERTEX_POINT('', #241);
#243 = CARTESIAN_POINT('', (-141.6704, -212.0248, -300.0000));
#242 = VERTEX_POINT('', #243);
#245 = CARTESIAN_POINT('', (-120.2062, -224.8899, -300.0000));
#244 = VERTEX_POINT('', #245);
#247 = CARTESIAN_POINT('', (-97.5843, -235.5893, -300.0000));
#246 = VERTEX_POINT('', #247);
#249 = CARTESIAN_POINT('', (-74.0226, -244.0198, -300.0000));
#248 = VERTEX_POINT('', #249);
#251 = CARTESIAN_POINT('', (-49.7480, -250.1002, -300.0000));
#250 = VERTEX_POINT('', #251);
#253 = CARTESIAN_POINT('', (-24.9944, -253.7721, -300.0000));
#252 = VERTEX_POINT('', #253);
#255 = CARTESIAN_POINT('', (-0.0000, -255.0000, -300.0000));
#254 = VERTEX_POINT('', #255);
#257 = CARTESIAN_POINT('', (24.9944, -253.7721, -300.0000));
#256 = VERTEX_POINT('', #257);
#259 = CARTESIAN_POINT('', (49.7480, -250.1002, -300.0000));
#258 = VERTEX_POINT('', #259);
#261 = CARTESIAN_POINT('', (74.0226, -244.0198, -300.0000));
#260 = VERTEX_POINT('', #261);
#263 = CARTESIAN_POINT('', (97.5843, -235.5893, -300.0000));
#262 = VERTEX_POINT('', #263);
#265 = CARTESIAN_POINT('', (120.2062, -224.8899, -300.0000));
#264 = VERTEX_POINT('', #265);
#267 = CARTESIAN_POINT('', (141.6704, -212.0248, -300.0000));
#266 = VERTEX_POINT('', #267);
#269 = CARTESIAN_POINT('', (161.7703, -197.1177, -300.0000));
#268 = VERTEX_POINT('', #269);
#271 = CARTESIAN_POINT('', (180.3122, -180.3122, -300.0000));
#270 = VERTEX_POINT('', #271);
#273 = CARTESIAN_POINT('', (197.1177, -161.7703, -300.0000));
#272 = VERTEX_POINT('', #273);
#275 = CARTESIAN_POINT('', (212.0248, -141.6704, -300.0000));
#274 = VERTEX_POINT('', #275);
#277 = CARTESIAN_POINT('', (224.8899, -120.2062, -300.0000));
#276 = VERTEX_POINT('', #277);
#279 = CARTESIAN_POINT('', (235.5893, -97.5843, -300.0000));
#278 = VERTEX_POINT('', #279);
#281 = CARTESIAN_POINT('', (244.0198, -74.0226, -300.0000));
#280 = VERTEX_POINT('', #281);
#283 = CARTESIAN_POINT('', (250.1002, -49.7480, -300.0000));
#282 = VERTEX_POINT('', #283);
#285 = CARTESIAN_POINT('', (253.7721, -24.9944, -300.0000));
#284 = VERTEX_POINT('', #285);
#287 = CARTESIAN_POINT('', (255.0000, 0.0000, -200.0000));
#286 = VERTEX_POINT('', #287);
#289 = CARTESIAN_POINT('', (253.7721, 24.9944, -200.0000));
#288 = VERTEX_POINT('', #289);
#291 = CARTESIAN_POINT('', (250.1002, 49.7480, -200.0000));
#290 = VERTEX_POINT('', #291);
#293 = CARTESIAN_POINT('', (244.0198, 74.0226, -200.0000));
#292 = VERTEX_POINT('', #293);
#295 = CARTESIAN_POINT('', (235.5893, 97.5843, -200.0000));
#294 = VERTEX_POINT('', #295);
#297 = CARTESIAN_POINT('', (224.8899, 120.2062, -200.0000));
#296 = VERTEX_POINT('', #297);
#299 = CARTESIAN_POINT('', (212.0248, 141.6704, -200.0000));
#298 = VERTEX_POINT('', #299);
#301 = CARTESIAN_POINT('', (197.1177, 161.7703, -200.0000));
#300 = VERTEX_POINT('', #301);
#303 = CARTESIAN_POINT('', (180.3122, 180.3122, -200.0000));
#302 = VERTEX_POINT('', #303);
#305 = CARTESIAN_POINT('', (161.7703, 197.1177, -200.0000));
#304 = VERTEX_POINT('', #305);
#307 = CARTESIAN_POINT('', (141.6704, 212.0248, -200.0000));
#306 = VERTEX_POINT('', #307);
#309 = CARTESIAN_POINT('', (120.2062, 224.8899, -200.0000));
#308 = VERTEX_POINT('', #309);
#311 = CARTESIAN_POINT('', (97.5843, 235.5893, -200.0000));
#310 = VERTEX_POINT('', #311);
#313 = CARTESIAN_POINT('', (74.0226, 244.0198, -200.0000));
#312 = VERTEX_POINT('', #313);
#315 = CARTESIAN_POINT('', (49.7480, 250.1002, -200.0000));
#314 = VERTEX_POINT('', #315);
#317 = CARTESIAN_POINT('', (24.9944, 253.7721, -200.0000));
#316 = VERTEX_POINT('', #317);
#319 = CARTESIAN_POINT('', (0.0000, 255.0000, -200.0000));
#318 = VERTEX_POINT('', #319);
#321 = CARTESIAN_POINT('', (-24.9944, 253.7721, -200.0000));
#320 = VERTEX_POINT('', #321);
#323 = CARTESIAN_POINT('', (-49.7480, 250.1002, -200.0000));
#322 = VERTEX_POINT('', #323);
#325 = CARTESIAN_POINT('', (-74.0226, 244.0198, -200.0000));
#324 = VERTEX_POINT('', #325);
#327 = CARTESIAN_POINT('', (-97.5843, 235.5893, -200.0000));
#326 = VERTEX_POINT('', #327);
#329 = CARTESIAN_POINT('', (-120.2062, 224.8899, -200.0000));
#328 = VERTEX_POINT('', #329);
#331 = CARTESIAN_POINT('', (-141.6704, 212.0248, -200.0000));
#330 = VERTEX_POINT('', #331);
#333 = CARTESIAN_POINT('', (-161.7703, 197.1177, -200.0000));
#332 = VERTEX_POINT('', #333);
#335 = CARTESIAN_POINT('', (-180.3122, 180.3122, -200.0000));
#334 = VERTEX_POINT('', #335);
#337 = CARTESIAN_POINT('', (-197.1177, 161.7703, -200.0000));
#336 = VERTEX_POINT('', #337);
#339 = CARTESIAN_POINT('', (-212.0248, 141.6704, -200.0000));
#338 = VERTEX_POINT('', #339);
#341 = CARTESIAN_POINT('', (-224.8899, 120.2062, -200.0000));
#340 = VERTEX_POINT('', #341);
#343 = CARTESIAN_POINT('', (-235.5893, 97.5843, -200.0000));
#342 = VERTEX_POINT('', #343);
#345 = CARTESIAN_POINT('', (-244.0198, 74.0226, -200.0000));
#344 = VERTEX_POINT('', #345);
#347 = CARTESIAN_POINT('', (-250.1002, 49.7480, -200.0000));
#346 = VERTEX_POINT('', #347);
#349 = CARTESIAN_POINT('', (-253.7721, 24.9944, -200.0000));
#348 = VERTEX_POINT('', #349);
#351 = CARTESIAN_POINT('', (-255.0000, 0.0000, -200.0000));
#350 = VERTEX_POINT('', #351);
#353 = CARTESIAN_POINT('', (-253.7721, -24.9944, -200.0000));
#352 = VERTEX_POINT('', #353);
#355 = CARTESIAN_POINT('', (-250.1002, -49.7480, -200.0000));
#354 = VERTEX_POINT('', #355);
#357 = CARTESIAN_POINT('', (-244.0198, -74.0226, -200.0000));
#356 = VERTEX_POINT('', #357);
#359 = CARTESIAN_POINT('', (-235.5893, -97.5843, -200.0000));
#358 = VERTEX_POINT('', #359);
#361 = CARTESIAN_POINT('', (-224.8899, -120.2062, -200.0000));
#360 = VERTEX_POINT('', #361);
#363 = CARTESIAN_POINT('', (-212.0248, -141.6704, -200.0000));
#362 = VERTEX_POINT('', #363);
#365 = CARTESIAN_POINT('', (-197.1177, -161.7703, -200.0000));
#364 = VERTEX_POINT('', #365);
#367 = CARTESIAN_POINT('', (-180.3122, -180.3122, -200.0000));
#366 = VERTEX_POINT('', #367);
#369 = CARTESIAN_POINT('', (-161.7703, -197.1177, -200.0000));
#368 = VERTEX_POINT('', #369);
#371 = CARTESIAN_POINT('', (-141.6704, -212.0248, -200.0000));
#370 = VERTEX_POINT('', #371);
#373 = CARTESIAN_POINT('', (-120.2062, -224.8899, -200.0000));
#372 = VERTEX_POINT('', #373);
#375 = CARTESIAN_POINT('', (-97.5843, -235.5893, -200.0000));
#374 = VERTEX_POINT('', #375);
#377 = CARTESIAN_POINT('', (-74.0226, -244.0198, -200.0000));
#376 = VERTEX_POINT('', #377);
#379 = CARTESIAN_POINT('', (-49.7480, -250.1002, -200.0000));
#378 = VERTEX_POINT('', #379);
#381 = CARTESIAN_POINT('', (-24.9944, -253.7721, -200.0000));
#380 = VERTEX_POINT('', #381);
#383 = CARTESIAN_POINT('', (-0.0000, -255.0000, -200.0000));
#382 = VERTEX_POINT('', #383);
#385 = CARTESIAN_POINT('', (24.9944, -253.7721, -200.0000));
#384 = VERTEX_POINT('', #385);
#387 = CARTESIAN_POINT('', (49.7480, -250.1002, -200.0000));
#386 = VERTEX_POINT('', #387);
#389 = CARTESIAN_POINT('', (74.0226, -244.0198, -200.0000));
#388 = VERTEX_POINT('', #389);
#391 = CARTESIAN_POINT('', (97.5843, -235.5893, -200.0000));
#390 = VERTEX_POINT('', #391);
#393 = CARTESIAN_POINT('', (120.2062, -224.8899, -200.0000));
#392 = VERTEX_POINT('', #393);
#395 = CARTESIAN_POINT('', (141.6704, -212.0248, -200.0000));
#394 = VERTEX_POINT('', #395);
#397 = CARTESIAN_POINT('', (161.7703, -197.1177, -200.0000));
#396 = VERTEX_POINT('', #397);
#399 = CARTESIAN_POINT('', (180.3122, -180.3122, -200.0000));
#398 = VERTEX_POINT('', #399);
#401 = CARTESIAN_POINT('', (197.1177, -161.7703, -200.0000));
#400 = VERTEX_POINT('', #401);
#403 = CARTESIAN_POINT('', (212.0248, -141.6704, -200.0000));
#402 = VERTEX_POINT('', #403);
#405 = CARTESIAN_POINT('', (224.8899, -120.2062, -200.0000));
#404 = VERTEX_POINT('', #405);
#407 = CARTESIAN_POINT('', (235.5893, -97.5843, -200.0000));
#406 = VERTEX_POINT('', #407);
#409 = CARTESIAN_POINT('', (244.0198, -74.0226, -200.0000));
#408 = VERTEX_POINT('', #409);
#411 = CARTESIAN_POINT('', (250.1002, -49.7480, -200.0000));
#410 = VERTEX_POINT('', #411);
#413 = CARTESIAN_POINT('', (253.7721, -24.9944, -200.0000));
#412 = VERTEX_POINT('', #413);
#415 = CARTESIAN_POINT('', (290.0000, 0.0000, -200.0000));
#414 = VERTEX_POINT('', #415);
#417 = CARTESIAN_POINT('', (288.6036, 28.4250, -200.0000));
#416 = VERTEX_POINT('', #417);
#419 = CARTESIAN_POINT('', (284.4277, 56.5762, -200.0000));
#418 = VERTEX_POINT('', #419);
#421 = CARTESIAN_POINT('', (277.5127, 84.1826, -200.0000));
#420 = VERTEX_POINT('', #421);
#423 = CARTESIAN_POINT('', (267.9251, 110.9782, -200.0000));
#422 = VERTEX_POINT('', #423);
#425 = CARTESIAN_POINT('', (255.7572, 136.7051, -200.0000));
#424 = VERTEX_POINT('', #425);
#427 = CARTESIAN_POINT('', (241.1262, 161.1154, -200.0000));
#426 = VERTEX_POINT('', #427);
#429 = CARTESIAN_POINT('', (224.1730, 183.9741, -200.0000));
#428 = VERTEX_POINT('', #429);
#431 = CARTESIAN_POINT('', (205.0610, 205.0610, -200.0000));
#430 = VERTEX_POINT('', #431);
#433 = CARTESIAN_POINT('', (183.9741, 224.1730, -200.0000));
#432 = VERTEX_POINT('', #433);
#435 = CARTESIAN_POINT('', (161.1154, 241.1262, -200.0000));
#434 = VERTEX_POINT('', #435);
#437 = CARTESIAN_POINT('', (136.7051, 255.7572, -200.0000));
#436 = VERTEX_POINT('', #437);
#439 = CARTESIAN_POINT('', (110.9782, 267.9251, -200.0000));
#438 = VERTEX_POINT('', #439);
#441 = CARTESIAN_POINT('', (84.1826, 277.5127, -200.0000));
#440 = VERTEX_POINT('', #441);
#443 = CARTESIAN_POINT('', (56.5762, 284.4277, -200.0000));
#442 = VERTEX_POINT('', #443);
#445 = CARTESIAN_POINT('', (28.4250, 288.6036, -200.0000));
#444 = VERTEX_POINT('', #445);
#447 = CARTESIAN_POINT('', (0.0000, 290.0000, -200.0000));
#446 = VERTEX_POINT('', #447);
#449 = CARTESIAN_POINT('', (-28.4250, 288.6036, -200.0000));
#448 = VERTEX_POINT('', #449);
#451 = CARTESIAN_POINT('', (-56.5762, 284.4277, -200.0000));
#450 = VERTEX_POINT('', #451);
#453 = CARTESIAN_POINT('', (-84.1826, 277.5127, -200.0000));
#452 = VERTEX_POINT('', #453);
#455 = CARTESIAN_POINT('', (-110.9782, 267.9251, -200.0000));
#454 = VERTEX_POINT('', #455);
#457 = CARTESIAN_POINT('', (-136.7051, 255.7572, -200.0000));
#456 = VERTEX_POINT('', #457);
#459 = CARTESIAN_POINT('', (-161.1154, 241.1262, -200.0000));
#458 = VERTEX_POINT('', #459);
#461 = CARTESIAN_POINT('', (-183.9741, 224.1730, -200.0000));
#460 = VERTEX_POINT('', #461);
#463 = CARTESIAN_POINT('', (-205.0610, 205.0610, -200.0000));
#462 = VERTEX_POINT('', #463);
#465 = CARTESIAN_POINT('', (-224.1730, 183.9741, -200.0000));
#464 = VERTEX_POINT('', #465);
#467 = CARTESIAN_POINT('', (-241.1262, 161.1154, -200.0000));
#466 = VERTEX_POINT('', #467);
#469 = CARTESIAN_POINT('', (-255.7572, 136.7051, -200.0000));
#468 = VERTEX_POINT('', #469);
#471 = CARTESIAN_POINT('', (-267.9251, 110.9782, -200.0000));
#470 = VERTEX_POINT('', #471);
#473 = CARTESIAN_POINT('', (-277.5127, 84.1826, -200.0000));
#472 = VERTEX_POINT('', #473);
#475 = CARTESIAN_POINT('', (-284.4277, 56.5762, -200.0000));
#474 = VERTEX_POINT('', #475);
#477 = CARTESIAN_POINT('', (-288.6036, 28.4250, -200.0000));
#476 = VERTEX_POINT('', #477);
#479 = CARTESIAN_POINT('', (-290.0000, 0.0000, -200.0000));
#478 = VERTEX_POINT('', #479);
#481 = CARTESIAN_POINT('', (-288.6036, -28.4250, -200.0000));
#480 = VERTEX_POINT('', #481);
#483 = CARTESIAN_POINT('', (-284.4277, -56.5762, -200.0000));
#482 = VERTEX_POINT('', #483);
#485 = CARTESIAN_POINT('', (-277.5127, -84.1826, -200.0000));
#484 = VERTEX_POINT('', #485);
#487 = CARTESIAN_POINT('', (-267.9251, -110.9782, -200.0000));
#486 = VERTEX_POINT('', #487);
#489 = CARTESIAN_POINT('', (-255.7572, -136.7051, -200.0000));
#488 = VERTEX_POINT('', #489);
#491 = CARTESIAN_POINT('', (-241.1262, -161.1154, -200.0000));
#490 = VERTEX_POINT('', #491);
#493 = CARTESIAN_POINT('', (-224.1730, -183.9741, -200.0000));
#492 = VERTEX_POINT('', #493);
#495 = CARTESIAN_POINT('', (-205.0610, -205.0610, -200.0000));
#494 = VERTEX_POINT('', #495);
#497 = CARTESIAN_POINT('', (-183.9741, -224.1730, -200.0000));
#496 = VERTEX_POINT('', #497);
#499 = CARTESIAN_POINT('', (-161.1154, -241.1262, -200.0000));
#498 = VERTEX_POINT('', #499);
#501 = CARTESIAN_POINT('', (-136.7051, -255.7572, -200.0000));
#500 = VERTEX_POINT('', #501);
#503 = CARTESIAN_POINT('', (-110.9782, -267.9251, -200.0000));
#502 = VERTEX_POINT('', #503);
#505 = CARTESIAN_POINT('', (-84.1826, -277.5127, -200.0000));
#504 = VERTEX_POINT('', #505);
#507 = CARTESIAN_POINT('', (-56.5762, -284.4277, -200.0000));
#506 = VERTEX_POINT('', #507);
#509 = CARTESIAN_POINT('', (-28.4250, -288.6036, -200.0000));
#508 = VERTEX_POINT('', #509);
#511 = CARTESIAN_POINT('', (-0.0000, -290.0000, -200.0000));
#510 = VERTEX_POINT('', #511);
#513 = CARTESIAN_POINT('', (28.4250, -288.6036, -200.0000));
#512 = VERTEX_POINT('', #513);
#515 = CARTESIAN_POINT('', (56.5762, -284.4277, -200.0000));
#514 = VERTEX_POINT('', #515);
#517 = CARTESIAN_POINT('', (84.1826, -277.5127, -200.0000));
#516 = VERTEX_POINT('', #517);
#519 = CARTESIAN_POINT('', (110.9782, -267.9251, -200.0000));
#518 = VERTEX_POINT('', #519);
#521 = CARTESIAN_POINT('', (136.7051, -255.7572, -200.0000));
#520 = VERTEX_POINT('', #521);
#523 = CARTESIAN_POINT('', (161.1154, -241.1262, -200.0000));
#522 = VERTEX_POINT('', #523);
#525 = CARTESIAN_POINT('', (183.9741, -224.1730, -200.0000));
#524 = VERTEX_POINT('', #525);
#527 = CARTESIAN_POINT('', (205.0610, -205.0610, -200.0000));
#526 = VERTEX_POINT('', #527);
#529 = CARTESIAN_POINT('', (224.1730, -183.9741, -200.0000));
#528 = VERTEX_POINT('', #529);
#531 = CARTESIAN_POINT('', (241.1262, -161.1154, -200.0000));
#530 = VERTEX_POINT('', #531);
#533 = CARTESIAN_POINT('', (255.7572, -136.7051, -200.0000));
#532 = VERTEX_POINT('', #533);
#535 = CARTESIAN_POINT('', (267.9251, -110.9782, -200.0000));
#534 = VERTEX_POINT('', #535);
#537 = CARTESIAN_POINT('', (277.5127, -84.1826, -200.0000));
#536 = VERTEX_POINT('', #537);
#539 = CARTESIAN_POINT('', (284.4277, -56.5762, -200.0000));
#538 = VERTEX_POINT('', #539);
#541 = CARTESIAN_POINT('', (288.6036, -28.4250, -200.0000));
#540 = VERTEX_POINT('', #541);
#543 = CARTESIAN_POINT('', (290.0000, 0.0000, -180.0000));
#542 = VERTEX_POINT('', #543);
#545 = CARTESIAN_POINT('', (288.6036, 28.4250, -180.0000));
#544 = VERTEX_POINT('', #545);
#547 = CARTESIAN_POINT('', (284.4277, 56.5762, -180.0000));
#546 = VERTEX_POINT('', #547);
#549 = CARTESIAN_POINT('', (277.5127, 84.1826, -180.0000));
#548 = VERTEX_POINT('', #549);
#551 = CARTESIAN_POINT('', (267.9251, 110.9782, -180.0000));
#550 = VERTEX_POINT('', #551);
#553 = CARTESIAN_POINT('', (255.7572, 136.7051, -180.0000));
#552 = VERTEX_POINT('', #553);
#555 = CARTESIAN_POINT('', (241.1262, 161.1154, -180.0000));
#554 = VERTEX_POINT('', #555);
#557 = CARTESIAN_POINT('', (224.1730, 183.9741, -180.0000));
#556 = VERTEX_POINT('', #557);
#559 = CARTESIAN_POINT('', (205.0610, 205.0610, -180.0000));
#558 = VERTEX_POINT('', #559);
#561 = CARTESIAN_POINT('', (183.9741, 224.1730, -180.0000));
#560 = VERTEX_POINT('', #561);
#563 = CARTESIAN_POINT('', (161.1154, 241.1262, -180.0000));
#562 = VERTEX_POINT('', #563);
#565 = CARTESIAN_POINT('', (136.7051, 255.7572, -180.0000));
#564 = VERTEX_POINT('', #565);
#567 = CARTESIAN_POINT('', (110.9782, 267.9251, -180.0000));
#566 = VERTEX_POINT('', #567);
#569 = CARTESIAN_POINT('', (84.1826, 277.5127, -180.0000));
#568 = VERTEX_POINT('', #569);
#571 = CARTESIAN_POINT('', (56.5762, 284.4277, -180.0000));
#570 = VERTEX_POINT('', #571);
#573 = CARTESIAN_POINT('', (28.4250, 288.6036, -180.0000));
#572 = VERTEX_POINT('', #573);
#575 = CARTESIAN_POINT('', (0.0000, 290.0000, -180.0000));
#574 = VERTEX_POINT('', #575);
#577 = CARTESIAN_POINT('', (-28.4250, 288.6036, -180.0000));
#576 = VERTEX_POINT('', #577);
#579 = CARTESIAN_POINT('', (-56.5762, 284.4277, -180.0000));
#578 = VERTEX_POINT('', #579);
#581 = CARTESIAN_POINT('', (-84.1826, 277.5127, -180.0000));
#580 = VERTEX_POINT('', #581);
#583 = CARTESIAN_POINT('', (-110.9782, 267.9251, -180.0000));
#582 = VERTEX_POINT('', #583);
#585 = CARTESIAN_POINT('', (-136.7051, 255.7572, -180.0000));
#584 = VERTEX_POINT('', #585);
#587 = CARTESIAN_POINT('', (-161.1154, 241.1262, -180.0000));
#586 = VERTEX_POINT('', #587);
#589 = CARTESIAN_POINT('', (-183.9741, 224.1730, -180.0000));
#588 = VERTEX_POINT('', #589);
#591 = CARTESIAN_POINT('', (-205.0610, 205.0610, -180.0000));
#590 = VERTEX_POINT('', #591);
#593 = CARTESIAN_POINT('', (-224.1730, 183.9741, -180.0000));
#592 = VERTEX_POINT('', #593);
#595 = CARTESIAN_POINT('', (-241.1262, 161.1154, -180.0000));
#594 = VERTEX_POINT('', #595);
#597 = CARTESIAN_POINT('', (-255.7572, 136.7051, -180.0000));
#596 = VERTEX_POINT('', #597);
#599 = CARTESIAN_POINT('', (-267.9251, 110.9782, -180.0000));
#598 = VERTEX_POINT('', #599);
#601 = CARTESIAN_POINT('', (-277.5127, 84.1826, -180.0000));
#600 = VERTEX_POINT('', #601);
#603 = CARTESIAN_POINT('', (-284.4277, 56.5762, -180.0000));
#602 = VERTEX_POINT('', #603);
#605 = CARTESIAN_POINT('', (-288.6036, 28.4250, -180.0000));
#604 = VERTEX_POINT('', #605);
#607 = CARTESIAN_POINT('', (-290.0000, 0.0000, -180.0000));
#606 = VERTEX_POINT('', #607);
#609 = CARTESIAN_POINT('', (-288.6036, -28.4250, -180.0000));
#608 = VERTEX_POINT('', #609);
#611 = CARTESIAN_POINT('', (-284.4277, -56.5762, -180.0000));
#610 = VERTEX_POINT('', #611);
#613 = CARTESIAN_POINT('', (-277.5127, -84.1826, -180.0000));
#612 = VERTEX_POINT('', #613);
#615 = CARTESIAN_POINT('', (-267.9251, -110.9782, -180.0000));
#614 = VERTEX_POINT('', #615);
#617 = CARTESIAN_POINT('', (-255.7572, -136.7051, -180.0000));
#616 = VERTEX_POINT('', #617);
#619 = CARTESIAN_POINT('', (-241.1262, -161.1154, -180.0000));
#618 = VERTEX_POINT('', #619);
#621 = CARTESIAN_POINT('', (-224.1730, -183.9741, -180.0000));
#620 = VERTEX_POINT('', #621);
#623 = CARTESIAN_POINT('', (-205.0610, -205.0610, -180.0000));
#622 = VERTEX_POINT('', #623);
#625 = CARTESIAN_POINT('', (-183.9741, -224.1730, -180.0000));
#624 = VERTEX_POINT('', #625);
#627 = CARTESIAN_POINT('', (-161.1154, -241.1262, -180.0000));
#626 = VERTEX_POINT('', #627);
#629 = CARTESIAN_POINT('', (-136.7051, -255.7572, -180.0000));
#628 = VERTEX_POINT('', #629);
#631 = CARTESIAN_POINT('', (-110.9782, -267.9251, -180.0000));
#630 = VERTEX_POINT('', #631);
#633 = CARTESIAN_POINT('', (-84.1826, -277.5127, -180.0000));
#632 = VERTEX_POINT('', #633);
#635 = CARTESIAN_POINT('', (-56.5762, -284.4277, -180.0000));
#634 = VERTEX_POINT('', #635);
#637 = CARTESIAN_POINT('', (-28.4250, -288.6036, -180.0000));
#636 = VERTEX_POINT('', #637);
#639 = CARTESIAN_POINT('', (-0.0000, -290.0000, -180.0000));
#638 = VERTEX_POINT('', #639);
#641 = CARTESIAN_POINT('', (28.4250, -288.6036, -180.0000));
#640 = VERTEX_POINT('', #641);
#643 = CARTESIAN_POINT('', (56.5762, -284.4277, -180.0000));
#642 = VERTEX_POINT('', #643);
#645 = CARTESIAN_POINT('', (84.1826, -277.5127, -180.0000));
#644 = VERTEX_POINT('', #645);
#647 = CARTESIAN_POINT('', (110.9782, -267.9251, -180.0000));
#646 = VERTEX_POINT('', #647);
#649 = CARTESIAN_POINT('', (136.7051, -255.7572, -180.0000));
#648 = VERTEX_POINT('', #649);
#651 = CARTESIAN_POINT('', (161.1154, -241.1262, -180.0000));
#650 = VERTEX_POINT('', #651);
#653 = CARTESIAN_POINT('', (183.9741, -224.1730, -180.0000));
#652 = VERTEX_POINT('', #653);
#655 = CARTESIAN_POINT('', (205.0610, -205.0610, -180.0000));
#654 = VERTEX_POINT('', #655);
#657 = CARTESIAN_POINT('', (224.1730, -183.9741, -180.0000));
#656 = VERTEX_POINT('', #657);
#659 = CARTESIAN_POINT('', (241.1262, -161.1154, -180.0000));
#658 = VERTEX_POINT('', #659);
#661 = CARTESIAN_POINT('', (255.7572, -136.7051, -180.0000));
#660 = VERTEX_POINT('', #661);
#663 = CARTESIAN_POINT('', (267.9251, -110.9782, -180.0000));
#662 = VERTEX_POINT('', #663);
#665 = CARTESIAN_POINT('', (277.5127, -84.1826, -180.0000));
#664 = VERTEX_POINT('', #665);
#667 = CARTESIAN_POINT('', (284.4277, -56.5762, -180.0000));
#666 = VERTEX_POINT('', #667);
#669 = CARTESIAN_POINT('', (288.6036, -28.4250, -180.0000));
#668 = VERTEX_POINT('', #669);
#671 = CARTESIAN_POINT('', (250.0000, 0.0000, -180.0000));
#670 = VERTEX_POINT('', #671);
#673 = CARTESIAN_POINT('', (248.7962, 24.5043, -180.0000));
#672 = VERTEX_POINT('', #673);
#675 = CARTESIAN_POINT('', (245.1963, 48.7726, -180.0000));
#674 = VERTEX_POINT('', #675);
#677 = CARTESIAN_POINT('', (239.2351, 72.5712, -180.0000));
#676 = VERTEX_POINT('', #677);
#679 = CARTESIAN_POINT('', (230.9699, 95.6709, -180.0000));
#678 = VERTEX_POINT('', #679);
#681 = CARTESIAN_POINT('', (220.4803, 117.8492, -180.0000));
#680 = VERTEX_POINT('', #681);
#683 = CARTESIAN_POINT('', (207.8674, 138.8926, -180.0000));
#682 = VERTEX_POINT('', #683);
#685 = CARTESIAN_POINT('', (193.2526, 158.5983, -180.0000));
#684 = VERTEX_POINT('', #685);
#687 = CARTESIAN_POINT('', (176.7767, 176.7767, -180.0000));
#686 = VERTEX_POINT('', #687);
#689 = CARTESIAN_POINT('', (158.5983, 193.2526, -180.0000));
#688 = VERTEX_POINT('', #689);
#691 = CARTESIAN_POINT('', (138.8926, 207.8674, -180.0000));
#690 = VERTEX_POINT('', #691);
#693 = CARTESIAN_POINT('', (117.8492, 220.4803, -180.0000));
#692 = VERTEX_POINT('', #693);
#695 = CARTESIAN_POINT('', (95.6709, 230.9699, -180.0000));
#694 = VERTEX_POINT('', #695);
#697 = CARTESIAN_POINT('', (72.5712, 239.2351, -180.0000));
#696 = VERTEX_POINT('', #697);
#699 = CARTESIAN_POINT('', (48.7726, 245.1963, -180.0000));
#698 = VERTEX_POINT('', #699);
#701 = CARTESIAN_POINT('', (24.5043, 248.7962, -180.0000));
#700 = VERTEX_POINT('', #701);
#703 = CARTESIAN_POINT('', (0.0000, 250.0000, -180.0000));
#702 = VERTEX_POINT('', #703);
#705 = CARTESIAN_POINT('', (-24.5043, 248.7962, -180.0000));
#704 = VERTEX_POINT('', #705);
#707 = CARTESIAN_POINT('', (-48.7726, 245.1963, -180.0000));
#706 = VERTEX_POINT('', #707);
#709 = CARTESIAN_POINT('', (-72.5712, 239.2351, -180.0000));
#708 = VERTEX_POINT('', #709);
#711 = CARTESIAN_POINT('', (-95.6709, 230.9699, -180.0000));
#710 = VERTEX_POINT('', #711);
#713 = CARTESIAN_POINT('', (-117.8492, 220.4803, -180.0000));
#712 = VERTEX_POINT('', #713);
#715 = CARTESIAN_POINT('', (-138.8926, 207.8674, -180.0000));
#714 = VERTEX_POINT('', #715);
#717 = CARTESIAN_POINT('', (-158.5983, 193.2526, -180.0000));
#716 = VERTEX_POINT('', #717);
#719 = CARTESIAN_POINT('', (-176.7767, 176.7767, -180.0000));
#718 = VERTEX_POINT('', #719);
#721 = CARTESIAN_POINT('', (-193.2526, 158.5983, -180.0000));
#720 = VERTEX_POINT('', #721);
#723 = CARTESIAN_POINT('', (-207.8674, 138.8926, -180.0000));
#722 = VERTEX_POINT('', #723);
#725 = CARTESIAN_POINT('', (-220.4803, 117.8492, -180.0000));
#724 = VERTEX_POINT('', #725);
#727 = CARTESIAN_POINT('', (-230.9699, 95.6709, -180.0000));
#726 = VERTEX_POINT('', #727);
#729 = CARTESIAN_POINT('', (-239.2351, 72.5712, -180.0000));
#728 = VERTEX_POINT('', #729);
#731 = CARTESIAN_POINT('', (-245.1963, 48.7726, -180.0000));
#730 = VERTEX_POINT('', #731);
#733 = CARTESIAN_POINT('', (-248.7962, 24.5043, -180.0000));
#732 = VERTEX_POINT('', #733);
#735 = CARTESIAN_POINT('', (-250.0000, 0.0000, -180.0000));
#734 = VERTEX_POINT('', #735);
#737 = CARTESIAN_POINT('', (-248.7962, -24.5043, -180.0000));
#736 = VERTEX_POINT('', #737);
#739 = CARTESIAN_POINT('', (-245.1963, -48.7726, -180.0000));
#738 = VERTEX_POINT('', #739);
#741 = CARTESIAN_POINT('', (-239.2351, -72.5712, -180.0000));
#740 = VERTEX_POINT('', #741);
#743 = CARTESIAN_POINT('', (-230.9699, -95.6709, -180.0000));
#742 = VERTEX_POINT('', #743);
#745 = CARTESIAN_POINT('', (-220.4803, -117.8492, -180.0000));
#744 = VERTEX_POINT('', #745);
#747 = CARTESIAN_POINT('', (-207.8674, -138.8926, -180.0000));
#746 = VERTEX_POINT('', #747);
#749 = CARTESIAN_POINT('', (-193.2526, -158.5983, -180.0000));
#748 = VERTEX_POINT('', #749);
#751 = CARTESIAN_POINT('', (-176.7767, -176.7767, -180.0000));
#750 = VERTEX_POINT('', #751);
#753 = CARTESIAN_POINT('', (-158.5983, -193.2526, -180.0000));
#752 = VERTEX_POINT('', #753);
#755 = CARTESIAN_POINT('', (-138.8926, -207.8674, -180.0000));
#754 = VERTEX_POINT('', #755);
#757 = CARTESIAN_POINT('', (-117.8492, -220.4803, -180.0000));
#756 = VERTEX_POINT('', #757);
#759 = CARTESIAN_POINT('', (-95.6709, -230.9699, -180.0000));
#758 = VERTEX_POINT('', #759);
#761 = CARTESIAN_POINT('', (-72.5712, -239.2351, -180.0000));
#760 = VERTEX_POINT('', #761);
#763 = CARTESIAN_POINT('', (-48.7726, -245.1963, -180.0000));
#762 = VERTEX_POINT('', #763);
#765 = CARTESIAN_POINT('', (-24.5043, -248.7962, -180.0000));
#764 = VERTEX_POINT('', #765);
#767 = CARTESIAN_POINT('', (-0.0000, -250.0000, -180.0000));
#766 = VERTEX_POINT('', #767);
#769 = CARTESIAN_POINT('', (24.5043, -248.7962, -180.0000));
#768 = VERTEX_POINT('', #769);
#771 = CARTESIAN_POINT('', (48.7726, -245.1963, -180.0000));
#770 = VERTEX_POINT('', #771);
#773 = CARTESIAN_POINT('', (72.5712, -239.2351, -180.0000));
#772 = VERTEX_POINT('', #773);
#775 = CARTESIAN_POINT('', (95.6709, -230.9699, -180.0000));
#774 = VERTEX_POINT('', #775);
#777 = CARTESIAN_POINT('', (117.8492, -220.4803, -180.0000));
#776 = VERTEX_POINT('', #777);
#779 = CARTESIAN_POINT('', (138.8926, -207.8674, -180.0000));
#778 = VERTEX_POINT('', #779);
#781 = CARTESIAN_POINT('', (158.5983, -193.2526, -180.0000));
#780 = VERTEX_POINT('', #781);
#783 = CARTESIAN_POINT('', (176.7767, -176.7767, -180.0000));
#782 = VERTEX_POINT('', #783);
#785 = CARTESIAN_POINT('', (193.2526, -158.5983, -180.0000));
#784 = VERTEX_POINT('', #785);
#787 = CARTESIAN_POINT('', (207.8674, -138.8926, -180.0000));
#786 = VERTEX_POINT('', #787);
#789 = CARTESIAN_POINT('', (220.4803, -117.8492, -180.0000));
#788 = VERTEX_POINT('', #789);
#791 = CARTESIAN_POINT('', (230.9699, -95.6709, -180.0000));
#790 = VERTEX_POINT('', #791);
#793 = CARTESIAN_POINT('', (239.2351, -72.5712, -180.0000));
#792 = VERTEX_POINT('', #793);
#795 = CARTESIAN_POINT('', (245.1963, -48.7726, -180.0000));
#794 = VERTEX_POINT('', #795);
#797 = CARTESIAN_POINT('', (248.7962, -24.5043, -180.0000));
#796 = VERTEX_POINT('', #797);
#798 = DIRECTION('', (0.000000, 0.000000, 1.000000));
#799 = POLY_LOOP('', (#30, #158, #160));
#800 = FACE_OUTER_BOUND('', #799, .T.);
#801 = ADVANCED_FACE('', (#800), #12, .T.);
#802 = DIRECTION('', (0.000000, -0.000000, 1.000000));
#803 = POLY_LOOP('', (#30, #160, #32));
#804 = FACE_OUTER_BOUND('', #803, .T.);
#805 = ADVANCED_FACE('', (#804), #12, .T.);
#806 = DIRECTION('', (0.000000, 0.000000, 1.000000));
#807 = POLY_LOOP('', (#32, #160, #162));
#808 = FACE_OUTER_BOUND('', #807, .T.);
#809 = ADVANCED_FACE('', (#808), #12, .T.);
#810 = DIRECTION('', (0.000000, -0.000000, 1.000000));
#811 = POLY_LOOP('', (#32, #162, #34));
#812 = FACE_OUTER_BOUND('', #811, .T.);
#813 = ADVANCED_FACE('', (#812), #12, .T.);
#814 = DIRECTION('', (0.000000, -0.000000, 1.000000));
#815 = POLY_LOOP('', (#34, #162, #164));
#816 = FACE_OUTER_BOUND('', #815, .T.);
#817 = ADVANCED_FACE('', (#816), #12, .T.);
#818 = DIRECTION('', (0.000000, 0.000000, 1.000000));
#819 = POLY_LOOP('', (#34, #164, #36));
#820 = FACE_OUTER_BOUND('', #819, .T.);
#821 = ADVANCED_FACE('', (#820), #12, .T.);
#822 = DIRECTION('', (0.000000, -0.000000, 1.000000));
#823 = POLY_LOOP('', (#36, #164, #166));
#824 = FACE_OUTER_BOUND('', #823, .T.);
#825 = ADVANCED_FACE('', (#824), #12, .T.);
#826 = DIRECTION('', (0.000000, 0.000000, 1.000000));
#827 = POLY_LOOP('', (#36, #166, #38));
#828 = FACE_OUTER_BOUND('', #827, .T.);
#829 = ADVANCED_FACE('', (#828), #12, .T.);
#830 = DIRECTION('', (0.000000, -0.000000, 1.000000));
#831 = POLY_LOOP('', (#38, #166, #168));
#832 = FACE_OUTER_BOUND('', #831, .T.);
#833 = ADVANCED_FACE('', (#832), #12, .T.);
#834 = DIRECTION('', (0.000000, 0.000000, 1.000000));
#835 = POLY_LOOP('', (#38, #168, #40));
#836 = FACE_OUTER_BOUND('', #835, .T.);
#837 = ADVANCED_FACE('', (#836), #12, .T.);
#838 = DIRECTION('', (0.000000, -0.000000, 1.000000));
#839 = POLY_LOOP('', (#40, #168, #170));
#840 = FACE_OUTER_BOUND('', #839, .T.);
#841 = ADVANCED_FACE('', (#840), #12, .T.);
#842 = DIRECTION('', (0.000000, 0.000000, 1.000000));
#843 = POLY_LOOP('', (#40, #170, #42));
#844 = FACE_OUTER_BOUND('', #843, .T.);
#845 = ADVANCED_FACE('', (#844), #12, .T.);
#846 = DIRECTION('', (0.000000, -0.000000, 1.000000));
#847 = POLY_LOOP('', (#42, #170, #172));
#848 = FACE_OUTER_BOUND('', #847, .T.);
#849 = ADVANCED_FACE('', (#848), #12, .T.);
#850 = DIRECTION('', (0.000000, 0.000000, 1.000000));
#851 = POLY_LOOP('', (#42, #172, #44));
#852 = FACE_OUTER_BOUND('', #851, .T.);
#853 = ADVANCED_FACE('', (#852), #12, .T.);
#854 = DIRECTION('', (0.000000, -0.000000, 1.000000));
#855 = POLY_LOOP('', (#44, #172, #174));
#856 = FACE_OUTER_BOUND('', #855, .T.);
#857 = ADVANCED_FACE('', (#856), #12, .T.);
#858 = DIRECTION('', (0.000000, 0.000000, 1.000000));
#859 = POLY_LOOP('', (#44, #174, #46));
#860 = FACE_OUTER_BOUND('', #859, .T.);
#861 = ADVANCED_FACE('', (#860), #12, .T.);
#862 = DIRECTION('', (0.000000, -0.000000, 1.000000));
#863 = POLY_LOOP('', (#46, #174, #176));
#864 = FACE_OUTER_BOUND('', #863, .T.);
#865 = ADVANCED_FACE('', (#864), #12, .T.);
#866 = DIRECTION('', (0.000000, 0.000000, 1.000000));
#867 = POLY_LOOP('', (#46, #176, #48));
#868 = FACE_OUTER_BOUND('', #867, .T.);
#869 = ADVANCED_FACE('', (#868), #12, .T.);
#870 = DIRECTION('', (0.000000, -0.000000, 1.000000));
#871 = POLY_LOOP('', (#48, #176, #178));
#872 = FACE_OUTER_BOUND('', #871, .T.);
#873 = ADVANCED_FACE('', (#872), #12, .T.);
#874 = DIRECTION('', (0.000000, 0.000000, 1.000000));
#875 = POLY_LOOP('', (#48, #178, #50));
#876 = FACE_OUTER_BOUND('', #875, .T.);
#877 = ADVANCED_FACE('', (#876), #12, .T.);
#878 = DIRECTION('', (0.000000, -0.000000, 1.000000));
#879 = POLY_LOOP('', (#50, #178, #180));
#880 = FACE_OUTER_BOUND('', #879, .T.);
#881 = ADVANCED_FACE('', (#880), #12, .T.);
#882 = DIRECTION('', (0.000000, 0.000000, 1.000000));
#883 = POLY_LOOP('', (#50, #180, #52));
#884 = FACE_OUTER_BOUND('', #883, .T.);
#885 = ADVANCED_FACE('', (#884), #12, .T.);
#886 = DIRECTION('', (0.000000, -0.000000, 1.000000));
#887 = POLY_LOOP('', (#52, #180, #182));
#888 = FACE_OUTER_BOUND('', #887, .T.);
#889 = ADVANCED_FACE('', (#888), #12, .T.);
#890 = DIRECTION('', (0.000000, 0.000000, 1.000000));
#891 = POLY_LOOP('', (#52, #182, #54));
#892 = FACE_OUTER_BOUND('', #891, .T.);
#893 = ADVANCED_FACE('', (#892), #12, .T.);
#894 = DIRECTION('', (0.000000, -0.000000, 1.000000));
#895 = POLY_LOOP('', (#54, #182, #184));
#896 = FACE_OUTER_BOUND('', #895, .T.);
#897 = ADVANCED_FACE('', (#896), #12, .T.);
#898 = DIRECTION('', (0.000000, 0.000000, 1.000000));
#899 = POLY_LOOP('', (#54, #184, #56));
#900 = FACE_OUTER_BOUND('', #899, .T.);
#901 = ADVANCED_FACE('', (#900), #12, .T.);
#902 = DIRECTION('', (0.000000, -0.000000, 1.000000));
#903 = POLY_LOOP('', (#56, #184, #186));
#904 = FACE_OUTER_BOUND('', #903, .T.);
#905 = ADVANCED_FACE('', (#904), #12, .T.);
#906 = DIRECTION('', (0.000000, 0.000000, 1.000000));
#907 = POLY_LOOP('', (#56, #186, #58));
#908 = FACE_OUTER_BOUND('', #907, .T.);
#909 = ADVANCED_FACE('', (#908), #12, .T.);
#910 = DIRECTION('', (0.000000, -0.000000, 1.000000));
#911 = POLY_LOOP('', (#58, #186, #188));
#912 = FACE_OUTER_BOUND('', #911, .T.);
#913 = ADVANCED_FACE('', (#912), #12, .T.);
#914 = DIRECTION('', (0.000000, 0.000000, 1.000000));
#915 = POLY_LOOP('', (#58, #188, #60));
#916 = FACE_OUTER_BOUND('', #915, .T.);
#917 = ADVANCED_FACE('', (#916), #12, .T.);
#918 = DIRECTION('', (0.000000, -0.000000, 1.000000));
#919 = POLY_LOOP('', (#60, #188, #190));
#920 = FACE_OUTER_BOUND('', #919, .T.);
#921 = ADVANCED_FACE('', (#920), #12, .T.);
#922 = DIRECTION('', (0.000000, 0.000000, 1.000000));
#923 = POLY_LOOP('', (#60, #190, #62));
#924 = FACE_OUTER_BOUND('', #923, .T.);
#925 = ADVANCED_FACE('', (#924), #12, .T.);
#926 = DIRECTION('', (0.000000, -0.000000, 1.000000));
#927 = POLY_LOOP('', (#62, #190, #192));
#928 = FACE_OUTER_BOUND('', #927, .T.);
#929 = ADVANCED_FACE('', (#928), #12, .T.);
#930 = DIRECTION('', (0.000000, 0.000000, 1.000000));
#931 = POLY_LOOP('', (#62, #192, #64));
#932 = FACE_OUTER_BOUND('', #931, .T.);
#933 = ADVANCED_FACE('', (#932), #12, .T.);
#934 = DIRECTION('', (0.000000, 0.000000, 1.000000));
#935 = POLY_LOOP('', (#64, #192, #194));
#936 = FACE_OUTER_BOUND('', #935, .T.);
#937 = ADVANCED_FACE('', (#936), #12, .T.);
#938 = DIRECTION('', (0.000000, 0.000000, 1.000000));
#939 = POLY_LOOP('', (#64, #194, #66));
#940 = FACE_OUTER_BOUND('', #939, .T.);
#941 = ADVANCED_FACE('', (#940), #12, .T.);
#942 = DIRECTION('', (0.000000, 0.000000, 1.000000));
#943 = POLY_LOOP('', (#66, #194, #196));
#944 = FACE_OUTER_BOUND('', #943, .T.);
#945 = ADVANCED_FACE('', (#944), #12, .T.);
#946 = DIRECTION('', (0.000000, 0.000000, 1.000000));
#947 = POLY_LOOP('', (#66, #196, #68));
#948 = FACE_OUTER_BOUND('', #947, .T.);
#949 = ADVANCED_FACE('', (#948), #12, .T.);
#950 = DIRECTION('', (0.000000, 0.000000, 1.000000));
#951 = POLY_LOOP('', (#68, #196, #198));
#952 = FACE_OUTER_BOUND('', #951, .T.);
#953 = ADVANCED_FACE('', (#952), #12, .T.);
#954 = DIRECTION('', (0.000000, 0.000000, 1.000000));
#955 = POLY_LOOP('', (#68, #198, #70));
#956 = FACE_OUTER_BOUND('', #955, .T.);
#957 = ADVANCED_FACE('', (#956), #12, .T.);
#958 = DIRECTION('', (0.000000, 0.000000, 1.000000));
#959 = POLY_LOOP('', (#70, #198, #200));
#960 = FACE_OUTER_BOUND('', #959, .T.);
#961 = ADVANCED_FACE('', (#960), #12, .T.);
#962 = DIRECTION('', (0.000000, 0.000000, 1.000000));
#963 = POLY_LOOP('', (#70, #200, #72));
#964 = FACE_OUTER_BOUND('', #963, .T.);
#965 = ADVANCED_FACE('', (#964), #12, .T.);
#966 = DIRECTION('', (0.000000, 0.000000, 1.000000));
#967 = POLY_LOOP('', (#72, #200, #202));
#968 = FACE_OUTER_BOUND('', #967, .T.);
#969 = ADVANCED_FACE('', (#968), #12, .T.);
#970 = DIRECTION('', (0.000000, 0.000000, 1.000000));
#971 = POLY_LOOP('', (#72, #202, #74));
#972 = FACE_OUTER_BOUND('', #971, .T.);
#973 = ADVANCED_FACE('', (#972), #12, .T.);
#974 = DIRECTION('', (0.000000, 0.000000, 1.000000));
#975 = POLY_LOOP('', (#74, #202, #204));
#976 = FACE_OUTER_BOUND('', #975, .T.);
#977 = ADVANCED_FACE('', (#976), #12, .T.);
#978 = DIRECTION('', (0.000000, 0.000000, 1.000000));
#979 = POLY_LOOP('', (#74, #204, #76));
#980 = FACE_OUTER_BOUND('', #979, .T.);
#981 = ADVANCED_FACE('', (#980), #12, .T.);
#982 = DIRECTION('', (0.000000, 0.000000, 1.000000));
#983 = POLY_LOOP('', (#76, #204, #206));
#984 = FACE_OUTER_BOUND('', #983, .T.);
#985 = ADVANCED_FACE('', (#984), #12, .T.);
#986 = DIRECTION('', (0.000000, 0.000000, 1.000000));
#987 = POLY_LOOP('', (#76, #206, #78));
#988 = FACE_OUTER_BOUND('', #987, .T.);
#989 = ADVANCED_FACE('', (#988), #12, .T.);
#990 = DIRECTION('', (0.000000, 0.000000, 1.000000));
#991 = POLY_LOOP('', (#78, #206, #208));
#992 = FACE_OUTER_BOUND('', #991, .T.);
#993 = ADVANCED_FACE('', (#992), #12, .T.);
#994 = DIRECTION('', (0.000000, 0.000000, 1.000000));
#995 = POLY_LOOP('', (#78, #208, #80));
#996 = FACE_OUTER_BOUND('', #995, .T.);
#997 = ADVANCED_FACE('', (#996), #12, .T.);
#998 = DIRECTION('', (0.000000, 0.000000, 1.000000));
#999 = POLY_LOOP('', (#80, #208, #210));
#1000 = FACE_OUTER_BOUND('', #999, .T.);
#1001 = ADVANCED_FACE('', (#1000), #12, .T.);
#1002 = DIRECTION('', (0.000000, 0.000000, 1.000000));
#1003 = POLY_LOOP('', (#80, #210, #82));
#1004 = FACE_OUTER_BOUND('', #1003, .T.);
#1005 = ADVANCED_FACE('', (#1004), #12, .T.);
#1006 = DIRECTION('', (0.000000, 0.000000, 1.000000));
#1007 = POLY_LOOP('', (#82, #210, #212));
#1008 = FACE_OUTER_BOUND('', #1007, .T.);
#1009 = ADVANCED_FACE('', (#1008), #12, .T.);
#1010 = DIRECTION('', (0.000000, 0.000000, 1.000000));
#1011 = POLY_LOOP('', (#82, #212, #84));
#1012 = FACE_OUTER_BOUND('', #1011, .T.);
#1013 = ADVANCED_FACE('', (#1012), #12, .T.);
#1014 = DIRECTION('', (0.000000, 0.000000, 1.000000));
#1015 = POLY_LOOP('', (#84, #212, #214));
#1016 = FACE_OUTER_BOUND('', #1015, .T.);
#1017 = ADVANCED_FACE('', (#1016), #12, .T.);
#1018 = DIRECTION('', (0.000000, 0.000000, 1.000000));
#1019 = POLY_LOOP('', (#84, #214, #86));
#1020 = FACE_OUTER_BOUND('', #1019, .T.);
#1021 = ADVANCED_FACE('', (#1020), #12, .T.);
#1022 = DIRECTION('', (0.000000, 0.000000, 1.000000));
#1023 = POLY_LOOP('', (#86, #214, #216));
#1024 = FACE_OUTER_BOUND('', #1023, .T.);
#1025 = ADVANCED_FACE('', (#1024), #12, .T.);
#1026 = DIRECTION('', (0.000000, 0.000000, 1.000000));
#1027 = POLY_LOOP('', (#86, #216, #88));
#1028 = FACE_OUTER_BOUND('', #1027, .T.);
#1029 = ADVANCED_FACE('', (#1028), #12, .T.);
#1030 = DIRECTION('', (0.000000, 0.000000, 1.000000));
#1031 = POLY_LOOP('', (#88, #216, #218));
#1032 = FACE_OUTER_BOUND('', #1031, .T.);
#1033 = ADVANCED_FACE('', (#1032), #12, .T.);
#1034 = DIRECTION('', (0.000000, 0.000000, 1.000000));
#1035 = POLY_LOOP('', (#88, #218, #90));
#1036 = FACE_OUTER_BOUND('', #1035, .T.);
#1037 = ADVANCED_FACE('', (#1036), #12, .T.);
#1038 = DIRECTION('', (0.000000, 0.000000, 1.000000));
#1039 = POLY_LOOP('', (#90, #218, #220));
#1040 = FACE_OUTER_BOUND('', #1039, .T.);
#1041 = ADVANCED_FACE('', (#1040), #12, .T.);
#1042 = DIRECTION('', (0.000000, 0.000000, 1.000000));
#1043 = POLY_LOOP('', (#90, #220, #92));
#1044 = FACE_OUTER_BOUND('', #1043, .T.);
#1045 = ADVANCED_FACE('', (#1044), #12, .T.);
#1046 = DIRECTION('', (0.000000, 0.000000, 1.000000));
#1047 = POLY_LOOP('', (#92, #220, #222));
#1048 = FACE_OUTER_BOUND('', #1047, .T.);
#1049 = ADVANCED_FACE('', (#1048), #12, .T.);
#1050 = DIRECTION('', (0.000000, 0.000000, 1.000000));
#1051 = POLY_LOOP('', (#92, #222, #94));
#1052 = FACE_OUTER_BOUND('', #1051, .T.);
#1053 = ADVANCED_FACE('', (#1052), #12, .T.);
#1054 = DIRECTION('', (0.000000, 0.000000, 1.000000));
#1055 = POLY_LOOP('', (#94, #222, #224));
#1056 = FACE_OUTER_BOUND('', #1055, .T.);
#1057 = ADVANCED_FACE('', (#1056), #12, .T.);
#1058 = DIRECTION('', (0.000000, 0.000000, 1.000000));
#1059 = POLY_LOOP('', (#94, #224, #96));
#1060 = FACE_OUTER_BOUND('', #1059, .T.);
#1061 = ADVANCED_FACE('', (#1060), #12, .T.);
#1062 = DIRECTION('', (0.000000, 0.000000, 1.000000));
#1063 = POLY_LOOP('', (#96, #224, #226));
#1064 = FACE_OUTER_BOUND('', #1063, .T.);
#1065 = ADVANCED_FACE('', (#1064), #12, .T.);
#1066 = DIRECTION('', (0.000000, 0.000000, 1.000000));
#1067 = POLY_LOOP('', (#96, #226, #98));
#1068 = FACE_OUTER_BOUND('', #1067, .T.);
#1069 = ADVANCED_FACE('', (#1068), #12, .T.);
#1070 = DIRECTION('', (0.000000, 0.000000, 1.000000));
#1071 = POLY_LOOP('', (#98, #226, #228));
#1072 = FACE_OUTER_BOUND('', #1071, .T.);
#1073 = ADVANCED_FACE('', (#1072), #12, .T.);
#1074 = DIRECTION('', (0.000000, 0.000000, 1.000000));
#1075 = POLY_LOOP('', (#98, #228, #100));
#1076 = FACE_OUTER_BOUND('', #1075, .T.);
#1077 = ADVANCED_FACE('', (#1076), #12, .T.);
#1078 = DIRECTION('', (0.000000, 0.000000, 1.000000));
#1079 = POLY_LOOP('', (#100, #228, #230));
#1080 = FACE_OUTER_BOUND('', #1079, .T.);
#1081 = ADVANCED_FACE('', (#1080), #12, .T.);
#1082 = DIRECTION('', (0.000000, 0.000000, 1.000000));
#1083 = POLY_LOOP('', (#100, #230, #102));
#1084 = FACE_OUTER_BOUND('', #1083, .T.);
#1085 = ADVANCED_FACE('', (#1084), #12, .T.);
#1086 = DIRECTION('', (0.000000, 0.000000, 1.000000));
#1087 = POLY_LOOP('', (#102, #230, #232));
#1088 = FACE_OUTER_BOUND('', #1087, .T.);
#1089 = ADVANCED_FACE('', (#1088), #12, .T.);
#1090 = DIRECTION('', (0.000000, 0.000000, 1.000000));
#1091 = POLY_LOOP('', (#102, #232, #104));
#1092 = FACE_OUTER_BOUND('', #1091, .T.);
#1093 = ADVANCED_FACE('', (#1092), #12, .T.);
#1094 = DIRECTION('', (0.000000, 0.000000, 1.000000));
#1095 = POLY_LOOP('', (#104, #232, #234));
#1096 = FACE_OUTER_BOUND('', #1095, .T.);
#1097 = ADVANCED_FACE('', (#1096), #12, .T.);
#1098 = DIRECTION('', (0.000000, 0.000000, 1.000000));
#1099 = POLY_LOOP('', (#104, #234, #106));
#1100 = FACE_OUTER_BOUND('', #1099, .T.);
#1101 = ADVANCED_FACE('', (#1100), #12, .T.);
#1102 = DIRECTION('', (0.000000, 0.000000, 1.000000));
#1103 = POLY_LOOP('', (#106, #234, #236));
#1104 = FACE_OUTER_BOUND('', #1103, .T.);
#1105 = ADVANCED_FACE('', (#1104), #12, .T.);
#1106 = DIRECTION('', (0.000000, 0.000000, 1.000000));
#1107 = POLY_LOOP('', (#106, #236, #108));
#1108 = FACE_OUTER_BOUND('', #1107, .T.);
#1109 = ADVANCED_FACE('', (#1108), #12, .T.);
#1110 = DIRECTION('', (0.000000, 0.000000, 1.000000));
#1111 = POLY_LOOP('', (#108, #236, #238));
#1112 = FACE_OUTER_BOUND('', #1111, .T.);
#1113 = ADVANCED_FACE('', (#1112), #12, .T.);
#1114 = DIRECTION('', (0.000000, 0.000000, 1.000000));
#1115 = POLY_LOOP('', (#108, #238, #110));
#1116 = FACE_OUTER_BOUND('', #1115, .T.);
#1117 = ADVANCED_FACE('', (#1116), #12, .T.);
#1118 = DIRECTION('', (0.000000, 0.000000, 1.000000));
#1119 = POLY_LOOP('', (#110, #238, #240));
#1120 = FACE_OUTER_BOUND('', #1119, .T.);
#1121 = ADVANCED_FACE('', (#1120), #12, .T.);
#1122 = DIRECTION('', (0.000000, 0.000000, 1.000000));
#1123 = POLY_LOOP('', (#110, #240, #112));
#1124 = FACE_OUTER_BOUND('', #1123, .T.);
#1125 = ADVANCED_FACE('', (#1124), #12, .T.);
#1126 = DIRECTION('', (0.000000, 0.000000, 1.000000));
#1127 = POLY_LOOP('', (#112, #240, #242));
#1128 = FACE_OUTER_BOUND('', #1127, .T.);
#1129 = ADVANCED_FACE('', (#1128), #12, .T.);
#1130 = DIRECTION('', (0.000000, 0.000000, 1.000000));
#1131 = POLY_LOOP('', (#112, #242, #114));
#1132 = FACE_OUTER_BOUND('', #1131, .T.);
#1133 = ADVANCED_FACE('', (#1132), #12, .T.);
#1134 = DIRECTION('', (0.000000, 0.000000, 1.000000));
#1135 = POLY_LOOP('', (#114, #242, #244));
#1136 = FACE_OUTER_BOUND('', #1135, .T.);
#1137 = ADVANCED_FACE('', (#1136), #12, .T.);
#1138 = DIRECTION('', (0.000000, 0.000000, 1.000000));
#1139 = POLY_LOOP('', (#114, #244, #116));
#1140 = FACE_OUTER_BOUND('', #1139, .T.);
#1141 = ADVANCED_FACE('', (#1140), #12, .T.);
#1142 = DIRECTION('', (0.000000, 0.000000, 1.000000));
#1143 = POLY_LOOP('', (#116, #244, #246));
#1144 = FACE_OUTER_BOUND('', #1143, .T.);
#1145 = ADVANCED_FACE('', (#1144), #12, .T.);
#1146 = DIRECTION('', (0.000000, 0.000000, 1.000000));
#1147 = POLY_LOOP('', (#116, #246, #118));
#1148 = FACE_OUTER_BOUND('', #1147, .T.);
#1149 = ADVANCED_FACE('', (#1148), #12, .T.);
#1150 = DIRECTION('', (0.000000, 0.000000, 1.000000));
#1151 = POLY_LOOP('', (#118, #246, #248));
#1152 = FACE_OUTER_BOUND('', #1151, .T.);
#1153 = ADVANCED_FACE('', (#1152), #12, .T.);
#1154 = DIRECTION('', (0.000000, 0.000000, 1.000000));
#1155 = POLY_LOOP('', (#118, #248, #120));
#1156 = FACE_OUTER_BOUND('', #1155, .T.);
#1157 = ADVANCED_FACE('', (#1156), #12, .T.);
#1158 = DIRECTION('', (0.000000, 0.000000, 1.000000));
#1159 = POLY_LOOP('', (#120, #248, #250));
#1160 = FACE_OUTER_BOUND('', #1159, .T.);
#1161 = ADVANCED_FACE('', (#1160), #12, .T.);
#1162 = DIRECTION('', (0.000000, 0.000000, 1.000000));
#1163 = POLY_LOOP('', (#120, #250, #122));
#1164 = FACE_OUTER_BOUND('', #1163, .T.);
#1165 = ADVANCED_FACE('', (#1164), #12, .T.);
#1166 = DIRECTION('', (0.000000, 0.000000, 1.000000));
#1167 = POLY_LOOP('', (#122, #250, #252));
#1168 = FACE_OUTER_BOUND('', #1167, .T.);
#1169 = ADVANCED_FACE('', (#1168), #12, .T.);
#1170 = DIRECTION('', (0.000000, 0.000000, 1.000000));
#1171 = POLY_LOOP('', (#122, #252, #124));
#1172 = FACE_OUTER_BOUND('', #1171, .T.);
#1173 = ADVANCED_FACE('', (#1172), #12, .T.);
#1174 = DIRECTION('', (0.000000, 0.000000, 1.000000));
#1175 = POLY_LOOP('', (#124, #252, #254));
#1176 = FACE_OUTER_BOUND('', #1175, .T.);
#1177 = ADVANCED_FACE('', (#1176), #12, .T.);
#1178 = DIRECTION('', (0.000000, 0.000000, 1.000000));
#1179 = POLY_LOOP('', (#124, #254, #126));
#1180 = FACE_OUTER_BOUND('', #1179, .T.);
#1181 = ADVANCED_FACE('', (#1180), #12, .T.);
#1182 = DIRECTION('', (0.000000, 0.000000, 1.000000));
#1183 = POLY_LOOP('', (#126, #254, #256));
#1184 = FACE_OUTER_BOUND('', #1183, .T.);
#1185 = ADVANCED_FACE('', (#1184), #12, .T.);
#1186 = DIRECTION('', (-0.000000, 0.000000, 1.000000));
#1187 = POLY_LOOP('', (#126, #256, #128));
#1188 = FACE_OUTER_BOUND('', #1187, .T.);
#1189 = ADVANCED_FACE('', (#1188), #12, .T.);
#1190 = DIRECTION('', (0.000000, 0.000000, 1.000000));
#1191 = POLY_LOOP('', (#128, #256, #258));
#1192 = FACE_OUTER_BOUND('', #1191, .T.);
#1193 = ADVANCED_FACE('', (#1192), #12, .T.);
#1194 = DIRECTION('', (-0.000000, 0.000000, 1.000000));
#1195 = POLY_LOOP('', (#128, #258, #130));
#1196 = FACE_OUTER_BOUND('', #1195, .T.);
#1197 = ADVANCED_FACE('', (#1196), #12, .T.);
#1198 = DIRECTION('', (-0.000000, 0.000000, 1.000000));
#1199 = POLY_LOOP('', (#130, #258, #260));
#1200 = FACE_OUTER_BOUND('', #1199, .T.);
#1201 = ADVANCED_FACE('', (#1200), #12, .T.);
#1202 = DIRECTION('', (0.000000, 0.000000, 1.000000));
#1203 = POLY_LOOP('', (#130, #260, #132));
#1204 = FACE_OUTER_BOUND('', #1203, .T.);
#1205 = ADVANCED_FACE('', (#1204), #12, .T.);
#1206 = DIRECTION('', (-0.000000, 0.000000, 1.000000));
#1207 = POLY_LOOP('', (#132, #260, #262));
#1208 = FACE_OUTER_BOUND('', #1207, .T.);
#1209 = ADVANCED_FACE('', (#1208), #12, .T.);
#1210 = DIRECTION('', (0.000000, 0.000000, 1.000000));
#1211 = POLY_LOOP('', (#132, #262, #134));
#1212 = FACE_OUTER_BOUND('', #1211, .T.);
#1213 = ADVANCED_FACE('', (#1212), #12, .T.);
#1214 = DIRECTION('', (-0.000000, 0.000000, 1.000000));
#1215 = POLY_LOOP('', (#134, #262, #264));
#1216 = FACE_OUTER_BOUND('', #1215, .T.);
#1217 = ADVANCED_FACE('', (#1216), #12, .T.);
#1218 = DIRECTION('', (0.000000, 0.000000, 1.000000));
#1219 = POLY_LOOP('', (#134, #264, #136));
#1220 = FACE_OUTER_BOUND('', #1219, .T.);
#1221 = ADVANCED_FACE('', (#1220), #12, .T.);
#1222 = DIRECTION('', (-0.000000, 0.000000, 1.000000));
#1223 = POLY_LOOP('', (#136, #264, #266));
#1224 = FACE_OUTER_BOUND('', #1223, .T.);
#1225 = ADVANCED_FACE('', (#1224), #12, .T.);
#1226 = DIRECTION('', (0.000000, 0.000000, 1.000000));
#1227 = POLY_LOOP('', (#136, #266, #138));
#1228 = FACE_OUTER_BOUND('', #1227, .T.);
#1229 = ADVANCED_FACE('', (#1228), #12, .T.);
#1230 = DIRECTION('', (-0.000000, 0.000000, 1.000000));
#1231 = POLY_LOOP('', (#138, #266, #268));
#1232 = FACE_OUTER_BOUND('', #1231, .T.);
#1233 = ADVANCED_FACE('', (#1232), #12, .T.);
#1234 = DIRECTION('', (0.000000, 0.000000, 1.000000));
#1235 = POLY_LOOP('', (#138, #268, #140));
#1236 = FACE_OUTER_BOUND('', #1235, .T.);
#1237 = ADVANCED_FACE('', (#1236), #12, .T.);
#1238 = DIRECTION('', (-0.000000, 0.000000, 1.000000));
#1239 = POLY_LOOP('', (#140, #268, #270));
#1240 = FACE_OUTER_BOUND('', #1239, .T.);
#1241 = ADVANCED_FACE('', (#1240), #12, .T.);
#1242 = DIRECTION('', (0.000000, 0.000000, 1.000000));
#1243 = POLY_LOOP('', (#140, #270, #142));
#1244 = FACE_OUTER_BOUND('', #1243, .T.);
#1245 = ADVANCED_FACE('', (#1244), #12, .T.);
#1246 = DIRECTION('', (-0.000000, 0.000000, 1.000000));
#1247 = POLY_LOOP('', (#142, #270, #272));
#1248 = FACE_OUTER_BOUND('', #1247, .T.);
#1249 = ADVANCED_FACE('', (#1248), #12, .T.);
#1250 = DIRECTION('', (0.000000, 0.000000, 1.000000));
#1251 = POLY_LOOP('', (#142, #272, #144));
#1252 = FACE_OUTER_BOUND('', #1251, .T.);
#1253 = ADVANCED_FACE('', (#1252), #12, .T.);
#1254 = DIRECTION('', (-0.000000, 0.000000, 1.000000));
#1255 = POLY_LOOP('', (#144, #272, #274));
#1256 = FACE_OUTER_BOUND('', #1255, .T.);
#1257 = ADVANCED_FACE('', (#1256), #12, .T.);
#1258 = DIRECTION('', (0.000000, 0.000000, 1.000000));
#1259 = POLY_LOOP('', (#144, #274, #146));
#1260 = FACE_OUTER_BOUND('', #1259, .T.);
#1261 = ADVANCED_FACE('', (#1260), #12, .T.);
#1262 = DIRECTION('', (-0.000000, 0.000000, 1.000000));
#1263 = POLY_LOOP('', (#146, #274, #276));
#1264 = FACE_OUTER_BOUND('', #1263, .T.);
#1265 = ADVANCED_FACE('', (#1264), #12, .T.);
#1266 = DIRECTION('', (0.000000, 0.000000, 1.000000));
#1267 = POLY_LOOP('', (#146, #276, #148));
#1268 = FACE_OUTER_BOUND('', #1267, .T.);
#1269 = ADVANCED_FACE('', (#1268), #12, .T.);
#1270 = DIRECTION('', (-0.000000, 0.000000, 1.000000));
#1271 = POLY_LOOP('', (#148, #276, #278));
#1272 = FACE_OUTER_BOUND('', #1271, .T.);
#1273 = ADVANCED_FACE('', (#1272), #12, .T.);
#1274 = DIRECTION('', (0.000000, 0.000000, 1.000000));
#1275 = POLY_LOOP('', (#148, #278, #150));
#1276 = FACE_OUTER_BOUND('', #1275, .T.);
#1277 = ADVANCED_FACE('', (#1276), #12, .T.);
#1278 = DIRECTION('', (-0.000000, 0.000000, 1.000000));
#1279 = POLY_LOOP('', (#150, #278, #280));
#1280 = FACE_OUTER_BOUND('', #1279, .T.);
#1281 = ADVANCED_FACE('', (#1280), #12, .T.);
#1282 = DIRECTION('', (0.000000, 0.000000, 1.000000));
#1283 = POLY_LOOP('', (#150, #280, #152));
#1284 = FACE_OUTER_BOUND('', #1283, .T.);
#1285 = ADVANCED_FACE('', (#1284), #12, .T.);
#1286 = DIRECTION('', (-0.000000, 0.000000, 1.000000));
#1287 = POLY_LOOP('', (#152, #280, #282));
#1288 = FACE_OUTER_BOUND('', #1287, .T.);
#1289 = ADVANCED_FACE('', (#1288), #12, .T.);
#1290 = DIRECTION('', (0.000000, 0.000000, 1.000000));
#1291 = POLY_LOOP('', (#152, #282, #154));
#1292 = FACE_OUTER_BOUND('', #1291, .T.);
#1293 = ADVANCED_FACE('', (#1292), #12, .T.);
#1294 = DIRECTION('', (-0.000000, 0.000000, 1.000000));
#1295 = POLY_LOOP('', (#154, #282, #284));
#1296 = FACE_OUTER_BOUND('', #1295, .T.);
#1297 = ADVANCED_FACE('', (#1296), #12, .T.);
#1298 = DIRECTION('', (0.000000, 0.000000, 1.000000));
#1299 = POLY_LOOP('', (#154, #284, #156));
#1300 = FACE_OUTER_BOUND('', #1299, .T.);
#1301 = ADVANCED_FACE('', (#1300), #12, .T.);
#1302 = DIRECTION('', (-0.000000, 0.000000, 1.000000));
#1303 = POLY_LOOP('', (#156, #284, #158));
#1304 = FACE_OUTER_BOUND('', #1303, .T.);
#1305 = ADVANCED_FACE('', (#1304), #12, .T.);
#1306 = DIRECTION('', (0.000000, 0.000000, 1.000000));
#1307 = POLY_LOOP('', (#156, #158, #30));
#1308 = FACE_OUTER_BOUND('', #1307, .T.);
#1309 = ADVANCED_FACE('', (#1308), #12, .T.);
#1310 = DIRECTION('', (-0.998795, -0.049068, 0.000000));
#1311 = POLY_LOOP('', (#158, #286, #288));
#1312 = FACE_OUTER_BOUND('', #1311, .T.);
#1313 = ADVANCED_FACE('', (#1312), #12, .T.);
#1314 = DIRECTION('', (-0.998795, -0.049068, 0.000000));
#1315 = POLY_LOOP('', (#158, #288, #160));
#1316 = FACE_OUTER_BOUND('', #1315, .T.);
#1317 = ADVANCED_FACE('', (#1316), #12, .T.);
#1318 = DIRECTION('', (-0.989177, -0.146730, 0.000000));
#1319 = POLY_LOOP('', (#160, #288, #290));
#1320 = FACE_OUTER_BOUND('', #1319, .T.);
#1321 = ADVANCED_FACE('', (#1320), #12, .T.);
#1322 = DIRECTION('', (-0.989177, -0.146730, 0.000000));
#1323 = POLY_LOOP('', (#160, #290, #162));
#1324 = FACE_OUTER_BOUND('', #1323, .T.);
#1325 = ADVANCED_FACE('', (#1324), #12, .T.);
#1326 = DIRECTION('', (-0.970031, -0.242980, 0.000000));
#1327 = POLY_LOOP('', (#162, #290, #292));
#1328 = FACE_OUTER_BOUND('', #1327, .T.);
#1329 = ADVANCED_FACE('', (#1328), #12, .T.);
#1330 = DIRECTION('', (-0.970031, -0.242980, 0.000000));
#1331 = POLY_LOOP('', (#162, #292, #164));
#1332 = FACE_OUTER_BOUND('', #1331, .T.);
#1333 = ADVANCED_FACE('', (#1332), #12, .T.);
#1334 = DIRECTION('', (-0.941544, -0.336890, 0.000000));
#1335 = POLY_LOOP('', (#164, #292, #294));
#1336 = FACE_OUTER_BOUND('', #1335, .T.);
#1337 = ADVANCED_FACE('', (#1336), #12, .T.);
#1338 = DIRECTION('', (-0.941544, -0.336890, 0.000000));
#1339 = POLY_LOOP('', (#164, #294, #166));
#1340 = FACE_OUTER_BOUND('', #1339, .T.);
#1341 = ADVANCED_FACE('', (#1340), #12, .T.);
#1342 = DIRECTION('', (-0.903989, -0.427555, 0.000000));
#1343 = POLY_LOOP('', (#166, #294, #296));
#1344 = FACE_OUTER_BOUND('', #1343, .T.);
#1345 = ADVANCED_FACE('', (#1344), #12, .T.);
#1346 = DIRECTION('', (-0.903989, -0.427555, 0.000000));
#1347 = POLY_LOOP('', (#166, #296, #168));
#1348 = FACE_OUTER_BOUND('', #1347, .T.);
#1349 = ADVANCED_FACE('', (#1348), #12, .T.);
#1350 = DIRECTION('', (-0.857729, -0.514103, 0.000000));
#1351 = POLY_LOOP('', (#168, #296, #298));
#1352 = FACE_OUTER_BOUND('', #1351, .T.);
#1353 = ADVANCED_FACE('', (#1352), #12, .T.);
#1354 = DIRECTION('', (-0.857729, -0.514103, 0.000000));
#1355 = POLY_LOOP('', (#168, #298, #170));
#1356 = FACE_OUTER_BOUND('', #1355, .T.);
#1357 = ADVANCED_FACE('', (#1356), #12, .T.);
#1358 = DIRECTION('', (-0.803208, -0.595699, 0.000000));
#1359 = POLY_LOOP('', (#170, #298, #300));
#1360 = FACE_OUTER_BOUND('', #1359, .T.);
#1361 = ADVANCED_FACE('', (#1360), #12, .T.);
#1362 = DIRECTION('', (-0.803208, -0.595699, 0.000000));
#1363 = POLY_LOOP('', (#170, #300, #172));
#1364 = FACE_OUTER_BOUND('', #1363, .T.);
#1365 = ADVANCED_FACE('', (#1364), #12, .T.);
#1366 = DIRECTION('', (-0.740951, -0.671559, 0.000000));
#1367 = POLY_LOOP('', (#172, #300, #302));
#1368 = FACE_OUTER_BOUND('', #1367, .T.);
#1369 = ADVANCED_FACE('', (#1368), #12, .T.);
#1370 = DIRECTION('', (-0.740951, -0.671559, 0.000000));
#1371 = POLY_LOOP('', (#172, #302, #174));
#1372 = FACE_OUTER_BOUND('', #1371, .T.);
#1373 = ADVANCED_FACE('', (#1372), #12, .T.);
#1374 = DIRECTION('', (-0.671559, -0.740951, 0.000000));
#1375 = POLY_LOOP('', (#174, #302, #304));
#1376 = FACE_OUTER_BOUND('', #1375, .T.);
#1377 = ADVANCED_FACE('', (#1376), #12, .T.);
#1378 = DIRECTION('', (-0.671559, -0.740951, 0.000000));
#1379 = POLY_LOOP('', (#174, #304, #176));
#1380 = FACE_OUTER_BOUND('', #1379, .T.);
#1381 = ADVANCED_FACE('', (#1380), #12, .T.);
#1382 = DIRECTION('', (-0.595699, -0.803208, 0.000000));
#1383 = POLY_LOOP('', (#176, #304, #306));
#1384 = FACE_OUTER_BOUND('', #1383, .T.);
#1385 = ADVANCED_FACE('', (#1384), #12, .T.);
#1386 = DIRECTION('', (-0.595699, -0.803208, 0.000000));
#1387 = POLY_LOOP('', (#176, #306, #178));
#1388 = FACE_OUTER_BOUND('', #1387, .T.);
#1389 = ADVANCED_FACE('', (#1388), #12, .T.);
#1390 = DIRECTION('', (-0.514103, -0.857729, 0.000000));
#1391 = POLY_LOOP('', (#178, #306, #308));
#1392 = FACE_OUTER_BOUND('', #1391, .T.);
#1393 = ADVANCED_FACE('', (#1392), #12, .T.);
#1394 = DIRECTION('', (-0.514103, -0.857729, 0.000000));
#1395 = POLY_LOOP('', (#178, #308, #180));
#1396 = FACE_OUTER_BOUND('', #1395, .T.);
#1397 = ADVANCED_FACE('', (#1396), #12, .T.);
#1398 = DIRECTION('', (-0.427555, -0.903989, 0.000000));
#1399 = POLY_LOOP('', (#180, #308, #310));
#1400 = FACE_OUTER_BOUND('', #1399, .T.);
#1401 = ADVANCED_FACE('', (#1400), #12, .T.);
#1402 = DIRECTION('', (-0.427555, -0.903989, 0.000000));
#1403 = POLY_LOOP('', (#180, #310, #182));
#1404 = FACE_OUTER_BOUND('', #1403, .T.);
#1405 = ADVANCED_FACE('', (#1404), #12, .T.);
#1406 = DIRECTION('', (-0.336890, -0.941544, 0.000000));
#1407 = POLY_LOOP('', (#182, #310, #312));
#1408 = FACE_OUTER_BOUND('', #1407, .T.);
#1409 = ADVANCED_FACE('', (#1408), #12, .T.);
#1410 = DIRECTION('', (-0.336890, -0.941544, 0.000000));
#1411 = POLY_LOOP('', (#182, #312, #184));
#1412 = FACE_OUTER_BOUND('', #1411, .T.);
#1413 = ADVANCED_FACE('', (#1412), #12, .T.);
#1414 = DIRECTION('', (-0.242980, -0.970031, 0.000000));
#1415 = POLY_LOOP('', (#184, #312, #314));
#1416 = FACE_OUTER_BOUND('', #1415, .T.);
#1417 = ADVANCED_FACE('', (#1416), #12, .T.);
#1418 = DIRECTION('', (-0.242980, -0.970031, 0.000000));
#1419 = POLY_LOOP('', (#184, #314, #186));
#1420 = FACE_OUTER_BOUND('', #1419, .T.);
#1421 = ADVANCED_FACE('', (#1420), #12, .T.);
#1422 = DIRECTION('', (-0.146730, -0.989177, 0.000000));
#1423 = POLY_LOOP('', (#186, #314, #316));
#1424 = FACE_OUTER_BOUND('', #1423, .T.);
#1425 = ADVANCED_FACE('', (#1424), #12, .T.);
#1426 = DIRECTION('', (-0.146730, -0.989177, 0.000000));
#1427 = POLY_LOOP('', (#186, #316, #188));
#1428 = FACE_OUTER_BOUND('', #1427, .T.);
#1429 = ADVANCED_FACE('', (#1428), #12, .T.);
#1430 = DIRECTION('', (-0.049068, -0.998795, 0.000000));
#1431 = POLY_LOOP('', (#188, #316, #318));
#1432 = FACE_OUTER_BOUND('', #1431, .T.);
#1433 = ADVANCED_FACE('', (#1432), #12, .T.);
#1434 = DIRECTION('', (-0.049068, -0.998795, 0.000000));
#1435 = POLY_LOOP('', (#188, #318, #190));
#1436 = FACE_OUTER_BOUND('', #1435, .T.);
#1437 = ADVANCED_FACE('', (#1436), #12, .T.);
#1438 = DIRECTION('', (0.049068, -0.998795, 0.000000));
#1439 = POLY_LOOP('', (#190, #318, #320));
#1440 = FACE_OUTER_BOUND('', #1439, .T.);
#1441 = ADVANCED_FACE('', (#1440), #12, .T.);
#1442 = DIRECTION('', (0.049068, -0.998795, 0.000000));
#1443 = POLY_LOOP('', (#190, #320, #192));
#1444 = FACE_OUTER_BOUND('', #1443, .T.);
#1445 = ADVANCED_FACE('', (#1444), #12, .T.);
#1446 = DIRECTION('', (0.146730, -0.989177, 0.000000));
#1447 = POLY_LOOP('', (#192, #320, #322));
#1448 = FACE_OUTER_BOUND('', #1447, .T.);
#1449 = ADVANCED_FACE('', (#1448), #12, .T.);
#1450 = DIRECTION('', (0.146730, -0.989177, 0.000000));
#1451 = POLY_LOOP('', (#192, #322, #194));
#1452 = FACE_OUTER_BOUND('', #1451, .T.);
#1453 = ADVANCED_FACE('', (#1452), #12, .T.);
#1454 = DIRECTION('', (0.242980, -0.970031, 0.000000));
#1455 = POLY_LOOP('', (#194, #322, #324));
#1456 = FACE_OUTER_BOUND('', #1455, .T.);
#1457 = ADVANCED_FACE('', (#1456), #12, .T.);
#1458 = DIRECTION('', (0.242980, -0.970031, 0.000000));
#1459 = POLY_LOOP('', (#194, #324, #196));
#1460 = FACE_OUTER_BOUND('', #1459, .T.);
#1461 = ADVANCED_FACE('', (#1460), #12, .T.);
#1462 = DIRECTION('', (0.336890, -0.941544, 0.000000));
#1463 = POLY_LOOP('', (#196, #324, #326));
#1464 = FACE_OUTER_BOUND('', #1463, .T.);
#1465 = ADVANCED_FACE('', (#1464), #12, .T.);
#1466 = DIRECTION('', (0.336890, -0.941544, 0.000000));
#1467 = POLY_LOOP('', (#196, #326, #198));
#1468 = FACE_OUTER_BOUND('', #1467, .T.);
#1469 = ADVANCED_FACE('', (#1468), #12, .T.);
#1470 = DIRECTION('', (0.427555, -0.903989, 0.000000));
#1471 = POLY_LOOP('', (#198, #326, #328));
#1472 = FACE_OUTER_BOUND('', #1471, .T.);
#1473 = ADVANCED_FACE('', (#1472), #12, .T.);
#1474 = DIRECTION('', (0.427555, -0.903989, 0.000000));
#1475 = POLY_LOOP('', (#198, #328, #200));
#1476 = FACE_OUTER_BOUND('', #1475, .T.);
#1477 = ADVANCED_FACE('', (#1476), #12, .T.);
#1478 = DIRECTION('', (0.514103, -0.857729, 0.000000));
#1479 = POLY_LOOP('', (#200, #328, #330));
#1480 = FACE_OUTER_BOUND('', #1479, .T.);
#1481 = ADVANCED_FACE('', (#1480), #12, .T.);
#1482 = DIRECTION('', (0.514103, -0.857729, 0.000000));
#1483 = POLY_LOOP('', (#200, #330, #202));
#1484 = FACE_OUTER_BOUND('', #1483, .T.);
#1485 = ADVANCED_FACE('', (#1484), #12, .T.);
#1486 = DIRECTION('', (0.595699, -0.803208, 0.000000));
#1487 = POLY_LOOP('', (#202, #330, #332));
#1488 = FACE_OUTER_BOUND('', #1487, .T.);
#1489 = ADVANCED_FACE('', (#1488), #12, .T.);
#1490 = DIRECTION('', (0.595699, -0.803208, 0.000000));
#1491 = POLY_LOOP('', (#202, #332, #204));
#1492 = FACE_OUTER_BOUND('', #1491, .T.);
#1493 = ADVANCED_FACE('', (#1492), #12, .T.);
#1494 = DIRECTION('', (0.671559, -0.740951, 0.000000));
#1495 = POLY_LOOP('', (#204, #332, #334));
#1496 = FACE_OUTER_BOUND('', #1495, .T.);
#1497 = ADVANCED_FACE('', (#1496), #12, .T.);
#1498 = DIRECTION('', (0.671559, -0.740951, 0.000000));
#1499 = POLY_LOOP('', (#204, #334, #206));
#1500 = FACE_OUTER_BOUND('', #1499, .T.);
#1501 = ADVANCED_FACE('', (#1500), #12, .T.);
#1502 = DIRECTION('', (0.740951, -0.671559, 0.000000));
#1503 = POLY_LOOP('', (#206, #334, #336));
#1504 = FACE_OUTER_BOUND('', #1503, .T.);
#1505 = ADVANCED_FACE('', (#1504), #12, .T.);
#1506 = DIRECTION('', (0.740951, -0.671559, 0.000000));
#1507 = POLY_LOOP('', (#206, #336, #208));
#1508 = FACE_OUTER_BOUND('', #1507, .T.);
#1509 = ADVANCED_FACE('', (#1508), #12, .T.);
#1510 = DIRECTION('', (0.803208, -0.595699, 0.000000));
#1511 = POLY_LOOP('', (#208, #336, #338));
#1512 = FACE_OUTER_BOUND('', #1511, .T.);
#1513 = ADVANCED_FACE('', (#1512), #12, .T.);
#1514 = DIRECTION('', (0.803208, -0.595699, 0.000000));
#1515 = POLY_LOOP('', (#208, #338, #210));
#1516 = FACE_OUTER_BOUND('', #1515, .T.);
#1517 = ADVANCED_FACE('', (#1516), #12, .T.);
#1518 = DIRECTION('', (0.857729, -0.514103, 0.000000));
#1519 = POLY_LOOP('', (#210, #338, #340));
#1520 = FACE_OUTER_BOUND('', #1519, .T.);
#1521 = ADVANCED_FACE('', (#1520), #12, .T.);
#1522 = DIRECTION('', (0.857729, -0.514103, 0.000000));
#1523 = POLY_LOOP('', (#210, #340, #212));
#1524 = FACE_OUTER_BOUND('', #1523, .T.);
#1525 = ADVANCED_FACE('', (#1524), #12, .T.);
#1526 = DIRECTION('', (0.903989, -0.427555, 0.000000));
#1527 = POLY_LOOP('', (#212, #340, #342));
#1528 = FACE_OUTER_BOUND('', #1527, .T.);
#1529 = ADVANCED_FACE('', (#1528), #12, .T.);
#1530 = DIRECTION('', (0.903989, -0.427555, 0.000000));
#1531 = POLY_LOOP('', (#212, #342, #214));
#1532 = FACE_OUTER_BOUND('', #1531, .T.);
#1533 = ADVANCED_FACE('', (#1532), #12, .T.);
#1534 = DIRECTION('', (0.941544, -0.336890, 0.000000));
#1535 = POLY_LOOP('', (#214, #342, #344));
#1536 = FACE_OUTER_BOUND('', #1535, .T.);
#1537 = ADVANCED_FACE('', (#1536), #12, .T.);
#1538 = DIRECTION('', (0.941544, -0.336890, 0.000000));
#1539 = POLY_LOOP('', (#214, #344, #216));
#1540 = FACE_OUTER_BOUND('', #1539, .T.);
#1541 = ADVANCED_FACE('', (#1540), #12, .T.);
#1542 = DIRECTION('', (0.970031, -0.242980, 0.000000));
#1543 = POLY_LOOP('', (#216, #344, #346));
#1544 = FACE_OUTER_BOUND('', #1543, .T.);
#1545 = ADVANCED_FACE('', (#1544), #12, .T.);
#1546 = DIRECTION('', (0.970031, -0.242980, 0.000000));
#1547 = POLY_LOOP('', (#216, #346, #218));
#1548 = FACE_OUTER_BOUND('', #1547, .T.);
#1549 = ADVANCED_FACE('', (#1548), #12, .T.);
#1550 = DIRECTION('', (0.989177, -0.146730, 0.000000));
#1551 = POLY_LOOP('', (#218, #346, #348));
#1552 = FACE_OUTER_BOUND('', #1551, .T.);
#1553 = ADVANCED_FACE('', (#1552), #12, .T.);
#1554 = DIRECTION('', (0.989177, -0.146730, 0.000000));
#1555 = POLY_LOOP('', (#218, #348, #220));
#1556 = FACE_OUTER_BOUND('', #1555, .T.);
#1557 = ADVANCED_FACE('', (#1556), #12, .T.);
#1558 = DIRECTION('', (0.998795, -0.049068, 0.000000));
#1559 = POLY_LOOP('', (#220, #348, #350));
#1560 = FACE_OUTER_BOUND('', #1559, .T.);
#1561 = ADVANCED_FACE('', (#1560), #12, .T.);
#1562 = DIRECTION('', (0.998795, -0.049068, 0.000000));
#1563 = POLY_LOOP('', (#220, #350, #222));
#1564 = FACE_OUTER_BOUND('', #1563, .T.);
#1565 = ADVANCED_FACE('', (#1564), #12, .T.);
#1566 = DIRECTION('', (0.998795, 0.049068, -0.000000));
#1567 = POLY_LOOP('', (#222, #350, #352));
#1568 = FACE_OUTER_BOUND('', #1567, .T.);
#1569 = ADVANCED_FACE('', (#1568), #12, .T.);
#1570 = DIRECTION('', (0.998795, 0.049068, 0.000000));
#1571 = POLY_LOOP('', (#222, #352, #224));
#1572 = FACE_OUTER_BOUND('', #1571, .T.);
#1573 = ADVANCED_FACE('', (#1572), #12, .T.);
#1574 = DIRECTION('', (0.989177, 0.146730, -0.000000));
#1575 = POLY_LOOP('', (#224, #352, #354));
#1576 = FACE_OUTER_BOUND('', #1575, .T.);
#1577 = ADVANCED_FACE('', (#1576), #12, .T.);
#1578 = DIRECTION('', (0.989177, 0.146730, 0.000000));
#1579 = POLY_LOOP('', (#224, #354, #226));
#1580 = FACE_OUTER_BOUND('', #1579, .T.);
#1581 = ADVANCED_FACE('', (#1580), #12, .T.);
#1582 = DIRECTION('', (0.970031, 0.242980, -0.000000));
#1583 = POLY_LOOP('', (#226, #354, #356));
#1584 = FACE_OUTER_BOUND('', #1583, .T.);
#1585 = ADVANCED_FACE('', (#1584), #12, .T.);
#1586 = DIRECTION('', (0.970031, 0.242980, 0.000000));
#1587 = POLY_LOOP('', (#226, #356, #228));
#1588 = FACE_OUTER_BOUND('', #1587, .T.);
#1589 = ADVANCED_FACE('', (#1588), #12, .T.);
#1590 = DIRECTION('', (0.941544, 0.336890, -0.000000));
#1591 = POLY_LOOP('', (#228, #356, #358));
#1592 = FACE_OUTER_BOUND('', #1591, .T.);
#1593 = ADVANCED_FACE('', (#1592), #12, .T.);
#1594 = DIRECTION('', (0.941544, 0.336890, 0.000000));
#1595 = POLY_LOOP('', (#228, #358, #230));
#1596 = FACE_OUTER_BOUND('', #1595, .T.);
#1597 = ADVANCED_FACE('', (#1596), #12, .T.);
#1598 = DIRECTION('', (0.903989, 0.427555, -0.000000));
#1599 = POLY_LOOP('', (#230, #358, #360));
#1600 = FACE_OUTER_BOUND('', #1599, .T.);
#1601 = ADVANCED_FACE('', (#1600), #12, .T.);
#1602 = DIRECTION('', (0.903989, 0.427555, 0.000000));
#1603 = POLY_LOOP('', (#230, #360, #232));
#1604 = FACE_OUTER_BOUND('', #1603, .T.);
#1605 = ADVANCED_FACE('', (#1604), #12, .T.);
#1606 = DIRECTION('', (0.857729, 0.514103, -0.000000));
#1607 = POLY_LOOP('', (#232, #360, #362));
#1608 = FACE_OUTER_BOUND('', #1607, .T.);
#1609 = ADVANCED_FACE('', (#1608), #12, .T.);
#1610 = DIRECTION('', (0.857729, 0.514103, 0.000000));
#1611 = POLY_LOOP('', (#232, #362, #234));
#1612 = FACE_OUTER_BOUND('', #1611, .T.);
#1613 = ADVANCED_FACE('', (#1612), #12, .T.);
#1614 = DIRECTION('', (0.803208, 0.595699, -0.000000));
#1615 = POLY_LOOP('', (#234, #362, #364));
#1616 = FACE_OUTER_BOUND('', #1615, .T.);
#1617 = ADVANCED_FACE('', (#1616), #12, .T.);
#1618 = DIRECTION('', (0.803208, 0.595699, 0.000000));
#1619 = POLY_LOOP('', (#234, #364, #236));
#1620 = FACE_OUTER_BOUND('', #1619, .T.);
#1621 = ADVANCED_FACE('', (#1620), #12, .T.);
#1622 = DIRECTION('', (0.740951, 0.671559, -0.000000));
#1623 = POLY_LOOP('', (#236, #364, #366));
#1624 = FACE_OUTER_BOUND('', #1623, .T.);
#1625 = ADVANCED_FACE('', (#1624), #12, .T.);
#1626 = DIRECTION('', (0.740951, 0.671559, 0.000000));
#1627 = POLY_LOOP('', (#236, #366, #238));
#1628 = FACE_OUTER_BOUND('', #1627, .T.);
#1629 = ADVANCED_FACE('', (#1628), #12, .T.);
#1630 = DIRECTION('', (0.671559, 0.740951, -0.000000));
#1631 = POLY_LOOP('', (#238, #366, #368));
#1632 = FACE_OUTER_BOUND('', #1631, .T.);
#1633 = ADVANCED_FACE('', (#1632), #12, .T.);
#1634 = DIRECTION('', (0.671559, 0.740951, 0.000000));
#1635 = POLY_LOOP('', (#238, #368, #240));
#1636 = FACE_OUTER_BOUND('', #1635, .T.);
#1637 = ADVANCED_FACE('', (#1636), #12, .T.);
#1638 = DIRECTION('', (0.595699, 0.803208, -0.000000));
#1639 = POLY_LOOP('', (#240, #368, #370));
#1640 = FACE_OUTER_BOUND('', #1639, .T.);
#1641 = ADVANCED_FACE('', (#1640), #12, .T.);
#1642 = DIRECTION('', (0.595699, 0.803208, 0.000000));
#1643 = POLY_LOOP('', (#240, #370, #242));
#1644 = FACE_OUTER_BOUND('', #1643, .T.);
#1645 = ADVANCED_FACE('', (#1644), #12, .T.);
#1646 = DIRECTION('', (0.514103, 0.857729, -0.000000));
#1647 = POLY_LOOP('', (#242, #370, #372));
#1648 = FACE_OUTER_BOUND('', #1647, .T.);
#1649 = ADVANCED_FACE('', (#1648), #12, .T.);
#1650 = DIRECTION('', (0.514103, 0.857729, 0.000000));
#1651 = POLY_LOOP('', (#242, #372, #244));
#1652 = FACE_OUTER_BOUND('', #1651, .T.);
#1653 = ADVANCED_FACE('', (#1652), #12, .T.);
#1654 = DIRECTION('', (0.427555, 0.903989, -0.000000));
#1655 = POLY_LOOP('', (#244, #372, #374));
#1656 = FACE_OUTER_BOUND('', #1655, .T.);
#1657 = ADVANCED_FACE('', (#1656), #12, .T.);
#1658 = DIRECTION('', (0.427555, 0.903989, 0.000000));
#1659 = POLY_LOOP('', (#244, #374, #246));
#1660 = FACE_OUTER_BOUND('', #1659, .T.);
#1661 = ADVANCED_FACE('', (#1660), #12, .T.);
#1662 = DIRECTION('', (0.336890, 0.941544, -0.000000));
#1663 = POLY_LOOP('', (#246, #374, #376));
#1664 = FACE_OUTER_BOUND('', #1663, .T.);
#1665 = ADVANCED_FACE('', (#1664), #12, .T.);
#1666 = DIRECTION('', (0.336890, 0.941544, 0.000000));
#1667 = POLY_LOOP('', (#246, #376, #248));
#1668 = FACE_OUTER_BOUND('', #1667, .T.);
#1669 = ADVANCED_FACE('', (#1668), #12, .T.);
#1670 = DIRECTION('', (0.242980, 0.970031, -0.000000));
#1671 = POLY_LOOP('', (#248, #376, #378));
#1672 = FACE_OUTER_BOUND('', #1671, .T.);
#1673 = ADVANCED_FACE('', (#1672), #12, .T.);
#1674 = DIRECTION('', (0.242980, 0.970031, 0.000000));
#1675 = POLY_LOOP('', (#248, #378, #250));
#1676 = FACE_OUTER_BOUND('', #1675, .T.);
#1677 = ADVANCED_FACE('', (#1676), #12, .T.);
#1678 = DIRECTION('', (0.146730, 0.989177, -0.000000));
#1679 = POLY_LOOP('', (#250, #378, #380));
#1680 = FACE_OUTER_BOUND('', #1679, .T.);
#1681 = ADVANCED_FACE('', (#1680), #12, .T.);
#1682 = DIRECTION('', (0.146730, 0.989177, 0.000000));
#1683 = POLY_LOOP('', (#250, #380, #252));
#1684 = FACE_OUTER_BOUND('', #1683, .T.);
#1685 = ADVANCED_FACE('', (#1684), #12, .T.);
#1686 = DIRECTION('', (0.049068, 0.998795, -0.000000));
#1687 = POLY_LOOP('', (#252, #380, #382));
#1688 = FACE_OUTER_BOUND('', #1687, .T.);
#1689 = ADVANCED_FACE('', (#1688), #12, .T.);
#1690 = DIRECTION('', (0.049068, 0.998795, 0.000000));
#1691 = POLY_LOOP('', (#252, #382, #254));
#1692 = FACE_OUTER_BOUND('', #1691, .T.);
#1693 = ADVANCED_FACE('', (#1692), #12, .T.);
#1694 = DIRECTION('', (-0.049068, 0.998795, 0.000000));
#1695 = POLY_LOOP('', (#254, #382, #384));
#1696 = FACE_OUTER_BOUND('', #1695, .T.);
#1697 = ADVANCED_FACE('', (#1696), #12, .T.);
#1698 = DIRECTION('', (-0.049068, 0.998795, 0.000000));
#1699 = POLY_LOOP('', (#254, #384, #256));
#1700 = FACE_OUTER_BOUND('', #1699, .T.);
#1701 = ADVANCED_FACE('', (#1700), #12, .T.);
#1702 = DIRECTION('', (-0.146730, 0.989177, 0.000000));
#1703 = POLY_LOOP('', (#256, #384, #386));
#1704 = FACE_OUTER_BOUND('', #1703, .T.);
#1705 = ADVANCED_FACE('', (#1704), #12, .T.);
#1706 = DIRECTION('', (-0.146730, 0.989177, 0.000000));
#1707 = POLY_LOOP('', (#256, #386, #258));
#1708 = FACE_OUTER_BOUND('', #1707, .T.);
#1709 = ADVANCED_FACE('', (#1708), #12, .T.);
#1710 = DIRECTION('', (-0.242980, 0.970031, 0.000000));
#1711 = POLY_LOOP('', (#258, #386, #388));
#1712 = FACE_OUTER_BOUND('', #1711, .T.);
#1713 = ADVANCED_FACE('', (#1712), #12, .T.);
#1714 = DIRECTION('', (-0.242980, 0.970031, 0.000000));
#1715 = POLY_LOOP('', (#258, #388, #260));
#1716 = FACE_OUTER_BOUND('', #1715, .T.);
#1717 = ADVANCED_FACE('', (#1716), #12, .T.);
#1718 = DIRECTION('', (-0.336890, 0.941544, 0.000000));
#1719 = POLY_LOOP('', (#260, #388, #390));
#1720 = FACE_OUTER_BOUND('', #1719, .T.);
#1721 = ADVANCED_FACE('', (#1720), #12, .T.);
#1722 = DIRECTION('', (-0.336890, 0.941544, 0.000000));
#1723 = POLY_LOOP('', (#260, #390, #262));
#1724 = FACE_OUTER_BOUND('', #1723, .T.);
#1725 = ADVANCED_FACE('', (#1724), #12, .T.);
#1726 = DIRECTION('', (-0.427555, 0.903989, 0.000000));
#1727 = POLY_LOOP('', (#262, #390, #392));
#1728 = FACE_OUTER_BOUND('', #1727, .T.);
#1729 = ADVANCED_FACE('', (#1728), #12, .T.);
#1730 = DIRECTION('', (-0.427555, 0.903989, 0.000000));
#1731 = POLY_LOOP('', (#262, #392, #264));
#1732 = FACE_OUTER_BOUND('', #1731, .T.);
#1733 = ADVANCED_FACE('', (#1732), #12, .T.);
#1734 = DIRECTION('', (-0.514103, 0.857729, 0.000000));
#1735 = POLY_LOOP('', (#264, #392, #394));
#1736 = FACE_OUTER_BOUND('', #1735, .T.);
#1737 = ADVANCED_FACE('', (#1736), #12, .T.);
#1738 = DIRECTION('', (-0.514103, 0.857729, 0.000000));
#1739 = POLY_LOOP('', (#264, #394, #266));
#1740 = FACE_OUTER_BOUND('', #1739, .T.);
#1741 = ADVANCED_FACE('', (#1740), #12, .T.);
#1742 = DIRECTION('', (-0.595699, 0.803208, 0.000000));
#1743 = POLY_LOOP('', (#266, #394, #396));
#1744 = FACE_OUTER_BOUND('', #1743, .T.);
#1745 = ADVANCED_FACE('', (#1744), #12, .T.);
#1746 = DIRECTION('', (-0.595699, 0.803208, 0.000000));
#1747 = POLY_LOOP('', (#266, #396, #268));
#1748 = FACE_OUTER_BOUND('', #1747, .T.);
#1749 = ADVANCED_FACE('', (#1748), #12, .T.);
#1750 = DIRECTION('', (-0.671559, 0.740951, 0.000000));
#1751 = POLY_LOOP('', (#268, #396, #398));
#1752 = FACE_OUTER_BOUND('', #1751, .T.);
#1753 = ADVANCED_FACE('', (#1752), #12, .T.);
#1754 = DIRECTION('', (-0.671559, 0.740951, 0.000000));
#1755 = POLY_LOOP('', (#268, #398, #270));
#1756 = FACE_OUTER_BOUND('', #1755, .T.);
#1757 = ADVANCED_FACE('', (#1756), #12, .T.);
#1758 = DIRECTION('', (-0.740951, 0.671559, 0.000000));
#1759 = POLY_LOOP('', (#270, #398, #400));
#1760 = FACE_OUTER_BOUND('', #1759, .T.);
#1761 = ADVANCED_FACE('', (#1760), #12, .T.);
#1762 = DIRECTION('', (-0.740951, 0.671559, 0.000000));
#1763 = POLY_LOOP('', (#270, #400, #272));
#1764 = FACE_OUTER_BOUND('', #1763, .T.);
#1765 = ADVANCED_FACE('', (#1764), #12, .T.);
#1766 = DIRECTION('', (-0.803208, 0.595699, 0.000000));
#1767 = POLY_LOOP('', (#272, #400, #402));
#1768 = FACE_OUTER_BOUND('', #1767, .T.);
#1769 = ADVANCED_FACE('', (#1768), #12, .T.);
#1770 = DIRECTION('', (-0.803208, 0.595699, 0.000000));
#1771 = POLY_LOOP('', (#272, #402, #274));
#1772 = FACE_OUTER_BOUND('', #1771, .T.);
#1773 = ADVANCED_FACE('', (#1772), #12, .T.);
#1774 = DIRECTION('', (-0.857729, 0.514103, 0.000000));
#1775 = POLY_LOOP('', (#274, #402, #404));
#1776 = FACE_OUTER_BOUND('', #1775, .T.);
#1777 = ADVANCED_FACE('', (#1776), #12, .T.);
#1778 = DIRECTION('', (-0.857729, 0.514103, 0.000000));
#1779 = POLY_LOOP('', (#274, #404, #276));
#1780 = FACE_OUTER_BOUND('', #1779, .T.);
#1781 = ADVANCED_FACE('', (#1780), #12, .T.);
#1782 = DIRECTION('', (-0.903989, 0.427555, 0.000000));
#1783 = POLY_LOOP('', (#276, #404, #406));
#1784 = FACE_OUTER_BOUND('', #1783, .T.);
#1785 = ADVANCED_FACE('', (#1784), #12, .T.);
#1786 = DIRECTION('', (-0.903989, 0.427555, 0.000000));
#1787 = POLY_LOOP('', (#276, #406, #278));
#1788 = FACE_OUTER_BOUND('', #1787, .T.);
#1789 = ADVANCED_FACE('', (#1788), #12, .T.);
#1790 = DIRECTION('', (-0.941544, 0.336890, 0.000000));
#1791 = POLY_LOOP('', (#278, #406, #408));
#1792 = FACE_OUTER_BOUND('', #1791, .T.);
#1793 = ADVANCED_FACE('', (#1792), #12, .T.);
#1794 = DIRECTION('', (-0.941544, 0.336890, 0.000000));
#1795 = POLY_LOOP('', (#278, #408, #280));
#1796 = FACE_OUTER_BOUND('', #1795, .T.);
#1797 = ADVANCED_FACE('', (#1796), #12, .T.);
#1798 = DIRECTION('', (-0.970031, 0.242980, 0.000000));
#1799 = POLY_LOOP('', (#280, #408, #410));
#1800 = FACE_OUTER_BOUND('', #1799, .T.);
#1801 = ADVANCED_FACE('', (#1800), #12, .T.);
#1802 = DIRECTION('', (-0.970031, 0.242980, 0.000000));
#1803 = POLY_LOOP('', (#280, #410, #282));
#1804 = FACE_OUTER_BOUND('', #1803, .T.);
#1805 = ADVANCED_FACE('', (#1804), #12, .T.);
#1806 = DIRECTION('', (-0.989177, 0.146730, 0.000000));
#1807 = POLY_LOOP('', (#282, #410, #412));
#1808 = FACE_OUTER_BOUND('', #1807, .T.);
#1809 = ADVANCED_FACE('', (#1808), #12, .T.);
#1810 = DIRECTION('', (-0.989177, 0.146730, 0.000000));
#1811 = POLY_LOOP('', (#282, #412, #284));
#1812 = FACE_OUTER_BOUND('', #1811, .T.);
#1813 = ADVANCED_FACE('', (#1812), #12, .T.);
#1814 = DIRECTION('', (-0.998795, 0.049068, 0.000000));
#1815 = POLY_LOOP('', (#284, #412, #286));
#1816 = FACE_OUTER_BOUND('', #1815, .T.);
#1817 = ADVANCED_FACE('', (#1816), #12, .T.);
#1818 = DIRECTION('', (-0.998795, 0.049068, 0.000000));
#1819 = POLY_LOOP('', (#284, #286, #158));
#1820 = FACE_OUTER_BOUND('', #1819, .T.);
#1821 = ADVANCED_FACE('', (#1820), #12, .T.);
#1822 = DIRECTION('', (0.000000, 0.000000, 1.000000));
#1823 = POLY_LOOP('', (#286, #414, #416));
#1824 = FACE_OUTER_BOUND('', #1823, .T.);
#1825 = ADVANCED_FACE('', (#1824), #12, .T.);
#1826 = DIRECTION('', (0.000000, -0.000000, 1.000000));
#1827 = POLY_LOOP('', (#286, #416, #288));
#1828 = FACE_OUTER_BOUND('', #1827, .T.);
#1829 = ADVANCED_FACE('', (#1828), #12, .T.);
#1830 = DIRECTION('', (0.000000, 0.000000, 1.000000));
#1831 = POLY_LOOP('', (#288, #416, #418));
#1832 = FACE_OUTER_BOUND('', #1831, .T.);
#1833 = ADVANCED_FACE('', (#1832), #12, .T.);
#1834 = DIRECTION('', (0.000000, -0.000000, 1.000000));
#1835 = POLY_LOOP('', (#288, #418, #290));
#1836 = FACE_OUTER_BOUND('', #1835, .T.);
#1837 = ADVANCED_FACE('', (#1836), #12, .T.);
#1838 = DIRECTION('', (0.000000, 0.000000, 1.000000));
#1839 = POLY_LOOP('', (#290, #418, #420));
#1840 = FACE_OUTER_BOUND('', #1839, .T.);
#1841 = ADVANCED_FACE('', (#1840), #12, .T.);
#1842 = DIRECTION('', (0.000000, -0.000000, 1.000000));
#1843 = POLY_LOOP('', (#290, #420, #292));
#1844 = FACE_OUTER_BOUND('', #1843, .T.);
#1845 = ADVANCED_FACE('', (#1844), #12, .T.);
#1846 = DIRECTION('', (0.000000, 0.000000, 1.000000));
#1847 = POLY_LOOP('', (#292, #420, #422));
#1848 = FACE_OUTER_BOUND('', #1847, .T.);
#1849 = ADVANCED_FACE('', (#1848), #12, .T.);
#1850 = DIRECTION('', (0.000000, -0.000000, 1.000000));
#1851 = POLY_LOOP('', (#292, #422, #294));
#1852 = FACE_OUTER_BOUND('', #1851, .T.);
#1853 = ADVANCED_FACE('', (#1852), #12, .T.);
#1854 = DIRECTION('', (0.000000, 0.000000, 1.000000));
#1855 = POLY_LOOP('', (#294, #422, #424));
#1856 = FACE_OUTER_BOUND('', #1855, .T.);
#1857 = ADVANCED_FACE('', (#1856), #12, .T.);
#1858 = DIRECTION('', (0.000000, -0.000000, 1.000000));
#1859 = POLY_LOOP('', (#294, #424, #296));
#1860 = FACE_OUTER_BOUND('', #1859, .T.);
#1861 = ADVANCED_FACE('', (#1860), #12, .T.);
#1862 = DIRECTION('', (0.000000, 0.000000, 1.000000));
#1863 = POLY_LOOP('', (#296, #424, #426));
#1864 = FACE_OUTER_BOUND('', #1863, .T.);
#1865 = ADVANCED_FACE('', (#1864), #12, .T.);
#1866 = DIRECTION('', (0.000000, -0.000000, 1.000000));
#1867 = POLY_LOOP('', (#296, #426, #298));
#1868 = FACE_OUTER_BOUND('', #1867, .T.);
#1869 = ADVANCED_FACE('', (#1868), #12, .T.);
#1870 = DIRECTION('', (0.000000, 0.000000, 1.000000));
#1871 = POLY_LOOP('', (#298, #426, #428));
#1872 = FACE_OUTER_BOUND('', #1871, .T.);
#1873 = ADVANCED_FACE('', (#1872), #12, .T.);
#1874 = DIRECTION('', (0.000000, -0.000000, 1.000000));
#1875 = POLY_LOOP('', (#298, #428, #300));
#1876 = FACE_OUTER_BOUND('', #1875, .T.);
#1877 = ADVANCED_FACE('', (#1876), #12, .T.);
#1878 = DIRECTION('', (0.000000, 0.000000, 1.000000));
#1879 = POLY_LOOP('', (#300, #428, #430));
#1880 = FACE_OUTER_BOUND('', #1879, .T.);
#1881 = ADVANCED_FACE('', (#1880), #12, .T.);
#1882 = DIRECTION('', (0.000000, -0.000000, 1.000000));
#1883 = POLY_LOOP('', (#300, #430, #302));
#1884 = FACE_OUTER_BOUND('', #1883, .T.);
#1885 = ADVANCED_FACE('', (#1884), #12, .T.);
#1886 = DIRECTION('', (0.000000, 0.000000, 1.000000));
#1887 = POLY_LOOP('', (#302, #430, #432));
#1888 = FACE_OUTER_BOUND('', #1887, .T.);
#1889 = ADVANCED_FACE('', (#1888), #12, .T.);
#1890 = DIRECTION('', (0.000000, -0.000000, 1.000000));
#1891 = POLY_LOOP('', (#302, #432, #304));
#1892 = FACE_OUTER_BOUND('', #1891, .T.);
#1893 = ADVANCED_FACE('', (#1892), #12, .T.);
#1894 = DIRECTION('', (0.000000, -0.000000, 1.000000));
#1895 = POLY_LOOP('', (#304, #432, #434));
#1896 = FACE_OUTER_BOUND('', #1895, .T.);
#1897 = ADVANCED_FACE('', (#1896), #12, .T.);
#1898 = DIRECTION('', (0.000000, 0.000000, 1.000000));
#1899 = POLY_LOOP('', (#304, #434, #306));
#1900 = FACE_OUTER_BOUND('', #1899, .T.);
#1901 = ADVANCED_FACE('', (#1900), #12, .T.);
#1902 = DIRECTION('', (0.000000, -0.000000, 1.000000));
#1903 = POLY_LOOP('', (#306, #434, #436));
#1904 = FACE_OUTER_BOUND('', #1903, .T.);
#1905 = ADVANCED_FACE('', (#1904), #12, .T.);
#1906 = DIRECTION('', (0.000000, 0.000000, 1.000000));
#1907 = POLY_LOOP('', (#306, #436, #308));
#1908 = FACE_OUTER_BOUND('', #1907, .T.);
#1909 = ADVANCED_FACE('', (#1908), #12, .T.);
#1910 = DIRECTION('', (0.000000, -0.000000, 1.000000));
#1911 = POLY_LOOP('', (#308, #436, #438));
#1912 = FACE_OUTER_BOUND('', #1911, .T.);
#1913 = ADVANCED_FACE('', (#1912), #12, .T.);
#1914 = DIRECTION('', (0.000000, 0.000000, 1.000000));
#1915 = POLY_LOOP('', (#308, #438, #310));
#1916 = FACE_OUTER_BOUND('', #1915, .T.);
#1917 = ADVANCED_FACE('', (#1916), #12, .T.);
#1918 = DIRECTION('', (0.000000, -0.000000, 1.000000));
#1919 = POLY_LOOP('', (#310, #438, #440));
#1920 = FACE_OUTER_BOUND('', #1919, .T.);
#1921 = ADVANCED_FACE('', (#1920), #12, .T.);
#1922 = DIRECTION('', (0.000000, 0.000000, 1.000000));
#1923 = POLY_LOOP('', (#310, #440, #312));
#1924 = FACE_OUTER_BOUND('', #1923, .T.);
#1925 = ADVANCED_FACE('', (#1924), #12, .T.);
#1926 = DIRECTION('', (0.000000, -0.000000, 1.000000));
#1927 = POLY_LOOP('', (#312, #440, #442));
#1928 = FACE_OUTER_BOUND('', #1927, .T.);
#1929 = ADVANCED_FACE('', (#1928), #12, .T.);
#1930 = DIRECTION('', (0.000000, 0.000000, 1.000000));
#1931 = POLY_LOOP('', (#312, #442, #314));
#1932 = FACE_OUTER_BOUND('', #1931, .T.);
#1933 = ADVANCED_FACE('', (#1932), #12, .T.);
#1934 = DIRECTION('', (0.000000, -0.000000, 1.000000));
#1935 = POLY_LOOP('', (#314, #442, #444));
#1936 = FACE_OUTER_BOUND('', #1935, .T.);
#1937 = ADVANCED_FACE('', (#1936), #12, .T.);
#1938 = DIRECTION('', (0.000000, 0.000000, 1.000000));
#1939 = POLY_LOOP('', (#314, #444, #316));
#1940 = FACE_OUTER_BOUND('', #1939, .T.);
#1941 = ADVANCED_FACE('', (#1940), #12, .T.);
#1942 = DIRECTION('', (0.000000, -0.000000, 1.000000));
#1943 = POLY_LOOP('', (#316, #444, #446));
#1944 = FACE_OUTER_BOUND('', #1943, .T.);
#1945 = ADVANCED_FACE('', (#1944), #12, .T.);
#1946 = DIRECTION('', (0.000000, 0.000000, 1.000000));
#1947 = POLY_LOOP('', (#316, #446, #318));
#1948 = FACE_OUTER_BOUND('', #1947, .T.);
#1949 = ADVANCED_FACE('', (#1948), #12, .T.);
#1950 = DIRECTION('', (0.000000, -0.000000, 1.000000));
#1951 = POLY_LOOP('', (#318, #446, #448));
#1952 = FACE_OUTER_BOUND('', #1951, .T.);
#1953 = ADVANCED_FACE('', (#1952), #12, .T.);
#1954 = DIRECTION('', (0.000000, 0.000000, 1.000000));
#1955 = POLY_LOOP('', (#318, #448, #320));
#1956 = FACE_OUTER_BOUND('', #1955, .T.);
#1957 = ADVANCED_FACE('', (#1956), #12, .T.);
#1958 = DIRECTION('', (0.000000, 0.000000, 1.000000));
#1959 = POLY_LOOP('', (#320, #448, #450));
#1960 = FACE_OUTER_BOUND('', #1959, .T.);
#1961 = ADVANCED_FACE('', (#1960), #12, .T.);
#1962 = DIRECTION('', (0.000000, 0.000000, 1.000000));
#1963 = POLY_LOOP('', (#320, #450, #322));
#1964 = FACE_OUTER_BOUND('', #1963, .T.);
#1965 = ADVANCED_FACE('', (#1964), #12, .T.);
#1966 = DIRECTION('', (0.000000, 0.000000, 1.000000));
#1967 = POLY_LOOP('', (#322, #450, #452));
#1968 = FACE_OUTER_BOUND('', #1967, .T.);
#1969 = ADVANCED_FACE('', (#1968), #12, .T.);
#1970 = DIRECTION('', (0.000000, 0.000000, 1.000000));
#1971 = POLY_LOOP('', (#322, #452, #324));
#1972 = FACE_OUTER_BOUND('', #1971, .T.);
#1973 = ADVANCED_FACE('', (#1972), #12, .T.);
#1974 = DIRECTION('', (0.000000, 0.000000, 1.000000));
#1975 = POLY_LOOP('', (#324, #452, #454));
#1976 = FACE_OUTER_BOUND('', #1975, .T.);
#1977 = ADVANCED_FACE('', (#1976), #12, .T.);
#1978 = DIRECTION('', (0.000000, 0.000000, 1.000000));
#1979 = POLY_LOOP('', (#324, #454, #326));
#1980 = FACE_OUTER_BOUND('', #1979, .T.);
#1981 = ADVANCED_FACE('', (#1980), #12, .T.);
#1982 = DIRECTION('', (0.000000, 0.000000, 1.000000));
#1983 = POLY_LOOP('', (#326, #454, #456));
#1984 = FACE_OUTER_BOUND('', #1983, .T.);
#1985 = ADVANCED_FACE('', (#1984), #12, .T.);
#1986 = DIRECTION('', (0.000000, 0.000000, 1.000000));
#1987 = POLY_LOOP('', (#326, #456, #328));
#1988 = FACE_OUTER_BOUND('', #1987, .T.);
#1989 = ADVANCED_FACE('', (#1988), #12, .T.);
#1990 = DIRECTION('', (0.000000, 0.000000, 1.000000));
#1991 = POLY_LOOP('', (#328, #456, #458));
#1992 = FACE_OUTER_BOUND('', #1991, .T.);
#1993 = ADVANCED_FACE('', (#1992), #12, .T.);
#1994 = DIRECTION('', (0.000000, 0.000000, 1.000000));
#1995 = POLY_LOOP('', (#328, #458, #330));
#1996 = FACE_OUTER_BOUND('', #1995, .T.);
#1997 = ADVANCED_FACE('', (#1996), #12, .T.);
#1998 = DIRECTION('', (0.000000, 0.000000, 1.000000));
#1999 = POLY_LOOP('', (#330, #458, #460));
#2000 = FACE_OUTER_BOUND('', #1999, .T.);
#2001 = ADVANCED_FACE('', (#2000), #12, .T.);
#2002 = DIRECTION('', (0.000000, 0.000000, 1.000000));
#2003 = POLY_LOOP('', (#330, #460, #332));
#2004 = FACE_OUTER_BOUND('', #2003, .T.);
#2005 = ADVANCED_FACE('', (#2004), #12, .T.);
#2006 = DIRECTION('', (0.000000, 0.000000, 1.000000));
#2007 = POLY_LOOP('', (#332, #460, #462));
#2008 = FACE_OUTER_BOUND('', #2007, .T.);
#2009 = ADVANCED_FACE('', (#2008), #12, .T.);
#2010 = DIRECTION('', (0.000000, 0.000000, 1.000000));
#2011 = POLY_LOOP('', (#332, #462, #334));
#2012 = FACE_OUTER_BOUND('', #2011, .T.);
#2013 = ADVANCED_FACE('', (#2012), #12, .T.);
#2014 = DIRECTION('', (0.000000, 0.000000, 1.000000));
#2015 = POLY_LOOP('', (#334, #462, #464));
#2016 = FACE_OUTER_BOUND('', #2015, .T.);
#2017 = ADVANCED_FACE('', (#2016), #12, .T.);
#2018 = DIRECTION('', (0.000000, 0.000000, 1.000000));
#2019 = POLY_LOOP('', (#334, #464, #336));
#2020 = FACE_OUTER_BOUND('', #2019, .T.);
#2021 = ADVANCED_FACE('', (#2020), #12, .T.);
#2022 = DIRECTION('', (0.000000, 0.000000, 1.000000));
#2023 = POLY_LOOP('', (#336, #464, #466));
#2024 = FACE_OUTER_BOUND('', #2023, .T.);
#2025 = ADVANCED_FACE('', (#2024), #12, .T.);
#2026 = DIRECTION('', (0.000000, 0.000000, 1.000000));
#2027 = POLY_LOOP('', (#336, #466, #338));
#2028 = FACE_OUTER_BOUND('', #2027, .T.);
#2029 = ADVANCED_FACE('', (#2028), #12, .T.);
#2030 = DIRECTION('', (0.000000, 0.000000, 1.000000));
#2031 = POLY_LOOP('', (#338, #466, #468));
#2032 = FACE_OUTER_BOUND('', #2031, .T.);
#2033 = ADVANCED_FACE('', (#2032), #12, .T.);
#2034 = DIRECTION('', (0.000000, 0.000000, 1.000000));
#2035 = POLY_LOOP('', (#338, #468, #340));
#2036 = FACE_OUTER_BOUND('', #2035, .T.);
#2037 = ADVANCED_FACE('', (#2036), #12, .T.);
#2038 = DIRECTION('', (0.000000, 0.000000, 1.000000));
#2039 = POLY_LOOP('', (#340, #468, #470));
#2040 = FACE_OUTER_BOUND('', #2039, .T.);
#2041 = ADVANCED_FACE('', (#2040), #12, .T.);
#2042 = DIRECTION('', (0.000000, 0.000000, 1.000000));
#2043 = POLY_LOOP('', (#340, #470, #342));
#2044 = FACE_OUTER_BOUND('', #2043, .T.);
#2045 = ADVANCED_FACE('', (#2044), #12, .T.);
#2046 = DIRECTION('', (0.000000, 0.000000, 1.000000));
#2047 = POLY_LOOP('', (#342, #470, #472));
#2048 = FACE_OUTER_BOUND('', #2047, .T.);
#2049 = ADVANCED_FACE('', (#2048), #12, .T.);
#2050 = DIRECTION('', (0.000000, 0.000000, 1.000000));
#2051 = POLY_LOOP('', (#342, #472, #344));
#2052 = FACE_OUTER_BOUND('', #2051, .T.);
#2053 = ADVANCED_FACE('', (#2052), #12, .T.);
#2054 = DIRECTION('', (0.000000, 0.000000, 1.000000));
#2055 = POLY_LOOP('', (#344, #472, #474));
#2056 = FACE_OUTER_BOUND('', #2055, .T.);
#2057 = ADVANCED_FACE('', (#2056), #12, .T.);
#2058 = DIRECTION('', (0.000000, 0.000000, 1.000000));
#2059 = POLY_LOOP('', (#344, #474, #346));
#2060 = FACE_OUTER_BOUND('', #2059, .T.);
#2061 = ADVANCED_FACE('', (#2060), #12, .T.);
#2062 = DIRECTION('', (0.000000, 0.000000, 1.000000));
#2063 = POLY_LOOP('', (#346, #474, #476));
#2064 = FACE_OUTER_BOUND('', #2063, .T.);
#2065 = ADVANCED_FACE('', (#2064), #12, .T.);
#2066 = DIRECTION('', (0.000000, 0.000000, 1.000000));
#2067 = POLY_LOOP('', (#346, #476, #348));
#2068 = FACE_OUTER_BOUND('', #2067, .T.);
#2069 = ADVANCED_FACE('', (#2068), #12, .T.);
#2070 = DIRECTION('', (0.000000, 0.000000, 1.000000));
#2071 = POLY_LOOP('', (#348, #476, #478));
#2072 = FACE_OUTER_BOUND('', #2071, .T.);
#2073 = ADVANCED_FACE('', (#2072), #12, .T.);
#2074 = DIRECTION('', (0.000000, 0.000000, 1.000000));
#2075 = POLY_LOOP('', (#348, #478, #350));
#2076 = FACE_OUTER_BOUND('', #2075, .T.);
#2077 = ADVANCED_FACE('', (#2076), #12, .T.);
#2078 = DIRECTION('', (0.000000, 0.000000, 1.000000));
#2079 = POLY_LOOP('', (#350, #478, #480));
#2080 = FACE_OUTER_BOUND('', #2079, .T.);
#2081 = ADVANCED_FACE('', (#2080), #12, .T.);
#2082 = DIRECTION('', (0.000000, 0.000000, 1.000000));
#2083 = POLY_LOOP('', (#350, #480, #352));
#2084 = FACE_OUTER_BOUND('', #2083, .T.);
#2085 = ADVANCED_FACE('', (#2084), #12, .T.);
#2086 = DIRECTION('', (0.000000, 0.000000, 1.000000));
#2087 = POLY_LOOP('', (#352, #480, #482));
#2088 = FACE_OUTER_BOUND('', #2087, .T.);
#2089 = ADVANCED_FACE('', (#2088), #12, .T.);
#2090 = DIRECTION('', (0.000000, 0.000000, 1.000000));
#2091 = POLY_LOOP('', (#352, #482, #354));
#2092 = FACE_OUTER_BOUND('', #2091, .T.);
#2093 = ADVANCED_FACE('', (#2092), #12, .T.);
#2094 = DIRECTION('', (0.000000, 0.000000, 1.000000));
#2095 = POLY_LOOP('', (#354, #482, #484));
#2096 = FACE_OUTER_BOUND('', #2095, .T.);
#2097 = ADVANCED_FACE('', (#2096), #12, .T.);
#2098 = DIRECTION('', (0.000000, 0.000000, 1.000000));
#2099 = POLY_LOOP('', (#354, #484, #356));
#2100 = FACE_OUTER_BOUND('', #2099, .T.);
#2101 = ADVANCED_FACE('', (#2100), #12, .T.);
#2102 = DIRECTION('', (0.000000, 0.000000, 1.000000));
#2103 = POLY_LOOP('', (#356, #484, #486));
#2104 = FACE_OUTER_BOUND('', #2103, .T.);
#2105 = ADVANCED_FACE('', (#2104), #12, .T.);
#2106 = DIRECTION('', (0.000000, 0.000000, 1.000000));
#2107 = POLY_LOOP('', (#356, #486, #358));
#2108 = FACE_OUTER_BOUND('', #2107, .T.);
#2109 = ADVANCED_FACE('', (#2108), #12, .T.);
#2110 = DIRECTION('', (0.000000, 0.000000, 1.000000));
#2111 = POLY_LOOP('', (#358, #486, #488));
#2112 = FACE_OUTER_BOUND('', #2111, .T.);
#2113 = ADVANCED_FACE('', (#2112), #12, .T.);
#2114 = DIRECTION('', (0.000000, 0.000000, 1.000000));
#2115 = POLY_LOOP('', (#358, #488, #360));
#2116 = FACE_OUTER_BOUND('', #2115, .T.);
#2117 = ADVANCED_FACE('', (#2116), #12, .T.);
#2118 = DIRECTION('', (0.000000, 0.000000, 1.000000));
#2119 = POLY_LOOP('', (#360, #488, #490));
#2120 = FACE_OUTER_BOUND('', #2119, .T.);
#2121 = ADVANCED_FACE('', (#2120), #12, .T.);
#2122 = DIRECTION('', (0.000000, 0.000000, 1.000000));
#2123 = POLY_LOOP('', (#360, #490, #362));
#2124 = FACE_OUTER_BOUND('', #2123, .T.);
#2125 = ADVANCED_FACE('', (#2124), #12, .T.);
#2126 = DIRECTION('', (0.000000, 0.000000, 1.000000));
#2127 = POLY_LOOP('', (#362, #490, #492));
#2128 = FACE_OUTER_BOUND('', #2127, .T.);
#2129 = ADVANCED_FACE('', (#2128), #12, .T.);
#2130 = DIRECTION('', (0.000000, 0.000000, 1.000000));
#2131 = POLY_LOOP('', (#362, #492, #364));
#2132 = FACE_OUTER_BOUND('', #2131, .T.);
#2133 = ADVANCED_FACE('', (#2132), #12, .T.);
#2134 = DIRECTION('', (0.000000, 0.000000, 1.000000));
#2135 = POLY_LOOP('', (#364, #492, #494));
#2136 = FACE_OUTER_BOUND('', #2135, .T.);
#2137 = ADVANCED_FACE('', (#2136), #12, .T.);
#2138 = DIRECTION('', (0.000000, 0.000000, 1.000000));
#2139 = POLY_LOOP('', (#364, #494, #366));
#2140 = FACE_OUTER_BOUND('', #2139, .T.);
#2141 = ADVANCED_FACE('', (#2140), #12, .T.);
#2142 = DIRECTION('', (0.000000, 0.000000, 1.000000));
#2143 = POLY_LOOP('', (#366, #494, #496));
#2144 = FACE_OUTER_BOUND('', #2143, .T.);
#2145 = ADVANCED_FACE('', (#2144), #12, .T.);
#2146 = DIRECTION('', (0.000000, 0.000000, 1.000000));
#2147 = POLY_LOOP('', (#366, #496, #368));
#2148 = FACE_OUTER_BOUND('', #2147, .T.);
#2149 = ADVANCED_FACE('', (#2148), #12, .T.);
#2150 = DIRECTION('', (0.000000, 0.000000, 1.000000));
#2151 = POLY_LOOP('', (#368, #496, #498));
#2152 = FACE_OUTER_BOUND('', #2151, .T.);
#2153 = ADVANCED_FACE('', (#2152), #12, .T.);
#2154 = DIRECTION('', (0.000000, 0.000000, 1.000000));
#2155 = POLY_LOOP('', (#368, #498, #370));
#2156 = FACE_OUTER_BOUND('', #2155, .T.);
#2157 = ADVANCED_FACE('', (#2156), #12, .T.);
#2158 = DIRECTION('', (0.000000, 0.000000, 1.000000));
#2159 = POLY_LOOP('', (#370, #498, #500));
#2160 = FACE_OUTER_BOUND('', #2159, .T.);
#2161 = ADVANCED_FACE('', (#2160), #12, .T.);
#2162 = DIRECTION('', (0.000000, 0.000000, 1.000000));
#2163 = POLY_LOOP('', (#370, #500, #372));
#2164 = FACE_OUTER_BOUND('', #2163, .T.);
#2165 = ADVANCED_FACE('', (#2164), #12, .T.);
#2166 = DIRECTION('', (0.000000, 0.000000, 1.000000));
#2167 = POLY_LOOP('', (#372, #500, #502));
#2168 = FACE_OUTER_BOUND('', #2167, .T.);
#2169 = ADVANCED_FACE('', (#2168), #12, .T.);
#2170 = DIRECTION('', (0.000000, 0.000000, 1.000000));
#2171 = POLY_LOOP('', (#372, #502, #374));
#2172 = FACE_OUTER_BOUND('', #2171, .T.);
#2173 = ADVANCED_FACE('', (#2172), #12, .T.);
#2174 = DIRECTION('', (0.000000, 0.000000, 1.000000));
#2175 = POLY_LOOP('', (#374, #502, #504));
#2176 = FACE_OUTER_BOUND('', #2175, .T.);
#2177 = ADVANCED_FACE('', (#2176), #12, .T.);
#2178 = DIRECTION('', (0.000000, 0.000000, 1.000000));
#2179 = POLY_LOOP('', (#374, #504, #376));
#2180 = FACE_OUTER_BOUND('', #2179, .T.);
#2181 = ADVANCED_FACE('', (#2180), #12, .T.);
#2182 = DIRECTION('', (0.000000, 0.000000, 1.000000));
#2183 = POLY_LOOP('', (#376, #504, #506));
#2184 = FACE_OUTER_BOUND('', #2183, .T.);
#2185 = ADVANCED_FACE('', (#2184), #12, .T.);
#2186 = DIRECTION('', (0.000000, 0.000000, 1.000000));
#2187 = POLY_LOOP('', (#376, #506, #378));
#2188 = FACE_OUTER_BOUND('', #2187, .T.);
#2189 = ADVANCED_FACE('', (#2188), #12, .T.);
#2190 = DIRECTION('', (0.000000, 0.000000, 1.000000));
#2191 = POLY_LOOP('', (#378, #506, #508));
#2192 = FACE_OUTER_BOUND('', #2191, .T.);
#2193 = ADVANCED_FACE('', (#2192), #12, .T.);
#2194 = DIRECTION('', (0.000000, 0.000000, 1.000000));
#2195 = POLY_LOOP('', (#378, #508, #380));
#2196 = FACE_OUTER_BOUND('', #2195, .T.);
#2197 = ADVANCED_FACE('', (#2196), #12, .T.);
#2198 = DIRECTION('', (0.000000, 0.000000, 1.000000));
#2199 = POLY_LOOP('', (#380, #508, #510));
#2200 = FACE_OUTER_BOUND('', #2199, .T.);
#2201 = ADVANCED_FACE('', (#2200), #12, .T.);
#2202 = DIRECTION('', (0.000000, 0.000000, 1.000000));
#2203 = POLY_LOOP('', (#380, #510, #382));
#2204 = FACE_OUTER_BOUND('', #2203, .T.);
#2205 = ADVANCED_FACE('', (#2204), #12, .T.);
#2206 = DIRECTION('', (0.000000, 0.000000, 1.000000));
#2207 = POLY_LOOP('', (#382, #510, #512));
#2208 = FACE_OUTER_BOUND('', #2207, .T.);
#2209 = ADVANCED_FACE('', (#2208), #12, .T.);
#2210 = DIRECTION('', (-0.000000, 0.000000, 1.000000));
#2211 = POLY_LOOP('', (#382, #512, #384));
#2212 = FACE_OUTER_BOUND('', #2211, .T.);
#2213 = ADVANCED_FACE('', (#2212), #12, .T.);
#2214 = DIRECTION('', (0.000000, 0.000000, 1.000000));
#2215 = POLY_LOOP('', (#384, #512, #514));
#2216 = FACE_OUTER_BOUND('', #2215, .T.);
#2217 = ADVANCED_FACE('', (#2216), #12, .T.);
#2218 = DIRECTION('', (-0.000000, 0.000000, 1.000000));
#2219 = POLY_LOOP('', (#384, #514, #386));
#2220 = FACE_OUTER_BOUND('', #2219, .T.);
#2221 = ADVANCED_FACE('', (#2220), #12, .T.);
#2222 = DIRECTION('', (0.000000, 0.000000, 1.000000));
#2223 = POLY_LOOP('', (#386, #514, #516));
#2224 = FACE_OUTER_BOUND('', #2223, .T.);
#2225 = ADVANCED_FACE('', (#2224), #12, .T.);
#2226 = DIRECTION('', (-0.000000, 0.000000, 1.000000));
#2227 = POLY_LOOP('', (#386, #516, #388));
#2228 = FACE_OUTER_BOUND('', #2227, .T.);
#2229 = ADVANCED_FACE('', (#2228), #12, .T.);
#2230 = DIRECTION('', (0.000000, 0.000000, 1.000000));
#2231 = POLY_LOOP('', (#388, #516, #518));
#2232 = FACE_OUTER_BOUND('', #2231, .T.);
#2233 = ADVANCED_FACE('', (#2232), #12, .T.);
#2234 = DIRECTION('', (-0.000000, 0.000000, 1.000000));
#2235 = POLY_LOOP('', (#388, #518, #390));
#2236 = FACE_OUTER_BOUND('', #2235, .T.);
#2237 = ADVANCED_FACE('', (#2236), #12, .T.);
#2238 = DIRECTION('', (0.000000, 0.000000, 1.000000));
#2239 = POLY_LOOP('', (#390, #518, #520));
#2240 = FACE_OUTER_BOUND('', #2239, .T.);
#2241 = ADVANCED_FACE('', (#2240), #12, .T.);
#2242 = DIRECTION('', (-0.000000, 0.000000, 1.000000));
#2243 = POLY_LOOP('', (#390, #520, #392));
#2244 = FACE_OUTER_BOUND('', #2243, .T.);
#2245 = ADVANCED_FACE('', (#2244), #12, .T.);
#2246 = DIRECTION('', (0.000000, 0.000000, 1.000000));
#2247 = POLY_LOOP('', (#392, #520, #522));
#2248 = FACE_OUTER_BOUND('', #2247, .T.);
#2249 = ADVANCED_FACE('', (#2248), #12, .T.);
#2250 = DIRECTION('', (-0.000000, 0.000000, 1.000000));
#2251 = POLY_LOOP('', (#392, #522, #394));
#2252 = FACE_OUTER_BOUND('', #2251, .T.);
#2253 = ADVANCED_FACE('', (#2252), #12, .T.);
#2254 = DIRECTION('', (0.000000, 0.000000, 1.000000));
#2255 = POLY_LOOP('', (#394, #522, #524));
#2256 = FACE_OUTER_BOUND('', #2255, .T.);
#2257 = ADVANCED_FACE('', (#2256), #12, .T.);
#2258 = DIRECTION('', (-0.000000, 0.000000, 1.000000));
#2259 = POLY_LOOP('', (#394, #524, #396));
#2260 = FACE_OUTER_BOUND('', #2259, .T.);
#2261 = ADVANCED_FACE('', (#2260), #12, .T.);
#2262 = DIRECTION('', (0.000000, 0.000000, 1.000000));
#2263 = POLY_LOOP('', (#396, #524, #526));
#2264 = FACE_OUTER_BOUND('', #2263, .T.);
#2265 = ADVANCED_FACE('', (#2264), #12, .T.);
#2266 = DIRECTION('', (-0.000000, 0.000000, 1.000000));
#2267 = POLY_LOOP('', (#396, #526, #398));
#2268 = FACE_OUTER_BOUND('', #2267, .T.);
#2269 = ADVANCED_FACE('', (#2268), #12, .T.);
#2270 = DIRECTION('', (0.000000, 0.000000, 1.000000));
#2271 = POLY_LOOP('', (#398, #526, #528));
#2272 = FACE_OUTER_BOUND('', #2271, .T.);
#2273 = ADVANCED_FACE('', (#2272), #12, .T.);
#2274 = DIRECTION('', (-0.000000, 0.000000, 1.000000));
#2275 = POLY_LOOP('', (#398, #528, #400));
#2276 = FACE_OUTER_BOUND('', #2275, .T.);
#2277 = ADVANCED_FACE('', (#2276), #12, .T.);
#2278 = DIRECTION('', (-0.000000, 0.000000, 1.000000));
#2279 = POLY_LOOP('', (#400, #528, #530));
#2280 = FACE_OUTER_BOUND('', #2279, .T.);
#2281 = ADVANCED_FACE('', (#2280), #12, .T.);
#2282 = DIRECTION('', (0.000000, 0.000000, 1.000000));
#2283 = POLY_LOOP('', (#400, #530, #402));
#2284 = FACE_OUTER_BOUND('', #2283, .T.);
#2285 = ADVANCED_FACE('', (#2284), #12, .T.);
#2286 = DIRECTION('', (-0.000000, 0.000000, 1.000000));
#2287 = POLY_LOOP('', (#402, #530, #532));
#2288 = FACE_OUTER_BOUND('', #2287, .T.);
#2289 = ADVANCED_FACE('', (#2288), #12, .T.);
#2290 = DIRECTION('', (0.000000, 0.000000, 1.000000));
#2291 = POLY_LOOP('', (#402, #532, #404));
#2292 = FACE_OUTER_BOUND('', #2291, .T.);
#2293 = ADVANCED_FACE('', (#2292), #12, .T.);
#2294 = DIRECTION('', (-0.000000, 0.000000, 1.000000));
#2295 = POLY_LOOP('', (#404, #532, #534));
#2296 = FACE_OUTER_BOUND('', #2295, .T.);
#2297 = ADVANCED_FACE('', (#2296), #12, .T.);
#2298 = DIRECTION('', (0.000000, 0.000000, 1.000000));
#2299 = POLY_LOOP('', (#404, #534, #406));
#2300 = FACE_OUTER_BOUND('', #2299, .T.);
#2301 = ADVANCED_FACE('', (#2300), #12, .T.);
#2302 = DIRECTION('', (-0.000000, 0.000000, 1.000000));
#2303 = POLY_LOOP('', (#406, #534, #536));
#2304 = FACE_OUTER_BOUND('', #2303, .T.);
#2305 = ADVANCED_FACE('', (#2304), #12, .T.);
#2306 = DIRECTION('', (0.000000, 0.000000, 1.000000));
#2307 = POLY_LOOP('', (#406, #536, #408));
#2308 = FACE_OUTER_BOUND('', #2307, .T.);
#2309 = ADVANCED_FACE('', (#2308), #12, .T.);
#2310 = DIRECTION('', (-0.000000, 0.000000, 1.000000));
#2311 = POLY_LOOP('', (#408, #536, #538));
#2312 = FACE_OUTER_BOUND('', #2311, .T.);
#2313 = ADVANCED_FACE('', (#2312), #12, .T.);
#2314 = DIRECTION('', (0.000000, 0.000000, 1.000000));
#2315 = POLY_LOOP('', (#408, #538, #410));
#2316 = FACE_OUTER_BOUND('', #2315, .T.);
#2317 = ADVANCED_FACE('', (#2316), #12, .T.);
#2318 = DIRECTION('', (-0.000000, 0.000000, 1.000000));
#2319 = POLY_LOOP('', (#410, #538, #540));
#2320 = FACE_OUTER_BOUND('', #2319, .T.);
#2321 = ADVANCED_FACE('', (#2320), #12, .T.);
#2322 = DIRECTION('', (0.000000, 0.000000, 1.000000));
#2323 = POLY_LOOP('', (#410, #540, #412));
#2324 = FACE_OUTER_BOUND('', #2323, .T.);
#2325 = ADVANCED_FACE('', (#2324), #12, .T.);
#2326 = DIRECTION('', (-0.000000, 0.000000, 1.000000));
#2327 = POLY_LOOP('', (#412, #540, #414));
#2328 = FACE_OUTER_BOUND('', #2327, .T.);
#2329 = ADVANCED_FACE('', (#2328), #12, .T.);
#2330 = DIRECTION('', (0.000000, 0.000000, 1.000000));
#2331 = POLY_LOOP('', (#412, #414, #286));
#2332 = FACE_OUTER_BOUND('', #2331, .T.);
#2333 = ADVANCED_FACE('', (#2332), #12, .T.);
#2334 = DIRECTION('', (-0.998795, -0.049068, 0.000000));
#2335 = POLY_LOOP('', (#414, #542, #544));
#2336 = FACE_OUTER_BOUND('', #2335, .T.);
#2337 = ADVANCED_FACE('', (#2336), #12, .T.);
#2338 = DIRECTION('', (-0.998795, -0.049068, 0.000000));
#2339 = POLY_LOOP('', (#414, #544, #416));
#2340 = FACE_OUTER_BOUND('', #2339, .T.);
#2341 = ADVANCED_FACE('', (#2340), #12, .T.);
#2342 = DIRECTION('', (-0.989177, -0.146730, 0.000000));
#2343 = POLY_LOOP('', (#416, #544, #546));
#2344 = FACE_OUTER_BOUND('', #2343, .T.);
#2345 = ADVANCED_FACE('', (#2344), #12, .T.);
#2346 = DIRECTION('', (-0.989177, -0.146730, 0.000000));
#2347 = POLY_LOOP('', (#416, #546, #418));
#2348 = FACE_OUTER_BOUND('', #2347, .T.);
#2349 = ADVANCED_FACE('', (#2348), #12, .T.);
#2350 = DIRECTION('', (-0.970031, -0.242980, 0.000000));
#2351 = POLY_LOOP('', (#418, #546, #548));
#2352 = FACE_OUTER_BOUND('', #2351, .T.);
#2353 = ADVANCED_FACE('', (#2352), #12, .T.);
#2354 = DIRECTION('', (-0.970031, -0.242980, 0.000000));
#2355 = POLY_LOOP('', (#418, #548, #420));
#2356 = FACE_OUTER_BOUND('', #2355, .T.);
#2357 = ADVANCED_FACE('', (#2356), #12, .T.);
#2358 = DIRECTION('', (-0.941544, -0.336890, 0.000000));
#2359 = POLY_LOOP('', (#420, #548, #550));
#2360 = FACE_OUTER_BOUND('', #2359, .T.);
#2361 = ADVANCED_FACE('', (#2360), #12, .T.);
#2362 = DIRECTION('', (-0.941544, -0.336890, 0.000000));
#2363 = POLY_LOOP('', (#420, #550, #422));
#2364 = FACE_OUTER_BOUND('', #2363, .T.);
#2365 = ADVANCED_FACE('', (#2364), #12, .T.);
#2366 = DIRECTION('', (-0.903989, -0.427555, 0.000000));
#2367 = POLY_LOOP('', (#422, #550, #552));
#2368 = FACE_OUTER_BOUND('', #2367, .T.);
#2369 = ADVANCED_FACE('', (#2368), #12, .T.);
#2370 = DIRECTION('', (-0.903989, -0.427555, 0.000000));
#2371 = POLY_LOOP('', (#422, #552, #424));
#2372 = FACE_OUTER_BOUND('', #2371, .T.);
#2373 = ADVANCED_FACE('', (#2372), #12, .T.);
#2374 = DIRECTION('', (-0.857729, -0.514103, 0.000000));
#2375 = POLY_LOOP('', (#424, #552, #554));
#2376 = FACE_OUTER_BOUND('', #2375, .T.);
#2377 = ADVANCED_FACE('', (#2376), #12, .T.);
#2378 = DIRECTION('', (-0.857729, -0.514103, 0.000000));
#2379 = POLY_LOOP('', (#424, #554, #426));
#2380 = FACE_OUTER_BOUND('', #2379, .T.);
#2381 = ADVANCED_FACE('', (#2380), #12, .T.);
#2382 = DIRECTION('', (-0.803208, -0.595699, 0.000000));
#2383 = POLY_LOOP('', (#426, #554, #556));
#2384 = FACE_OUTER_BOUND('', #2383, .T.);
#2385 = ADVANCED_FACE('', (#2384), #12, .T.);
#2386 = DIRECTION('', (-0.803208, -0.595699, 0.000000));
#2387 = POLY_LOOP('', (#426, #556, #428));
#2388 = FACE_OUTER_BOUND('', #2387, .T.);
#2389 = ADVANCED_FACE('', (#2388), #12, .T.);
#2390 = DIRECTION('', (-0.740951, -0.671559, 0.000000));
#2391 = POLY_LOOP('', (#428, #556, #558));
#2392 = FACE_OUTER_BOUND('', #2391, .T.);
#2393 = ADVANCED_FACE('', (#2392), #12, .T.);
#2394 = DIRECTION('', (-0.740951, -0.671559, 0.000000));
#2395 = POLY_LOOP('', (#428, #558, #430));
#2396 = FACE_OUTER_BOUND('', #2395, .T.);
#2397 = ADVANCED_FACE('', (#2396), #12, .T.);
#2398 = DIRECTION('', (-0.671559, -0.740951, 0.000000));
#2399 = POLY_LOOP('', (#430, #558, #560));
#2400 = FACE_OUTER_BOUND('', #2399, .T.);
#2401 = ADVANCED_FACE('', (#2400), #12, .T.);
#2402 = DIRECTION('', (-0.671559, -0.740951, 0.000000));
#2403 = POLY_LOOP('', (#430, #560, #432));
#2404 = FACE_OUTER_BOUND('', #2403, .T.);
#2405 = ADVANCED_FACE('', (#2404), #12, .T.);
#2406 = DIRECTION('', (-0.595699, -0.803208, 0.000000));
#2407 = POLY_LOOP('', (#432, #560, #562));
#2408 = FACE_OUTER_BOUND('', #2407, .T.);
#2409 = ADVANCED_FACE('', (#2408), #12, .T.);
#2410 = DIRECTION('', (-0.595699, -0.803208, 0.000000));
#2411 = POLY_LOOP('', (#432, #562, #434));
#2412 = FACE_OUTER_BOUND('', #2411, .T.);
#2413 = ADVANCED_FACE('', (#2412), #12, .T.);
#2414 = DIRECTION('', (-0.514103, -0.857729, 0.000000));
#2415 = POLY_LOOP('', (#434, #562, #564));
#2416 = FACE_OUTER_BOUND('', #2415, .T.);
#2417 = ADVANCED_FACE('', (#2416), #12, .T.);
#2418 = DIRECTION('', (-0.514103, -0.857729, 0.000000));
#2419 = POLY_LOOP('', (#434, #564, #436));
#2420 = FACE_OUTER_BOUND('', #2419, .T.);
#2421 = ADVANCED_FACE('', (#2420), #12, .T.);
#2422 = DIRECTION('', (-0.427555, -0.903989, 0.000000));
#2423 = POLY_LOOP('', (#436, #564, #566));
#2424 = FACE_OUTER_BOUND('', #2423, .T.);
#2425 = ADVANCED_FACE('', (#2424), #12, .T.);
#2426 = DIRECTION('', (-0.427555, -0.903989, 0.000000));
#2427 = POLY_LOOP('', (#436, #566, #438));
#2428 = FACE_OUTER_BOUND('', #2427, .T.);
#2429 = ADVANCED_FACE('', (#2428), #12, .T.);
#2430 = DIRECTION('', (-0.336890, -0.941544, 0.000000));
#2431 = POLY_LOOP('', (#438, #566, #568));
#2432 = FACE_OUTER_BOUND('', #2431, .T.);
#2433 = ADVANCED_FACE('', (#2432), #12, .T.);
#2434 = DIRECTION('', (-0.336890, -0.941544, 0.000000));
#2435 = POLY_LOOP('', (#438, #568, #440));
#2436 = FACE_OUTER_BOUND('', #2435, .T.);
#2437 = ADVANCED_FACE('', (#2436), #12, .T.);
#2438 = DIRECTION('', (-0.242980, -0.970031, 0.000000));
#2439 = POLY_LOOP('', (#440, #568, #570));
#2440 = FACE_OUTER_BOUND('', #2439, .T.);
#2441 = ADVANCED_FACE('', (#2440), #12, .T.);
#2442 = DIRECTION('', (-0.242980, -0.970031, 0.000000));
#2443 = POLY_LOOP('', (#440, #570, #442));
#2444 = FACE_OUTER_BOUND('', #2443, .T.);
#2445 = ADVANCED_FACE('', (#2444), #12, .T.);
#2446 = DIRECTION('', (-0.146730, -0.989177, 0.000000));
#2447 = POLY_LOOP('', (#442, #570, #572));
#2448 = FACE_OUTER_BOUND('', #2447, .T.);
#2449 = ADVANCED_FACE('', (#2448), #12, .T.);
#2450 = DIRECTION('', (-0.146730, -0.989177, 0.000000));
#2451 = POLY_LOOP('', (#442, #572, #444));
#2452 = FACE_OUTER_BOUND('', #2451, .T.);
#2453 = ADVANCED_FACE('', (#2452), #12, .T.);
#2454 = DIRECTION('', (-0.049068, -0.998795, 0.000000));
#2455 = POLY_LOOP('', (#444, #572, #574));
#2456 = FACE_OUTER_BOUND('', #2455, .T.);
#2457 = ADVANCED_FACE('', (#2456), #12, .T.);
#2458 = DIRECTION('', (-0.049068, -0.998795, 0.000000));
#2459 = POLY_LOOP('', (#444, #574, #446));
#2460 = FACE_OUTER_BOUND('', #2459, .T.);
#2461 = ADVANCED_FACE('', (#2460), #12, .T.);
#2462 = DIRECTION('', (0.049068, -0.998795, 0.000000));
#2463 = POLY_LOOP('', (#446, #574, #576));
#2464 = FACE_OUTER_BOUND('', #2463, .T.);
#2465 = ADVANCED_FACE('', (#2464), #12, .T.);
#2466 = DIRECTION('', (0.049068, -0.998795, 0.000000));
#2467 = POLY_LOOP('', (#446, #576, #448));
#2468 = FACE_OUTER_BOUND('', #2467, .T.);
#2469 = ADVANCED_FACE('', (#2468), #12, .T.);
#2470 = DIRECTION('', (0.146730, -0.989177, 0.000000));
#2471 = POLY_LOOP('', (#448, #576, #578));
#2472 = FACE_OUTER_BOUND('', #2471, .T.);
#2473 = ADVANCED_FACE('', (#2472), #12, .T.);
#2474 = DIRECTION('', (0.146730, -0.989177, 0.000000));
#2475 = POLY_LOOP('', (#448, #578, #450));
#2476 = FACE_OUTER_BOUND('', #2475, .T.);
#2477 = ADVANCED_FACE('', (#2476), #12, .T.);
#2478 = DIRECTION('', (0.242980, -0.970031, 0.000000));
#2479 = POLY_LOOP('', (#450, #578, #580));
#2480 = FACE_OUTER_BOUND('', #2479, .T.);
#2481 = ADVANCED_FACE('', (#2480), #12, .T.);
#2482 = DIRECTION('', (0.242980, -0.970031, 0.000000));
#2483 = POLY_LOOP('', (#450, #580, #452));
#2484 = FACE_OUTER_BOUND('', #2483, .T.);
#2485 = ADVANCED_FACE('', (#2484), #12, .T.);
#2486 = DIRECTION('', (0.336890, -0.941544, 0.000000));
#2487 = POLY_LOOP('', (#452, #580, #582));
#2488 = FACE_OUTER_BOUND('', #2487, .T.);
#2489 = ADVANCED_FACE('', (#2488), #12, .T.);
#2490 = DIRECTION('', (0.336890, -0.941544, 0.000000));
#2491 = POLY_LOOP('', (#452, #582, #454));
#2492 = FACE_OUTER_BOUND('', #2491, .T.);
#2493 = ADVANCED_FACE('', (#2492), #12, .T.);
#2494 = DIRECTION('', (0.427555, -0.903989, 0.000000));
#2495 = POLY_LOOP('', (#454, #582, #584));
#2496 = FACE_OUTER_BOUND('', #2495, .T.);
#2497 = ADVANCED_FACE('', (#2496), #12, .T.);
#2498 = DIRECTION('', (0.427555, -0.903989, 0.000000));
#2499 = POLY_LOOP('', (#454, #584, #456));
#2500 = FACE_OUTER_BOUND('', #2499, .T.);
#2501 = ADVANCED_FACE('', (#2500), #12, .T.);
#2502 = DIRECTION('', (0.514103, -0.857729, 0.000000));
#2503 = POLY_LOOP('', (#456, #584, #586));
#2504 = FACE_OUTER_BOUND('', #2503, .T.);
#2505 = ADVANCED_FACE('', (#2504), #12, .T.);
#2506 = DIRECTION('', (0.514103, -0.857729, 0.000000));
#2507 = POLY_LOOP('', (#456, #586, #458));
#2508 = FACE_OUTER_BOUND('', #2507, .T.);
#2509 = ADVANCED_FACE('', (#2508), #12, .T.);
#2510 = DIRECTION('', (0.595699, -0.803208, 0.000000));
#2511 = POLY_LOOP('', (#458, #586, #588));
#2512 = FACE_OUTER_BOUND('', #2511, .T.);
#2513 = ADVANCED_FACE('', (#2512), #12, .T.);
#2514 = DIRECTION('', (0.595699, -0.803208, 0.000000));
#2515 = POLY_LOOP('', (#458, #588, #460));
#2516 = FACE_OUTER_BOUND('', #2515, .T.);
#2517 = ADVANCED_FACE('', (#2516), #12, .T.);
#2518 = DIRECTION('', (0.671559, -0.740951, 0.000000));
#2519 = POLY_LOOP('', (#460, #588, #590));
#2520 = FACE_OUTER_BOUND('', #2519, .T.);
#2521 = ADVANCED_FACE('', (#2520), #12, .T.);
#2522 = DIRECTION('', (0.671559, -0.740951, 0.000000));
#2523 = POLY_LOOP('', (#460, #590, #462));
#2524 = FACE_OUTER_BOUND('', #2523, .T.);
#2525 = ADVANCED_FACE('', (#2524), #12, .T.);
#2526 = DIRECTION('', (0.740951, -0.671559, 0.000000));
#2527 = POLY_LOOP('', (#462, #590, #592));
#2528 = FACE_OUTER_BOUND('', #2527, .T.);
#2529 = ADVANCED_FACE('', (#2528), #12, .T.);
#2530 = DIRECTION('', (0.740951, -0.671559, 0.000000));
#2531 = POLY_LOOP('', (#462, #592, #464));
#2532 = FACE_OUTER_BOUND('', #2531, .T.);
#2533 = ADVANCED_FACE('', (#2532), #12, .T.);
#2534 = DIRECTION('', (0.803208, -0.595699, 0.000000));
#2535 = POLY_LOOP('', (#464, #592, #594));
#2536 = FACE_OUTER_BOUND('', #2535, .T.);
#2537 = ADVANCED_FACE('', (#2536), #12, .T.);
#2538 = DIRECTION('', (0.803208, -0.595699, 0.000000));
#2539 = POLY_LOOP('', (#464, #594, #466));
#2540 = FACE_OUTER_BOUND('', #2539, .T.);
#2541 = ADVANCED_FACE('', (#2540), #12, .T.);
#2542 = DIRECTION('', (0.857729, -0.514103, 0.000000));
#2543 = POLY_LOOP('', (#466, #594, #596));
#2544 = FACE_OUTER_BOUND('', #2543, .T.);
#2545 = ADVANCED_FACE('', (#2544), #12, .T.);
#2546 = DIRECTION('', (0.857729, -0.514103, 0.000000));
#2547 = POLY_LOOP('', (#466, #596, #468));
#2548 = FACE_OUTER_BOUND('', #2547, .T.);
#2549 = ADVANCED_FACE('', (#2548), #12, .T.);
#2550 = DIRECTION('', (0.903989, -0.427555, 0.000000));
#2551 = POLY_LOOP('', (#468, #596, #598));
#2552 = FACE_OUTER_BOUND('', #2551, .T.);
#2553 = ADVANCED_FACE('', (#2552), #12, .T.);
#2554 = DIRECTION('', (0.903989, -0.427555, 0.000000));
#2555 = POLY_LOOP('', (#468, #598, #470));
#2556 = FACE_OUTER_BOUND('', #2555, .T.);
#2557 = ADVANCED_FACE('', (#2556), #12, .T.);
#2558 = DIRECTION('', (0.941544, -0.336890, 0.000000));
#2559 = POLY_LOOP('', (#470, #598, #600));
#2560 = FACE_OUTER_BOUND('', #2559, .T.);
#2561 = ADVANCED_FACE('', (#2560), #12, .T.);
#2562 = DIRECTION('', (0.941544, -0.336890, 0.000000));
#2563 = POLY_LOOP('', (#470, #600, #472));
#2564 = FACE_OUTER_BOUND('', #2563, .T.);
#2565 = ADVANCED_FACE('', (#2564), #12, .T.);
#2566 = DIRECTION('', (0.970031, -0.242980, 0.000000));
#2567 = POLY_LOOP('', (#472, #600, #602));
#2568 = FACE_OUTER_BOUND('', #2567, .T.);
#2569 = ADVANCED_FACE('', (#2568), #12, .T.);
#2570 = DIRECTION('', (0.970031, -0.242980, 0.000000));
#2571 = POLY_LOOP('', (#472, #602, #474));
#2572 = FACE_OUTER_BOUND('', #2571, .T.);
#2573 = ADVANCED_FACE('', (#2572), #12, .T.);
#2574 = DIRECTION('', (0.989177, -0.146730, 0.000000));
#2575 = POLY_LOOP('', (#474, #602, #604));
#2576 = FACE_OUTER_BOUND('', #2575, .T.);
#2577 = ADVANCED_FACE('', (#2576), #12, .T.);
#2578 = DIRECTION('', (0.989177, -0.146730, 0.000000));
#2579 = POLY_LOOP('', (#474, #604, #476));
#2580 = FACE_OUTER_BOUND('', #2579, .T.);
#2581 = ADVANCED_FACE('', (#2580), #12, .T.);
#2582 = DIRECTION('', (0.998795, -0.049068, 0.000000));
#2583 = POLY_LOOP('', (#476, #604, #606));
#2584 = FACE_OUTER_BOUND('', #2583, .T.);
#2585 = ADVANCED_FACE('', (#2584), #12, .T.);
#2586 = DIRECTION('', (0.998795, -0.049068, 0.000000));
#2587 = POLY_LOOP('', (#476, #606, #478));
#2588 = FACE_OUTER_BOUND('', #2587, .T.);
#2589 = ADVANCED_FACE('', (#2588), #12, .T.);
#2590 = DIRECTION('', (0.998795, 0.049068, -0.000000));
#2591 = POLY_LOOP('', (#478, #606, #608));
#2592 = FACE_OUTER_BOUND('', #2591, .T.);
#2593 = ADVANCED_FACE('', (#2592), #12, .T.);
#2594 = DIRECTION('', (0.998795, 0.049068, 0.000000));
#2595 = POLY_LOOP('', (#478, #608, #480));
#2596 = FACE_OUTER_BOUND('', #2595, .T.);
#2597 = ADVANCED_FACE('', (#2596), #12, .T.);
#2598 = DIRECTION('', (0.989177, 0.146730, -0.000000));
#2599 = POLY_LOOP('', (#480, #608, #610));
#2600 = FACE_OUTER_BOUND('', #2599, .T.);
#2601 = ADVANCED_FACE('', (#2600), #12, .T.);
#2602 = DIRECTION('', (0.989177, 0.146730, 0.000000));
#2603 = POLY_LOOP('', (#480, #610, #482));
#2604 = FACE_OUTER_BOUND('', #2603, .T.);
#2605 = ADVANCED_FACE('', (#2604), #12, .T.);
#2606 = DIRECTION('', (0.970031, 0.242980, -0.000000));
#2607 = POLY_LOOP('', (#482, #610, #612));
#2608 = FACE_OUTER_BOUND('', #2607, .T.);
#2609 = ADVANCED_FACE('', (#2608), #12, .T.);
#2610 = DIRECTION('', (0.970031, 0.242980, 0.000000));
#2611 = POLY_LOOP('', (#482, #612, #484));
#2612 = FACE_OUTER_BOUND('', #2611, .T.);
#2613 = ADVANCED_FACE('', (#2612), #12, .T.);
#2614 = DIRECTION('', (0.941544, 0.336890, -0.000000));
#2615 = POLY_LOOP('', (#484, #612, #614));
#2616 = FACE_OUTER_BOUND('', #2615, .T.);
#2617 = ADVANCED_FACE('', (#2616), #12, .T.);
#2618 = DIRECTION('', (0.941544, 0.336890, 0.000000));
#2619 = POLY_LOOP('', (#484, #614, #486));
#2620 = FACE_OUTER_BOUND('', #2619, .T.);
#2621 = ADVANCED_FACE('', (#2620), #12, .T.);
#2622 = DIRECTION('', (0.903989, 0.427555, -0.000000));
#2623 = POLY_LOOP('', (#486, #614, #616));
#2624 = FACE_OUTER_BOUND('', #2623, .T.);
#2625 = ADVANCED_FACE('', (#2624), #12, .T.);
#2626 = DIRECTION('', (0.903989, 0.427555, 0.000000));
#2627 = POLY_LOOP('', (#486, #616, #488));
#2628 = FACE_OUTER_BOUND('', #2627, .T.);
#2629 = ADVANCED_FACE('', (#2628), #12, .T.);
#2630 = DIRECTION('', (0.857729, 0.514103, -0.000000));
#2631 = POLY_LOOP('', (#488, #616, #618));
#2632 = FACE_OUTER_BOUND('', #2631, .T.);
#2633 = ADVANCED_FACE('', (#2632), #12, .T.);
#2634 = DIRECTION('', (0.857729, 0.514103, 0.000000));
#2635 = POLY_LOOP('', (#488, #618, #490));
#2636 = FACE_OUTER_BOUND('', #2635, .T.);
#2637 = ADVANCED_FACE('', (#2636), #12, .T.);
#2638 = DIRECTION('', (0.803208, 0.595699, -0.000000));
#2639 = POLY_LOOP('', (#490, #618, #620));
#2640 = FACE_OUTER_BOUND('', #2639, .T.);
#2641 = ADVANCED_FACE('', (#2640), #12, .T.);
#2642 = DIRECTION('', (0.803208, 0.595699, 0.000000));
#2643 = POLY_LOOP('', (#490, #620, #492));
#2644 = FACE_OUTER_BOUND('', #2643, .T.);
#2645 = ADVANCED_FACE('', (#2644), #12, .T.);
#2646 = DIRECTION('', (0.740951, 0.671559, -0.000000));
#2647 = POLY_LOOP('', (#492, #620, #622));
#2648 = FACE_OUTER_BOUND('', #2647, .T.);
#2649 = ADVANCED_FACE('', (#2648), #12, .T.);
#2650 = DIRECTION('', (0.740951, 0.671559, 0.000000));
#2651 = POLY_LOOP('', (#492, #622, #494));
#2652 = FACE_OUTER_BOUND('', #2651, .T.);
#2653 = ADVANCED_FACE('', (#2652), #12, .T.);
#2654 = DIRECTION('', (0.671559, 0.740951, -0.000000));
#2655 = POLY_LOOP('', (#494, #622, #624));
#2656 = FACE_OUTER_BOUND('', #2655, .T.);
#2657 = ADVANCED_FACE('', (#2656), #12, .T.);
#2658 = DIRECTION('', (0.671559, 0.740951, 0.000000));
#2659 = POLY_LOOP('', (#494, #624, #496));
#2660 = FACE_OUTER_BOUND('', #2659, .T.);
#2661 = ADVANCED_FACE('', (#2660), #12, .T.);
#2662 = DIRECTION('', (0.595699, 0.803208, -0.000000));
#2663 = POLY_LOOP('', (#496, #624, #626));
#2664 = FACE_OUTER_BOUND('', #2663, .T.);
#2665 = ADVANCED_FACE('', (#2664), #12, .T.);
#2666 = DIRECTION('', (0.595699, 0.803208, 0.000000));
#2667 = POLY_LOOP('', (#496, #626, #498));
#2668 = FACE_OUTER_BOUND('', #2667, .T.);
#2669 = ADVANCED_FACE('', (#2668), #12, .T.);
#2670 = DIRECTION('', (0.514103, 0.857729, -0.000000));
#2671 = POLY_LOOP('', (#498, #626, #628));
#2672 = FACE_OUTER_BOUND('', #2671, .T.);
#2673 = ADVANCED_FACE('', (#2672), #12, .T.);
#2674 = DIRECTION('', (0.514103, 0.857729, 0.000000));
#2675 = POLY_LOOP('', (#498, #628, #500));
#2676 = FACE_OUTER_BOUND('', #2675, .T.);
#2677 = ADVANCED_FACE('', (#2676), #12, .T.);
#2678 = DIRECTION('', (0.427555, 0.903989, -0.000000));
#2679 = POLY_LOOP('', (#500, #628, #630));
#2680 = FACE_OUTER_BOUND('', #2679, .T.);
#2681 = ADVANCED_FACE('', (#2680), #12, .T.);
#2682 = DIRECTION('', (0.427555, 0.903989, 0.000000));
#2683 = POLY_LOOP('', (#500, #630, #502));
#2684 = FACE_OUTER_BOUND('', #2683, .T.);
#2685 = ADVANCED_FACE('', (#2684), #12, .T.);
#2686 = DIRECTION('', (0.336890, 0.941544, -0.000000));
#2687 = POLY_LOOP('', (#502, #630, #632));
#2688 = FACE_OUTER_BOUND('', #2687, .T.);
#2689 = ADVANCED_FACE('', (#2688), #12, .T.);
#2690 = DIRECTION('', (0.336890, 0.941544, 0.000000));
#2691 = POLY_LOOP('', (#502, #632, #504));
#2692 = FACE_OUTER_BOUND('', #2691, .T.);
#2693 = ADVANCED_FACE('', (#2692), #12, .T.);
#2694 = DIRECTION('', (0.242980, 0.970031, -0.000000));
#2695 = POLY_LOOP('', (#504, #632, #634));
#2696 = FACE_OUTER_BOUND('', #2695, .T.);
#2697 = ADVANCED_FACE('', (#2696), #12, .T.);
#2698 = DIRECTION('', (0.242980, 0.970031, 0.000000));
#2699 = POLY_LOOP('', (#504, #634, #506));
#2700 = FACE_OUTER_BOUND('', #2699, .T.);
#2701 = ADVANCED_FACE('', (#2700), #12, .T.);
#2702 = DIRECTION('', (0.146730, 0.989177, -0.000000));
#2703 = POLY_LOOP('', (#506, #634, #636));
#2704 = FACE_OUTER_BOUND('', #2703, .T.);
#2705 = ADVANCED_FACE('', (#2704), #12, .T.);
#2706 = DIRECTION('', (0.146730, 0.989177, 0.000000));
#2707 = POLY_LOOP('', (#506, #636, #508));
#2708 = FACE_OUTER_BOUND('', #2707, .T.);
#2709 = ADVANCED_FACE('', (#2708), #12, .T.);
#2710 = DIRECTION('', (0.049068, 0.998795, -0.000000));
#2711 = POLY_LOOP('', (#508, #636, #638));
#2712 = FACE_OUTER_BOUND('', #2711, .T.);
#2713 = ADVANCED_FACE('', (#2712), #12, .T.);
#2714 = DIRECTION('', (0.049068, 0.998795, 0.000000));
#2715 = POLY_LOOP('', (#508, #638, #510));
#2716 = FACE_OUTER_BOUND('', #2715, .T.);
#2717 = ADVANCED_FACE('', (#2716), #12, .T.);
#2718 = DIRECTION('', (-0.049068, 0.998795, 0.000000));
#2719 = POLY_LOOP('', (#510, #638, #640));
#2720 = FACE_OUTER_BOUND('', #2719, .T.);
#2721 = ADVANCED_FACE('', (#2720), #12, .T.);
#2722 = DIRECTION('', (-0.049068, 0.998795, 0.000000));
#2723 = POLY_LOOP('', (#510, #640, #512));
#2724 = FACE_OUTER_BOUND('', #2723, .T.);
#2725 = ADVANCED_FACE('', (#2724), #12, .T.);
#2726 = DIRECTION('', (-0.146730, 0.989177, 0.000000));
#2727 = POLY_LOOP('', (#512, #640, #642));
#2728 = FACE_OUTER_BOUND('', #2727, .T.);
#2729 = ADVANCED_FACE('', (#2728), #12, .T.);
#2730 = DIRECTION('', (-0.146730, 0.989177, 0.000000));
#2731 = POLY_LOOP('', (#512, #642, #514));
#2732 = FACE_OUTER_BOUND('', #2731, .T.);
#2733 = ADVANCED_FACE('', (#2732), #12, .T.);
#2734 = DIRECTION('', (-0.242980, 0.970031, 0.000000));
#2735 = POLY_LOOP('', (#514, #642, #644));
#2736 = FACE_OUTER_BOUND('', #2735, .T.);
#2737 = ADVANCED_FACE('', (#2736), #12, .T.);
#2738 = DIRECTION('', (-0.242980, 0.970031, 0.000000));
#2739 = POLY_LOOP('', (#514, #644, #516));
#2740 = FACE_OUTER_BOUND('', #2739, .T.);
#2741 = ADVANCED_FACE('', (#2740), #12, .T.);
#2742 = DIRECTION('', (-0.336890, 0.941544, 0.000000));
#2743 = POLY_LOOP('', (#516, #644, #646));
#2744 = FACE_OUTER_BOUND('', #2743, .T.);
#2745 = ADVANCED_FACE('', (#2744), #12, .T.);
#2746 = DIRECTION('', (-0.336890, 0.941544, 0.000000));
#2747 = POLY_LOOP('', (#516, #646, #518));
#2748 = FACE_OUTER_BOUND('', #2747, .T.);
#2749 = ADVANCED_FACE('', (#2748), #12, .T.);
#2750 = DIRECTION('', (-0.427555, 0.903989, 0.000000));
#2751 = POLY_LOOP('', (#518, #646, #648));
#2752 = FACE_OUTER_BOUND('', #2751, .T.);
#2753 = ADVANCED_FACE('', (#2752), #12, .T.);
#2754 = DIRECTION('', (-0.427555, 0.903989, 0.000000));
#2755 = POLY_LOOP('', (#518, #648, #520));
#2756 = FACE_OUTER_BOUND('', #2755, .T.);
#2757 = ADVANCED_FACE('', (#2756), #12, .T.);
#2758 = DIRECTION('', (-0.514103, 0.857729, 0.000000));
#2759 = POLY_LOOP('', (#520, #648, #650));
#2760 = FACE_OUTER_BOUND('', #2759, .T.);
#2761 = ADVANCED_FACE('', (#2760), #12, .T.);
#2762 = DIRECTION('', (-0.514103, 0.857729, 0.000000));
#2763 = POLY_LOOP('', (#520, #650, #522));
#2764 = FACE_OUTER_BOUND('', #2763, .T.);
#2765 = ADVANCED_FACE('', (#2764), #12, .T.);
#2766 = DIRECTION('', (-0.595699, 0.803208, 0.000000));
#2767 = POLY_LOOP('', (#522, #650, #652));
#2768 = FACE_OUTER_BOUND('', #2767, .T.);
#2769 = ADVANCED_FACE('', (#2768), #12, .T.);
#2770 = DIRECTION('', (-0.595699, 0.803208, 0.000000));
#2771 = POLY_LOOP('', (#522, #652, #524));
#2772 = FACE_OUTER_BOUND('', #2771, .T.);
#2773 = ADVANCED_FACE('', (#2772), #12, .T.);
#2774 = DIRECTION('', (-0.671559, 0.740951, 0.000000));
#2775 = POLY_LOOP('', (#524, #652, #654));
#2776 = FACE_OUTER_BOUND('', #2775, .T.);
#2777 = ADVANCED_FACE('', (#2776), #12, .T.);
#2778 = DIRECTION('', (-0.671559, 0.740951, 0.000000));
#2779 = POLY_LOOP('', (#524, #654, #526));
#2780 = FACE_OUTER_BOUND('', #2779, .T.);
#2781 = ADVANCED_FACE('', (#2780), #12, .T.);
#2782 = DIRECTION('', (-0.740951, 0.671559, 0.000000));
#2783 = POLY_LOOP('', (#526, #654, #656));
#2784 = FACE_OUTER_BOUND('', #2783, .T.);
#2785 = ADVANCED_FACE('', (#2784), #12, .T.);
#2786 = DIRECTION('', (-0.740951, 0.671559, 0.000000));
#2787 = POLY_LOOP('', (#526, #656, #528));
#2788 = FACE_OUTER_BOUND('', #2787, .T.);
#2789 = ADVANCED_FACE('', (#2788), #12, .T.);
#2790 = DIRECTION('', (-0.803208, 0.595699, 0.000000));
#2791 = POLY_LOOP('', (#528, #656, #658));
#2792 = FACE_OUTER_BOUND('', #2791, .T.);
#2793 = ADVANCED_FACE('', (#2792), #12, .T.);
#2794 = DIRECTION('', (-0.803208, 0.595699, 0.000000));
#2795 = POLY_LOOP('', (#528, #658, #530));
#2796 = FACE_OUTER_BOUND('', #2795, .T.);
#2797 = ADVANCED_FACE('', (#2796), #12, .T.);
#2798 = DIRECTION('', (-0.857729, 0.514103, 0.000000));
#2799 = POLY_LOOP('', (#530, #658, #660));
#2800 = FACE_OUTER_BOUND('', #2799, .T.);
#2801 = ADVANCED_FACE('', (#2800), #12, .T.);
#2802 = DIRECTION('', (-0.857729, 0.514103, 0.000000));
#2803 = POLY_LOOP('', (#530, #660, #532));
#2804 = FACE_OUTER_BOUND('', #2803, .T.);
#2805 = ADVANCED_FACE('', (#2804), #12, .T.);
#2806 = DIRECTION('', (-0.903989, 0.427555, 0.000000));
#2807 = POLY_LOOP('', (#532, #660, #662));
#2808 = FACE_OUTER_BOUND('', #2807, .T.);
#2809 = ADVANCED_FACE('', (#2808), #12, .T.);
#2810 = DIRECTION('', (-0.903989, 0.427555, 0.000000));
#2811 = POLY_LOOP('', (#532, #662, #534));
#2812 = FACE_OUTER_BOUND('', #2811, .T.);
#2813 = ADVANCED_FACE('', (#2812), #12, .T.);
#2814 = DIRECTION('', (-0.941544, 0.336890, 0.000000));
#2815 = POLY_LOOP('', (#534, #662, #664));
#2816 = FACE_OUTER_BOUND('', #2815, .T.);
#2817 = ADVANCED_FACE('', (#2816), #12, .T.);
#2818 = DIRECTION('', (-0.941544, 0.336890, 0.000000));
#2819 = POLY_LOOP('', (#534, #664, #536));
#2820 = FACE_OUTER_BOUND('', #2819, .T.);
#2821 = ADVANCED_FACE('', (#2820), #12, .T.);
#2822 = DIRECTION('', (-0.970031, 0.242980, 0.000000));
#2823 = POLY_LOOP('', (#536, #664, #666));
#2824 = FACE_OUTER_BOUND('', #2823, .T.);
#2825 = ADVANCED_FACE('', (#2824), #12, .T.);
#2826 = DIRECTION('', (-0.970031, 0.242980, 0.000000));
#2827 = POLY_LOOP('', (#536, #666, #538));
#2828 = FACE_OUTER_BOUND('', #2827, .T.);
#2829 = ADVANCED_FACE('', (#2828), #12, .T.);
#2830 = DIRECTION('', (-0.989177, 0.146730, 0.000000));
#2831 = POLY_LOOP('', (#538, #666, #668));
#2832 = FACE_OUTER_BOUND('', #2831, .T.);
#2833 = ADVANCED_FACE('', (#2832), #12, .T.);
#2834 = DIRECTION('', (-0.989177, 0.146730, 0.000000));
#2835 = POLY_LOOP('', (#538, #668, #540));
#2836 = FACE_OUTER_BOUND('', #2835, .T.);
#2837 = ADVANCED_FACE('', (#2836), #12, .T.);
#2838 = DIRECTION('', (-0.998795, 0.049068, 0.000000));
#2839 = POLY_LOOP('', (#540, #668, #542));
#2840 = FACE_OUTER_BOUND('', #2839, .T.);
#2841 = ADVANCED_FACE('', (#2840), #12, .T.);
#2842 = DIRECTION('', (-0.998795, 0.049068, 0.000000));
#2843 = POLY_LOOP('', (#540, #542, #414));
#2844 = FACE_OUTER_BOUND('', #2843, .T.);
#2845 = ADVANCED_FACE('', (#2844), #12, .T.);
#2846 = DIRECTION('', (0.000000, 0.000000, -1.000000));
#2847 = POLY_LOOP('', (#542, #670, #672));
#2848 = FACE_OUTER_BOUND('', #2847, .T.);
#2849 = ADVANCED_FACE('', (#2848), #12, .T.);
#2850 = DIRECTION('', (0.000000, 0.000000, -1.000000));
#2851 = POLY_LOOP('', (#542, #672, #544));
#2852 = FACE_OUTER_BOUND('', #2851, .T.);
#2853 = ADVANCED_FACE('', (#2852), #12, .T.);
#2854 = DIRECTION('', (-0.000000, 0.000000, -1.000000));
#2855 = POLY_LOOP('', (#544, #672, #674));
#2856 = FACE_OUTER_BOUND('', #2855, .T.);
#2857 = ADVANCED_FACE('', (#2856), #12, .T.);
#2858 = DIRECTION('', (0.000000, 0.000000, -1.000000));
#2859 = POLY_LOOP('', (#544, #674, #546));
#2860 = FACE_OUTER_BOUND('', #2859, .T.);
#2861 = ADVANCED_FACE('', (#2860), #12, .T.);
#2862 = DIRECTION('', (-0.000000, 0.000000, -1.000000));
#2863 = POLY_LOOP('', (#546, #674, #676));
#2864 = FACE_OUTER_BOUND('', #2863, .T.);
#2865 = ADVANCED_FACE('', (#2864), #12, .T.);
#2866 = DIRECTION('', (0.000000, 0.000000, -1.000000));
#2867 = POLY_LOOP('', (#546, #676, #548));
#2868 = FACE_OUTER_BOUND('', #2867, .T.);
#2869 = ADVANCED_FACE('', (#2868), #12, .T.);
#2870 = DIRECTION('', (-0.000000, 0.000000, -1.000000));
#2871 = POLY_LOOP('', (#548, #676, #678));
#2872 = FACE_OUTER_BOUND('', #2871, .T.);
#2873 = ADVANCED_FACE('', (#2872), #12, .T.);
#2874 = DIRECTION('', (0.000000, 0.000000, -1.000000));
#2875 = POLY_LOOP('', (#548, #678, #550));
#2876 = FACE_OUTER_BOUND('', #2875, .T.);
#2877 = ADVANCED_FACE('', (#2876), #12, .T.);
#2878 = DIRECTION('', (-0.000000, 0.000000, -1.000000));
#2879 = POLY_LOOP('', (#550, #678, #680));
#2880 = FACE_OUTER_BOUND('', #2879, .T.);
#2881 = ADVANCED_FACE('', (#2880), #12, .T.);
#2882 = DIRECTION('', (0.000000, 0.000000, -1.000000));
#2883 = POLY_LOOP('', (#550, #680, #552));
#2884 = FACE_OUTER_BOUND('', #2883, .T.);
#2885 = ADVANCED_FACE('', (#2884), #12, .T.);
#2886 = DIRECTION('', (-0.000000, 0.000000, -1.000000));
#2887 = POLY_LOOP('', (#552, #680, #682));
#2888 = FACE_OUTER_BOUND('', #2887, .T.);
#2889 = ADVANCED_FACE('', (#2888), #12, .T.);
#2890 = DIRECTION('', (0.000000, 0.000000, -1.000000));
#2891 = POLY_LOOP('', (#552, #682, #554));
#2892 = FACE_OUTER_BOUND('', #2891, .T.);
#2893 = ADVANCED_FACE('', (#2892), #12, .T.);
#2894 = DIRECTION('', (0.000000, 0.000000, -1.000000));
#2895 = POLY_LOOP('', (#554, #682, #684));
#2896 = FACE_OUTER_BOUND('', #2895, .T.);
#2897 = ADVANCED_FACE('', (#2896), #12, .T.);
#2898 = DIRECTION('', (-0.000000, 0.000000, -1.000000));
#2899 = POLY_LOOP('', (#554, #684, #556));
#2900 = FACE_OUTER_BOUND('', #2899, .T.);
#2901 = ADVANCED_FACE('', (#2900), #12, .T.);
#2902 = DIRECTION('', (0.000000, 0.000000, -1.000000));
#2903 = POLY_LOOP('', (#556, #684, #686));
#2904 = FACE_OUTER_BOUND('', #2903, .T.);
#2905 = ADVANCED_FACE('', (#2904), #12, .T.);
#2906 = DIRECTION('', (-0.000000, 0.000000, -1.000000));
#2907 = POLY_LOOP('', (#556, #686, #558));
#2908 = FACE_OUTER_BOUND('', #2907, .T.);
#2909 = ADVANCED_FACE('', (#2908), #12, .T.);
#2910 = DIRECTION('', (0.000000, 0.000000, -1.000000));
#2911 = POLY_LOOP('', (#558, #686, #688));
#2912 = FACE_OUTER_BOUND('', #2911, .T.);
#2913 = ADVANCED_FACE('', (#2912), #12, .T.);
#2914 = DIRECTION('', (-0.000000, 0.000000, -1.000000));
#2915 = POLY_LOOP('', (#558, #688, #560));
#2916 = FACE_OUTER_BOUND('', #2915, .T.);
#2917 = ADVANCED_FACE('', (#2916), #12, .T.);
#2918 = DIRECTION('', (0.000000, 0.000000, -1.000000));
#2919 = POLY_LOOP('', (#560, #688, #690));
#2920 = FACE_OUTER_BOUND('', #2919, .T.);
#2921 = ADVANCED_FACE('', (#2920), #12, .T.);
#2922 = DIRECTION('', (-0.000000, 0.000000, -1.000000));
#2923 = POLY_LOOP('', (#560, #690, #562));
#2924 = FACE_OUTER_BOUND('', #2923, .T.);
#2925 = ADVANCED_FACE('', (#2924), #12, .T.);
#2926 = DIRECTION('', (0.000000, 0.000000, -1.000000));
#2927 = POLY_LOOP('', (#562, #690, #692));
#2928 = FACE_OUTER_BOUND('', #2927, .T.);
#2929 = ADVANCED_FACE('', (#2928), #12, .T.);
#2930 = DIRECTION('', (-0.000000, 0.000000, -1.000000));
#2931 = POLY_LOOP('', (#562, #692, #564));
#2932 = FACE_OUTER_BOUND('', #2931, .T.);
#2933 = ADVANCED_FACE('', (#2932), #12, .T.);
#2934 = DIRECTION('', (0.000000, 0.000000, -1.000000));
#2935 = POLY_LOOP('', (#564, #692, #694));
#2936 = FACE_OUTER_BOUND('', #2935, .T.);
#2937 = ADVANCED_FACE('', (#2936), #12, .T.);
#2938 = DIRECTION('', (-0.000000, 0.000000, -1.000000));
#2939 = POLY_LOOP('', (#564, #694, #566));
#2940 = FACE_OUTER_BOUND('', #2939, .T.);
#2941 = ADVANCED_FACE('', (#2940), #12, .T.);
#2942 = DIRECTION('', (0.000000, 0.000000, -1.000000));
#2943 = POLY_LOOP('', (#566, #694, #696));
#2944 = FACE_OUTER_BOUND('', #2943, .T.);
#2945 = ADVANCED_FACE('', (#2944), #12, .T.);
#2946 = DIRECTION('', (-0.000000, 0.000000, -1.000000));
#2947 = POLY_LOOP('', (#566, #696, #568));
#2948 = FACE_OUTER_BOUND('', #2947, .T.);
#2949 = ADVANCED_FACE('', (#2948), #12, .T.);
#2950 = DIRECTION('', (0.000000, 0.000000, -1.000000));
#2951 = POLY_LOOP('', (#568, #696, #698));
#2952 = FACE_OUTER_BOUND('', #2951, .T.);
#2953 = ADVANCED_FACE('', (#2952), #12, .T.);
#2954 = DIRECTION('', (-0.000000, 0.000000, -1.000000));
#2955 = POLY_LOOP('', (#568, #698, #570));
#2956 = FACE_OUTER_BOUND('', #2955, .T.);
#2957 = ADVANCED_FACE('', (#2956), #12, .T.);
#2958 = DIRECTION('', (0.000000, 0.000000, -1.000000));
#2959 = POLY_LOOP('', (#570, #698, #700));
#2960 = FACE_OUTER_BOUND('', #2959, .T.);
#2961 = ADVANCED_FACE('', (#2960), #12, .T.);
#2962 = DIRECTION('', (-0.000000, 0.000000, -1.000000));
#2963 = POLY_LOOP('', (#570, #700, #572));
#2964 = FACE_OUTER_BOUND('', #2963, .T.);
#2965 = ADVANCED_FACE('', (#2964), #12, .T.);
#2966 = DIRECTION('', (0.000000, 0.000000, -1.000000));
#2967 = POLY_LOOP('', (#572, #700, #702));
#2968 = FACE_OUTER_BOUND('', #2967, .T.);
#2969 = ADVANCED_FACE('', (#2968), #12, .T.);
#2970 = DIRECTION('', (-0.000000, 0.000000, -1.000000));
#2971 = POLY_LOOP('', (#572, #702, #574));
#2972 = FACE_OUTER_BOUND('', #2971, .T.);
#2973 = ADVANCED_FACE('', (#2972), #12, .T.);
#2974 = DIRECTION('', (0.000000, 0.000000, -1.000000));
#2975 = POLY_LOOP('', (#574, #702, #704));
#2976 = FACE_OUTER_BOUND('', #2975, .T.);
#2977 = ADVANCED_FACE('', (#2976), #12, .T.);
#2978 = DIRECTION('', (0.000000, 0.000000, -1.000000));
#2979 = POLY_LOOP('', (#574, #704, #576));
#2980 = FACE_OUTER_BOUND('', #2979, .T.);
#2981 = ADVANCED_FACE('', (#2980), #12, .T.);
#2982 = DIRECTION('', (0.000000, -0.000000, -1.000000));
#2983 = POLY_LOOP('', (#576, #704, #706));
#2984 = FACE_OUTER_BOUND('', #2983, .T.);
#2985 = ADVANCED_FACE('', (#2984), #12, .T.);
#2986 = DIRECTION('', (0.000000, 0.000000, -1.000000));
#2987 = POLY_LOOP('', (#576, #706, #578));
#2988 = FACE_OUTER_BOUND('', #2987, .T.);
#2989 = ADVANCED_FACE('', (#2988), #12, .T.);
#2990 = DIRECTION('', (0.000000, -0.000000, -1.000000));
#2991 = POLY_LOOP('', (#578, #706, #708));
#2992 = FACE_OUTER_BOUND('', #2991, .T.);
#2993 = ADVANCED_FACE('', (#2992), #12, .T.);
#2994 = DIRECTION('', (0.000000, 0.000000, -1.000000));
#2995 = POLY_LOOP('', (#578, #708, #580));
#2996 = FACE_OUTER_BOUND('', #2995, .T.);
#2997 = ADVANCED_FACE('', (#2996), #12, .T.);
#2998 = DIRECTION('', (0.000000, -0.000000, -1.000000));
#2999 = POLY_LOOP('', (#580, #708, #710));
#3000 = FACE_OUTER_BOUND('', #2999, .T.);
#3001 = ADVANCED_FACE('', (#3000), #12, .T.);
#3002 = DIRECTION('', (0.000000, 0.000000, -1.000000));
#3003 = POLY_LOOP('', (#580, #710, #582));
#3004 = FACE_OUTER_BOUND('', #3003, .T.);
#3005 = ADVANCED_FACE('', (#3004), #12, .T.);
#3006 = DIRECTION('', (0.000000, -0.000000, -1.000000));
#3007 = POLY_LOOP('', (#582, #710, #712));
#3008 = FACE_OUTER_BOUND('', #3007, .T.);
#3009 = ADVANCED_FACE('', (#3008), #12, .T.);
#3010 = DIRECTION('', (0.000000, 0.000000, -1.000000));
#3011 = POLY_LOOP('', (#582, #712, #584));
#3012 = FACE_OUTER_BOUND('', #3011, .T.);
#3013 = ADVANCED_FACE('', (#3012), #12, .T.);
#3014 = DIRECTION('', (0.000000, -0.000000, -1.000000));
#3015 = POLY_LOOP('', (#584, #712, #714));
#3016 = FACE_OUTER_BOUND('', #3015, .T.);
#3017 = ADVANCED_FACE('', (#3016), #12, .T.);
#3018 = DIRECTION('', (0.000000, 0.000000, -1.000000));
#3019 = POLY_LOOP('', (#584, #714, #586));
#3020 = FACE_OUTER_BOUND('', #3019, .T.);
#3021 = ADVANCED_FACE('', (#3020), #12, .T.);
#3022 = DIRECTION('', (0.000000, 0.000000, -1.000000));
#3023 = POLY_LOOP('', (#586, #714, #716));
#3024 = FACE_OUTER_BOUND('', #3023, .T.);
#3025 = ADVANCED_FACE('', (#3024), #12, .T.);
#3026 = DIRECTION('', (0.000000, -0.000000, -1.000000));
#3027 = POLY_LOOP('', (#586, #716, #588));
#3028 = FACE_OUTER_BOUND('', #3027, .T.);
#3029 = ADVANCED_FACE('', (#3028), #12, .T.);
#3030 = DIRECTION('', (0.000000, 0.000000, -1.000000));
#3031 = POLY_LOOP('', (#588, #716, #718));
#3032 = FACE_OUTER_BOUND('', #3031, .T.);
#3033 = ADVANCED_FACE('', (#3032), #12, .T.);
#3034 = DIRECTION('', (0.000000, -0.000000, -1.000000));
#3035 = POLY_LOOP('', (#588, #718, #590));
#3036 = FACE_OUTER_BOUND('', #3035, .T.);
#3037 = ADVANCED_FACE('', (#3036), #12, .T.);
#3038 = DIRECTION('', (0.000000, 0.000000, -1.000000));
#3039 = POLY_LOOP('', (#590, #718, #720));
#3040 = FACE_OUTER_BOUND('', #3039, .T.);
#3041 = ADVANCED_FACE('', (#3040), #12, .T.);
#3042 = DIRECTION('', (0.000000, -0.000000, -1.000000));
#3043 = POLY_LOOP('', (#590, #720, #592));
#3044 = FACE_OUTER_BOUND('', #3043, .T.);
#3045 = ADVANCED_FACE('', (#3044), #12, .T.);
#3046 = DIRECTION('', (0.000000, 0.000000, -1.000000));
#3047 = POLY_LOOP('', (#592, #720, #722));
#3048 = FACE_OUTER_BOUND('', #3047, .T.);
#3049 = ADVANCED_FACE('', (#3048), #12, .T.);
#3050 = DIRECTION('', (0.000000, -0.000000, -1.000000));
#3051 = POLY_LOOP('', (#592, #722, #594));
#3052 = FACE_OUTER_BOUND('', #3051, .T.);
#3053 = ADVANCED_FACE('', (#3052), #12, .T.);
#3054 = DIRECTION('', (0.000000, 0.000000, -1.000000));
#3055 = POLY_LOOP('', (#594, #722, #724));
#3056 = FACE_OUTER_BOUND('', #3055, .T.);
#3057 = ADVANCED_FACE('', (#3056), #12, .T.);
#3058 = DIRECTION('', (0.000000, -0.000000, -1.000000));
#3059 = POLY_LOOP('', (#594, #724, #596));
#3060 = FACE_OUTER_BOUND('', #3059, .T.);
#3061 = ADVANCED_FACE('', (#3060), #12, .T.);
#3062 = DIRECTION('', (0.000000, 0.000000, -1.000000));
#3063 = POLY_LOOP('', (#596, #724, #726));
#3064 = FACE_OUTER_BOUND('', #3063, .T.);
#3065 = ADVANCED_FACE('', (#3064), #12, .T.);
#3066 = DIRECTION('', (0.000000, -0.000000, -1.000000));
#3067 = POLY_LOOP('', (#596, #726, #598));
#3068 = FACE_OUTER_BOUND('', #3067, .T.);
#3069 = ADVANCED_FACE('', (#3068), #12, .T.);
#3070 = DIRECTION('', (0.000000, 0.000000, -1.000000));
#3071 = POLY_LOOP('', (#598, #726, #728));
#3072 = FACE_OUTER_BOUND('', #3071, .T.);
#3073 = ADVANCED_FACE('', (#3072), #12, .T.);
#3074 = DIRECTION('', (0.000000, -0.000000, -1.000000));
#3075 = POLY_LOOP('', (#598, #728, #600));
#3076 = FACE_OUTER_BOUND('', #3075, .T.);
#3077 = ADVANCED_FACE('', (#3076), #12, .T.);
#3078 = DIRECTION('', (0.000000, 0.000000, -1.000000));
#3079 = POLY_LOOP('', (#600, #728, #730));
#3080 = FACE_OUTER_BOUND('', #3079, .T.);
#3081 = ADVANCED_FACE('', (#3080), #12, .T.);
#3082 = DIRECTION('', (0.000000, -0.000000, -1.000000));
#3083 = POLY_LOOP('', (#600, #730, #602));
#3084 = FACE_OUTER_BOUND('', #3083, .T.);
#3085 = ADVANCED_FACE('', (#3084), #12, .T.);
#3086 = DIRECTION('', (0.000000, 0.000000, -1.000000));
#3087 = POLY_LOOP('', (#602, #730, #732));
#3088 = FACE_OUTER_BOUND('', #3087, .T.);
#3089 = ADVANCED_FACE('', (#3088), #12, .T.);
#3090 = DIRECTION('', (0.000000, -0.000000, -1.000000));
#3091 = POLY_LOOP('', (#602, #732, #604));
#3092 = FACE_OUTER_BOUND('', #3091, .T.);
#3093 = ADVANCED_FACE('', (#3092), #12, .T.);
#3094 = DIRECTION('', (0.000000, 0.000000, -1.000000));
#3095 = POLY_LOOP('', (#604, #732, #734));
#3096 = FACE_OUTER_BOUND('', #3095, .T.);
#3097 = ADVANCED_FACE('', (#3096), #12, .T.);
#3098 = DIRECTION('', (0.000000, -0.000000, -1.000000));
#3099 = POLY_LOOP('', (#604, #734, #606));
#3100 = FACE_OUTER_BOUND('', #3099, .T.);
#3101 = ADVANCED_FACE('', (#3100), #12, .T.);
#3102 = DIRECTION('', (0.000000, 0.000000, -1.000000));
#3103 = POLY_LOOP('', (#606, #734, #736));
#3104 = FACE_OUTER_BOUND('', #3103, .T.);
#3105 = ADVANCED_FACE('', (#3104), #12, .T.);
#3106 = DIRECTION('', (0.000000, 0.000000, -1.000000));
#3107 = POLY_LOOP('', (#606, #736, #608));
#3108 = FACE_OUTER_BOUND('', #3107, .T.);
#3109 = ADVANCED_FACE('', (#3108), #12, .T.);
#3110 = DIRECTION('', (0.000000, 0.000000, -1.000000));
#3111 = POLY_LOOP('', (#608, #736, #738));
#3112 = FACE_OUTER_BOUND('', #3111, .T.);
#3113 = ADVANCED_FACE('', (#3112), #12, .T.);
#3114 = DIRECTION('', (0.000000, 0.000000, -1.000000));
#3115 = POLY_LOOP('', (#608, #738, #610));
#3116 = FACE_OUTER_BOUND('', #3115, .T.);
#3117 = ADVANCED_FACE('', (#3116), #12, .T.);
#3118 = DIRECTION('', (0.000000, 0.000000, -1.000000));
#3119 = POLY_LOOP('', (#610, #738, #740));
#3120 = FACE_OUTER_BOUND('', #3119, .T.);
#3121 = ADVANCED_FACE('', (#3120), #12, .T.);
#3122 = DIRECTION('', (0.000000, 0.000000, -1.000000));
#3123 = POLY_LOOP('', (#610, #740, #612));
#3124 = FACE_OUTER_BOUND('', #3123, .T.);
#3125 = ADVANCED_FACE('', (#3124), #12, .T.);
#3126 = DIRECTION('', (0.000000, 0.000000, -1.000000));
#3127 = POLY_LOOP('', (#612, #740, #742));
#3128 = FACE_OUTER_BOUND('', #3127, .T.);
#3129 = ADVANCED_FACE('', (#3128), #12, .T.);
#3130 = DIRECTION('', (0.000000, 0.000000, -1.000000));
#3131 = POLY_LOOP('', (#612, #742, #614));
#3132 = FACE_OUTER_BOUND('', #3131, .T.);
#3133 = ADVANCED_FACE('', (#3132), #12, .T.);
#3134 = DIRECTION('', (0.000000, 0.000000, -1.000000));
#3135 = POLY_LOOP('', (#614, #742, #744));
#3136 = FACE_OUTER_BOUND('', #3135, .T.);
#3137 = ADVANCED_FACE('', (#3136), #12, .T.);
#3138 = DIRECTION('', (0.000000, 0.000000, -1.000000));
#3139 = POLY_LOOP('', (#614, #744, #616));
#3140 = FACE_OUTER_BOUND('', #3139, .T.);
#3141 = ADVANCED_FACE('', (#3140), #12, .T.);
#3142 = DIRECTION('', (0.000000, 0.000000, -1.000000));
#3143 = POLY_LOOP('', (#616, #744, #746));
#3144 = FACE_OUTER_BOUND('', #3143, .T.);
#3145 = ADVANCED_FACE('', (#3144), #12, .T.);
#3146 = DIRECTION('', (0.000000, 0.000000, -1.000000));
#3147 = POLY_LOOP('', (#616, #746, #618));
#3148 = FACE_OUTER_BOUND('', #3147, .T.);
#3149 = ADVANCED_FACE('', (#3148), #12, .T.);
#3150 = DIRECTION('', (0.000000, 0.000000, -1.000000));
#3151 = POLY_LOOP('', (#618, #746, #748));
#3152 = FACE_OUTER_BOUND('', #3151, .T.);
#3153 = ADVANCED_FACE('', (#3152), #12, .T.);
#3154 = DIRECTION('', (0.000000, 0.000000, -1.000000));
#3155 = POLY_LOOP('', (#618, #748, #620));
#3156 = FACE_OUTER_BOUND('', #3155, .T.);
#3157 = ADVANCED_FACE('', (#3156), #12, .T.);
#3158 = DIRECTION('', (0.000000, 0.000000, -1.000000));
#3159 = POLY_LOOP('', (#620, #748, #750));
#3160 = FACE_OUTER_BOUND('', #3159, .T.);
#3161 = ADVANCED_FACE('', (#3160), #12, .T.);
#3162 = DIRECTION('', (0.000000, 0.000000, -1.000000));
#3163 = POLY_LOOP('', (#620, #750, #622));
#3164 = FACE_OUTER_BOUND('', #3163, .T.);
#3165 = ADVANCED_FACE('', (#3164), #12, .T.);
#3166 = DIRECTION('', (0.000000, 0.000000, -1.000000));
#3167 = POLY_LOOP('', (#622, #750, #752));
#3168 = FACE_OUTER_BOUND('', #3167, .T.);
#3169 = ADVANCED_FACE('', (#3168), #12, .T.);
#3170 = DIRECTION('', (0.000000, 0.000000, -1.000000));
#3171 = POLY_LOOP('', (#622, #752, #624));
#3172 = FACE_OUTER_BOUND('', #3171, .T.);
#3173 = ADVANCED_FACE('', (#3172), #12, .T.);
#3174 = DIRECTION('', (0.000000, 0.000000, -1.000000));
#3175 = POLY_LOOP('', (#624, #752, #754));
#3176 = FACE_OUTER_BOUND('', #3175, .T.);
#3177 = ADVANCED_FACE('', (#3176), #12, .T.);
#3178 = DIRECTION('', (0.000000, 0.000000, -1.000000));
#3179 = POLY_LOOP('', (#624, #754, #626));
#3180 = FACE_OUTER_BOUND('', #3179, .T.);
#3181 = ADVANCED_FACE('', (#3180), #12, .T.);
#3182 = DIRECTION('', (0.000000, 0.000000, -1.000000));
#3183 = POLY_LOOP('', (#626, #754, #756));
#3184 = FACE_OUTER_BOUND('', #3183, .T.);
#3185 = ADVANCED_FACE('', (#3184), #12, .T.);
#3186 = DIRECTION('', (0.000000, 0.000000, -1.000000));
#3187 = POLY_LOOP('', (#626, #756, #628));
#3188 = FACE_OUTER_BOUND('', #3187, .T.);
#3189 = ADVANCED_FACE('', (#3188), #12, .T.);
#3190 = DIRECTION('', (0.000000, 0.000000, -1.000000));
#3191 = POLY_LOOP('', (#628, #756, #758));
#3192 = FACE_OUTER_BOUND('', #3191, .T.);
#3193 = ADVANCED_FACE('', (#3192), #12, .T.);
#3194 = DIRECTION('', (0.000000, 0.000000, -1.000000));
#3195 = POLY_LOOP('', (#628, #758, #630));
#3196 = FACE_OUTER_BOUND('', #3195, .T.);
#3197 = ADVANCED_FACE('', (#3196), #12, .T.);
#3198 = DIRECTION('', (0.000000, 0.000000, -1.000000));
#3199 = POLY_LOOP('', (#630, #758, #760));
#3200 = FACE_OUTER_BOUND('', #3199, .T.);
#3201 = ADVANCED_FACE('', (#3200), #12, .T.);
#3202 = DIRECTION('', (0.000000, 0.000000, -1.000000));
#3203 = POLY_LOOP('', (#630, #760, #632));
#3204 = FACE_OUTER_BOUND('', #3203, .T.);
#3205 = ADVANCED_FACE('', (#3204), #12, .T.);
#3206 = DIRECTION('', (0.000000, 0.000000, -1.000000));
#3207 = POLY_LOOP('', (#632, #760, #762));
#3208 = FACE_OUTER_BOUND('', #3207, .T.);
#3209 = ADVANCED_FACE('', (#3208), #12, .T.);
#3210 = DIRECTION('', (0.000000, 0.000000, -1.000000));
#3211 = POLY_LOOP('', (#632, #762, #634));
#3212 = FACE_OUTER_BOUND('', #3211, .T.);
#3213 = ADVANCED_FACE('', (#3212), #12, .T.);
#3214 = DIRECTION('', (0.000000, 0.000000, -1.000000));
#3215 = POLY_LOOP('', (#634, #762, #764));
#3216 = FACE_OUTER_BOUND('', #3215, .T.);
#3217 = ADVANCED_FACE('', (#3216), #12, .T.);
#3218 = DIRECTION('', (0.000000, 0.000000, -1.000000));
#3219 = POLY_LOOP('', (#634, #764, #636));
#3220 = FACE_OUTER_BOUND('', #3219, .T.);
#3221 = ADVANCED_FACE('', (#3220), #12, .T.);
#3222 = DIRECTION('', (0.000000, 0.000000, -1.000000));
#3223 = POLY_LOOP('', (#636, #764, #766));
#3224 = FACE_OUTER_BOUND('', #3223, .T.);
#3225 = ADVANCED_FACE('', (#3224), #12, .T.);
#3226 = DIRECTION('', (0.000000, 0.000000, -1.000000));
#3227 = POLY_LOOP('', (#636, #766, #638));
#3228 = FACE_OUTER_BOUND('', #3227, .T.);
#3229 = ADVANCED_FACE('', (#3228), #12, .T.);
#3230 = DIRECTION('', (0.000000, 0.000000, -1.000000));
#3231 = POLY_LOOP('', (#638, #766, #768));
#3232 = FACE_OUTER_BOUND('', #3231, .T.);
#3233 = ADVANCED_FACE('', (#3232), #12, .T.);
#3234 = DIRECTION('', (0.000000, 0.000000, -1.000000));
#3235 = POLY_LOOP('', (#638, #768, #640));
#3236 = FACE_OUTER_BOUND('', #3235, .T.);
#3237 = ADVANCED_FACE('', (#3236), #12, .T.);
#3238 = DIRECTION('', (0.000000, 0.000000, -1.000000));
#3239 = POLY_LOOP('', (#640, #768, #770));
#3240 = FACE_OUTER_BOUND('', #3239, .T.);
#3241 = ADVANCED_FACE('', (#3240), #12, .T.);
#3242 = DIRECTION('', (0.000000, 0.000000, -1.000000));
#3243 = POLY_LOOP('', (#640, #770, #642));
#3244 = FACE_OUTER_BOUND('', #3243, .T.);
#3245 = ADVANCED_FACE('', (#3244), #12, .T.);
#3246 = DIRECTION('', (0.000000, 0.000000, -1.000000));
#3247 = POLY_LOOP('', (#642, #770, #772));
#3248 = FACE_OUTER_BOUND('', #3247, .T.);
#3249 = ADVANCED_FACE('', (#3248), #12, .T.);
#3250 = DIRECTION('', (0.000000, 0.000000, -1.000000));
#3251 = POLY_LOOP('', (#642, #772, #644));
#3252 = FACE_OUTER_BOUND('', #3251, .T.);
#3253 = ADVANCED_FACE('', (#3252), #12, .T.);
#3254 = DIRECTION('', (0.000000, 0.000000, -1.000000));
#3255 = POLY_LOOP('', (#644, #772, #774));
#3256 = FACE_OUTER_BOUND('', #3255, .T.);
#3257 = ADVANCED_FACE('', (#3256), #12, .T.);
#3258 = DIRECTION('', (0.000000, 0.000000, -1.000000));
#3259 = POLY_LOOP('', (#644, #774, #646));
#3260 = FACE_OUTER_BOUND('', #3259, .T.);
#3261 = ADVANCED_FACE('', (#3260), #12, .T.);
#3262 = DIRECTION('', (0.000000, 0.000000, -1.000000));
#3263 = POLY_LOOP('', (#646, #774, #776));
#3264 = FACE_OUTER_BOUND('', #3263, .T.);
#3265 = ADVANCED_FACE('', (#3264), #12, .T.);
#3266 = DIRECTION('', (0.000000, 0.000000, -1.000000));
#3267 = POLY_LOOP('', (#646, #776, #648));
#3268 = FACE_OUTER_BOUND('', #3267, .T.);
#3269 = ADVANCED_FACE('', (#3268), #12, .T.);
#3270 = DIRECTION('', (0.000000, 0.000000, -1.000000));
#3271 = POLY_LOOP('', (#648, #776, #778));
#3272 = FACE_OUTER_BOUND('', #3271, .T.);
#3273 = ADVANCED_FACE('', (#3272), #12, .T.);
#3274 = DIRECTION('', (0.000000, 0.000000, -1.000000));
#3275 = POLY_LOOP('', (#648, #778, #650));
#3276 = FACE_OUTER_BOUND('', #3275, .T.);
#3277 = ADVANCED_FACE('', (#3276), #12, .T.);
#3278 = DIRECTION('', (0.000000, 0.000000, -1.000000));
#3279 = POLY_LOOP('', (#650, #778, #780));
#3280 = FACE_OUTER_BOUND('', #3279, .T.);
#3281 = ADVANCED_FACE('', (#3280), #12, .T.);
#3282 = DIRECTION('', (0.000000, 0.000000, -1.000000));
#3283 = POLY_LOOP('', (#650, #780, #652));
#3284 = FACE_OUTER_BOUND('', #3283, .T.);
#3285 = ADVANCED_FACE('', (#3284), #12, .T.);
#3286 = DIRECTION('', (0.000000, 0.000000, -1.000000));
#3287 = POLY_LOOP('', (#652, #780, #782));
#3288 = FACE_OUTER_BOUND('', #3287, .T.);
#3289 = ADVANCED_FACE('', (#3288), #12, .T.);
#3290 = DIRECTION('', (0.000000, 0.000000, -1.000000));
#3291 = POLY_LOOP('', (#652, #782, #654));
#3292 = FACE_OUTER_BOUND('', #3291, .T.);
#3293 = ADVANCED_FACE('', (#3292), #12, .T.);
#3294 = DIRECTION('', (0.000000, 0.000000, -1.000000));
#3295 = POLY_LOOP('', (#654, #782, #784));
#3296 = FACE_OUTER_BOUND('', #3295, .T.);
#3297 = ADVANCED_FACE('', (#3296), #12, .T.);
#3298 = DIRECTION('', (0.000000, 0.000000, -1.000000));
#3299 = POLY_LOOP('', (#654, #784, #656));
#3300 = FACE_OUTER_BOUND('', #3299, .T.);
#3301 = ADVANCED_FACE('', (#3300), #12, .T.);
#3302 = DIRECTION('', (0.000000, 0.000000, -1.000000));
#3303 = POLY_LOOP('', (#656, #784, #786));
#3304 = FACE_OUTER_BOUND('', #3303, .T.);
#3305 = ADVANCED_FACE('', (#3304), #12, .T.);
#3306 = DIRECTION('', (0.000000, 0.000000, -1.000000));
#3307 = POLY_LOOP('', (#656, #786, #658));
#3308 = FACE_OUTER_BOUND('', #3307, .T.);
#3309 = ADVANCED_FACE('', (#3308), #12, .T.);
#3310 = DIRECTION('', (0.000000, 0.000000, -1.000000));
#3311 = POLY_LOOP('', (#658, #786, #788));
#3312 = FACE_OUTER_BOUND('', #3311, .T.);
#3313 = ADVANCED_FACE('', (#3312), #12, .T.);
#3314 = DIRECTION('', (0.000000, 0.000000, -1.000000));
#3315 = POLY_LOOP('', (#658, #788, #660));
#3316 = FACE_OUTER_BOUND('', #3315, .T.);
#3317 = ADVANCED_FACE('', (#3316), #12, .T.);
#3318 = DIRECTION('', (0.000000, 0.000000, -1.000000));
#3319 = POLY_LOOP('', (#660, #788, #790));
#3320 = FACE_OUTER_BOUND('', #3319, .T.);
#3321 = ADVANCED_FACE('', (#3320), #12, .T.);
#3322 = DIRECTION('', (0.000000, 0.000000, -1.000000));
#3323 = POLY_LOOP('', (#660, #790, #662));
#3324 = FACE_OUTER_BOUND('', #3323, .T.);
#3325 = ADVANCED_FACE('', (#3324), #12, .T.);
#3326 = DIRECTION('', (0.000000, 0.000000, -1.000000));
#3327 = POLY_LOOP('', (#662, #790, #792));
#3328 = FACE_OUTER_BOUND('', #3327, .T.);
#3329 = ADVANCED_FACE('', (#3328), #12, .T.);
#3330 = DIRECTION('', (0.000000, 0.000000, -1.000000));
#3331 = POLY_LOOP('', (#662, #792, #664));
#3332 = FACE_OUTER_BOUND('', #3331, .T.);
#3333 = ADVANCED_FACE('', (#3332), #12, .T.);
#3334 = DIRECTION('', (0.000000, 0.000000, -1.000000));
#3335 = POLY_LOOP('', (#664, #792, #794));
#3336 = FACE_OUTER_BOUND('', #3335, .T.);
#3337 = ADVANCED_FACE('', (#3336), #12, .T.);
#3338 = DIRECTION('', (0.000000, 0.000000, -1.000000));
#3339 = POLY_LOOP('', (#664, #794, #666));
#3340 = FACE_OUTER_BOUND('', #3339, .T.);
#3341 = ADVANCED_FACE('', (#3340), #12, .T.);
#3342 = DIRECTION('', (0.000000, 0.000000, -1.000000));
#3343 = POLY_LOOP('', (#666, #794, #796));
#3344 = FACE_OUTER_BOUND('', #3343, .T.);
#3345 = ADVANCED_FACE('', (#3344), #12, .T.);
#3346 = DIRECTION('', (0.000000, 0.000000, -1.000000));
#3347 = POLY_LOOP('', (#666, #796, #668));
#3348 = FACE_OUTER_BOUND('', #3347, .T.);
#3349 = ADVANCED_FACE('', (#3348), #12, .T.);
#3350 = DIRECTION('', (0.000000, 0.000000, -1.000000));
#3351 = POLY_LOOP('', (#668, #796, #670));
#3352 = FACE_OUTER_BOUND('', #3351, .T.);
#3353 = ADVANCED_FACE('', (#3352), #12, .T.);
#3354 = DIRECTION('', (0.000000, 0.000000, -1.000000));
#3355 = POLY_LOOP('', (#668, #670, #542));
#3356 = FACE_OUTER_BOUND('', #3355, .T.);
#3357 = ADVANCED_FACE('', (#3356), #12, .T.);
#3358 = DIRECTION('', (-0.998795, -0.049068, 0.000000));
#3359 = POLY_LOOP('', (#670, #672, #32));
#3360 = FACE_OUTER_BOUND('', #3359, .T.);
#3361 = ADVANCED_FACE('', (#3360), #12, .T.);
#3362 = DIRECTION('', (-0.998795, -0.049068, -0.000000));
#3363 = POLY_LOOP('', (#670, #32, #30));
#3364 = FACE_OUTER_BOUND('', #3363, .T.);
#3365 = ADVANCED_FACE('', (#3364), #12, .T.);
#3366 = DIRECTION('', (-0.989177, -0.146730, 0.000000));
#3367 = POLY_LOOP('', (#672, #674, #34));
#3368 = FACE_OUTER_BOUND('', #3367, .T.);
#3369 = ADVANCED_FACE('', (#3368), #12, .T.);
#3370 = DIRECTION('', (-0.989177, -0.146730, -0.000000));
#3371 = POLY_LOOP('', (#672, #34, #32));
#3372 = FACE_OUTER_BOUND('', #3371, .T.);
#3373 = ADVANCED_FACE('', (#3372), #12, .T.);
#3374 = DIRECTION('', (-0.970031, -0.242980, 0.000000));
#3375 = POLY_LOOP('', (#674, #676, #36));
#3376 = FACE_OUTER_BOUND('', #3375, .T.);
#3377 = ADVANCED_FACE('', (#3376), #12, .T.);
#3378 = DIRECTION('', (-0.970031, -0.242980, -0.000000));
#3379 = POLY_LOOP('', (#674, #36, #34));
#3380 = FACE_OUTER_BOUND('', #3379, .T.);
#3381 = ADVANCED_FACE('', (#3380), #12, .T.);
#3382 = DIRECTION('', (-0.941544, -0.336890, 0.000000));
#3383 = POLY_LOOP('', (#676, #678, #38));
#3384 = FACE_OUTER_BOUND('', #3383, .T.);
#3385 = ADVANCED_FACE('', (#3384), #12, .T.);
#3386 = DIRECTION('', (-0.941544, -0.336890, -0.000000));
#3387 = POLY_LOOP('', (#676, #38, #36));
#3388 = FACE_OUTER_BOUND('', #3387, .T.);
#3389 = ADVANCED_FACE('', (#3388), #12, .T.);
#3390 = DIRECTION('', (-0.903989, -0.427555, 0.000000));
#3391 = POLY_LOOP('', (#678, #680, #40));
#3392 = FACE_OUTER_BOUND('', #3391, .T.);
#3393 = ADVANCED_FACE('', (#3392), #12, .T.);
#3394 = DIRECTION('', (-0.903989, -0.427555, -0.000000));
#3395 = POLY_LOOP('', (#678, #40, #38));
#3396 = FACE_OUTER_BOUND('', #3395, .T.);
#3397 = ADVANCED_FACE('', (#3396), #12, .T.);
#3398 = DIRECTION('', (-0.857729, -0.514103, 0.000000));
#3399 = POLY_LOOP('', (#680, #682, #42));
#3400 = FACE_OUTER_BOUND('', #3399, .T.);
#3401 = ADVANCED_FACE('', (#3400), #12, .T.);
#3402 = DIRECTION('', (-0.857729, -0.514103, -0.000000));
#3403 = POLY_LOOP('', (#680, #42, #40));
#3404 = FACE_OUTER_BOUND('', #3403, .T.);
#3405 = ADVANCED_FACE('', (#3404), #12, .T.);
#3406 = DIRECTION('', (-0.803208, -0.595699, 0.000000));
#3407 = POLY_LOOP('', (#682, #684, #44));
#3408 = FACE_OUTER_BOUND('', #3407, .T.);
#3409 = ADVANCED_FACE('', (#3408), #12, .T.);
#3410 = DIRECTION('', (-0.803208, -0.595699, -0.000000));
#3411 = POLY_LOOP('', (#682, #44, #42));
#3412 = FACE_OUTER_BOUND('', #3411, .T.);
#3413 = ADVANCED_FACE('', (#3412), #12, .T.);
#3414 = DIRECTION('', (-0.740951, -0.671559, 0.000000));
#3415 = POLY_LOOP('', (#684, #686, #46));
#3416 = FACE_OUTER_BOUND('', #3415, .T.);
#3417 = ADVANCED_FACE('', (#3416), #12, .T.);
#3418 = DIRECTION('', (-0.740951, -0.671559, -0.000000));
#3419 = POLY_LOOP('', (#684, #46, #44));
#3420 = FACE_OUTER_BOUND('', #3419, .T.);
#3421 = ADVANCED_FACE('', (#3420), #12, .T.);
#3422 = DIRECTION('', (-0.671559, -0.740951, 0.000000));
#3423 = POLY_LOOP('', (#686, #688, #48));
#3424 = FACE_OUTER_BOUND('', #3423, .T.);
#3425 = ADVANCED_FACE('', (#3424), #12, .T.);
#3426 = DIRECTION('', (-0.671559, -0.740951, -0.000000));
#3427 = POLY_LOOP('', (#686, #48, #46));
#3428 = FACE_OUTER_BOUND('', #3427, .T.);
#3429 = ADVANCED_FACE('', (#3428), #12, .T.);
#3430 = DIRECTION('', (-0.595699, -0.803208, 0.000000));
#3431 = POLY_LOOP('', (#688, #690, #50));
#3432 = FACE_OUTER_BOUND('', #3431, .T.);
#3433 = ADVANCED_FACE('', (#3432), #12, .T.);
#3434 = DIRECTION('', (-0.595699, -0.803208, -0.000000));
#3435 = POLY_LOOP('', (#688, #50, #48));
#3436 = FACE_OUTER_BOUND('', #3435, .T.);
#3437 = ADVANCED_FACE('', (#3436), #12, .T.);
#3438 = DIRECTION('', (-0.514103, -0.857729, 0.000000));
#3439 = POLY_LOOP('', (#690, #692, #52));
#3440 = FACE_OUTER_BOUND('', #3439, .T.);
#3441 = ADVANCED_FACE('', (#3440), #12, .T.);
#3442 = DIRECTION('', (-0.514103, -0.857729, -0.000000));
#3443 = POLY_LOOP('', (#690, #52, #50));
#3444 = FACE_OUTER_BOUND('', #3443, .T.);
#3445 = ADVANCED_FACE('', (#3444), #12, .T.);
#3446 = DIRECTION('', (-0.427555, -0.903989, 0.000000));
#3447 = POLY_LOOP('', (#692, #694, #54));
#3448 = FACE_OUTER_BOUND('', #3447, .T.);
#3449 = ADVANCED_FACE('', (#3448), #12, .T.);
#3450 = DIRECTION('', (-0.427555, -0.903989, -0.000000));
#3451 = POLY_LOOP('', (#692, #54, #52));
#3452 = FACE_OUTER_BOUND('', #3451, .T.);
#3453 = ADVANCED_FACE('', (#3452), #12, .T.);
#3454 = DIRECTION('', (-0.336890, -0.941544, 0.000000));
#3455 = POLY_LOOP('', (#694, #696, #56));
#3456 = FACE_OUTER_BOUND('', #3455, .T.);
#3457 = ADVANCED_FACE('', (#3456), #12, .T.);
#3458 = DIRECTION('', (-0.336890, -0.941544, -0.000000));
#3459 = POLY_LOOP('', (#694, #56, #54));
#3460 = FACE_OUTER_BOUND('', #3459, .T.);
#3461 = ADVANCED_FACE('', (#3460), #12, .T.);
#3462 = DIRECTION('', (-0.242980, -0.970031, 0.000000));
#3463 = POLY_LOOP('', (#696, #698, #58));
#3464 = FACE_OUTER_BOUND('', #3463, .T.);
#3465 = ADVANCED_FACE('', (#3464), #12, .T.);
#3466 = DIRECTION('', (-0.242980, -0.970031, -0.000000));
#3467 = POLY_LOOP('', (#696, #58, #56));
#3468 = FACE_OUTER_BOUND('', #3467, .T.);
#3469 = ADVANCED_FACE('', (#3468), #12, .T.);
#3470 = DIRECTION('', (-0.146730, -0.989177, 0.000000));
#3471 = POLY_LOOP('', (#698, #700, #60));
#3472 = FACE_OUTER_BOUND('', #3471, .T.);
#3473 = ADVANCED_FACE('', (#3472), #12, .T.);
#3474 = DIRECTION('', (-0.146730, -0.989177, -0.000000));
#3475 = POLY_LOOP('', (#698, #60, #58));
#3476 = FACE_OUTER_BOUND('', #3475, .T.);
#3477 = ADVANCED_FACE('', (#3476), #12, .T.);
#3478 = DIRECTION('', (-0.049068, -0.998795, 0.000000));
#3479 = POLY_LOOP('', (#700, #702, #62));
#3480 = FACE_OUTER_BOUND('', #3479, .T.);
#3481 = ADVANCED_FACE('', (#3480), #12, .T.);
#3482 = DIRECTION('', (-0.049068, -0.998795, -0.000000));
#3483 = POLY_LOOP('', (#700, #62, #60));
#3484 = FACE_OUTER_BOUND('', #3483, .T.);
#3485 = ADVANCED_FACE('', (#3484), #12, .T.);
#3486 = DIRECTION('', (0.049068, -0.998795, 0.000000));
#3487 = POLY_LOOP('', (#702, #704, #64));
#3488 = FACE_OUTER_BOUND('', #3487, .T.);
#3489 = ADVANCED_FACE('', (#3488), #12, .T.);
#3490 = DIRECTION('', (0.049068, -0.998795, 0.000000));
#3491 = POLY_LOOP('', (#702, #64, #62));
#3492 = FACE_OUTER_BOUND('', #3491, .T.);
#3493 = ADVANCED_FACE('', (#3492), #12, .T.);
#3494 = DIRECTION('', (0.146730, -0.989177, 0.000000));
#3495 = POLY_LOOP('', (#704, #706, #66));
#3496 = FACE_OUTER_BOUND('', #3495, .T.);
#3497 = ADVANCED_FACE('', (#3496), #12, .T.);
#3498 = DIRECTION('', (0.146730, -0.989177, 0.000000));
#3499 = POLY_LOOP('', (#704, #66, #64));
#3500 = FACE_OUTER_BOUND('', #3499, .T.);
#3501 = ADVANCED_FACE('', (#3500), #12, .T.);
#3502 = DIRECTION('', (0.242980, -0.970031, 0.000000));
#3503 = POLY_LOOP('', (#706, #708, #68));
#3504 = FACE_OUTER_BOUND('', #3503, .T.);
#3505 = ADVANCED_FACE('', (#3504), #12, .T.);
#3506 = DIRECTION('', (0.242980, -0.970031, 0.000000));
#3507 = POLY_LOOP('', (#706, #68, #66));
#3508 = FACE_OUTER_BOUND('', #3507, .T.);
#3509 = ADVANCED_FACE('', (#3508), #12, .T.);
#3510 = DIRECTION('', (0.336890, -0.941544, 0.000000));
#3511 = POLY_LOOP('', (#708, #710, #70));
#3512 = FACE_OUTER_BOUND('', #3511, .T.);
#3513 = ADVANCED_FACE('', (#3512), #12, .T.);
#3514 = DIRECTION('', (0.336890, -0.941544, 0.000000));
#3515 = POLY_LOOP('', (#708, #70, #68));
#3516 = FACE_OUTER_BOUND('', #3515, .T.);
#3517 = ADVANCED_FACE('', (#3516), #12, .T.);
#3518 = DIRECTION('', (0.427555, -0.903989, 0.000000));
#3519 = POLY_LOOP('', (#710, #712, #72));
#3520 = FACE_OUTER_BOUND('', #3519, .T.);
#3521 = ADVANCED_FACE('', (#3520), #12, .T.);
#3522 = DIRECTION('', (0.427555, -0.903989, 0.000000));
#3523 = POLY_LOOP('', (#710, #72, #70));
#3524 = FACE_OUTER_BOUND('', #3523, .T.);
#3525 = ADVANCED_FACE('', (#3524), #12, .T.);
#3526 = DIRECTION('', (0.514103, -0.857729, 0.000000));
#3527 = POLY_LOOP('', (#712, #714, #74));
#3528 = FACE_OUTER_BOUND('', #3527, .T.);
#3529 = ADVANCED_FACE('', (#3528), #12, .T.);
#3530 = DIRECTION('', (0.514103, -0.857729, 0.000000));
#3531 = POLY_LOOP('', (#712, #74, #72));
#3532 = FACE_OUTER_BOUND('', #3531, .T.);
#3533 = ADVANCED_FACE('', (#3532), #12, .T.);
#3534 = DIRECTION('', (0.595699, -0.803208, 0.000000));
#3535 = POLY_LOOP('', (#714, #716, #76));
#3536 = FACE_OUTER_BOUND('', #3535, .T.);
#3537 = ADVANCED_FACE('', (#3536), #12, .T.);
#3538 = DIRECTION('', (0.595699, -0.803208, 0.000000));
#3539 = POLY_LOOP('', (#714, #76, #74));
#3540 = FACE_OUTER_BOUND('', #3539, .T.);
#3541 = ADVANCED_FACE('', (#3540), #12, .T.);
#3542 = DIRECTION('', (0.671559, -0.740951, 0.000000));
#3543 = POLY_LOOP('', (#716, #718, #78));
#3544 = FACE_OUTER_BOUND('', #3543, .T.);
#3545 = ADVANCED_FACE('', (#3544), #12, .T.);
#3546 = DIRECTION('', (0.671559, -0.740951, 0.000000));
#3547 = POLY_LOOP('', (#716, #78, #76));
#3548 = FACE_OUTER_BOUND('', #3547, .T.);
#3549 = ADVANCED_FACE('', (#3548), #12, .T.);
#3550 = DIRECTION('', (0.740951, -0.671559, 0.000000));
#3551 = POLY_LOOP('', (#718, #720, #80));
#3552 = FACE_OUTER_BOUND('', #3551, .T.);
#3553 = ADVANCED_FACE('', (#3552), #12, .T.);
#3554 = DIRECTION('', (0.740951, -0.671559, 0.000000));
#3555 = POLY_LOOP('', (#718, #80, #78));
#3556 = FACE_OUTER_BOUND('', #3555, .T.);
#3557 = ADVANCED_FACE('', (#3556), #12, .T.);
#3558 = DIRECTION('', (0.803208, -0.595699, 0.000000));
#3559 = POLY_LOOP('', (#720, #722, #82));
#3560 = FACE_OUTER_BOUND('', #3559, .T.);
#3561 = ADVANCED_FACE('', (#3560), #12, .T.);
#3562 = DIRECTION('', (0.803208, -0.595699, 0.000000));
#3563 = POLY_LOOP('', (#720, #82, #80));
#3564 = FACE_OUTER_BOUND('', #3563, .T.);
#3565 = ADVANCED_FACE('', (#3564), #12, .T.);
#3566 = DIRECTION('', (0.857729, -0.514103, 0.000000));
#3567 = POLY_LOOP('', (#722, #724, #84));
#3568 = FACE_OUTER_BOUND('', #3567, .T.);
#3569 = ADVANCED_FACE('', (#3568), #12, .T.);
#3570 = DIRECTION('', (0.857729, -0.514103, 0.000000));
#3571 = POLY_LOOP('', (#722, #84, #82));
#3572 = FACE_OUTER_BOUND('', #3571, .T.);
#3573 = ADVANCED_FACE('', (#3572), #12, .T.);
#3574 = DIRECTION('', (0.903989, -0.427555, 0.000000));
#3575 = POLY_LOOP('', (#724, #726, #86));
#3576 = FACE_OUTER_BOUND('', #3575, .T.);
#3577 = ADVANCED_FACE('', (#3576), #12, .T.);
#3578 = DIRECTION('', (0.903989, -0.427555, 0.000000));
#3579 = POLY_LOOP('', (#724, #86, #84));
#3580 = FACE_OUTER_BOUND('', #3579, .T.);
#3581 = ADVANCED_FACE('', (#3580), #12, .T.);
#3582 = DIRECTION('', (0.941544, -0.336890, 0.000000));
#3583 = POLY_LOOP('', (#726, #728, #88));
#3584 = FACE_OUTER_BOUND('', #3583, .T.);
#3585 = ADVANCED_FACE('', (#3584), #12, .T.);
#3586 = DIRECTION('', (0.941544, -0.336890, 0.000000));
#3587 = POLY_LOOP('', (#726, #88, #86));
#3588 = FACE_OUTER_BOUND('', #3587, .T.);
#3589 = ADVANCED_FACE('', (#3588), #12, .T.);
#3590 = DIRECTION('', (0.970031, -0.242980, 0.000000));
#3591 = POLY_LOOP('', (#728, #730, #90));
#3592 = FACE_OUTER_BOUND('', #3591, .T.);
#3593 = ADVANCED_FACE('', (#3592), #12, .T.);
#3594 = DIRECTION('', (0.970031, -0.242980, 0.000000));
#3595 = POLY_LOOP('', (#728, #90, #88));
#3596 = FACE_OUTER_BOUND('', #3595, .T.);
#3597 = ADVANCED_FACE('', (#3596), #12, .T.);
#3598 = DIRECTION('', (0.989177, -0.146730, 0.000000));
#3599 = POLY_LOOP('', (#730, #732, #92));
#3600 = FACE_OUTER_BOUND('', #3599, .T.);
#3601 = ADVANCED_FACE('', (#3600), #12, .T.);
#3602 = DIRECTION('', (0.989177, -0.146730, 0.000000));
#3603 = POLY_LOOP('', (#730, #92, #90));
#3604 = FACE_OUTER_BOUND('', #3603, .T.);
#3605 = ADVANCED_FACE('', (#3604), #12, .T.);
#3606 = DIRECTION('', (0.998795, -0.049068, 0.000000));
#3607 = POLY_LOOP('', (#732, #734, #94));
#3608 = FACE_OUTER_BOUND('', #3607, .T.);
#3609 = ADVANCED_FACE('', (#3608), #12, .T.);
#3610 = DIRECTION('', (0.998795, -0.049068, 0.000000));
#3611 = POLY_LOOP('', (#732, #94, #92));
#3612 = FACE_OUTER_BOUND('', #3611, .T.);
#3613 = ADVANCED_FACE('', (#3612), #12, .T.);
#3614 = DIRECTION('', (0.998795, 0.049068, 0.000000));
#3615 = POLY_LOOP('', (#734, #736, #96));
#3616 = FACE_OUTER_BOUND('', #3615, .T.);
#3617 = ADVANCED_FACE('', (#3616), #12, .T.);
#3618 = DIRECTION('', (0.998795, 0.049068, 0.000000));
#3619 = POLY_LOOP('', (#734, #96, #94));
#3620 = FACE_OUTER_BOUND('', #3619, .T.);
#3621 = ADVANCED_FACE('', (#3620), #12, .T.);
#3622 = DIRECTION('', (0.989177, 0.146730, 0.000000));
#3623 = POLY_LOOP('', (#736, #738, #98));
#3624 = FACE_OUTER_BOUND('', #3623, .T.);
#3625 = ADVANCED_FACE('', (#3624), #12, .T.);
#3626 = DIRECTION('', (0.989177, 0.146730, 0.000000));
#3627 = POLY_LOOP('', (#736, #98, #96));
#3628 = FACE_OUTER_BOUND('', #3627, .T.);
#3629 = ADVANCED_FACE('', (#3628), #12, .T.);
#3630 = DIRECTION('', (0.970031, 0.242980, 0.000000));
#3631 = POLY_LOOP('', (#738, #740, #100));
#3632 = FACE_OUTER_BOUND('', #3631, .T.);
#3633 = ADVANCED_FACE('', (#3632), #12, .T.);
#3634 = DIRECTION('', (0.970031, 0.242980, 0.000000));
#3635 = POLY_LOOP('', (#738, #100, #98));
#3636 = FACE_OUTER_BOUND('', #3635, .T.);
#3637 = ADVANCED_FACE('', (#3636), #12, .T.);
#3638 = DIRECTION('', (0.941544, 0.336890, 0.000000));
#3639 = POLY_LOOP('', (#740, #742, #102));
#3640 = FACE_OUTER_BOUND('', #3639, .T.);
#3641 = ADVANCED_FACE('', (#3640), #12, .T.);
#3642 = DIRECTION('', (0.941544, 0.336890, 0.000000));
#3643 = POLY_LOOP('', (#740, #102, #100));
#3644 = FACE_OUTER_BOUND('', #3643, .T.);
#3645 = ADVANCED_FACE('', (#3644), #12, .T.);
#3646 = DIRECTION('', (0.903989, 0.427555, 0.000000));
#3647 = POLY_LOOP('', (#742, #744, #104));
#3648 = FACE_OUTER_BOUND('', #3647, .T.);
#3649 = ADVANCED_FACE('', (#3648), #12, .T.);
#3650 = DIRECTION('', (0.903989, 0.427555, 0.000000));
#3651 = POLY_LOOP('', (#742, #104, #102));
#3652 = FACE_OUTER_BOUND('', #3651, .T.);
#3653 = ADVANCED_FACE('', (#3652), #12, .T.);
#3654 = DIRECTION('', (0.857729, 0.514103, 0.000000));
#3655 = POLY_LOOP('', (#744, #746, #106));
#3656 = FACE_OUTER_BOUND('', #3655, .T.);
#3657 = ADVANCED_FACE('', (#3656), #12, .T.);
#3658 = DIRECTION('', (0.857729, 0.514103, 0.000000));
#3659 = POLY_LOOP('', (#744, #106, #104));
#3660 = FACE_OUTER_BOUND('', #3659, .T.);
#3661 = ADVANCED_FACE('', (#3660), #12, .T.);
#3662 = DIRECTION('', (0.803208, 0.595699, 0.000000));
#3663 = POLY_LOOP('', (#746, #748, #108));
#3664 = FACE_OUTER_BOUND('', #3663, .T.);
#3665 = ADVANCED_FACE('', (#3664), #12, .T.);
#3666 = DIRECTION('', (0.803208, 0.595699, 0.000000));
#3667 = POLY_LOOP('', (#746, #108, #106));
#3668 = FACE_OUTER_BOUND('', #3667, .T.);
#3669 = ADVANCED_FACE('', (#3668), #12, .T.);
#3670 = DIRECTION('', (0.740951, 0.671559, 0.000000));
#3671 = POLY_LOOP('', (#748, #750, #110));
#3672 = FACE_OUTER_BOUND('', #3671, .T.);
#3673 = ADVANCED_FACE('', (#3672), #12, .T.);
#3674 = DIRECTION('', (0.740951, 0.671559, 0.000000));
#3675 = POLY_LOOP('', (#748, #110, #108));
#3676 = FACE_OUTER_BOUND('', #3675, .T.);
#3677 = ADVANCED_FACE('', (#3676), #12, .T.);
#3678 = DIRECTION('', (0.671559, 0.740951, 0.000000));
#3679 = POLY_LOOP('', (#750, #752, #112));
#3680 = FACE_OUTER_BOUND('', #3679, .T.);
#3681 = ADVANCED_FACE('', (#3680), #12, .T.);
#3682 = DIRECTION('', (0.671559, 0.740951, 0.000000));
#3683 = POLY_LOOP('', (#750, #112, #110));
#3684 = FACE_OUTER_BOUND('', #3683, .T.);
#3685 = ADVANCED_FACE('', (#3684), #12, .T.);
#3686 = DIRECTION('', (0.595699, 0.803208, 0.000000));
#3687 = POLY_LOOP('', (#752, #754, #114));
#3688 = FACE_OUTER_BOUND('', #3687, .T.);
#3689 = ADVANCED_FACE('', (#3688), #12, .T.);
#3690 = DIRECTION('', (0.595699, 0.803208, 0.000000));
#3691 = POLY_LOOP('', (#752, #114, #112));
#3692 = FACE_OUTER_BOUND('', #3691, .T.);
#3693 = ADVANCED_FACE('', (#3692), #12, .T.);
#3694 = DIRECTION('', (0.514103, 0.857729, 0.000000));
#3695 = POLY_LOOP('', (#754, #756, #116));
#3696 = FACE_OUTER_BOUND('', #3695, .T.);
#3697 = ADVANCED_FACE('', (#3696), #12, .T.);
#3698 = DIRECTION('', (0.514103, 0.857729, 0.000000));
#3699 = POLY_LOOP('', (#754, #116, #114));
#3700 = FACE_OUTER_BOUND('', #3699, .T.);
#3701 = ADVANCED_FACE('', (#3700), #12, .T.);
#3702 = DIRECTION('', (0.427555, 0.903989, 0.000000));
#3703 = POLY_LOOP('', (#756, #758, #118));
#3704 = FACE_OUTER_BOUND('', #3703, .T.);
#3705 = ADVANCED_FACE('', (#3704), #12, .T.);
#3706 = DIRECTION('', (0.427555, 0.903989, 0.000000));
#3707 = POLY_LOOP('', (#756, #118, #116));
#3708 = FACE_OUTER_BOUND('', #3707, .T.);
#3709 = ADVANCED_FACE('', (#3708), #12, .T.);
#3710 = DIRECTION('', (0.336890, 0.941544, 0.000000));
#3711 = POLY_LOOP('', (#758, #760, #120));
#3712 = FACE_OUTER_BOUND('', #3711, .T.);
#3713 = ADVANCED_FACE('', (#3712), #12, .T.);
#3714 = DIRECTION('', (0.336890, 0.941544, 0.000000));
#3715 = POLY_LOOP('', (#758, #120, #118));
#3716 = FACE_OUTER_BOUND('', #3715, .T.);
#3717 = ADVANCED_FACE('', (#3716), #12, .T.);
#3718 = DIRECTION('', (0.242980, 0.970031, 0.000000));
#3719 = POLY_LOOP('', (#760, #762, #122));
#3720 = FACE_OUTER_BOUND('', #3719, .T.);
#3721 = ADVANCED_FACE('', (#3720), #12, .T.);
#3722 = DIRECTION('', (0.242980, 0.970031, 0.000000));
#3723 = POLY_LOOP('', (#760, #122, #120));
#3724 = FACE_OUTER_BOUND('', #3723, .T.);
#3725 = ADVANCED_FACE('', (#3724), #12, .T.);
#3726 = DIRECTION('', (0.146730, 0.989177, 0.000000));
#3727 = POLY_LOOP('', (#762, #764, #124));
#3728 = FACE_OUTER_BOUND('', #3727, .T.);
#3729 = ADVANCED_FACE('', (#3728), #12, .T.);
#3730 = DIRECTION('', (0.146730, 0.989177, 0.000000));
#3731 = POLY_LOOP('', (#762, #124, #122));
#3732 = FACE_OUTER_BOUND('', #3731, .T.);
#3733 = ADVANCED_FACE('', (#3732), #12, .T.);
#3734 = DIRECTION('', (0.049068, 0.998795, 0.000000));
#3735 = POLY_LOOP('', (#764, #766, #126));
#3736 = FACE_OUTER_BOUND('', #3735, .T.);
#3737 = ADVANCED_FACE('', (#3736), #12, .T.);
#3738 = DIRECTION('', (0.049068, 0.998795, 0.000000));
#3739 = POLY_LOOP('', (#764, #126, #124));
#3740 = FACE_OUTER_BOUND('', #3739, .T.);
#3741 = ADVANCED_FACE('', (#3740), #12, .T.);
#3742 = DIRECTION('', (-0.049068, 0.998795, 0.000000));
#3743 = POLY_LOOP('', (#766, #768, #128));
#3744 = FACE_OUTER_BOUND('', #3743, .T.);
#3745 = ADVANCED_FACE('', (#3744), #12, .T.);
#3746 = DIRECTION('', (-0.049068, 0.998795, 0.000000));
#3747 = POLY_LOOP('', (#766, #128, #126));
#3748 = FACE_OUTER_BOUND('', #3747, .T.);
#3749 = ADVANCED_FACE('', (#3748), #12, .T.);
#3750 = DIRECTION('', (-0.146730, 0.989177, 0.000000));
#3751 = POLY_LOOP('', (#768, #770, #130));
#3752 = FACE_OUTER_BOUND('', #3751, .T.);
#3753 = ADVANCED_FACE('', (#3752), #12, .T.);
#3754 = DIRECTION('', (-0.146730, 0.989177, 0.000000));
#3755 = POLY_LOOP('', (#768, #130, #128));
#3756 = FACE_OUTER_BOUND('', #3755, .T.);
#3757 = ADVANCED_FACE('', (#3756), #12, .T.);
#3758 = DIRECTION('', (-0.242980, 0.970031, 0.000000));
#3759 = POLY_LOOP('', (#770, #772, #132));
#3760 = FACE_OUTER_BOUND('', #3759, .T.);
#3761 = ADVANCED_FACE('', (#3760), #12, .T.);
#3762 = DIRECTION('', (-0.242980, 0.970031, 0.000000));
#3763 = POLY_LOOP('', (#770, #132, #130));
#3764 = FACE_OUTER_BOUND('', #3763, .T.);
#3765 = ADVANCED_FACE('', (#3764), #12, .T.);
#3766 = DIRECTION('', (-0.336890, 0.941544, 0.000000));
#3767 = POLY_LOOP('', (#772, #774, #134));
#3768 = FACE_OUTER_BOUND('', #3767, .T.);
#3769 = ADVANCED_FACE('', (#3768), #12, .T.);
#3770 = DIRECTION('', (-0.336890, 0.941544, 0.000000));
#3771 = POLY_LOOP('', (#772, #134, #132));
#3772 = FACE_OUTER_BOUND('', #3771, .T.);
#3773 = ADVANCED_FACE('', (#3772), #12, .T.);
#3774 = DIRECTION('', (-0.427555, 0.903989, 0.000000));
#3775 = POLY_LOOP('', (#774, #776, #136));
#3776 = FACE_OUTER_BOUND('', #3775, .T.);
#3777 = ADVANCED_FACE('', (#3776), #12, .T.);
#3778 = DIRECTION('', (-0.427555, 0.903989, 0.000000));
#3779 = POLY_LOOP('', (#774, #136, #134));
#3780 = FACE_OUTER_BOUND('', #3779, .T.);
#3781 = ADVANCED_FACE('', (#3780), #12, .T.);
#3782 = DIRECTION('', (-0.514103, 0.857729, 0.000000));
#3783 = POLY_LOOP('', (#776, #778, #138));
#3784 = FACE_OUTER_BOUND('', #3783, .T.);
#3785 = ADVANCED_FACE('', (#3784), #12, .T.);
#3786 = DIRECTION('', (-0.514103, 0.857729, 0.000000));
#3787 = POLY_LOOP('', (#776, #138, #136));
#3788 = FACE_OUTER_BOUND('', #3787, .T.);
#3789 = ADVANCED_FACE('', (#3788), #12, .T.);
#3790 = DIRECTION('', (-0.595699, 0.803208, 0.000000));
#3791 = POLY_LOOP('', (#778, #780, #140));
#3792 = FACE_OUTER_BOUND('', #3791, .T.);
#3793 = ADVANCED_FACE('', (#3792), #12, .T.);
#3794 = DIRECTION('', (-0.595699, 0.803208, 0.000000));
#3795 = POLY_LOOP('', (#778, #140, #138));
#3796 = FACE_OUTER_BOUND('', #3795, .T.);
#3797 = ADVANCED_FACE('', (#3796), #12, .T.);
#3798 = DIRECTION('', (-0.671559, 0.740951, 0.000000));
#3799 = POLY_LOOP('', (#780, #782, #142));
#3800 = FACE_OUTER_BOUND('', #3799, .T.);
#3801 = ADVANCED_FACE('', (#3800), #12, .T.);
#3802 = DIRECTION('', (-0.671559, 0.740951, 0.000000));
#3803 = POLY_LOOP('', (#780, #142, #140));
#3804 = FACE_OUTER_BOUND('', #3803, .T.);
#3805 = ADVANCED_FACE('', (#3804), #12, .T.);
#3806 = DIRECTION('', (-0.740951, 0.671559, 0.000000));
#3807 = POLY_LOOP('', (#782, #784, #144));
#3808 = FACE_OUTER_BOUND('', #3807, .T.);
#3809 = ADVANCED_FACE('', (#3808), #12, .T.);
#3810 = DIRECTION('', (-0.740951, 0.671559, 0.000000));
#3811 = POLY_LOOP('', (#782, #144, #142));
#3812 = FACE_OUTER_BOUND('', #3811, .T.);
#3813 = ADVANCED_FACE('', (#3812), #12, .T.);
#3814 = DIRECTION('', (-0.803208, 0.595699, 0.000000));
#3815 = POLY_LOOP('', (#784, #786, #146));
#3816 = FACE_OUTER_BOUND('', #3815, .T.);
#3817 = ADVANCED_FACE('', (#3816), #12, .T.);
#3818 = DIRECTION('', (-0.803208, 0.595699, 0.000000));
#3819 = POLY_LOOP('', (#784, #146, #144));
#3820 = FACE_OUTER_BOUND('', #3819, .T.);
#3821 = ADVANCED_FACE('', (#3820), #12, .T.);
#3822 = DIRECTION('', (-0.857729, 0.514103, 0.000000));
#3823 = POLY_LOOP('', (#786, #788, #148));
#3824 = FACE_OUTER_BOUND('', #3823, .T.);
#3825 = ADVANCED_FACE('', (#3824), #12, .T.);
#3826 = DIRECTION('', (-0.857729, 0.514103, 0.000000));
#3827 = POLY_LOOP('', (#786, #148, #146));
#3828 = FACE_OUTER_BOUND('', #3827, .T.);
#3829 = ADVANCED_FACE('', (#3828), #12, .T.);
#3830 = DIRECTION('', (-0.903989, 0.427555, 0.000000));
#3831 = POLY_LOOP('', (#788, #790, #150));
#3832 = FACE_OUTER_BOUND('', #3831, .T.);
#3833 = ADVANCED_FACE('', (#3832), #12, .T.);
#3834 = DIRECTION('', (-0.903989, 0.427555, 0.000000));
#3835 = POLY_LOOP('', (#788, #150, #148));
#3836 = FACE_OUTER_BOUND('', #3835, .T.);
#3837 = ADVANCED_FACE('', (#3836), #12, .T.);
#3838 = DIRECTION('', (-0.941544, 0.336890, 0.000000));
#3839 = POLY_LOOP('', (#790, #792, #152));
#3840 = FACE_OUTER_BOUND('', #3839, .T.);
#3841 = ADVANCED_FACE('', (#3840), #12, .T.);
#3842 = DIRECTION('', (-0.941544, 0.336890, 0.000000));
#3843 = POLY_LOOP('', (#790, #152, #150));
#3844 = FACE_OUTER_BOUND('', #3843, .T.);
#3845 = ADVANCED_FACE('', (#3844), #12, .T.);
#3846 = DIRECTION('', (-0.970031, 0.242980, 0.000000));
#3847 = POLY_LOOP('', (#792, #794, #154));
#3848 = FACE_OUTER_BOUND('', #3847, .T.);
#3849 = ADVANCED_FACE('', (#3848), #12, .T.);
#3850 = DIRECTION('', (-0.970031, 0.242980, 0.000000));
#3851 = POLY_LOOP('', (#792, #154, #152));
#3852 = FACE_OUTER_BOUND('', #3851, .T.);
#3853 = ADVANCED_FACE('', (#3852), #12, .T.);
#3854 = DIRECTION('', (-0.989177, 0.146730, 0.000000));
#3855 = POLY_LOOP('', (#794, #796, #156));
#3856 = FACE_OUTER_BOUND('', #3855, .T.);
#3857 = ADVANCED_FACE('', (#3856), #12, .T.);
#3858 = DIRECTION('', (-0.989177, 0.146730, 0.000000));
#3859 = POLY_LOOP('', (#794, #156, #154));
#3860 = FACE_OUTER_BOUND('', #3859, .T.);
#3861 = ADVANCED_FACE('', (#3860), #12, .T.);
#3862 = DIRECTION('', (-0.998795, 0.049068, 0.000000));
#3863 = POLY_LOOP('', (#796, #670, #30));
#3864 = FACE_OUTER_BOUND('', #3863, .T.);
#3865 = ADVANCED_FACE('', (#3864), #12, .T.);
#3866 = DIRECTION('', (-0.998795, 0.049068, 0.000000));
#3867 = POLY_LOOP('', (#796, #30, #156));
#3868 = FACE_OUTER_BOUND('', #3867, .T.);
#3869 = ADVANCED_FACE('', (#3868), #12, .T.);
#3870 = CLOSED_SHELL('', (#801, #805, #809, #813, #817, #821, #825, #829, #833, #837, #841, #845, #849, #853, #857, #861, #865, #869, #873, #877, #881, #885, #889, #893, #897, #901, #905, #909, #913, #917, #921, #925, #929, #933, #937, #941, #945, #949, #953, #957, #961, #965, #969, #973, #977, #981, #985, #989, #993, #997, #1001, #1005, #1009, #1013, #1017, #1021, #1025, #1029, #1033, #1037, #1041, #1045, #1049, #1053, #1057, #1061, #1065, #1069, #1073, #1077, #1081, #1085, #1089, #1093, #1097, #1101, #1105, #1109, #1113, #1117, #1121, #1125, #1129, #1133, #1137, #1141, #1145, #1149, #1153, #1157, #1161, #1165, #1169, #1173, #1177, #1181, #1185, #1189, #1193, #1197, #1201, #1205, #1209, #1213, #1217, #1221, #1225, #1229, #1233, #1237, #1241, #1245, #1249, #1253, #1257, #1261, #1265, #1269, #1273, #1277, #1281, #1285, #1289, #1293, #1297, #1301, #1305, #1309, #1313, #1317, #1321, #1325, #1329, #1333, #1337, #1341, #1345, #1349, #1353, #1357, #1361, #1365, #1369, #1373, #1377, #1381, #1385, #1389, #1393, #1397, #1401, #1405, #1409, #1413, #1417, #1421, #1425, #1429, #1433, #1437, #1441, #1445, #1449, #1453, #1457, #1461, #1465, #1469, #1473, #1477, #1481, #1485, #1489, #1493, #1497, #1501, #1505, #1509, #1513, #1517, #1521, #1525, #1529, #1533, #1537, #1541, #1545, #1549, #1553, #1557, #1561, #1565, #1569, #1573, #1577, #1581, #1585, #1589, #1593, #1597, #1601, #1605, #1609, #1613, #1617, #1621, #1625, #1629, #1633, #1637, #1641, #1645, #1649, #1653, #1657, #1661, #1665, #1669, #1673, #1677, #1681, #1685, #1689, #1693, #1697, #1701, #1705, #1709, #1713, #1717, #1721, #1725, #1729, #1733, #1737, #1741, #1745, #1749, #1753, #1757, #1761, #1765, #1769, #1773, #1777, #1781, #1785, #1789, #1793, #1797, #1801, #1805, #1809, #1813, #1817, #1821, #1825, #1829, #1833, #1837, #1841, #1845, #1849, #1853, #1857, #1861, #1865, #1869, #1873, #1877, #1881, #1885, #1889, #1893, #1897, #1901, #1905, #1909, #1913, #1917, #1921, #1925, #1929, #1933, #1937, #1941, #1945, #1949, #1953, #1957, #1961, #1965, #1969, #1973, #1977, #1981, #1985, #1989, #1993, #1997, #2001, #2005, #2009, #2013, #2017, #2021, #2025, #2029, #2033, #2037, #2041, #2045, #2049, #2053, #2057, #2061, #2065, #2069, #2073, #2077, #2081, #2085, #2089, #2093, #2097, #2101, #2105, #2109, #2113, #2117, #2121, #2125, #2129, #2133, #2137, #2141, #2145, #2149, #2153, #2157, #2161, #2165, #2169, #2173, #2177, #2181, #2185, #2189, #2193, #2197, #2201, #2205, #2209, #2213, #2217, #2221, #2225, #2229, #2233, #2237, #2241, #2245, #2249, #2253, #2257, #2261, #2265, #2269, #2273, #2277, #2281, #2285, #2289, #2293, #2297, #2301, #2305, #2309, #2313, #2317, #2321, #2325, #2329, #2333, #2337, #2341, #2345, #2349, #2353, #2357, #2361, #2365, #2369, #2373, #2377, #2381, #2385, #2389, #2393, #2397, #2401, #2405, #2409, #2413, #2417, #2421, #2425, #2429, #2433, #2437, #2441, #2445, #2449, #2453, #2457, #2461, #2465, #2469, #2473, #2477, #2481, #2485, #2489, #2493, #2497, #2501, #2505, #2509, #2513, #2517, #2521, #2525, #2529, #2533, #2537, #2541, #2545, #2549, #2553, #2557, #2561, #2565, #2569, #2573, #2577, #2581, #2585, #2589, #2593, #2597, #2601, #2605, #2609, #2613, #2617, #2621, #2625, #2629, #2633, #2637, #2641, #2645, #2649, #2653, #2657, #2661, #2665, #2669, #2673, #2677, #2681, #2685, #2689, #2693, #2697, #2701, #2705, #2709, #2713, #2717, #2721, #2725, #2729, #2733, #2737, #2741, #2745, #2749, #2753, #2757, #2761, #2765, #2769, #2773, #2777, #2781, #2785, #2789, #2793, #2797, #2801, #2805, #2809, #2813, #2817, #2821, #2825, #2829, #2833, #2837, #2841, #2845, #2849, #2853, #2857, #2861, #2865, #2869, #2873, #2877, #2881, #2885, #2889, #2893, #2897, #2901, #2905, #2909, #2913, #2917, #2921, #2925, #2929, #2933, #2937, #2941, #2945, #2949, #2953, #2957, #2961, #2965, #2969, #2973, #2977, #2981, #2985, #2989, #2993, #2997, #3001, #3005, #3009, #3013, #3017, #3021, #3025, #3029, #3033, #3037, #3041, #3045, #3049, #3053, #3057, #3061, #3065, #3069, #3073, #3077, #3081, #3085, #3089, #3093, #3097, #3101, #3105, #3109, #3113, #3117, #3121, #3125, #3129, #3133, #3137, #3141, #3145, #3149, #3153, #3157, #3161, #3165, #3169, #3173, #3177, #3181, #3185, #3189, #3193, #3197, #3201, #3205, #3209, #3213, #3217, #3221, #3225, #3229, #3233, #3237, #3241, #3245, #3249, #3253, #3257, #3261, #3265, #3269, #3273, #3277, #3281, #3285, #3289, #3293, #3297, #3301, #3305, #3309, #3313, #3317, #3321, #3325, #3329, #3333, #3337, #3341, #3345, #3349, #3353, #3357, #3361, #3365, #3369, #3373, #3377, #3381, #3385, #3389, #3393, #3397, #3401, #3405, #3409, #3413, #3417, #3421, #3425, #3429, #3433, #3437, #3441, #3445, #3449, #3453, #3457, #3461, #3465, #3469, #3473, #3477, #3481, #3485, #3489, #3493, #3497, #3501, #3505, #3509, #3513, #3517, #3521, #3525, #3529, #3533, #3537, #3541, #3545, #3549, #3553, #3557, #3561, #3565, #3569, #3573, #3577, #3581, #3585, #3589, #3593, #3597, #3601, #3605, #3609, #3613, #3617, #3621, #3625, #3629, #3633, #3637, #3641, #3645, #3649, #3653, #3657, #3661, #3665, #3669, #3673, #3677, #3681, #3685, #3689, #3693, #3697, #3701, #3705, #3709, #3713, #3717, #3721, #3725, #3729, #3733, #3737, #3741, #3745, #3749, #3753, #3757, #3761, #3765, #3769, #3773, #3777, #3781, #3785, #3789, #3793, #3797, #3801, #3805, #3809, #3813, #3817, #3821, #3825, #3829, #3833, #3837, #3841, #3845, #3849, #3853, #3857, #3861, #3865, #3869));
#3871 = MANIFOLD_SOLID_BREP('tinaco_adapter_brep', #3870);
#3872 = ADVANCED_BREP_SHAPE_REPRESENTATION('tinaco_adapter_shape', (#3871, #12), #14);
#8 = SHAPE_DEFINITION_REPRESENTATION(#8, #3872);
ENDSEC;
END-ISO-10303-21;
