ISO-10303-21;
HEADER;
FILE_DESCRIPTION(('Parametric CAD Model', 'Faceted B-Rep Solid'), '2;1');
FILE_NAME('tinaco_flower_assembly.step', '2026-09-09T15:19:05Z', ('Automated CAD Generator'), ('CDMX Rooftop Water Initiative'), 'Parametric Engine 2.0', 'Open CAD Suite', '');
FILE_SCHEMA(('CONFIG_CONTROL_DESIGN'));
ENDSEC;
DATA;
#1 = APPLICATION_CONTEXT('configuration controlled 3d designs of mechanical parts and assemblies');
#2 = APPLICATION_PROTOCOL_DEFINITION('international standard', 'config_control_design', 1994, #1);
#3 = PRODUCT('tinaco_flower_assembly', 'tinaco_flower_assembly', 'Flower-Shaped Rainwater Collector Component', (#4));
#4 = PRODUCT_CONTEXT('', #1, 'mechanical');
#5 = PRODUCT_DEFINITION_FORMATION('1', 'First Revision', #3);
#6 = PRODUCT_DEFINITION_CONTEXT('part definition', #1, 'design');
#7 = PRODUCT_DEFINITION('design', 'Complete Component Model', #5, #6);
#8 = PRODUCT_DEFINITION_SHAPE('shape representation', '', #7);
#9 = CARTESIAN_POINT('origin', (0., 0., 0.));
#10 = DIRECTION('dir_z', (0., 0., 1.));
#11 = DIRECTION('dir_x', (1., 0., 0.));
#12 = AXIS2_PLACEMENT_3D('placement', #9, #10, #11);
#13 = UNCERTAINTY_MEASURE_WITH_UNIT(LENGTH_MEASURE(1.E-05), #17, 'closure', 'Maximum tolerance');
#14 = (GEOMETRIC_REPRESENTATION_CONTEXT(3) GLOBAL_UNCERTAINTY_ASSIGNED_CONTEXT((#13)) GLOBAL_UNIT_ASSIGNED_CONTEXT((#17, #18, #19)) REPRESENTATION_CONTEXT('3D', '3D Workspace Context'));
#15 = SI_UNIT(.MILLI., .METRE.);
#16 = LENGTH_UNIT();
#17 = (CONVERSION_BASED_UNIT('MILLIMETRE', #20) LENGTH_UNIT() NAMED_UNIT(#21));
#18 = (NAMED_UNIT(#22) PLANE_ANGLE_UNIT() SI_UNIT($, .RADIAN.));
#19 = (NAMED_UNIT(#22) SOLID_ANGLE_UNIT() SI_UNIT($, .STERADIAN.));
#20 = LENGTH_MEASURE_WITH_UNIT(LENGTH_MEASURE(1.E-03), #15);
#21 = DIMENSIONAL_EXPOSITIONS(1., 0., 0., 0., 0., 0., 0.);
#22 = DIMENSIONAL_EXPOSITIONS(0., 0., 0., 0., 0., 0., 0.);
#31 = CARTESIAN_POINT('', (55.0000, 0.0000, -180.0000));
#30 = VERTEX_POINT('', #31);
#33 = CARTESIAN_POINT('', (54.7352, 5.3909, -180.0000));
#32 = VERTEX_POINT('', #33);
#35 = CARTESIAN_POINT('', (53.9432, 10.7300, -180.0000));
#34 = VERTEX_POINT('', #35);
#37 = CARTESIAN_POINT('', (52.6317, 15.9657, -180.0000));
#36 = VERTEX_POINT('', #37);
#39 = CARTESIAN_POINT('', (50.8134, 21.0476, -180.0000));
#38 = VERTEX_POINT('', #39);
#41 = CARTESIAN_POINT('', (48.5057, 25.9268, -180.0000));
#40 = VERTEX_POINT('', #41);
#43 = CARTESIAN_POINT('', (45.7308, 30.5564, -180.0000));
#42 = VERTEX_POINT('', #43);
#45 = CARTESIAN_POINT('', (42.5156, 34.8916, -180.0000));
#44 = VERTEX_POINT('', #45);
#47 = CARTESIAN_POINT('', (38.8909, 38.8909, -180.0000));
#46 = VERTEX_POINT('', #47);
#49 = CARTESIAN_POINT('', (34.8916, 42.5156, -180.0000));
#48 = VERTEX_POINT('', #49);
#51 = CARTESIAN_POINT('', (30.5564, 45.7308, -180.0000));
#50 = VERTEX_POINT('', #51);
#53 = CARTESIAN_POINT('', (25.9268, 48.5057, -180.0000));
#52 = VERTEX_POINT('', #53);
#55 = CARTESIAN_POINT('', (21.0476, 50.8134, -180.0000));
#54 = VERTEX_POINT('', #55);
#57 = CARTESIAN_POINT('', (15.9657, 52.6317, -180.0000));
#56 = VERTEX_POINT('', #57);
#59 = CARTESIAN_POINT('', (10.7300, 53.9432, -180.0000));
#58 = VERTEX_POINT('', #59);
#61 = CARTESIAN_POINT('', (5.3909, 54.7352, -180.0000));
#60 = VERTEX_POINT('', #61);
#63 = CARTESIAN_POINT('', (0.0000, 55.0000, -180.0000));
#62 = VERTEX_POINT('', #63);
#65 = CARTESIAN_POINT('', (-5.3909, 54.7352, -180.0000));
#64 = VERTEX_POINT('', #65);
#67 = CARTESIAN_POINT('', (-10.7300, 53.9432, -180.0000));
#66 = VERTEX_POINT('', #67);
#69 = CARTESIAN_POINT('', (-15.9657, 52.6317, -180.0000));
#68 = VERTEX_POINT('', #69);
#71 = CARTESIAN_POINT('', (-21.0476, 50.8134, -180.0000));
#70 = VERTEX_POINT('', #71);
#73 = CARTESIAN_POINT('', (-25.9268, 48.5057, -180.0000));
#72 = VERTEX_POINT('', #73);
#75 = CARTESIAN_POINT('', (-30.5564, 45.7308, -180.0000));
#74 = VERTEX_POINT('', #75);
#77 = CARTESIAN_POINT('', (-34.8916, 42.5156, -180.0000));
#76 = VERTEX_POINT('', #77);
#79 = CARTESIAN_POINT('', (-38.8909, 38.8909, -180.0000));
#78 = VERTEX_POINT('', #79);
#81 = CARTESIAN_POINT('', (-42.5156, 34.8916, -180.0000));
#80 = VERTEX_POINT('', #81);
#83 = CARTESIAN_POINT('', (-45.7308, 30.5564, -180.0000));
#82 = VERTEX_POINT('', #83);
#85 = CARTESIAN_POINT('', (-48.5057, 25.9268, -180.0000));
#84 = VERTEX_POINT('', #85);
#87 = CARTESIAN_POINT('', (-50.8134, 21.0476, -180.0000));
#86 = VERTEX_POINT('', #87);
#89 = CARTESIAN_POINT('', (-52.6317, 15.9657, -180.0000));
#88 = VERTEX_POINT('', #89);
#91 = CARTESIAN_POINT('', (-53.9432, 10.7300, -180.0000));
#90 = VERTEX_POINT('', #91);
#93 = CARTESIAN_POINT('', (-54.7352, 5.3909, -180.0000));
#92 = VERTEX_POINT('', #93);
#95 = CARTESIAN_POINT('', (-55.0000, 0.0000, -180.0000));
#94 = VERTEX_POINT('', #95);
#97 = CARTESIAN_POINT('', (-54.7352, -5.3909, -180.0000));
#96 = VERTEX_POINT('', #97);
#99 = CARTESIAN_POINT('', (-53.9432, -10.7300, -180.0000));
#98 = VERTEX_POINT('', #99);
#101 = CARTESIAN_POINT('', (-52.6317, -15.9657, -180.0000));
#100 = VERTEX_POINT('', #101);
#103 = CARTESIAN_POINT('', (-50.8134, -21.0476, -180.0000));
#102 = VERTEX_POINT('', #103);
#105 = CARTESIAN_POINT('', (-48.5057, -25.9268, -180.0000));
#104 = VERTEX_POINT('', #105);
#107 = CARTESIAN_POINT('', (-45.7308, -30.5564, -180.0000));
#106 = VERTEX_POINT('', #107);
#109 = CARTESIAN_POINT('', (-42.5156, -34.8916, -180.0000));
#108 = VERTEX_POINT('', #109);
#111 = CARTESIAN_POINT('', (-38.8909, -38.8909, -180.0000));
#110 = VERTEX_POINT('', #111);
#113 = CARTESIAN_POINT('', (-34.8916, -42.5156, -180.0000));
#112 = VERTEX_POINT('', #113);
#115 = CARTESIAN_POINT('', (-30.5564, -45.7308, -180.0000));
#114 = VERTEX_POINT('', #115);
#117 = CARTESIAN_POINT('', (-25.9268, -48.5057, -180.0000));
#116 = VERTEX_POINT('', #117);
#119 = CARTESIAN_POINT('', (-21.0476, -50.8134, -180.0000));
#118 = VERTEX_POINT('', #119);
#121 = CARTESIAN_POINT('', (-15.9657, -52.6317, -180.0000));
#120 = VERTEX_POINT('', #121);
#123 = CARTESIAN_POINT('', (-10.7300, -53.9432, -180.0000));
#122 = VERTEX_POINT('', #123);
#125 = CARTESIAN_POINT('', (-5.3909, -54.7352, -180.0000));
#124 = VERTEX_POINT('', #125);
#127 = CARTESIAN_POINT('', (-0.0000, -55.0000, -180.0000));
#126 = VERTEX_POINT('', #127);
#129 = CARTESIAN_POINT('', (5.3909, -54.7352, -180.0000));
#128 = VERTEX_POINT('', #129);
#131 = CARTESIAN_POINT('', (10.7300, -53.9432, -180.0000));
#130 = VERTEX_POINT('', #131);
#133 = CARTESIAN_POINT('', (15.9657, -52.6317, -180.0000));
#132 = VERTEX_POINT('', #133);
#135 = CARTESIAN_POINT('', (21.0476, -50.8134, -180.0000));
#134 = VERTEX_POINT('', #135);
#137 = CARTESIAN_POINT('', (25.9268, -48.5057, -180.0000));
#136 = VERTEX_POINT('', #137);
#139 = CARTESIAN_POINT('', (30.5564, -45.7308, -180.0000));
#138 = VERTEX_POINT('', #139);
#141 = CARTESIAN_POINT('', (34.8916, -42.5156, -180.0000));
#140 = VERTEX_POINT('', #141);
#143 = CARTESIAN_POINT('', (38.8909, -38.8909, -180.0000));
#142 = VERTEX_POINT('', #143);
#145 = CARTESIAN_POINT('', (42.5156, -34.8916, -180.0000));
#144 = VERTEX_POINT('', #145);
#147 = CARTESIAN_POINT('', (45.7308, -30.5564, -180.0000));
#146 = VERTEX_POINT('', #147);
#149 = CARTESIAN_POINT('', (48.5057, -25.9268, -180.0000));
#148 = VERTEX_POINT('', #149);
#151 = CARTESIAN_POINT('', (50.8134, -21.0476, -180.0000));
#150 = VERTEX_POINT('', #151);
#153 = CARTESIAN_POINT('', (52.6317, -15.9657, -180.0000));
#152 = VERTEX_POINT('', #153);
#155 = CARTESIAN_POINT('', (53.9432, -10.7300, -180.0000));
#154 = VERTEX_POINT('', #155);
#157 = CARTESIAN_POINT('', (54.7352, -5.3909, -180.0000));
#156 = VERTEX_POINT('', #157);
#159 = CARTESIAN_POINT('', (70.0000, 0.0000, -150.0000));
#158 = VERTEX_POINT('', #159);
#161 = CARTESIAN_POINT('', (69.6629, 6.8612, -150.0000));
#160 = VERTEX_POINT('', #161);
#163 = CARTESIAN_POINT('', (68.6550, 13.6563, -150.0000));
#162 = VERTEX_POINT('', #163);
#165 = CARTESIAN_POINT('', (66.9858, 20.3199, -150.0000));
#164 = VERTEX_POINT('', #165);
#167 = CARTESIAN_POINT('', (64.6716, 26.7878, -150.0000));
#166 = VERTEX_POINT('', #167);
#169 = CARTESIAN_POINT('', (61.7345, 32.9978, -150.0000));
#168 = VERTEX_POINT('', #169);
#171 = CARTESIAN_POINT('', (58.2029, 38.8899, -150.0000));
#170 = VERTEX_POINT('', #171);
#173 = CARTESIAN_POINT('', (54.1107, 44.4075, -150.0000));
#172 = VERTEX_POINT('', #173);
#175 = CARTESIAN_POINT('', (49.4975, 49.4975, -150.0000));
#174 = VERTEX_POINT('', #175);
#177 = CARTESIAN_POINT('', (44.4075, 54.1107, -150.0000));
#176 = VERTEX_POINT('', #177);
#179 = CARTESIAN_POINT('', (38.8899, 58.2029, -150.0000));
#178 = VERTEX_POINT('', #179);
#181 = CARTESIAN_POINT('', (32.9978, 61.7345, -150.0000));
#180 = VERTEX_POINT('', #181);
#183 = CARTESIAN_POINT('', (26.7878, 64.6716, -150.0000));
#182 = VERTEX_POINT('', #183);
#185 = CARTESIAN_POINT('', (20.3199, 66.9858, -150.0000));
#184 = VERTEX_POINT('', #185);
#187 = CARTESIAN_POINT('', (13.6563, 68.6550, -150.0000));
#186 = VERTEX_POINT('', #187);
#189 = CARTESIAN_POINT('', (6.8612, 69.6629, -150.0000));
#188 = VERTEX_POINT('', #189);
#191 = CARTESIAN_POINT('', (0.0000, 70.0000, -150.0000));
#190 = VERTEX_POINT('', #191);
#193 = CARTESIAN_POINT('', (-6.8612, 69.6629, -150.0000));
#192 = VERTEX_POINT('', #193);
#195 = CARTESIAN_POINT('', (-13.6563, 68.6550, -150.0000));
#194 = VERTEX_POINT('', #195);
#197 = CARTESIAN_POINT('', (-20.3199, 66.9858, -150.0000));
#196 = VERTEX_POINT('', #197);
#199 = CARTESIAN_POINT('', (-26.7878, 64.6716, -150.0000));
#198 = VERTEX_POINT('', #199);
#201 = CARTESIAN_POINT('', (-32.9978, 61.7345, -150.0000));
#200 = VERTEX_POINT('', #201);
#203 = CARTESIAN_POINT('', (-38.8899, 58.2029, -150.0000));
#202 = VERTEX_POINT('', #203);
#205 = CARTESIAN_POINT('', (-44.4075, 54.1107, -150.0000));
#204 = VERTEX_POINT('', #205);
#207 = CARTESIAN_POINT('', (-49.4975, 49.4975, -150.0000));
#206 = VERTEX_POINT('', #207);
#209 = CARTESIAN_POINT('', (-54.1107, 44.4075, -150.0000));
#208 = VERTEX_POINT('', #209);
#211 = CARTESIAN_POINT('', (-58.2029, 38.8899, -150.0000));
#210 = VERTEX_POINT('', #211);
#213 = CARTESIAN_POINT('', (-61.7345, 32.9978, -150.0000));
#212 = VERTEX_POINT('', #213);
#215 = CARTESIAN_POINT('', (-64.6716, 26.7878, -150.0000));
#214 = VERTEX_POINT('', #215);
#217 = CARTESIAN_POINT('', (-66.9858, 20.3199, -150.0000));
#216 = VERTEX_POINT('', #217);
#219 = CARTESIAN_POINT('', (-68.6550, 13.6563, -150.0000));
#218 = VERTEX_POINT('', #219);
#221 = CARTESIAN_POINT('', (-69.6629, 6.8612, -150.0000));
#220 = VERTEX_POINT('', #221);
#223 = CARTESIAN_POINT('', (-70.0000, 0.0000, -150.0000));
#222 = VERTEX_POINT('', #223);
#225 = CARTESIAN_POINT('', (-69.6629, -6.8612, -150.0000));
#224 = VERTEX_POINT('', #225);
#227 = CARTESIAN_POINT('', (-68.6550, -13.6563, -150.0000));
#226 = VERTEX_POINT('', #227);
#229 = CARTESIAN_POINT('', (-66.9858, -20.3199, -150.0000));
#228 = VERTEX_POINT('', #229);
#231 = CARTESIAN_POINT('', (-64.6716, -26.7878, -150.0000));
#230 = VERTEX_POINT('', #231);
#233 = CARTESIAN_POINT('', (-61.7345, -32.9978, -150.0000));
#232 = VERTEX_POINT('', #233);
#235 = CARTESIAN_POINT('', (-58.2029, -38.8899, -150.0000));
#234 = VERTEX_POINT('', #235);
#237 = CARTESIAN_POINT('', (-54.1107, -44.4075, -150.0000));
#236 = VERTEX_POINT('', #237);
#239 = CARTESIAN_POINT('', (-49.4975, -49.4975, -150.0000));
#238 = VERTEX_POINT('', #239);
#241 = CARTESIAN_POINT('', (-44.4075, -54.1107, -150.0000));
#240 = VERTEX_POINT('', #241);
#243 = CARTESIAN_POINT('', (-38.8899, -58.2029, -150.0000));
#242 = VERTEX_POINT('', #243);
#245 = CARTESIAN_POINT('', (-32.9978, -61.7345, -150.0000));
#244 = VERTEX_POINT('', #245);
#247 = CARTESIAN_POINT('', (-26.7878, -64.6716, -150.0000));
#246 = VERTEX_POINT('', #247);
#249 = CARTESIAN_POINT('', (-20.3199, -66.9858, -150.0000));
#248 = VERTEX_POINT('', #249);
#251 = CARTESIAN_POINT('', (-13.6563, -68.6550, -150.0000));
#250 = VERTEX_POINT('', #251);
#253 = CARTESIAN_POINT('', (-6.8612, -69.6629, -150.0000));
#252 = VERTEX_POINT('', #253);
#255 = CARTESIAN_POINT('', (-0.0000, -70.0000, -150.0000));
#254 = VERTEX_POINT('', #255);
#257 = CARTESIAN_POINT('', (6.8612, -69.6629, -150.0000));
#256 = VERTEX_POINT('', #257);
#259 = CARTESIAN_POINT('', (13.6563, -68.6550, -150.0000));
#258 = VERTEX_POINT('', #259);
#261 = CARTESIAN_POINT('', (20.3199, -66.9858, -150.0000));
#260 = VERTEX_POINT('', #261);
#263 = CARTESIAN_POINT('', (26.7878, -64.6716, -150.0000));
#262 = VERTEX_POINT('', #263);
#265 = CARTESIAN_POINT('', (32.9978, -61.7345, -150.0000));
#264 = VERTEX_POINT('', #265);
#267 = CARTESIAN_POINT('', (38.8899, -58.2029, -150.0000));
#266 = VERTEX_POINT('', #267);
#269 = CARTESIAN_POINT('', (44.4075, -54.1107, -150.0000));
#268 = VERTEX_POINT('', #269);
#271 = CARTESIAN_POINT('', (49.4975, -49.4975, -150.0000));
#270 = VERTEX_POINT('', #271);
#273 = CARTESIAN_POINT('', (54.1107, -44.4075, -150.0000));
#272 = VERTEX_POINT('', #273);
#275 = CARTESIAN_POINT('', (58.2029, -38.8899, -150.0000));
#274 = VERTEX_POINT('', #275);
#277 = CARTESIAN_POINT('', (61.7345, -32.9978, -150.0000));
#276 = VERTEX_POINT('', #277);
#279 = CARTESIAN_POINT('', (64.6716, -26.7878, -150.0000));
#278 = VERTEX_POINT('', #279);
#281 = CARTESIAN_POINT('', (66.9858, -20.3199, -150.0000));
#280 = VERTEX_POINT('', #281);
#283 = CARTESIAN_POINT('', (68.6550, -13.6563, -150.0000));
#282 = VERTEX_POINT('', #283);
#285 = CARTESIAN_POINT('', (69.6629, -6.8612, -150.0000));
#284 = VERTEX_POINT('', #285);
#287 = CARTESIAN_POINT('', (157.5000, 0.0000, -63.0000));
#286 = VERTEX_POINT('', #287);
#289 = CARTESIAN_POINT('', (156.7416, 15.4377, -63.0000));
#288 = VERTEX_POINT('', #289);
#291 = CARTESIAN_POINT('', (154.4737, 30.7267, -63.0000));
#290 = VERTEX_POINT('', #291);
#293 = CARTESIAN_POINT('', (150.7181, 45.7198, -63.0000));
#292 = VERTEX_POINT('', #293);
#295 = CARTESIAN_POINT('', (145.5110, 60.2726, -63.0000));
#294 = VERTEX_POINT('', #295);
#297 = CARTESIAN_POINT('', (138.9026, 74.2450, -63.0000));
#296 = VERTEX_POINT('', #297);
#299 = CARTESIAN_POINT('', (130.9565, 87.5023, -63.0000));
#298 = VERTEX_POINT('', #299);
#301 = CARTESIAN_POINT('', (121.7491, 99.9169, -63.0000));
#300 = VERTEX_POINT('', #301);
#303 = CARTESIAN_POINT('', (111.3693, 111.3693, -63.0000));
#302 = VERTEX_POINT('', #303);
#305 = CARTESIAN_POINT('', (99.9169, 121.7491, -63.0000));
#304 = VERTEX_POINT('', #305);
#307 = CARTESIAN_POINT('', (87.5023, 130.9565, -63.0000));
#306 = VERTEX_POINT('', #307);
#309 = CARTESIAN_POINT('', (74.2450, 138.9026, -63.0000));
#308 = VERTEX_POINT('', #309);
#311 = CARTESIAN_POINT('', (60.2726, 145.5110, -63.0000));
#310 = VERTEX_POINT('', #311);
#313 = CARTESIAN_POINT('', (45.7198, 150.7181, -63.0000));
#312 = VERTEX_POINT('', #313);
#315 = CARTESIAN_POINT('', (30.7267, 154.4737, -63.0000));
#314 = VERTEX_POINT('', #315);
#317 = CARTESIAN_POINT('', (15.4377, 156.7416, -63.0000));
#316 = VERTEX_POINT('', #317);
#319 = CARTESIAN_POINT('', (0.0000, 157.5000, -63.0000));
#318 = VERTEX_POINT('', #319);
#321 = CARTESIAN_POINT('', (-15.4377, 156.7416, -63.0000));
#320 = VERTEX_POINT('', #321);
#323 = CARTESIAN_POINT('', (-30.7267, 154.4737, -63.0000));
#322 = VERTEX_POINT('', #323);
#325 = CARTESIAN_POINT('', (-45.7198, 150.7181, -63.0000));
#324 = VERTEX_POINT('', #325);
#327 = CARTESIAN_POINT('', (-60.2726, 145.5110, -63.0000));
#326 = VERTEX_POINT('', #327);
#329 = CARTESIAN_POINT('', (-74.2450, 138.9026, -63.0000));
#328 = VERTEX_POINT('', #329);
#331 = CARTESIAN_POINT('', (-87.5023, 130.9565, -63.0000));
#330 = VERTEX_POINT('', #331);
#333 = CARTESIAN_POINT('', (-99.9169, 121.7491, -63.0000));
#332 = VERTEX_POINT('', #333);
#335 = CARTESIAN_POINT('', (-111.3693, 111.3693, -63.0000));
#334 = VERTEX_POINT('', #335);
#337 = CARTESIAN_POINT('', (-121.7491, 99.9169, -63.0000));
#336 = VERTEX_POINT('', #337);
#339 = CARTESIAN_POINT('', (-130.9565, 87.5023, -63.0000));
#338 = VERTEX_POINT('', #339);
#341 = CARTESIAN_POINT('', (-138.9026, 74.2450, -63.0000));
#340 = VERTEX_POINT('', #341);
#343 = CARTESIAN_POINT('', (-145.5110, 60.2726, -63.0000));
#342 = VERTEX_POINT('', #343);
#345 = CARTESIAN_POINT('', (-150.7181, 45.7198, -63.0000));
#344 = VERTEX_POINT('', #345);
#347 = CARTESIAN_POINT('', (-154.4737, 30.7267, -63.0000));
#346 = VERTEX_POINT('', #347);
#349 = CARTESIAN_POINT('', (-156.7416, 15.4377, -63.0000));
#348 = VERTEX_POINT('', #349);
#351 = CARTESIAN_POINT('', (-157.5000, 0.0000, -63.0000));
#350 = VERTEX_POINT('', #351);
#353 = CARTESIAN_POINT('', (-156.7416, -15.4377, -63.0000));
#352 = VERTEX_POINT('', #353);
#355 = CARTESIAN_POINT('', (-154.4737, -30.7267, -63.0000));
#354 = VERTEX_POINT('', #355);
#357 = CARTESIAN_POINT('', (-150.7181, -45.7198, -63.0000));
#356 = VERTEX_POINT('', #357);
#359 = CARTESIAN_POINT('', (-145.5110, -60.2726, -63.0000));
#358 = VERTEX_POINT('', #359);
#361 = CARTESIAN_POINT('', (-138.9026, -74.2450, -63.0000));
#360 = VERTEX_POINT('', #361);
#363 = CARTESIAN_POINT('', (-130.9565, -87.5023, -63.0000));
#362 = VERTEX_POINT('', #363);
#365 = CARTESIAN_POINT('', (-121.7491, -99.9169, -63.0000));
#364 = VERTEX_POINT('', #365);
#367 = CARTESIAN_POINT('', (-111.3693, -111.3693, -63.0000));
#366 = VERTEX_POINT('', #367);
#369 = CARTESIAN_POINT('', (-99.9169, -121.7491, -63.0000));
#368 = VERTEX_POINT('', #369);
#371 = CARTESIAN_POINT('', (-87.5023, -130.9565, -63.0000));
#370 = VERTEX_POINT('', #371);
#373 = CARTESIAN_POINT('', (-74.2450, -138.9026, -63.0000));
#372 = VERTEX_POINT('', #373);
#375 = CARTESIAN_POINT('', (-60.2726, -145.5110, -63.0000));
#374 = VERTEX_POINT('', #375);
#377 = CARTESIAN_POINT('', (-45.7198, -150.7181, -63.0000));
#376 = VERTEX_POINT('', #377);
#379 = CARTESIAN_POINT('', (-30.7267, -154.4737, -63.0000));
#378 = VERTEX_POINT('', #379);
#381 = CARTESIAN_POINT('', (-15.4377, -156.7416, -63.0000));
#380 = VERTEX_POINT('', #381);
#383 = CARTESIAN_POINT('', (-0.0000, -157.5000, -63.0000));
#382 = VERTEX_POINT('', #383);
#385 = CARTESIAN_POINT('', (15.4377, -156.7416, -63.0000));
#384 = VERTEX_POINT('', #385);
#387 = CARTESIAN_POINT('', (30.7267, -154.4737, -63.0000));
#386 = VERTEX_POINT('', #387);
#389 = CARTESIAN_POINT('', (45.7198, -150.7181, -63.0000));
#388 = VERTEX_POINT('', #389);
#391 = CARTESIAN_POINT('', (60.2726, -145.5110, -63.0000));
#390 = VERTEX_POINT('', #391);
#393 = CARTESIAN_POINT('', (74.2450, -138.9026, -63.0000));
#392 = VERTEX_POINT('', #393);
#395 = CARTESIAN_POINT('', (87.5023, -130.9565, -63.0000));
#394 = VERTEX_POINT('', #395);
#397 = CARTESIAN_POINT('', (99.9169, -121.7491, -63.0000));
#396 = VERTEX_POINT('', #397);
#399 = CARTESIAN_POINT('', (111.3693, -111.3693, -63.0000));
#398 = VERTEX_POINT('', #399);
#401 = CARTESIAN_POINT('', (121.7491, -99.9169, -63.0000));
#400 = VERTEX_POINT('', #401);
#403 = CARTESIAN_POINT('', (130.9565, -87.5023, -63.0000));
#402 = VERTEX_POINT('', #403);
#405 = CARTESIAN_POINT('', (138.9026, -74.2450, -63.0000));
#404 = VERTEX_POINT('', #405);
#407 = CARTESIAN_POINT('', (145.5110, -60.2726, -63.0000));
#406 = VERTEX_POINT('', #407);
#409 = CARTESIAN_POINT('', (150.7181, -45.7198, -63.0000));
#408 = VERTEX_POINT('', #409);
#411 = CARTESIAN_POINT('', (154.4737, -30.7267, -63.0000));
#410 = VERTEX_POINT('', #411);
#413 = CARTESIAN_POINT('', (156.7416, -15.4377, -63.0000));
#412 = VERTEX_POINT('', #413);
#415 = CARTESIAN_POINT('', (225.0000, 0.0000, 0.0000));
#414 = VERTEX_POINT('', #415);
#417 = CARTESIAN_POINT('', (223.9166, 22.0539, 0.0000));
#416 = VERTEX_POINT('', #417);
#419 = CARTESIAN_POINT('', (220.6767, 43.8953, 0.0000));
#418 = VERTEX_POINT('', #419);
#421 = CARTESIAN_POINT('', (215.3116, 65.3141, 0.0000));
#420 = VERTEX_POINT('', #421);
#423 = CARTESIAN_POINT('', (207.8729, 86.1038, 0.0000));
#422 = VERTEX_POINT('', #423);
#425 = CARTESIAN_POINT('', (198.4323, 106.0643, 0.0000));
#424 = VERTEX_POINT('', #425);
#427 = CARTESIAN_POINT('', (187.0807, 125.0033, 0.0000));
#426 = VERTEX_POINT('', #427);
#429 = CARTESIAN_POINT('', (173.9274, 142.7385, 0.0000));
#428 = VERTEX_POINT('', #429);
#431 = CARTESIAN_POINT('', (159.0990, 159.0990, 0.0000));
#430 = VERTEX_POINT('', #431);
#433 = CARTESIAN_POINT('', (142.7385, 173.9274, 0.0000));
#432 = VERTEX_POINT('', #433);
#435 = CARTESIAN_POINT('', (125.0033, 187.0807, 0.0000));
#434 = VERTEX_POINT('', #435);
#437 = CARTESIAN_POINT('', (106.0643, 198.4323, 0.0000));
#436 = VERTEX_POINT('', #437);
#439 = CARTESIAN_POINT('', (86.1038, 207.8729, 0.0000));
#438 = VERTEX_POINT('', #439);
#441 = CARTESIAN_POINT('', (65.3141, 215.3116, 0.0000));
#440 = VERTEX_POINT('', #441);
#443 = CARTESIAN_POINT('', (43.8953, 220.6767, 0.0000));
#442 = VERTEX_POINT('', #443);
#445 = CARTESIAN_POINT('', (22.0539, 223.9166, 0.0000));
#444 = VERTEX_POINT('', #445);
#447 = CARTESIAN_POINT('', (0.0000, 225.0000, 0.0000));
#446 = VERTEX_POINT('', #447);
#449 = CARTESIAN_POINT('', (-22.0539, 223.9166, 0.0000));
#448 = VERTEX_POINT('', #449);
#451 = CARTESIAN_POINT('', (-43.8953, 220.6767, 0.0000));
#450 = VERTEX_POINT('', #451);
#453 = CARTESIAN_POINT('', (-65.3141, 215.3116, 0.0000));
#452 = VERTEX_POINT('', #453);
#455 = CARTESIAN_POINT('', (-86.1038, 207.8729, 0.0000));
#454 = VERTEX_POINT('', #455);
#457 = CARTESIAN_POINT('', (-106.0643, 198.4323, 0.0000));
#456 = VERTEX_POINT('', #457);
#459 = CARTESIAN_POINT('', (-125.0033, 187.0807, 0.0000));
#458 = VERTEX_POINT('', #459);
#461 = CARTESIAN_POINT('', (-142.7385, 173.9274, 0.0000));
#460 = VERTEX_POINT('', #461);
#463 = CARTESIAN_POINT('', (-159.0990, 159.0990, 0.0000));
#462 = VERTEX_POINT('', #463);
#465 = CARTESIAN_POINT('', (-173.9274, 142.7385, 0.0000));
#464 = VERTEX_POINT('', #465);
#467 = CARTESIAN_POINT('', (-187.0807, 125.0033, 0.0000));
#466 = VERTEX_POINT('', #467);
#469 = CARTESIAN_POINT('', (-198.4323, 106.0643, 0.0000));
#468 = VERTEX_POINT('', #469);
#471 = CARTESIAN_POINT('', (-207.8729, 86.1038, 0.0000));
#470 = VERTEX_POINT('', #471);
#473 = CARTESIAN_POINT('', (-215.3116, 65.3141, 0.0000));
#472 = VERTEX_POINT('', #473);
#475 = CARTESIAN_POINT('', (-220.6767, 43.8953, 0.0000));
#474 = VERTEX_POINT('', #475);
#477 = CARTESIAN_POINT('', (-223.9166, 22.0539, 0.0000));
#476 = VERTEX_POINT('', #477);
#479 = CARTESIAN_POINT('', (-225.0000, 0.0000, 0.0000));
#478 = VERTEX_POINT('', #479);
#481 = CARTESIAN_POINT('', (-223.9166, -22.0539, 0.0000));
#480 = VERTEX_POINT('', #481);
#483 = CARTESIAN_POINT('', (-220.6767, -43.8953, 0.0000));
#482 = VERTEX_POINT('', #483);
#485 = CARTESIAN_POINT('', (-215.3116, -65.3141, 0.0000));
#484 = VERTEX_POINT('', #485);
#487 = CARTESIAN_POINT('', (-207.8729, -86.1038, 0.0000));
#486 = VERTEX_POINT('', #487);
#489 = CARTESIAN_POINT('', (-198.4323, -106.0643, 0.0000));
#488 = VERTEX_POINT('', #489);
#491 = CARTESIAN_POINT('', (-187.0807, -125.0033, 0.0000));
#490 = VERTEX_POINT('', #491);
#493 = CARTESIAN_POINT('', (-173.9274, -142.7385, 0.0000));
#492 = VERTEX_POINT('', #493);
#495 = CARTESIAN_POINT('', (-159.0990, -159.0990, 0.0000));
#494 = VERTEX_POINT('', #495);
#497 = CARTESIAN_POINT('', (-142.7385, -173.9274, 0.0000));
#496 = VERTEX_POINT('', #497);
#499 = CARTESIAN_POINT('', (-125.0033, -187.0807, 0.0000));
#498 = VERTEX_POINT('', #499);
#501 = CARTESIAN_POINT('', (-106.0643, -198.4323, 0.0000));
#500 = VERTEX_POINT('', #501);
#503 = CARTESIAN_POINT('', (-86.1038, -207.8729, 0.0000));
#502 = VERTEX_POINT('', #503);
#505 = CARTESIAN_POINT('', (-65.3141, -215.3116, 0.0000));
#504 = VERTEX_POINT('', #505);
#507 = CARTESIAN_POINT('', (-43.8953, -220.6767, 0.0000));
#506 = VERTEX_POINT('', #507);
#509 = CARTESIAN_POINT('', (-22.0539, -223.9166, 0.0000));
#508 = VERTEX_POINT('', #509);
#511 = CARTESIAN_POINT('', (-0.0000, -225.0000, 0.0000));
#510 = VERTEX_POINT('', #511);
#513 = CARTESIAN_POINT('', (22.0539, -223.9166, 0.0000));
#512 = VERTEX_POINT('', #513);
#515 = CARTESIAN_POINT('', (43.8953, -220.6767, 0.0000));
#514 = VERTEX_POINT('', #515);
#517 = CARTESIAN_POINT('', (65.3141, -215.3116, 0.0000));
#516 = VERTEX_POINT('', #517);
#519 = CARTESIAN_POINT('', (86.1038, -207.8729, 0.0000));
#518 = VERTEX_POINT('', #519);
#521 = CARTESIAN_POINT('', (106.0643, -198.4323, 0.0000));
#520 = VERTEX_POINT('', #521);
#523 = CARTESIAN_POINT('', (125.0033, -187.0807, 0.0000));
#522 = VERTEX_POINT('', #523);
#525 = CARTESIAN_POINT('', (142.7385, -173.9274, 0.0000));
#524 = VERTEX_POINT('', #525);
#527 = CARTESIAN_POINT('', (159.0990, -159.0990, 0.0000));
#526 = VERTEX_POINT('', #527);
#529 = CARTESIAN_POINT('', (173.9274, -142.7385, 0.0000));
#528 = VERTEX_POINT('', #529);
#531 = CARTESIAN_POINT('', (187.0807, -125.0033, 0.0000));
#530 = VERTEX_POINT('', #531);
#533 = CARTESIAN_POINT('', (198.4323, -106.0643, 0.0000));
#532 = VERTEX_POINT('', #533);
#535 = CARTESIAN_POINT('', (207.8729, -86.1038, 0.0000));
#534 = VERTEX_POINT('', #535);
#537 = CARTESIAN_POINT('', (215.3116, -65.3141, 0.0000));
#536 = VERTEX_POINT('', #537);
#539 = CARTESIAN_POINT('', (220.6767, -43.8953, 0.0000));
#538 = VERTEX_POINT('', #539);
#541 = CARTESIAN_POINT('', (223.9166, -22.0539, 0.0000));
#540 = VERTEX_POINT('', #541);
#543 = CARTESIAN_POINT('', (337.5000, 0.0000, 52.2805));
#542 = VERTEX_POINT('', #543);
#545 = CARTESIAN_POINT('', (335.8748, 33.0808, 52.2805));
#544 = VERTEX_POINT('', #545);
#547 = CARTESIAN_POINT('', (331.0150, 65.8430, 52.2805));
#546 = VERTEX_POINT('', #547);
#549 = CARTESIAN_POINT('', (322.9674, 97.9711, 52.2805));
#548 = VERTEX_POINT('', #549);
#551 = CARTESIAN_POINT('', (311.8093, 129.1557, 52.2805));
#550 = VERTEX_POINT('', #551);
#553 = CARTESIAN_POINT('', (297.6484, 159.0964, 52.2805));
#552 = VERTEX_POINT('', #553);
#555 = CARTESIAN_POINT('', (280.6210, 187.5050, 52.2805));
#554 = VERTEX_POINT('', #555);
#557 = CARTESIAN_POINT('', (260.8910, 214.1077, 52.2805));
#556 = VERTEX_POINT('', #557);
#559 = CARTESIAN_POINT('', (238.6485, 238.6485, 52.2805));
#558 = VERTEX_POINT('', #559);
#561 = CARTESIAN_POINT('', (214.1077, 260.8910, 52.2805));
#560 = VERTEX_POINT('', #561);
#563 = CARTESIAN_POINT('', (187.5050, 280.6210, 52.2805));
#562 = VERTEX_POINT('', #563);
#565 = CARTESIAN_POINT('', (159.0964, 297.6484, 52.2805));
#564 = VERTEX_POINT('', #565);
#567 = CARTESIAN_POINT('', (129.1557, 311.8093, 52.2805));
#566 = VERTEX_POINT('', #567);
#569 = CARTESIAN_POINT('', (97.9711, 322.9674, 52.2805));
#568 = VERTEX_POINT('', #569);
#571 = CARTESIAN_POINT('', (65.8430, 331.0150, 52.2805));
#570 = VERTEX_POINT('', #571);
#573 = CARTESIAN_POINT('', (33.0808, 335.8748, 52.2805));
#572 = VERTEX_POINT('', #573);
#575 = CARTESIAN_POINT('', (0.0000, 337.5000, 52.2805));
#574 = VERTEX_POINT('', #575);
#577 = CARTESIAN_POINT('', (-33.0808, 335.8748, 52.2805));
#576 = VERTEX_POINT('', #577);
#579 = CARTESIAN_POINT('', (-65.8430, 331.0150, 52.2805));
#578 = VERTEX_POINT('', #579);
#581 = CARTESIAN_POINT('', (-97.9711, 322.9674, 52.2805));
#580 = VERTEX_POINT('', #581);
#583 = CARTESIAN_POINT('', (-129.1557, 311.8093, 52.2805));
#582 = VERTEX_POINT('', #583);
#585 = CARTESIAN_POINT('', (-159.0964, 297.6484, 52.2805));
#584 = VERTEX_POINT('', #585);
#587 = CARTESIAN_POINT('', (-187.5050, 280.6210, 52.2805));
#586 = VERTEX_POINT('', #587);
#589 = CARTESIAN_POINT('', (-214.1077, 260.8910, 52.2805));
#588 = VERTEX_POINT('', #589);
#591 = CARTESIAN_POINT('', (-238.6485, 238.6485, 52.2805));
#590 = VERTEX_POINT('', #591);
#593 = CARTESIAN_POINT('', (-260.8910, 214.1077, 52.2805));
#592 = VERTEX_POINT('', #593);
#595 = CARTESIAN_POINT('', (-280.6210, 187.5050, 52.2805));
#594 = VERTEX_POINT('', #595);
#597 = CARTESIAN_POINT('', (-297.6484, 159.0964, 52.2805));
#596 = VERTEX_POINT('', #597);
#599 = CARTESIAN_POINT('', (-311.8093, 129.1557, 52.2805));
#598 = VERTEX_POINT('', #599);
#601 = CARTESIAN_POINT('', (-322.9674, 97.9711, 52.2805));
#600 = VERTEX_POINT('', #601);
#603 = CARTESIAN_POINT('', (-331.0150, 65.8430, 52.2805));
#602 = VERTEX_POINT('', #603);
#605 = CARTESIAN_POINT('', (-335.8748, 33.0808, 52.2805));
#604 = VERTEX_POINT('', #605);
#607 = CARTESIAN_POINT('', (-337.5000, 0.0000, 52.2805));
#606 = VERTEX_POINT('', #607);
#609 = CARTESIAN_POINT('', (-335.8748, -33.0808, 52.2805));
#608 = VERTEX_POINT('', #609);
#611 = CARTESIAN_POINT('', (-331.0150, -65.8430, 52.2805));
#610 = VERTEX_POINT('', #611);
#613 = CARTESIAN_POINT('', (-322.9674, -97.9711, 52.2805));
#612 = VERTEX_POINT('', #613);
#615 = CARTESIAN_POINT('', (-311.8093, -129.1557, 52.2805));
#614 = VERTEX_POINT('', #615);
#617 = CARTESIAN_POINT('', (-297.6484, -159.0964, 52.2805));
#616 = VERTEX_POINT('', #617);
#619 = CARTESIAN_POINT('', (-280.6210, -187.5050, 52.2805));
#618 = VERTEX_POINT('', #619);
#621 = CARTESIAN_POINT('', (-260.8910, -214.1077, 52.2805));
#620 = VERTEX_POINT('', #621);
#623 = CARTESIAN_POINT('', (-238.6485, -238.6485, 52.2805));
#622 = VERTEX_POINT('', #623);
#625 = CARTESIAN_POINT('', (-214.1077, -260.8910, 52.2805));
#624 = VERTEX_POINT('', #625);
#627 = CARTESIAN_POINT('', (-187.5050, -280.6210, 52.2805));
#626 = VERTEX_POINT('', #627);
#629 = CARTESIAN_POINT('', (-159.0964, -297.6484, 52.2805));
#628 = VERTEX_POINT('', #629);
#631 = CARTESIAN_POINT('', (-129.1557, -311.8093, 52.2805));
#630 = VERTEX_POINT('', #631);
#633 = CARTESIAN_POINT('', (-97.9711, -322.9674, 52.2805));
#632 = VERTEX_POINT('', #633);
#635 = CARTESIAN_POINT('', (-65.8430, -331.0150, 52.2805));
#634 = VERTEX_POINT('', #635);
#637 = CARTESIAN_POINT('', (-33.0808, -335.8748, 52.2805));
#636 = VERTEX_POINT('', #637);
#639 = CARTESIAN_POINT('', (-0.0000, -337.5000, 52.2805));
#638 = VERTEX_POINT('', #639);
#641 = CARTESIAN_POINT('', (33.0808, -335.8748, 52.2805));
#640 = VERTEX_POINT('', #641);
#643 = CARTESIAN_POINT('', (65.8430, -331.0150, 52.2805));
#642 = VERTEX_POINT('', #643);
#645 = CARTESIAN_POINT('', (97.9711, -322.9674, 52.2805));
#644 = VERTEX_POINT('', #645);
#647 = CARTESIAN_POINT('', (129.1557, -311.8093, 52.2805));
#646 = VERTEX_POINT('', #647);
#649 = CARTESIAN_POINT('', (159.0964, -297.6484, 52.2805));
#648 = VERTEX_POINT('', #649);
#651 = CARTESIAN_POINT('', (187.5050, -280.6210, 52.2805));
#650 = VERTEX_POINT('', #651);
#653 = CARTESIAN_POINT('', (214.1077, -260.8910, 52.2805));
#652 = VERTEX_POINT('', #653);
#655 = CARTESIAN_POINT('', (238.6485, -238.6485, 52.2805));
#654 = VERTEX_POINT('', #655);
#657 = CARTESIAN_POINT('', (260.8910, -214.1077, 52.2805));
#656 = VERTEX_POINT('', #657);
#659 = CARTESIAN_POINT('', (280.6210, -187.5050, 52.2805));
#658 = VERTEX_POINT('', #659);
#661 = CARTESIAN_POINT('', (297.6484, -159.0964, 52.2805));
#660 = VERTEX_POINT('', #661);
#663 = CARTESIAN_POINT('', (311.8093, -129.1557, 52.2805));
#662 = VERTEX_POINT('', #663);
#665 = CARTESIAN_POINT('', (322.9674, -97.9711, 52.2805));
#664 = VERTEX_POINT('', #665);
#667 = CARTESIAN_POINT('', (331.0150, -65.8430, 52.2805));
#666 = VERTEX_POINT('', #667);
#669 = CARTESIAN_POINT('', (335.8748, -33.0808, 52.2805));
#668 = VERTEX_POINT('', #669);
#671 = CARTESIAN_POINT('', (562.5000, 0.0000, 125.4732));
#670 = VERTEX_POINT('', #671);
#673 = CARTESIAN_POINT('', (559.7914, 55.1346, 125.4732));
#672 = VERTEX_POINT('', #673);
#675 = CARTESIAN_POINT('', (551.6917, 109.7383, 125.4732));
#674 = VERTEX_POINT('', #675);
#677 = CARTESIAN_POINT('', (538.2789, 163.2851, 125.4732));
#676 = VERTEX_POINT('', #677);
#679 = CARTESIAN_POINT('', (519.6822, 215.2594, 125.4732));
#678 = VERTEX_POINT('', #679);
#681 = CARTESIAN_POINT('', (496.0807, 265.1607, 125.4732));
#680 = VERTEX_POINT('', #681);
#683 = CARTESIAN_POINT('', (467.7017, 312.5083, 125.4732));
#682 = VERTEX_POINT('', #683);
#685 = CARTESIAN_POINT('', (434.8184, 356.8462, 125.4732));
#684 = VERTEX_POINT('', #685);
#687 = CARTESIAN_POINT('', (397.7476, 397.7476, 125.4732));
#686 = VERTEX_POINT('', #687);
#689 = CARTESIAN_POINT('', (356.8462, 434.8184, 125.4732));
#688 = VERTEX_POINT('', #689);
#691 = CARTESIAN_POINT('', (312.5083, 467.7017, 125.4732));
#690 = VERTEX_POINT('', #691);
#693 = CARTESIAN_POINT('', (265.1607, 496.0807, 125.4732));
#692 = VERTEX_POINT('', #693);
#695 = CARTESIAN_POINT('', (215.2594, 519.6822, 125.4732));
#694 = VERTEX_POINT('', #695);
#697 = CARTESIAN_POINT('', (163.2851, 538.2789, 125.4732));
#696 = VERTEX_POINT('', #697);
#699 = CARTESIAN_POINT('', (109.7383, 551.6917, 125.4732));
#698 = VERTEX_POINT('', #699);
#701 = CARTESIAN_POINT('', (55.1346, 559.7914, 125.4732));
#700 = VERTEX_POINT('', #701);
#703 = CARTESIAN_POINT('', (0.0000, 562.5000, 125.4732));
#702 = VERTEX_POINT('', #703);
#705 = CARTESIAN_POINT('', (-55.1346, 559.7914, 125.4732));
#704 = VERTEX_POINT('', #705);
#707 = CARTESIAN_POINT('', (-109.7383, 551.6917, 125.4732));
#706 = VERTEX_POINT('', #707);
#709 = CARTESIAN_POINT('', (-163.2851, 538.2789, 125.4732));
#708 = VERTEX_POINT('', #709);
#711 = CARTESIAN_POINT('', (-215.2594, 519.6822, 125.4732));
#710 = VERTEX_POINT('', #711);
#713 = CARTESIAN_POINT('', (-265.1607, 496.0807, 125.4732));
#712 = VERTEX_POINT('', #713);
#715 = CARTESIAN_POINT('', (-312.5083, 467.7017, 125.4732));
#714 = VERTEX_POINT('', #715);
#717 = CARTESIAN_POINT('', (-356.8462, 434.8184, 125.4732));
#716 = VERTEX_POINT('', #717);
#719 = CARTESIAN_POINT('', (-397.7476, 397.7476, 125.4732));
#718 = VERTEX_POINT('', #719);
#721 = CARTESIAN_POINT('', (-434.8184, 356.8462, 125.4732));
#720 = VERTEX_POINT('', #721);
#723 = CARTESIAN_POINT('', (-467.7017, 312.5083, 125.4732));
#722 = VERTEX_POINT('', #723);
#725 = CARTESIAN_POINT('', (-496.0807, 265.1607, 125.4732));
#724 = VERTEX_POINT('', #725);
#727 = CARTESIAN_POINT('', (-519.6822, 215.2594, 125.4732));
#726 = VERTEX_POINT('', #727);
#729 = CARTESIAN_POINT('', (-538.2789, 163.2851, 125.4732));
#728 = VERTEX_POINT('', #729);
#731 = CARTESIAN_POINT('', (-551.6917, 109.7383, 125.4732));
#730 = VERTEX_POINT('', #731);
#733 = CARTESIAN_POINT('', (-559.7914, 55.1346, 125.4732));
#732 = VERTEX_POINT('', #733);
#735 = CARTESIAN_POINT('', (-562.5000, 0.0000, 125.4732));
#734 = VERTEX_POINT('', #735);
#737 = CARTESIAN_POINT('', (-559.7914, -55.1346, 125.4732));
#736 = VERTEX_POINT('', #737);
#739 = CARTESIAN_POINT('', (-551.6917, -109.7383, 125.4732));
#738 = VERTEX_POINT('', #739);
#741 = CARTESIAN_POINT('', (-538.2789, -163.2851, 125.4732));
#740 = VERTEX_POINT('', #741);
#743 = CARTESIAN_POINT('', (-519.6822, -215.2594, 125.4732));
#742 = VERTEX_POINT('', #743);
#745 = CARTESIAN_POINT('', (-496.0807, -265.1607, 125.4732));
#744 = VERTEX_POINT('', #745);
#747 = CARTESIAN_POINT('', (-467.7017, -312.5083, 125.4732));
#746 = VERTEX_POINT('', #747);
#749 = CARTESIAN_POINT('', (-434.8184, -356.8462, 125.4732));
#748 = VERTEX_POINT('', #749);
#751 = CARTESIAN_POINT('', (-397.7476, -397.7476, 125.4732));
#750 = VERTEX_POINT('', #751);
#753 = CARTESIAN_POINT('', (-356.8462, -434.8184, 125.4732));
#752 = VERTEX_POINT('', #753);
#755 = CARTESIAN_POINT('', (-312.5083, -467.7017, 125.4732));
#754 = VERTEX_POINT('', #755);
#757 = CARTESIAN_POINT('', (-265.1607, -496.0807, 125.4732));
#756 = VERTEX_POINT('', #757);
#759 = CARTESIAN_POINT('', (-215.2594, -519.6822, 125.4732));
#758 = VERTEX_POINT('', #759);
#761 = CARTESIAN_POINT('', (-163.2851, -538.2789, 125.4732));
#760 = VERTEX_POINT('', #761);
#763 = CARTESIAN_POINT('', (-109.7383, -551.6917, 125.4732));
#762 = VERTEX_POINT('', #763);
#765 = CARTESIAN_POINT('', (-55.1346, -559.7914, 125.4732));
#764 = VERTEX_POINT('', #765);
#767 = CARTESIAN_POINT('', (-0.0000, -562.5000, 125.4732));
#766 = VERTEX_POINT('', #767);
#769 = CARTESIAN_POINT('', (55.1346, -559.7914, 125.4732));
#768 = VERTEX_POINT('', #769);
#771 = CARTESIAN_POINT('', (109.7383, -551.6917, 125.4732));
#770 = VERTEX_POINT('', #771);
#773 = CARTESIAN_POINT('', (163.2851, -538.2789, 125.4732));
#772 = VERTEX_POINT('', #773);
#775 = CARTESIAN_POINT('', (215.2594, -519.6822, 125.4732));
#774 = VERTEX_POINT('', #775);
#777 = CARTESIAN_POINT('', (265.1607, -496.0807, 125.4732));
#776 = VERTEX_POINT('', #777);
#779 = CARTESIAN_POINT('', (312.5083, -467.7017, 125.4732));
#778 = VERTEX_POINT('', #779);
#781 = CARTESIAN_POINT('', (356.8462, -434.8184, 125.4732));
#780 = VERTEX_POINT('', #781);
#783 = CARTESIAN_POINT('', (397.7476, -397.7476, 125.4732));
#782 = VERTEX_POINT('', #783);
#785 = CARTESIAN_POINT('', (434.8184, -356.8462, 125.4732));
#784 = VERTEX_POINT('', #785);
#787 = CARTESIAN_POINT('', (467.7017, -312.5083, 125.4732));
#786 = VERTEX_POINT('', #787);
#789 = CARTESIAN_POINT('', (496.0807, -265.1607, 125.4732));
#788 = VERTEX_POINT('', #789);
#791 = CARTESIAN_POINT('', (519.6822, -215.2594, 125.4732));
#790 = VERTEX_POINT('', #791);
#793 = CARTESIAN_POINT('', (538.2789, -163.2851, 125.4732));
#792 = VERTEX_POINT('', #793);
#795 = CARTESIAN_POINT('', (551.6917, -109.7383, 125.4732));
#794 = VERTEX_POINT('', #795);
#797 = CARTESIAN_POINT('', (559.7914, -55.1346, 125.4732));
#796 = VERTEX_POINT('', #797);
#799 = CARTESIAN_POINT('', (855.2500, 0.0000, 266.3721));
#798 = VERTEX_POINT('', #799);
#801 = CARTESIAN_POINT('', (849.6015, 83.6784, 262.7841));
#800 = VERTEX_POINT('', #801);
#803 = CARTESIAN_POINT('', (833.6675, 165.8268, 254.1221));
#802 = VERTEX_POINT('', #803);
#805 = CARTESIAN_POINT('', (809.8468, 245.6643, 245.4600));
#804 = VERTEX_POINT('', #805);
#807 = CARTESIAN_POINT('', (780.4472, 323.2718, 241.8721));
#806 = VERTEX_POINT('', #807);
#809 = CARTESIAN_POINT('', (746.3591, 398.9373, 245.4600));
#808 = VERTEX_POINT('', #809);
#811 = CARTESIAN_POINT('', (706.7492, 472.2347, 254.1221));
#810 = VERTEX_POINT('', #811);
#813 = CARTESIAN_POINT('', (659.9285, 541.5894, 262.7841));
#812 = VERTEX_POINT('', #813);
#815 = CARTESIAN_POINT('', (604.7531, 604.7531, 266.3721));
#814 = VERTEX_POINT('', #815);
#817 = CARTESIAN_POINT('', (541.5894, 659.9285, 262.7841));
#816 = VERTEX_POINT('', #817);
#819 = CARTESIAN_POINT('', (472.2347, 706.7492, 254.1221));
#818 = VERTEX_POINT('', #819);
#821 = CARTESIAN_POINT('', (398.9373, 746.3591, 245.4600));
#820 = VERTEX_POINT('', #821);
#823 = CARTESIAN_POINT('', (323.2718, 780.4472, 241.8721));
#822 = VERTEX_POINT('', #823);
#825 = CARTESIAN_POINT('', (245.6643, 809.8468, 245.4600));
#824 = VERTEX_POINT('', #825);
#827 = CARTESIAN_POINT('', (165.8268, 833.6675, 254.1221));
#826 = VERTEX_POINT('', #827);
#829 = CARTESIAN_POINT('', (83.6784, 849.6015, 262.7841));
#828 = VERTEX_POINT('', #829);
#831 = CARTESIAN_POINT('', (0.0000, 855.2500, 266.3721));
#830 = VERTEX_POINT('', #831);
#833 = CARTESIAN_POINT('', (-83.6784, 849.6015, 262.7841));
#832 = VERTEX_POINT('', #833);
#835 = CARTESIAN_POINT('', (-165.8268, 833.6675, 254.1221));
#834 = VERTEX_POINT('', #835);
#837 = CARTESIAN_POINT('', (-245.6643, 809.8468, 245.4600));
#836 = VERTEX_POINT('', #837);
#839 = CARTESIAN_POINT('', (-323.2718, 780.4472, 241.8721));
#838 = VERTEX_POINT('', #839);
#841 = CARTESIAN_POINT('', (-398.9373, 746.3591, 245.4600));
#840 = VERTEX_POINT('', #841);
#843 = CARTESIAN_POINT('', (-472.2347, 706.7492, 254.1221));
#842 = VERTEX_POINT('', #843);
#845 = CARTESIAN_POINT('', (-541.5894, 659.9285, 262.7841));
#844 = VERTEX_POINT('', #845);
#847 = CARTESIAN_POINT('', (-604.7531, 604.7531, 266.3721));
#846 = VERTEX_POINT('', #847);
#849 = CARTESIAN_POINT('', (-659.9285, 541.5894, 262.7841));
#848 = VERTEX_POINT('', #849);
#851 = CARTESIAN_POINT('', (-706.7492, 472.2347, 254.1221));
#850 = VERTEX_POINT('', #851);
#853 = CARTESIAN_POINT('', (-746.3591, 398.9373, 245.4600));
#852 = VERTEX_POINT('', #853);
#855 = CARTESIAN_POINT('', (-780.4472, 323.2718, 241.8721));
#854 = VERTEX_POINT('', #855);
#857 = CARTESIAN_POINT('', (-809.8468, 245.6643, 245.4600));
#856 = VERTEX_POINT('', #857);
#859 = CARTESIAN_POINT('', (-833.6675, 165.8268, 254.1221));
#858 = VERTEX_POINT('', #859);
#861 = CARTESIAN_POINT('', (-849.6015, 83.6784, 262.7841));
#860 = VERTEX_POINT('', #861);
#863 = CARTESIAN_POINT('', (-855.2500, 0.0000, 266.3721));
#862 = VERTEX_POINT('', #863);
#865 = CARTESIAN_POINT('', (-849.6015, -83.6784, 262.7841));
#864 = VERTEX_POINT('', #865);
#867 = CARTESIAN_POINT('', (-833.6675, -165.8268, 254.1221));
#866 = VERTEX_POINT('', #867);
#869 = CARTESIAN_POINT('', (-809.8468, -245.6643, 245.4600));
#868 = VERTEX_POINT('', #869);
#871 = CARTESIAN_POINT('', (-780.4472, -323.2718, 241.8721));
#870 = VERTEX_POINT('', #871);
#873 = CARTESIAN_POINT('', (-746.3591, -398.9373, 245.4600));
#872 = VERTEX_POINT('', #873);
#875 = CARTESIAN_POINT('', (-706.7492, -472.2347, 254.1221));
#874 = VERTEX_POINT('', #875);
#877 = CARTESIAN_POINT('', (-659.9285, -541.5894, 262.7841));
#876 = VERTEX_POINT('', #877);
#879 = CARTESIAN_POINT('', (-604.7531, -604.7531, 266.3721));
#878 = VERTEX_POINT('', #879);
#881 = CARTESIAN_POINT('', (-541.5894, -659.9285, 262.7841));
#880 = VERTEX_POINT('', #881);
#883 = CARTESIAN_POINT('', (-472.2347, -706.7492, 254.1221));
#882 = VERTEX_POINT('', #883);
#885 = CARTESIAN_POINT('', (-398.9373, -746.3591, 245.4600));
#884 = VERTEX_POINT('', #885);
#887 = CARTESIAN_POINT('', (-323.2718, -780.4472, 241.8721));
#886 = VERTEX_POINT('', #887);
#889 = CARTESIAN_POINT('', (-245.6643, -809.8468, 245.4600));
#888 = VERTEX_POINT('', #889);
#891 = CARTESIAN_POINT('', (-165.8268, -833.6675, 254.1221));
#890 = VERTEX_POINT('', #891);
#893 = CARTESIAN_POINT('', (-83.6784, -849.6015, 262.7841));
#892 = VERTEX_POINT('', #893);
#895 = CARTESIAN_POINT('', (-0.0000, -855.2500, 266.3721));
#894 = VERTEX_POINT('', #895);
#897 = CARTESIAN_POINT('', (83.6784, -849.6015, 262.7841));
#896 = VERTEX_POINT('', #897);
#899 = CARTESIAN_POINT('', (165.8268, -833.6675, 254.1221));
#898 = VERTEX_POINT('', #899);
#901 = CARTESIAN_POINT('', (245.6643, -809.8468, 245.4600));
#900 = VERTEX_POINT('', #901);
#903 = CARTESIAN_POINT('', (323.2718, -780.4472, 241.8721));
#902 = VERTEX_POINT('', #903);
#905 = CARTESIAN_POINT('', (398.9373, -746.3591, 245.4600));
#904 = VERTEX_POINT('', #905);
#907 = CARTESIAN_POINT('', (472.2347, -706.7492, 254.1221));
#906 = VERTEX_POINT('', #907);
#909 = CARTESIAN_POINT('', (541.5894, -659.9285, 262.7841));
#908 = VERTEX_POINT('', #909);
#911 = CARTESIAN_POINT('', (604.7531, -604.7531, 266.3721));
#910 = VERTEX_POINT('', #911);
#913 = CARTESIAN_POINT('', (659.9285, -541.5894, 262.7841));
#912 = VERTEX_POINT('', #913);
#915 = CARTESIAN_POINT('', (706.7492, -472.2347, 254.1221));
#914 = VERTEX_POINT('', #915);
#917 = CARTESIAN_POINT('', (746.3591, -398.9373, 245.4600));
#916 = VERTEX_POINT('', #917);
#919 = CARTESIAN_POINT('', (780.4472, -323.2718, 241.8721));
#918 = VERTEX_POINT('', #919);
#921 = CARTESIAN_POINT('', (809.8468, -245.6643, 245.4600));
#920 = VERTEX_POINT('', #921);
#923 = CARTESIAN_POINT('', (833.6675, -165.8268, 254.1221));
#922 = VERTEX_POINT('', #923);
#925 = CARTESIAN_POINT('', (849.6015, -83.6784, 262.7841));
#924 = VERTEX_POINT('', #925);
#927 = CARTESIAN_POINT('', (51.0000, 0.0000, -184.0000));
#926 = VERTEX_POINT('', #927);
#929 = CARTESIAN_POINT('', (50.7544, 4.9989, -184.0000));
#928 = VERTEX_POINT('', #929);
#931 = CARTESIAN_POINT('', (50.0200, 9.9496, -184.0000));
#930 = VERTEX_POINT('', #931);
#933 = CARTESIAN_POINT('', (48.8040, 14.8045, -184.0000));
#932 = VERTEX_POINT('', #933);
#935 = CARTESIAN_POINT('', (47.1179, 19.5169, -184.0000));
#934 = VERTEX_POINT('', #935);
#937 = CARTESIAN_POINT('', (44.9780, 24.0412, -184.0000));
#936 = VERTEX_POINT('', #937);
#939 = CARTESIAN_POINT('', (42.4050, 28.3341, -184.0000));
#938 = VERTEX_POINT('', #939);
#941 = CARTESIAN_POINT('', (39.4235, 32.3541, -184.0000));
#940 = VERTEX_POINT('', #941);
#943 = CARTESIAN_POINT('', (36.0624, 36.0624, -184.0000));
#942 = VERTEX_POINT('', #943);
#945 = CARTESIAN_POINT('', (32.3541, 39.4235, -184.0000));
#944 = VERTEX_POINT('', #945);
#947 = CARTESIAN_POINT('', (28.3341, 42.4050, -184.0000));
#946 = VERTEX_POINT('', #947);
#949 = CARTESIAN_POINT('', (24.0412, 44.9780, -184.0000));
#948 = VERTEX_POINT('', #949);
#951 = CARTESIAN_POINT('', (19.5169, 47.1179, -184.0000));
#950 = VERTEX_POINT('', #951);
#953 = CARTESIAN_POINT('', (14.8045, 48.8040, -184.0000));
#952 = VERTEX_POINT('', #953);
#955 = CARTESIAN_POINT('', (9.9496, 50.0200, -184.0000));
#954 = VERTEX_POINT('', #955);
#957 = CARTESIAN_POINT('', (4.9989, 50.7544, -184.0000));
#956 = VERTEX_POINT('', #957);
#959 = CARTESIAN_POINT('', (0.0000, 51.0000, -184.0000));
#958 = VERTEX_POINT('', #959);
#961 = CARTESIAN_POINT('', (-4.9989, 50.7544, -184.0000));
#960 = VERTEX_POINT('', #961);
#963 = CARTESIAN_POINT('', (-9.9496, 50.0200, -184.0000));
#962 = VERTEX_POINT('', #963);
#965 = CARTESIAN_POINT('', (-14.8045, 48.8040, -184.0000));
#964 = VERTEX_POINT('', #965);
#967 = CARTESIAN_POINT('', (-19.5169, 47.1179, -184.0000));
#966 = VERTEX_POINT('', #967);
#969 = CARTESIAN_POINT('', (-24.0412, 44.9780, -184.0000));
#968 = VERTEX_POINT('', #969);
#971 = CARTESIAN_POINT('', (-28.3341, 42.4050, -184.0000));
#970 = VERTEX_POINT('', #971);
#973 = CARTESIAN_POINT('', (-32.3541, 39.4235, -184.0000));
#972 = VERTEX_POINT('', #973);
#975 = CARTESIAN_POINT('', (-36.0624, 36.0624, -184.0000));
#974 = VERTEX_POINT('', #975);
#977 = CARTESIAN_POINT('', (-39.4235, 32.3541, -184.0000));
#976 = VERTEX_POINT('', #977);
#979 = CARTESIAN_POINT('', (-42.4050, 28.3341, -184.0000));
#978 = VERTEX_POINT('', #979);
#981 = CARTESIAN_POINT('', (-44.9780, 24.0412, -184.0000));
#980 = VERTEX_POINT('', #981);
#983 = CARTESIAN_POINT('', (-47.1179, 19.5169, -184.0000));
#982 = VERTEX_POINT('', #983);
#985 = CARTESIAN_POINT('', (-48.8040, 14.8045, -184.0000));
#984 = VERTEX_POINT('', #985);
#987 = CARTESIAN_POINT('', (-50.0200, 9.9496, -184.0000));
#986 = VERTEX_POINT('', #987);
#989 = CARTESIAN_POINT('', (-50.7544, 4.9989, -184.0000));
#988 = VERTEX_POINT('', #989);
#991 = CARTESIAN_POINT('', (-51.0000, 0.0000, -184.0000));
#990 = VERTEX_POINT('', #991);
#993 = CARTESIAN_POINT('', (-50.7544, -4.9989, -184.0000));
#992 = VERTEX_POINT('', #993);
#995 = CARTESIAN_POINT('', (-50.0200, -9.9496, -184.0000));
#994 = VERTEX_POINT('', #995);
#997 = CARTESIAN_POINT('', (-48.8040, -14.8045, -184.0000));
#996 = VERTEX_POINT('', #997);
#999 = CARTESIAN_POINT('', (-47.1179, -19.5169, -184.0000));
#998 = VERTEX_POINT('', #999);
#1001 = CARTESIAN_POINT('', (-44.9780, -24.0412, -184.0000));
#1000 = VERTEX_POINT('', #1001);
#1003 = CARTESIAN_POINT('', (-42.4050, -28.3341, -184.0000));
#1002 = VERTEX_POINT('', #1003);
#1005 = CARTESIAN_POINT('', (-39.4235, -32.3541, -184.0000));
#1004 = VERTEX_POINT('', #1005);
#1007 = CARTESIAN_POINT('', (-36.0624, -36.0624, -184.0000));
#1006 = VERTEX_POINT('', #1007);
#1009 = CARTESIAN_POINT('', (-32.3541, -39.4235, -184.0000));
#1008 = VERTEX_POINT('', #1009);
#1011 = CARTESIAN_POINT('', (-28.3341, -42.4050, -184.0000));
#1010 = VERTEX_POINT('', #1011);
#1013 = CARTESIAN_POINT('', (-24.0412, -44.9780, -184.0000));
#1012 = VERTEX_POINT('', #1013);
#1015 = CARTESIAN_POINT('', (-19.5169, -47.1179, -184.0000));
#1014 = VERTEX_POINT('', #1015);
#1017 = CARTESIAN_POINT('', (-14.8045, -48.8040, -184.0000));
#1016 = VERTEX_POINT('', #1017);
#1019 = CARTESIAN_POINT('', (-9.9496, -50.0200, -184.0000));
#1018 = VERTEX_POINT('', #1019);
#1021 = CARTESIAN_POINT('', (-4.9989, -50.7544, -184.0000));
#1020 = VERTEX_POINT('', #1021);
#1023 = CARTESIAN_POINT('', (-0.0000, -51.0000, -184.0000));
#1022 = VERTEX_POINT('', #1023);
#1025 = CARTESIAN_POINT('', (4.9989, -50.7544, -184.0000));
#1024 = VERTEX_POINT('', #1025);
#1027 = CARTESIAN_POINT('', (9.9496, -50.0200, -184.0000));
#1026 = VERTEX_POINT('', #1027);
#1029 = CARTESIAN_POINT('', (14.8045, -48.8040, -184.0000));
#1028 = VERTEX_POINT('', #1029);
#1031 = CARTESIAN_POINT('', (19.5169, -47.1179, -184.0000));
#1030 = VERTEX_POINT('', #1031);
#1033 = CARTESIAN_POINT('', (24.0412, -44.9780, -184.0000));
#1032 = VERTEX_POINT('', #1033);
#1035 = CARTESIAN_POINT('', (28.3341, -42.4050, -184.0000));
#1034 = VERTEX_POINT('', #1035);
#1037 = CARTESIAN_POINT('', (32.3541, -39.4235, -184.0000));
#1036 = VERTEX_POINT('', #1037);
#1039 = CARTESIAN_POINT('', (36.0624, -36.0624, -184.0000));
#1038 = VERTEX_POINT('', #1039);
#1041 = CARTESIAN_POINT('', (39.4235, -32.3541, -184.0000));
#1040 = VERTEX_POINT('', #1041);
#1043 = CARTESIAN_POINT('', (42.4050, -28.3341, -184.0000));
#1042 = VERTEX_POINT('', #1043);
#1045 = CARTESIAN_POINT('', (44.9780, -24.0412, -184.0000));
#1044 = VERTEX_POINT('', #1045);
#1047 = CARTESIAN_POINT('', (47.1179, -19.5169, -184.0000));
#1046 = VERTEX_POINT('', #1047);
#1049 = CARTESIAN_POINT('', (48.8040, -14.8045, -184.0000));
#1048 = VERTEX_POINT('', #1049);
#1051 = CARTESIAN_POINT('', (50.0200, -9.9496, -184.0000));
#1050 = VERTEX_POINT('', #1051);
#1053 = CARTESIAN_POINT('', (50.7544, -4.9989, -184.0000));
#1052 = VERTEX_POINT('', #1053);
#1055 = CARTESIAN_POINT('', (66.0000, 0.0000, -154.0000));
#1054 = VERTEX_POINT('', #1055);
#1057 = CARTESIAN_POINT('', (65.6822, 6.4691, -154.0000));
#1056 = VERTEX_POINT('', #1057);
#1059 = CARTESIAN_POINT('', (64.7318, 12.8760, -154.0000));
#1058 = VERTEX_POINT('', #1059);
#1061 = CARTESIAN_POINT('', (63.1581, 19.1588, -154.0000));
#1060 = VERTEX_POINT('', #1061);
#1063 = CARTESIAN_POINT('', (60.9760, 25.2571, -154.0000));
#1062 = VERTEX_POINT('', #1063);
#1065 = CARTESIAN_POINT('', (58.2068, 31.1122, -154.0000));
#1064 = VERTEX_POINT('', #1065);
#1067 = CARTESIAN_POINT('', (54.8770, 36.6676, -154.0000));
#1066 = VERTEX_POINT('', #1067);
#1069 = CARTESIAN_POINT('', (51.0187, 41.8700, -154.0000));
#1068 = VERTEX_POINT('', #1069);
#1071 = CARTESIAN_POINT('', (46.6690, 46.6690, -154.0000));
#1070 = VERTEX_POINT('', #1071);
#1073 = CARTESIAN_POINT('', (41.8700, 51.0187, -154.0000));
#1072 = VERTEX_POINT('', #1073);
#1075 = CARTESIAN_POINT('', (36.6676, 54.8770, -154.0000));
#1074 = VERTEX_POINT('', #1075);
#1077 = CARTESIAN_POINT('', (31.1122, 58.2068, -154.0000));
#1076 = VERTEX_POINT('', #1077);
#1079 = CARTESIAN_POINT('', (25.2571, 60.9760, -154.0000));
#1078 = VERTEX_POINT('', #1079);
#1081 = CARTESIAN_POINT('', (19.1588, 63.1581, -154.0000));
#1080 = VERTEX_POINT('', #1081);
#1083 = CARTESIAN_POINT('', (12.8760, 64.7318, -154.0000));
#1082 = VERTEX_POINT('', #1083);
#1085 = CARTESIAN_POINT('', (6.4691, 65.6822, -154.0000));
#1084 = VERTEX_POINT('', #1085);
#1087 = CARTESIAN_POINT('', (0.0000, 66.0000, -154.0000));
#1086 = VERTEX_POINT('', #1087);
#1089 = CARTESIAN_POINT('', (-6.4691, 65.6822, -154.0000));
#1088 = VERTEX_POINT('', #1089);
#1091 = CARTESIAN_POINT('', (-12.8760, 64.7318, -154.0000));
#1090 = VERTEX_POINT('', #1091);
#1093 = CARTESIAN_POINT('', (-19.1588, 63.1581, -154.0000));
#1092 = VERTEX_POINT('', #1093);
#1095 = CARTESIAN_POINT('', (-25.2571, 60.9760, -154.0000));
#1094 = VERTEX_POINT('', #1095);
#1097 = CARTESIAN_POINT('', (-31.1122, 58.2068, -154.0000));
#1096 = VERTEX_POINT('', #1097);
#1099 = CARTESIAN_POINT('', (-36.6676, 54.8770, -154.0000));
#1098 = VERTEX_POINT('', #1099);
#1101 = CARTESIAN_POINT('', (-41.8700, 51.0187, -154.0000));
#1100 = VERTEX_POINT('', #1101);
#1103 = CARTESIAN_POINT('', (-46.6690, 46.6690, -154.0000));
#1102 = VERTEX_POINT('', #1103);
#1105 = CARTESIAN_POINT('', (-51.0187, 41.8700, -154.0000));
#1104 = VERTEX_POINT('', #1105);
#1107 = CARTESIAN_POINT('', (-54.8770, 36.6676, -154.0000));
#1106 = VERTEX_POINT('', #1107);
#1109 = CARTESIAN_POINT('', (-58.2068, 31.1122, -154.0000));
#1108 = VERTEX_POINT('', #1109);
#1111 = CARTESIAN_POINT('', (-60.9760, 25.2571, -154.0000));
#1110 = VERTEX_POINT('', #1111);
#1113 = CARTESIAN_POINT('', (-63.1581, 19.1588, -154.0000));
#1112 = VERTEX_POINT('', #1113);
#1115 = CARTESIAN_POINT('', (-64.7318, 12.8760, -154.0000));
#1114 = VERTEX_POINT('', #1115);
#1117 = CARTESIAN_POINT('', (-65.6822, 6.4691, -154.0000));
#1116 = VERTEX_POINT('', #1117);
#1119 = CARTESIAN_POINT('', (-66.0000, 0.0000, -154.0000));
#1118 = VERTEX_POINT('', #1119);
#1121 = CARTESIAN_POINT('', (-65.6822, -6.4691, -154.0000));
#1120 = VERTEX_POINT('', #1121);
#1123 = CARTESIAN_POINT('', (-64.7318, -12.8760, -154.0000));
#1122 = VERTEX_POINT('', #1123);
#1125 = CARTESIAN_POINT('', (-63.1581, -19.1588, -154.0000));
#1124 = VERTEX_POINT('', #1125);
#1127 = CARTESIAN_POINT('', (-60.9760, -25.2571, -154.0000));
#1126 = VERTEX_POINT('', #1127);
#1129 = CARTESIAN_POINT('', (-58.2068, -31.1122, -154.0000));
#1128 = VERTEX_POINT('', #1129);
#1131 = CARTESIAN_POINT('', (-54.8770, -36.6676, -154.0000));
#1130 = VERTEX_POINT('', #1131);
#1133 = CARTESIAN_POINT('', (-51.0187, -41.8700, -154.0000));
#1132 = VERTEX_POINT('', #1133);
#1135 = CARTESIAN_POINT('', (-46.6690, -46.6690, -154.0000));
#1134 = VERTEX_POINT('', #1135);
#1137 = CARTESIAN_POINT('', (-41.8700, -51.0187, -154.0000));
#1136 = VERTEX_POINT('', #1137);
#1139 = CARTESIAN_POINT('', (-36.6676, -54.8770, -154.0000));
#1138 = VERTEX_POINT('', #1139);
#1141 = CARTESIAN_POINT('', (-31.1122, -58.2068, -154.0000));
#1140 = VERTEX_POINT('', #1141);
#1143 = CARTESIAN_POINT('', (-25.2571, -60.9760, -154.0000));
#1142 = VERTEX_POINT('', #1143);
#1145 = CARTESIAN_POINT('', (-19.1588, -63.1581, -154.0000));
#1144 = VERTEX_POINT('', #1145);
#1147 = CARTESIAN_POINT('', (-12.8760, -64.7318, -154.0000));
#1146 = VERTEX_POINT('', #1147);
#1149 = CARTESIAN_POINT('', (-6.4691, -65.6822, -154.0000));
#1148 = VERTEX_POINT('', #1149);
#1151 = CARTESIAN_POINT('', (-0.0000, -66.0000, -154.0000));
#1150 = VERTEX_POINT('', #1151);
#1153 = CARTESIAN_POINT('', (6.4691, -65.6822, -154.0000));
#1152 = VERTEX_POINT('', #1153);
#1155 = CARTESIAN_POINT('', (12.8760, -64.7318, -154.0000));
#1154 = VERTEX_POINT('', #1155);
#1157 = CARTESIAN_POINT('', (19.1588, -63.1581, -154.0000));
#1156 = VERTEX_POINT('', #1157);
#1159 = CARTESIAN_POINT('', (25.2571, -60.9760, -154.0000));
#1158 = VERTEX_POINT('', #1159);
#1161 = CARTESIAN_POINT('', (31.1122, -58.2068, -154.0000));
#1160 = VERTEX_POINT('', #1161);
#1163 = CARTESIAN_POINT('', (36.6676, -54.8770, -154.0000));
#1162 = VERTEX_POINT('', #1163);
#1165 = CARTESIAN_POINT('', (41.8700, -51.0187, -154.0000));
#1164 = VERTEX_POINT('', #1165);
#1167 = CARTESIAN_POINT('', (46.6690, -46.6690, -154.0000));
#1166 = VERTEX_POINT('', #1167);
#1169 = CARTESIAN_POINT('', (51.0187, -41.8700, -154.0000));
#1168 = VERTEX_POINT('', #1169);
#1171 = CARTESIAN_POINT('', (54.8770, -36.6676, -154.0000));
#1170 = VERTEX_POINT('', #1171);
#1173 = CARTESIAN_POINT('', (58.2068, -31.1122, -154.0000));
#1172 = VERTEX_POINT('', #1173);
#1175 = CARTESIAN_POINT('', (60.9760, -25.2571, -154.0000));
#1174 = VERTEX_POINT('', #1175);
#1177 = CARTESIAN_POINT('', (63.1581, -19.1588, -154.0000));
#1176 = VERTEX_POINT('', #1177);
#1179 = CARTESIAN_POINT('', (64.7318, -12.8760, -154.0000));
#1178 = VERTEX_POINT('', #1179);
#1181 = CARTESIAN_POINT('', (65.6822, -6.4691, -154.0000));
#1180 = VERTEX_POINT('', #1181);
#1183 = CARTESIAN_POINT('', (153.5000, 0.0000, -67.0000));
#1182 = VERTEX_POINT('', #1183);
#1185 = CARTESIAN_POINT('', (152.7609, 15.0456, -67.0000));
#1184 = VERTEX_POINT('', #1185);
#1187 = CARTESIAN_POINT('', (150.5505, 29.9464, -67.0000));
#1186 = VERTEX_POINT('', #1187);
#1189 = CARTESIAN_POINT('', (146.8903, 44.5587, -67.0000));
#1188 = VERTEX_POINT('', #1189);
#1191 = CARTESIAN_POINT('', (141.8155, 58.7419, -67.0000));
#1190 = VERTEX_POINT('', #1191);
#1193 = CARTESIAN_POINT('', (135.3749, 72.3594, -67.0000));
#1192 = VERTEX_POINT('', #1193);
#1195 = CARTESIAN_POINT('', (127.6306, 85.2800, -67.0000));
#1194 = VERTEX_POINT('', #1195);
#1197 = CARTESIAN_POINT('', (118.6571, 97.3794, -67.0000));
#1196 = VERTEX_POINT('', #1197);
#1199 = CARTESIAN_POINT('', (108.5409, 108.5409, -67.0000));
#1198 = VERTEX_POINT('', #1199);
#1201 = CARTESIAN_POINT('', (97.3794, 118.6571, -67.0000));
#1200 = VERTEX_POINT('', #1201);
#1203 = CARTESIAN_POINT('', (85.2800, 127.6306, -67.0000));
#1202 = VERTEX_POINT('', #1203);
#1205 = CARTESIAN_POINT('', (72.3594, 135.3749, -67.0000));
#1204 = VERTEX_POINT('', #1205);
#1207 = CARTESIAN_POINT('', (58.7419, 141.8155, -67.0000));
#1206 = VERTEX_POINT('', #1207);
#1209 = CARTESIAN_POINT('', (44.5587, 146.8903, -67.0000));
#1208 = VERTEX_POINT('', #1209);
#1211 = CARTESIAN_POINT('', (29.9464, 150.5505, -67.0000));
#1210 = VERTEX_POINT('', #1211);
#1213 = CARTESIAN_POINT('', (15.0456, 152.7609, -67.0000));
#1212 = VERTEX_POINT('', #1213);
#1215 = CARTESIAN_POINT('', (0.0000, 153.5000, -67.0000));
#1214 = VERTEX_POINT('', #1215);
#1217 = CARTESIAN_POINT('', (-15.0456, 152.7609, -67.0000));
#1216 = VERTEX_POINT('', #1217);
#1219 = CARTESIAN_POINT('', (-29.9464, 150.5505, -67.0000));
#1218 = VERTEX_POINT('', #1219);
#1221 = CARTESIAN_POINT('', (-44.5587, 146.8903, -67.0000));
#1220 = VERTEX_POINT('', #1221);
#1223 = CARTESIAN_POINT('', (-58.7419, 141.8155, -67.0000));
#1222 = VERTEX_POINT('', #1223);
#1225 = CARTESIAN_POINT('', (-72.3594, 135.3749, -67.0000));
#1224 = VERTEX_POINT('', #1225);
#1227 = CARTESIAN_POINT('', (-85.2800, 127.6306, -67.0000));
#1226 = VERTEX_POINT('', #1227);
#1229 = CARTESIAN_POINT('', (-97.3794, 118.6571, -67.0000));
#1228 = VERTEX_POINT('', #1229);
#1231 = CARTESIAN_POINT('', (-108.5409, 108.5409, -67.0000));
#1230 = VERTEX_POINT('', #1231);
#1233 = CARTESIAN_POINT('', (-118.6571, 97.3794, -67.0000));
#1232 = VERTEX_POINT('', #1233);
#1235 = CARTESIAN_POINT('', (-127.6306, 85.2800, -67.0000));
#1234 = VERTEX_POINT('', #1235);
#1237 = CARTESIAN_POINT('', (-135.3749, 72.3594, -67.0000));
#1236 = VERTEX_POINT('', #1237);
#1239 = CARTESIAN_POINT('', (-141.8155, 58.7419, -67.0000));
#1238 = VERTEX_POINT('', #1239);
#1241 = CARTESIAN_POINT('', (-146.8903, 44.5587, -67.0000));
#1240 = VERTEX_POINT('', #1241);
#1243 = CARTESIAN_POINT('', (-150.5505, 29.9464, -67.0000));
#1242 = VERTEX_POINT('', #1243);
#1245 = CARTESIAN_POINT('', (-152.7609, 15.0456, -67.0000));
#1244 = VERTEX_POINT('', #1245);
#1247 = CARTESIAN_POINT('', (-153.5000, 0.0000, -67.0000));
#1246 = VERTEX_POINT('', #1247);
#1249 = CARTESIAN_POINT('', (-152.7609, -15.0456, -67.0000));
#1248 = VERTEX_POINT('', #1249);
#1251 = CARTESIAN_POINT('', (-150.5505, -29.9464, -67.0000));
#1250 = VERTEX_POINT('', #1251);
#1253 = CARTESIAN_POINT('', (-146.8903, -44.5587, -67.0000));
#1252 = VERTEX_POINT('', #1253);
#1255 = CARTESIAN_POINT('', (-141.8155, -58.7419, -67.0000));
#1254 = VERTEX_POINT('', #1255);
#1257 = CARTESIAN_POINT('', (-135.3749, -72.3594, -67.0000));
#1256 = VERTEX_POINT('', #1257);
#1259 = CARTESIAN_POINT('', (-127.6306, -85.2800, -67.0000));
#1258 = VERTEX_POINT('', #1259);
#1261 = CARTESIAN_POINT('', (-118.6571, -97.3794, -67.0000));
#1260 = VERTEX_POINT('', #1261);
#1263 = CARTESIAN_POINT('', (-108.5409, -108.5409, -67.0000));
#1262 = VERTEX_POINT('', #1263);
#1265 = CARTESIAN_POINT('', (-97.3794, -118.6571, -67.0000));
#1264 = VERTEX_POINT('', #1265);
#1267 = CARTESIAN_POINT('', (-85.2800, -127.6306, -67.0000));
#1266 = VERTEX_POINT('', #1267);
#1269 = CARTESIAN_POINT('', (-72.3594, -135.3749, -67.0000));
#1268 = VERTEX_POINT('', #1269);
#1271 = CARTESIAN_POINT('', (-58.7419, -141.8155, -67.0000));
#1270 = VERTEX_POINT('', #1271);
#1273 = CARTESIAN_POINT('', (-44.5587, -146.8903, -67.0000));
#1272 = VERTEX_POINT('', #1273);
#1275 = CARTESIAN_POINT('', (-29.9464, -150.5505, -67.0000));
#1274 = VERTEX_POINT('', #1275);
#1277 = CARTESIAN_POINT('', (-15.0456, -152.7609, -67.0000));
#1276 = VERTEX_POINT('', #1277);
#1279 = CARTESIAN_POINT('', (-0.0000, -153.5000, -67.0000));
#1278 = VERTEX_POINT('', #1279);
#1281 = CARTESIAN_POINT('', (15.0456, -152.7609, -67.0000));
#1280 = VERTEX_POINT('', #1281);
#1283 = CARTESIAN_POINT('', (29.9464, -150.5505, -67.0000));
#1282 = VERTEX_POINT('', #1283);
#1285 = CARTESIAN_POINT('', (44.5587, -146.8903, -67.0000));
#1284 = VERTEX_POINT('', #1285);
#1287 = CARTESIAN_POINT('', (58.7419, -141.8155, -67.0000));
#1286 = VERTEX_POINT('', #1287);
#1289 = CARTESIAN_POINT('', (72.3594, -135.3749, -67.0000));
#1288 = VERTEX_POINT('', #1289);
#1291 = CARTESIAN_POINT('', (85.2800, -127.6306, -67.0000));
#1290 = VERTEX_POINT('', #1291);
#1293 = CARTESIAN_POINT('', (97.3794, -118.6571, -67.0000));
#1292 = VERTEX_POINT('', #1293);
#1295 = CARTESIAN_POINT('', (108.5409, -108.5409, -67.0000));
#1294 = VERTEX_POINT('', #1295);
#1297 = CARTESIAN_POINT('', (118.6571, -97.3794, -67.0000));
#1296 = VERTEX_POINT('', #1297);
#1299 = CARTESIAN_POINT('', (127.6306, -85.2800, -67.0000));
#1298 = VERTEX_POINT('', #1299);
#1301 = CARTESIAN_POINT('', (135.3749, -72.3594, -67.0000));
#1300 = VERTEX_POINT('', #1301);
#1303 = CARTESIAN_POINT('', (141.8155, -58.7419, -67.0000));
#1302 = VERTEX_POINT('', #1303);
#1305 = CARTESIAN_POINT('', (146.8903, -44.5587, -67.0000));
#1304 = VERTEX_POINT('', #1305);
#1307 = CARTESIAN_POINT('', (150.5505, -29.9464, -67.0000));
#1306 = VERTEX_POINT('', #1307);
#1309 = CARTESIAN_POINT('', (152.7609, -15.0456, -67.0000));
#1308 = VERTEX_POINT('', #1309);
#1311 = CARTESIAN_POINT('', (221.0000, 0.0000, -4.0000));
#1310 = VERTEX_POINT('', #1311);
#1313 = CARTESIAN_POINT('', (219.9358, 21.6618, -4.0000));
#1312 = VERTEX_POINT('', #1313);
#1315 = CARTESIAN_POINT('', (216.7535, 43.1150, -4.0000));
#1314 = VERTEX_POINT('', #1315);
#1317 = CARTESIAN_POINT('', (211.4838, 64.1529, -4.0000));
#1316 = VERTEX_POINT('', #1317);
#1319 = CARTESIAN_POINT('', (204.1774, 84.5730, -4.0000));
#1318 = VERTEX_POINT('', #1319);
#1321 = CARTESIAN_POINT('', (194.9046, 104.1787, -4.0000));
#1320 = VERTEX_POINT('', #1321);
#1323 = CARTESIAN_POINT('', (183.7548, 122.7810, -4.0000));
#1322 = VERTEX_POINT('', #1323);
#1325 = CARTESIAN_POINT('', (170.8353, 140.2009, -4.0000));
#1324 = VERTEX_POINT('', #1325);
#1327 = CARTESIAN_POINT('', (156.2706, 156.2706, -4.0000));
#1326 = VERTEX_POINT('', #1327);
#1329 = CARTESIAN_POINT('', (140.2009, 170.8353, -4.0000));
#1328 = VERTEX_POINT('', #1329);
#1331 = CARTESIAN_POINT('', (122.7810, 183.7548, -4.0000));
#1330 = VERTEX_POINT('', #1331);
#1333 = CARTESIAN_POINT('', (104.1787, 194.9046, -4.0000));
#1332 = VERTEX_POINT('', #1333);
#1335 = CARTESIAN_POINT('', (84.5730, 204.1774, -4.0000));
#1334 = VERTEX_POINT('', #1335);
#1337 = CARTESIAN_POINT('', (64.1529, 211.4838, -4.0000));
#1336 = VERTEX_POINT('', #1337);
#1339 = CARTESIAN_POINT('', (43.1150, 216.7535, -4.0000));
#1338 = VERTEX_POINT('', #1339);
#1341 = CARTESIAN_POINT('', (21.6618, 219.9358, -4.0000));
#1340 = VERTEX_POINT('', #1341);
#1343 = CARTESIAN_POINT('', (0.0000, 221.0000, -4.0000));
#1342 = VERTEX_POINT('', #1343);
#1345 = CARTESIAN_POINT('', (-21.6618, 219.9358, -4.0000));
#1344 = VERTEX_POINT('', #1345);
#1347 = CARTESIAN_POINT('', (-43.1150, 216.7535, -4.0000));
#1346 = VERTEX_POINT('', #1347);
#1349 = CARTESIAN_POINT('', (-64.1529, 211.4838, -4.0000));
#1348 = VERTEX_POINT('', #1349);
#1351 = CARTESIAN_POINT('', (-84.5730, 204.1774, -4.0000));
#1350 = VERTEX_POINT('', #1351);
#1353 = CARTESIAN_POINT('', (-104.1787, 194.9046, -4.0000));
#1352 = VERTEX_POINT('', #1353);
#1355 = CARTESIAN_POINT('', (-122.7810, 183.7548, -4.0000));
#1354 = VERTEX_POINT('', #1355);
#1357 = CARTESIAN_POINT('', (-140.2009, 170.8353, -4.0000));
#1356 = VERTEX_POINT('', #1357);
#1359 = CARTESIAN_POINT('', (-156.2706, 156.2706, -4.0000));
#1358 = VERTEX_POINT('', #1359);
#1361 = CARTESIAN_POINT('', (-170.8353, 140.2009, -4.0000));
#1360 = VERTEX_POINT('', #1361);
#1363 = CARTESIAN_POINT('', (-183.7548, 122.7810, -4.0000));
#1362 = VERTEX_POINT('', #1363);
#1365 = CARTESIAN_POINT('', (-194.9046, 104.1787, -4.0000));
#1364 = VERTEX_POINT('', #1365);
#1367 = CARTESIAN_POINT('', (-204.1774, 84.5730, -4.0000));
#1366 = VERTEX_POINT('', #1367);
#1369 = CARTESIAN_POINT('', (-211.4838, 64.1529, -4.0000));
#1368 = VERTEX_POINT('', #1369);
#1371 = CARTESIAN_POINT('', (-216.7535, 43.1150, -4.0000));
#1370 = VERTEX_POINT('', #1371);
#1373 = CARTESIAN_POINT('', (-219.9358, 21.6618, -4.0000));
#1372 = VERTEX_POINT('', #1373);
#1375 = CARTESIAN_POINT('', (-221.0000, 0.0000, -4.0000));
#1374 = VERTEX_POINT('', #1375);
#1377 = CARTESIAN_POINT('', (-219.9358, -21.6618, -4.0000));
#1376 = VERTEX_POINT('', #1377);
#1379 = CARTESIAN_POINT('', (-216.7535, -43.1150, -4.0000));
#1378 = VERTEX_POINT('', #1379);
#1381 = CARTESIAN_POINT('', (-211.4838, -64.1529, -4.0000));
#1380 = VERTEX_POINT('', #1381);
#1383 = CARTESIAN_POINT('', (-204.1774, -84.5730, -4.0000));
#1382 = VERTEX_POINT('', #1383);
#1385 = CARTESIAN_POINT('', (-194.9046, -104.1787, -4.0000));
#1384 = VERTEX_POINT('', #1385);
#1387 = CARTESIAN_POINT('', (-183.7548, -122.7810, -4.0000));
#1386 = VERTEX_POINT('', #1387);
#1389 = CARTESIAN_POINT('', (-170.8353, -140.2009, -4.0000));
#1388 = VERTEX_POINT('', #1389);
#1391 = CARTESIAN_POINT('', (-156.2706, -156.2706, -4.0000));
#1390 = VERTEX_POINT('', #1391);
#1393 = CARTESIAN_POINT('', (-140.2009, -170.8353, -4.0000));
#1392 = VERTEX_POINT('', #1393);
#1395 = CARTESIAN_POINT('', (-122.7810, -183.7548, -4.0000));
#1394 = VERTEX_POINT('', #1395);
#1397 = CARTESIAN_POINT('', (-104.1787, -194.9046, -4.0000));
#1396 = VERTEX_POINT('', #1397);
#1399 = CARTESIAN_POINT('', (-84.5730, -204.1774, -4.0000));
#1398 = VERTEX_POINT('', #1399);
#1401 = CARTESIAN_POINT('', (-64.1529, -211.4838, -4.0000));
#1400 = VERTEX_POINT('', #1401);
#1403 = CARTESIAN_POINT('', (-43.1150, -216.7535, -4.0000));
#1402 = VERTEX_POINT('', #1403);
#1405 = CARTESIAN_POINT('', (-21.6618, -219.9358, -4.0000));
#1404 = VERTEX_POINT('', #1405);
#1407 = CARTESIAN_POINT('', (-0.0000, -221.0000, -4.0000));
#1406 = VERTEX_POINT('', #1407);
#1409 = CARTESIAN_POINT('', (21.6618, -219.9358, -4.0000));
#1408 = VERTEX_POINT('', #1409);
#1411 = CARTESIAN_POINT('', (43.1150, -216.7535, -4.0000));
#1410 = VERTEX_POINT('', #1411);
#1413 = CARTESIAN_POINT('', (64.1529, -211.4838, -4.0000));
#1412 = VERTEX_POINT('', #1413);
#1415 = CARTESIAN_POINT('', (84.5730, -204.1774, -4.0000));
#1414 = VERTEX_POINT('', #1415);
#1417 = CARTESIAN_POINT('', (104.1787, -194.9046, -4.0000));
#1416 = VERTEX_POINT('', #1417);
#1419 = CARTESIAN_POINT('', (122.7810, -183.7548, -4.0000));
#1418 = VERTEX_POINT('', #1419);
#1421 = CARTESIAN_POINT('', (140.2009, -170.8353, -4.0000));
#1420 = VERTEX_POINT('', #1421);
#1423 = CARTESIAN_POINT('', (156.2706, -156.2706, -4.0000));
#1422 = VERTEX_POINT('', #1423);
#1425 = CARTESIAN_POINT('', (170.8353, -140.2009, -4.0000));
#1424 = VERTEX_POINT('', #1425);
#1427 = CARTESIAN_POINT('', (183.7548, -122.7810, -4.0000));
#1426 = VERTEX_POINT('', #1427);
#1429 = CARTESIAN_POINT('', (194.9046, -104.1787, -4.0000));
#1428 = VERTEX_POINT('', #1429);
#1431 = CARTESIAN_POINT('', (204.1774, -84.5730, -4.0000));
#1430 = VERTEX_POINT('', #1431);
#1433 = CARTESIAN_POINT('', (211.4838, -64.1529, -4.0000));
#1432 = VERTEX_POINT('', #1433);
#1435 = CARTESIAN_POINT('', (216.7535, -43.1150, -4.0000));
#1434 = VERTEX_POINT('', #1435);
#1437 = CARTESIAN_POINT('', (219.9358, -21.6618, -4.0000));
#1436 = VERTEX_POINT('', #1437);
#1439 = CARTESIAN_POINT('', (333.5000, 0.0000, 48.2805));
#1438 = VERTEX_POINT('', #1439);
#1441 = CARTESIAN_POINT('', (331.8941, 32.6887, 48.2805));
#1440 = VERTEX_POINT('', #1441);
#1443 = CARTESIAN_POINT('', (327.0919, 65.0626, 48.2805));
#1442 = VERTEX_POINT('', #1443);
#1445 = CARTESIAN_POINT('', (319.1396, 96.8099, 48.2805));
#1444 = VERTEX_POINT('', #1445);
#1447 = CARTESIAN_POINT('', (308.1138, 127.6249, 48.2805));
#1446 = VERTEX_POINT('', #1447);
#1449 = CARTESIAN_POINT('', (294.1207, 157.2108, 48.2805));
#1448 = VERTEX_POINT('', #1449);
#1451 = CARTESIAN_POINT('', (277.2951, 185.2827, 48.2805));
#1450 = VERTEX_POINT('', #1451);
#1453 = CARTESIAN_POINT('', (257.7990, 211.5702, 48.2805));
#1452 = VERTEX_POINT('', #1453);
#1455 = CARTESIAN_POINT('', (235.8201, 235.8201, 48.2805));
#1454 = VERTEX_POINT('', #1455);
#1457 = CARTESIAN_POINT('', (211.5702, 257.7990, 48.2805));
#1456 = VERTEX_POINT('', #1457);
#1459 = CARTESIAN_POINT('', (185.2827, 277.2951, 48.2805));
#1458 = VERTEX_POINT('', #1459);
#1461 = CARTESIAN_POINT('', (157.2108, 294.1207, 48.2805));
#1460 = VERTEX_POINT('', #1461);
#1463 = CARTESIAN_POINT('', (127.6249, 308.1138, 48.2805));
#1462 = VERTEX_POINT('', #1463);
#1465 = CARTESIAN_POINT('', (96.8099, 319.1396, 48.2805));
#1464 = VERTEX_POINT('', #1465);
#1467 = CARTESIAN_POINT('', (65.0626, 327.0919, 48.2805));
#1466 = VERTEX_POINT('', #1467);
#1469 = CARTESIAN_POINT('', (32.6887, 331.8941, 48.2805));
#1468 = VERTEX_POINT('', #1469);
#1471 = CARTESIAN_POINT('', (0.0000, 333.5000, 48.2805));
#1470 = VERTEX_POINT('', #1471);
#1473 = CARTESIAN_POINT('', (-32.6887, 331.8941, 48.2805));
#1472 = VERTEX_POINT('', #1473);
#1475 = CARTESIAN_POINT('', (-65.0626, 327.0919, 48.2805));
#1474 = VERTEX_POINT('', #1475);
#1477 = CARTESIAN_POINT('', (-96.8099, 319.1396, 48.2805));
#1476 = VERTEX_POINT('', #1477);
#1479 = CARTESIAN_POINT('', (-127.6249, 308.1138, 48.2805));
#1478 = VERTEX_POINT('', #1479);
#1481 = CARTESIAN_POINT('', (-157.2108, 294.1207, 48.2805));
#1480 = VERTEX_POINT('', #1481);
#1483 = CARTESIAN_POINT('', (-185.2827, 277.2951, 48.2805));
#1482 = VERTEX_POINT('', #1483);
#1485 = CARTESIAN_POINT('', (-211.5702, 257.7990, 48.2805));
#1484 = VERTEX_POINT('', #1485);
#1487 = CARTESIAN_POINT('', (-235.8201, 235.8201, 48.2805));
#1486 = VERTEX_POINT('', #1487);
#1489 = CARTESIAN_POINT('', (-257.7990, 211.5702, 48.2805));
#1488 = VERTEX_POINT('', #1489);
#1491 = CARTESIAN_POINT('', (-277.2951, 185.2827, 48.2805));
#1490 = VERTEX_POINT('', #1491);
#1493 = CARTESIAN_POINT('', (-294.1207, 157.2108, 48.2805));
#1492 = VERTEX_POINT('', #1493);
#1495 = CARTESIAN_POINT('', (-308.1138, 127.6249, 48.2805));
#1494 = VERTEX_POINT('', #1495);
#1497 = CARTESIAN_POINT('', (-319.1396, 96.8099, 48.2805));
#1496 = VERTEX_POINT('', #1497);
#1499 = CARTESIAN_POINT('', (-327.0919, 65.0626, 48.2805));
#1498 = VERTEX_POINT('', #1499);
#1501 = CARTESIAN_POINT('', (-331.8941, 32.6887, 48.2805));
#1500 = VERTEX_POINT('', #1501);
#1503 = CARTESIAN_POINT('', (-333.5000, 0.0000, 48.2805));
#1502 = VERTEX_POINT('', #1503);
#1505 = CARTESIAN_POINT('', (-331.8941, -32.6887, 48.2805));
#1504 = VERTEX_POINT('', #1505);
#1507 = CARTESIAN_POINT('', (-327.0919, -65.0626, 48.2805));
#1506 = VERTEX_POINT('', #1507);
#1509 = CARTESIAN_POINT('', (-319.1396, -96.8099, 48.2805));
#1508 = VERTEX_POINT('', #1509);
#1511 = CARTESIAN_POINT('', (-308.1138, -127.6249, 48.2805));
#1510 = VERTEX_POINT('', #1511);
#1513 = CARTESIAN_POINT('', (-294.1207, -157.2108, 48.2805));
#1512 = VERTEX_POINT('', #1513);
#1515 = CARTESIAN_POINT('', (-277.2951, -185.2827, 48.2805));
#1514 = VERTEX_POINT('', #1515);
#1517 = CARTESIAN_POINT('', (-257.7990, -211.5702, 48.2805));
#1516 = VERTEX_POINT('', #1517);
#1519 = CARTESIAN_POINT('', (-235.8201, -235.8201, 48.2805));
#1518 = VERTEX_POINT('', #1519);
#1521 = CARTESIAN_POINT('', (-211.5702, -257.7990, 48.2805));
#1520 = VERTEX_POINT('', #1521);
#1523 = CARTESIAN_POINT('', (-185.2827, -277.2951, 48.2805));
#1522 = VERTEX_POINT('', #1523);
#1525 = CARTESIAN_POINT('', (-157.2108, -294.1207, 48.2805));
#1524 = VERTEX_POINT('', #1525);
#1527 = CARTESIAN_POINT('', (-127.6249, -308.1138, 48.2805));
#1526 = VERTEX_POINT('', #1527);
#1529 = CARTESIAN_POINT('', (-96.8099, -319.1396, 48.2805));
#1528 = VERTEX_POINT('', #1529);
#1531 = CARTESIAN_POINT('', (-65.0626, -327.0919, 48.2805));
#1530 = VERTEX_POINT('', #1531);
#1533 = CARTESIAN_POINT('', (-32.6887, -331.8941, 48.2805));
#1532 = VERTEX_POINT('', #1533);
#1535 = CARTESIAN_POINT('', (-0.0000, -333.5000, 48.2805));
#1534 = VERTEX_POINT('', #1535);
#1537 = CARTESIAN_POINT('', (32.6887, -331.8941, 48.2805));
#1536 = VERTEX_POINT('', #1537);
#1539 = CARTESIAN_POINT('', (65.0626, -327.0919, 48.2805));
#1538 = VERTEX_POINT('', #1539);
#1541 = CARTESIAN_POINT('', (96.8099, -319.1396, 48.2805));
#1540 = VERTEX_POINT('', #1541);
#1543 = CARTESIAN_POINT('', (127.6249, -308.1138, 48.2805));
#1542 = VERTEX_POINT('', #1543);
#1545 = CARTESIAN_POINT('', (157.2108, -294.1207, 48.2805));
#1544 = VERTEX_POINT('', #1545);
#1547 = CARTESIAN_POINT('', (185.2827, -277.2951, 48.2805));
#1546 = VERTEX_POINT('', #1547);
#1549 = CARTESIAN_POINT('', (211.5702, -257.7990, 48.2805));
#1548 = VERTEX_POINT('', #1549);
#1551 = CARTESIAN_POINT('', (235.8201, -235.8201, 48.2805));
#1550 = VERTEX_POINT('', #1551);
#1553 = CARTESIAN_POINT('', (257.7990, -211.5702, 48.2805));
#1552 = VERTEX_POINT('', #1553);
#1555 = CARTESIAN_POINT('', (277.2951, -185.2827, 48.2805));
#1554 = VERTEX_POINT('', #1555);
#1557 = CARTESIAN_POINT('', (294.1207, -157.2108, 48.2805));
#1556 = VERTEX_POINT('', #1557);
#1559 = CARTESIAN_POINT('', (308.1138, -127.6249, 48.2805));
#1558 = VERTEX_POINT('', #1559);
#1561 = CARTESIAN_POINT('', (319.1396, -96.8099, 48.2805));
#1560 = VERTEX_POINT('', #1561);
#1563 = CARTESIAN_POINT('', (327.0919, -65.0626, 48.2805));
#1562 = VERTEX_POINT('', #1563);
#1565 = CARTESIAN_POINT('', (331.8941, -32.6887, 48.2805));
#1564 = VERTEX_POINT('', #1565);
#1567 = CARTESIAN_POINT('', (558.5000, 0.0000, 121.4732));
#1566 = VERTEX_POINT('', #1567);
#1569 = CARTESIAN_POINT('', (555.8107, 54.7426, 121.4732));
#1568 = VERTEX_POINT('', #1569);
#1571 = CARTESIAN_POINT('', (547.7686, 108.9579, 121.4732));
#1570 = VERTEX_POINT('', #1571);
#1573 = CARTESIAN_POINT('', (534.4512, 162.1240, 121.4732));
#1572 = VERTEX_POINT('', #1573);
#1575 = CARTESIAN_POINT('', (515.9867, 213.7287, 121.4732));
#1574 = VERTEX_POINT('', #1575);
#1577 = CARTESIAN_POINT('', (492.5530, 263.2751, 121.4732));
#1576 = VERTEX_POINT('', #1577);
#1579 = CARTESIAN_POINT('', (464.3758, 310.2860, 121.4732));
#1578 = VERTEX_POINT('', #1579);
#1581 = CARTESIAN_POINT('', (431.7263, 354.3086, 121.4732));
#1580 = VERTEX_POINT('', #1581);
#1583 = CARTESIAN_POINT('', (394.9191, 394.9191, 121.4732));
#1582 = VERTEX_POINT('', #1583);
#1585 = CARTESIAN_POINT('', (354.3086, 431.7263, 121.4732));
#1584 = VERTEX_POINT('', #1585);
#1587 = CARTESIAN_POINT('', (310.2860, 464.3758, 121.4732));
#1586 = VERTEX_POINT('', #1587);
#1589 = CARTESIAN_POINT('', (263.2751, 492.5530, 121.4732));
#1588 = VERTEX_POINT('', #1589);
#1591 = CARTESIAN_POINT('', (213.7287, 515.9867, 121.4732));
#1590 = VERTEX_POINT('', #1591);
#1593 = CARTESIAN_POINT('', (162.1240, 534.4512, 121.4732));
#1592 = VERTEX_POINT('', #1593);
#1595 = CARTESIAN_POINT('', (108.9579, 547.7686, 121.4732));
#1594 = VERTEX_POINT('', #1595);
#1597 = CARTESIAN_POINT('', (54.7426, 555.8107, 121.4732));
#1596 = VERTEX_POINT('', #1597);
#1599 = CARTESIAN_POINT('', (0.0000, 558.5000, 121.4732));
#1598 = VERTEX_POINT('', #1599);
#1601 = CARTESIAN_POINT('', (-54.7426, 555.8107, 121.4732));
#1600 = VERTEX_POINT('', #1601);
#1603 = CARTESIAN_POINT('', (-108.9579, 547.7686, 121.4732));
#1602 = VERTEX_POINT('', #1603);
#1605 = CARTESIAN_POINT('', (-162.1240, 534.4512, 121.4732));
#1604 = VERTEX_POINT('', #1605);
#1607 = CARTESIAN_POINT('', (-213.7287, 515.9867, 121.4732));
#1606 = VERTEX_POINT('', #1607);
#1609 = CARTESIAN_POINT('', (-263.2751, 492.5530, 121.4732));
#1608 = VERTEX_POINT('', #1609);
#1611 = CARTESIAN_POINT('', (-310.2860, 464.3758, 121.4732));
#1610 = VERTEX_POINT('', #1611);
#1613 = CARTESIAN_POINT('', (-354.3086, 431.7263, 121.4732));
#1612 = VERTEX_POINT('', #1613);
#1615 = CARTESIAN_POINT('', (-394.9191, 394.9191, 121.4732));
#1614 = VERTEX_POINT('', #1615);
#1617 = CARTESIAN_POINT('', (-431.7263, 354.3086, 121.4732));
#1616 = VERTEX_POINT('', #1617);
#1619 = CARTESIAN_POINT('', (-464.3758, 310.2860, 121.4732));
#1618 = VERTEX_POINT('', #1619);
#1621 = CARTESIAN_POINT('', (-492.5530, 263.2751, 121.4732));
#1620 = VERTEX_POINT('', #1621);
#1623 = CARTESIAN_POINT('', (-515.9867, 213.7287, 121.4732));
#1622 = VERTEX_POINT('', #1623);
#1625 = CARTESIAN_POINT('', (-534.4512, 162.1240, 121.4732));
#1624 = VERTEX_POINT('', #1625);
#1627 = CARTESIAN_POINT('', (-547.7686, 108.9579, 121.4732));
#1626 = VERTEX_POINT('', #1627);
#1629 = CARTESIAN_POINT('', (-555.8107, 54.7426, 121.4732));
#1628 = VERTEX_POINT('', #1629);
#1631 = CARTESIAN_POINT('', (-558.5000, 0.0000, 121.4732));
#1630 = VERTEX_POINT('', #1631);
#1633 = CARTESIAN_POINT('', (-555.8107, -54.7426, 121.4732));
#1632 = VERTEX_POINT('', #1633);
#1635 = CARTESIAN_POINT('', (-547.7686, -108.9579, 121.4732));
#1634 = VERTEX_POINT('', #1635);
#1637 = CARTESIAN_POINT('', (-534.4512, -162.1240, 121.4732));
#1636 = VERTEX_POINT('', #1637);
#1639 = CARTESIAN_POINT('', (-515.9867, -213.7287, 121.4732));
#1638 = VERTEX_POINT('', #1639);
#1641 = CARTESIAN_POINT('', (-492.5530, -263.2751, 121.4732));
#1640 = VERTEX_POINT('', #1641);
#1643 = CARTESIAN_POINT('', (-464.3758, -310.2860, 121.4732));
#1642 = VERTEX_POINT('', #1643);
#1645 = CARTESIAN_POINT('', (-431.7263, -354.3086, 121.4732));
#1644 = VERTEX_POINT('', #1645);
#1647 = CARTESIAN_POINT('', (-394.9191, -394.9191, 121.4732));
#1646 = VERTEX_POINT('', #1647);
#1649 = CARTESIAN_POINT('', (-354.3086, -431.7263, 121.4732));
#1648 = VERTEX_POINT('', #1649);
#1651 = CARTESIAN_POINT('', (-310.2860, -464.3758, 121.4732));
#1650 = VERTEX_POINT('', #1651);
#1653 = CARTESIAN_POINT('', (-263.2751, -492.5530, 121.4732));
#1652 = VERTEX_POINT('', #1653);
#1655 = CARTESIAN_POINT('', (-213.7287, -515.9867, 121.4732));
#1654 = VERTEX_POINT('', #1655);
#1657 = CARTESIAN_POINT('', (-162.1240, -534.4512, 121.4732));
#1656 = VERTEX_POINT('', #1657);
#1659 = CARTESIAN_POINT('', (-108.9579, -547.7686, 121.4732));
#1658 = VERTEX_POINT('', #1659);
#1661 = CARTESIAN_POINT('', (-54.7426, -555.8107, 121.4732));
#1660 = VERTEX_POINT('', #1661);
#1663 = CARTESIAN_POINT('', (-0.0000, -558.5000, 121.4732));
#1662 = VERTEX_POINT('', #1663);
#1665 = CARTESIAN_POINT('', (54.7426, -555.8107, 121.4732));
#1664 = VERTEX_POINT('', #1665);
#1667 = CARTESIAN_POINT('', (108.9579, -547.7686, 121.4732));
#1666 = VERTEX_POINT('', #1667);
#1669 = CARTESIAN_POINT('', (162.1240, -534.4512, 121.4732));
#1668 = VERTEX_POINT('', #1669);
#1671 = CARTESIAN_POINT('', (213.7287, -515.9867, 121.4732));
#1670 = VERTEX_POINT('', #1671);
#1673 = CARTESIAN_POINT('', (263.2751, -492.5530, 121.4732));
#1672 = VERTEX_POINT('', #1673);
#1675 = CARTESIAN_POINT('', (310.2860, -464.3758, 121.4732));
#1674 = VERTEX_POINT('', #1675);
#1677 = CARTESIAN_POINT('', (354.3086, -431.7263, 121.4732));
#1676 = VERTEX_POINT('', #1677);
#1679 = CARTESIAN_POINT('', (394.9191, -394.9191, 121.4732));
#1678 = VERTEX_POINT('', #1679);
#1681 = CARTESIAN_POINT('', (431.7263, -354.3086, 121.4732));
#1680 = VERTEX_POINT('', #1681);
#1683 = CARTESIAN_POINT('', (464.3758, -310.2860, 121.4732));
#1682 = VERTEX_POINT('', #1683);
#1685 = CARTESIAN_POINT('', (492.5530, -263.2751, 121.4732));
#1684 = VERTEX_POINT('', #1685);
#1687 = CARTESIAN_POINT('', (515.9867, -213.7287, 121.4732));
#1686 = VERTEX_POINT('', #1687);
#1689 = CARTESIAN_POINT('', (534.4512, -162.1240, 121.4732));
#1688 = VERTEX_POINT('', #1689);
#1691 = CARTESIAN_POINT('', (547.7686, -108.9579, 121.4732));
#1690 = VERTEX_POINT('', #1691);
#1693 = CARTESIAN_POINT('', (555.8107, -54.7426, 121.4732));
#1692 = VERTEX_POINT('', #1693);
#1695 = CARTESIAN_POINT('', (851.2500, 0.0000, 262.3721));
#1694 = VERTEX_POINT('', #1695);
#1697 = CARTESIAN_POINT('', (845.6207, 83.2864, 258.7841));
#1696 = VERTEX_POINT('', #1697);
#1699 = CARTESIAN_POINT('', (829.7443, 165.0464, 250.1221));
#1698 = VERTEX_POINT('', #1699);
#1701 = CARTESIAN_POINT('', (806.0191, 244.5032, 241.4600));
#1700 = VERTEX_POINT('', #1701);
#1703 = CARTESIAN_POINT('', (776.7517, 321.7411, 237.8721));
#1702 = VERTEX_POINT('', #1703);
#1705 = CARTESIAN_POINT('', (742.8314, 397.0517, 241.4600));
#1704 = VERTEX_POINT('', #1705);
#1707 = CARTESIAN_POINT('', (703.4233, 470.0124, 250.1221));
#1706 = VERTEX_POINT('', #1707);
#1709 = CARTESIAN_POINT('', (656.8365, 539.0518, 258.7841));
#1708 = VERTEX_POINT('', #1709);
#1711 = CARTESIAN_POINT('', (601.9246, 601.9246, 262.3721));
#1710 = VERTEX_POINT('', #1711);
#1713 = CARTESIAN_POINT('', (539.0518, 656.8365, 258.7841));
#1712 = VERTEX_POINT('', #1713);
#1715 = CARTESIAN_POINT('', (470.0124, 703.4233, 250.1221));
#1714 = VERTEX_POINT('', #1715);
#1717 = CARTESIAN_POINT('', (397.0517, 742.8314, 241.4600));
#1716 = VERTEX_POINT('', #1717);
#1719 = CARTESIAN_POINT('', (321.7411, 776.7517, 237.8721));
#1718 = VERTEX_POINT('', #1719);
#1721 = CARTESIAN_POINT('', (244.5032, 806.0191, 241.4600));
#1720 = VERTEX_POINT('', #1721);
#1723 = CARTESIAN_POINT('', (165.0464, 829.7443, 250.1221));
#1722 = VERTEX_POINT('', #1723);
#1725 = CARTESIAN_POINT('', (83.2864, 845.6207, 258.7841));
#1724 = VERTEX_POINT('', #1725);
#1727 = CARTESIAN_POINT('', (0.0000, 851.2500, 262.3721));
#1726 = VERTEX_POINT('', #1727);
#1729 = CARTESIAN_POINT('', (-83.2864, 845.6207, 258.7841));
#1728 = VERTEX_POINT('', #1729);
#1731 = CARTESIAN_POINT('', (-165.0464, 829.7443, 250.1221));
#1730 = VERTEX_POINT('', #1731);
#1733 = CARTESIAN_POINT('', (-244.5032, 806.0191, 241.4600));
#1732 = VERTEX_POINT('', #1733);
#1735 = CARTESIAN_POINT('', (-321.7411, 776.7517, 237.8721));
#1734 = VERTEX_POINT('', #1735);
#1737 = CARTESIAN_POINT('', (-397.0517, 742.8314, 241.4600));
#1736 = VERTEX_POINT('', #1737);
#1739 = CARTESIAN_POINT('', (-470.0124, 703.4233, 250.1221));
#1738 = VERTEX_POINT('', #1739);
#1741 = CARTESIAN_POINT('', (-539.0518, 656.8365, 258.7841));
#1740 = VERTEX_POINT('', #1741);
#1743 = CARTESIAN_POINT('', (-601.9246, 601.9246, 262.3721));
#1742 = VERTEX_POINT('', #1743);
#1745 = CARTESIAN_POINT('', (-656.8365, 539.0518, 258.7841));
#1744 = VERTEX_POINT('', #1745);
#1747 = CARTESIAN_POINT('', (-703.4233, 470.0124, 250.1221));
#1746 = VERTEX_POINT('', #1747);
#1749 = CARTESIAN_POINT('', (-742.8314, 397.0517, 241.4600));
#1748 = VERTEX_POINT('', #1749);
#1751 = CARTESIAN_POINT('', (-776.7517, 321.7411, 237.8721));
#1750 = VERTEX_POINT('', #1751);
#1753 = CARTESIAN_POINT('', (-806.0191, 244.5032, 241.4600));
#1752 = VERTEX_POINT('', #1753);
#1755 = CARTESIAN_POINT('', (-829.7443, 165.0464, 250.1221));
#1754 = VERTEX_POINT('', #1755);
#1757 = CARTESIAN_POINT('', (-845.6207, 83.2864, 258.7841));
#1756 = VERTEX_POINT('', #1757);
#1759 = CARTESIAN_POINT('', (-851.2500, 0.0000, 262.3721));
#1758 = VERTEX_POINT('', #1759);
#1761 = CARTESIAN_POINT('', (-845.6207, -83.2864, 258.7841));
#1760 = VERTEX_POINT('', #1761);
#1763 = CARTESIAN_POINT('', (-829.7443, -165.0464, 250.1221));
#1762 = VERTEX_POINT('', #1763);
#1765 = CARTESIAN_POINT('', (-806.0191, -244.5032, 241.4600));
#1764 = VERTEX_POINT('', #1765);
#1767 = CARTESIAN_POINT('', (-776.7517, -321.7411, 237.8721));
#1766 = VERTEX_POINT('', #1767);
#1769 = CARTESIAN_POINT('', (-742.8314, -397.0517, 241.4600));
#1768 = VERTEX_POINT('', #1769);
#1771 = CARTESIAN_POINT('', (-703.4233, -470.0124, 250.1221));
#1770 = VERTEX_POINT('', #1771);
#1773 = CARTESIAN_POINT('', (-656.8365, -539.0518, 258.7841));
#1772 = VERTEX_POINT('', #1773);
#1775 = CARTESIAN_POINT('', (-601.9246, -601.9246, 262.3721));
#1774 = VERTEX_POINT('', #1775);
#1777 = CARTESIAN_POINT('', (-539.0518, -656.8365, 258.7841));
#1776 = VERTEX_POINT('', #1777);
#1779 = CARTESIAN_POINT('', (-470.0124, -703.4233, 250.1221));
#1778 = VERTEX_POINT('', #1779);
#1781 = CARTESIAN_POINT('', (-397.0517, -742.8314, 241.4600));
#1780 = VERTEX_POINT('', #1781);
#1783 = CARTESIAN_POINT('', (-321.7411, -776.7517, 237.8721));
#1782 = VERTEX_POINT('', #1783);
#1785 = CARTESIAN_POINT('', (-244.5032, -806.0191, 241.4600));
#1784 = VERTEX_POINT('', #1785);
#1787 = CARTESIAN_POINT('', (-165.0464, -829.7443, 250.1221));
#1786 = VERTEX_POINT('', #1787);
#1789 = CARTESIAN_POINT('', (-83.2864, -845.6207, 258.7841));
#1788 = VERTEX_POINT('', #1789);
#1791 = CARTESIAN_POINT('', (-0.0000, -851.2500, 262.3721));
#1790 = VERTEX_POINT('', #1791);
#1793 = CARTESIAN_POINT('', (83.2864, -845.6207, 258.7841));
#1792 = VERTEX_POINT('', #1793);
#1795 = CARTESIAN_POINT('', (165.0464, -829.7443, 250.1221));
#1794 = VERTEX_POINT('', #1795);
#1797 = CARTESIAN_POINT('', (244.5032, -806.0191, 241.4600));
#1796 = VERTEX_POINT('', #1797);
#1799 = CARTESIAN_POINT('', (321.7411, -776.7517, 237.8721));
#1798 = VERTEX_POINT('', #1799);
#1801 = CARTESIAN_POINT('', (397.0517, -742.8314, 241.4600));
#1800 = VERTEX_POINT('', #1801);
#1803 = CARTESIAN_POINT('', (470.0124, -703.4233, 250.1221));
#1802 = VERTEX_POINT('', #1803);
#1805 = CARTESIAN_POINT('', (539.0518, -656.8365, 258.7841));
#1804 = VERTEX_POINT('', #1805);
#1807 = CARTESIAN_POINT('', (601.9246, -601.9246, 262.3721));
#1806 = VERTEX_POINT('', #1807);
#1809 = CARTESIAN_POINT('', (656.8365, -539.0518, 258.7841));
#1808 = VERTEX_POINT('', #1809);
#1811 = CARTESIAN_POINT('', (703.4233, -470.0124, 250.1221));
#1810 = VERTEX_POINT('', #1811);
#1813 = CARTESIAN_POINT('', (742.8314, -397.0517, 241.4600));
#1812 = VERTEX_POINT('', #1813);
#1815 = CARTESIAN_POINT('', (776.7517, -321.7411, 237.8721));
#1814 = VERTEX_POINT('', #1815);
#1817 = CARTESIAN_POINT('', (806.0191, -244.5032, 241.4600));
#1816 = VERTEX_POINT('', #1817);
#1819 = CARTESIAN_POINT('', (829.7443, -165.0464, 250.1221));
#1818 = VERTEX_POINT('', #1819);
#1821 = CARTESIAN_POINT('', (845.6207, -83.2864, 258.7841));
#1820 = VERTEX_POINT('', #1821);
#1823 = CARTESIAN_POINT('', (250.0000, 0.0000, -300.0000));
#1822 = VERTEX_POINT('', #1823);
#1825 = CARTESIAN_POINT('', (248.7962, 24.5043, -300.0000));
#1824 = VERTEX_POINT('', #1825);
#1827 = CARTESIAN_POINT('', (245.1963, 48.7726, -300.0000));
#1826 = VERTEX_POINT('', #1827);
#1829 = CARTESIAN_POINT('', (239.2351, 72.5712, -300.0000));
#1828 = VERTEX_POINT('', #1829);
#1831 = CARTESIAN_POINT('', (230.9699, 95.6709, -300.0000));
#1830 = VERTEX_POINT('', #1831);
#1833 = CARTESIAN_POINT('', (220.4803, 117.8492, -300.0000));
#1832 = VERTEX_POINT('', #1833);
#1835 = CARTESIAN_POINT('', (207.8674, 138.8926, -300.0000));
#1834 = VERTEX_POINT('', #1835);
#1837 = CARTESIAN_POINT('', (193.2526, 158.5983, -300.0000));
#1836 = VERTEX_POINT('', #1837);
#1839 = CARTESIAN_POINT('', (176.7767, 176.7767, -300.0000));
#1838 = VERTEX_POINT('', #1839);
#1841 = CARTESIAN_POINT('', (158.5983, 193.2526, -300.0000));
#1840 = VERTEX_POINT('', #1841);
#1843 = CARTESIAN_POINT('', (138.8926, 207.8674, -300.0000));
#1842 = VERTEX_POINT('', #1843);
#1845 = CARTESIAN_POINT('', (117.8492, 220.4803, -300.0000));
#1844 = VERTEX_POINT('', #1845);
#1847 = CARTESIAN_POINT('', (95.6709, 230.9699, -300.0000));
#1846 = VERTEX_POINT('', #1847);
#1849 = CARTESIAN_POINT('', (72.5712, 239.2351, -300.0000));
#1848 = VERTEX_POINT('', #1849);
#1851 = CARTESIAN_POINT('', (48.7726, 245.1963, -300.0000));
#1850 = VERTEX_POINT('', #1851);
#1853 = CARTESIAN_POINT('', (24.5043, 248.7962, -300.0000));
#1852 = VERTEX_POINT('', #1853);
#1855 = CARTESIAN_POINT('', (0.0000, 250.0000, -300.0000));
#1854 = VERTEX_POINT('', #1855);
#1857 = CARTESIAN_POINT('', (-24.5043, 248.7962, -300.0000));
#1856 = VERTEX_POINT('', #1857);
#1859 = CARTESIAN_POINT('', (-48.7726, 245.1963, -300.0000));
#1858 = VERTEX_POINT('', #1859);
#1861 = CARTESIAN_POINT('', (-72.5712, 239.2351, -300.0000));
#1860 = VERTEX_POINT('', #1861);
#1863 = CARTESIAN_POINT('', (-95.6709, 230.9699, -300.0000));
#1862 = VERTEX_POINT('', #1863);
#1865 = CARTESIAN_POINT('', (-117.8492, 220.4803, -300.0000));
#1864 = VERTEX_POINT('', #1865);
#1867 = CARTESIAN_POINT('', (-138.8926, 207.8674, -300.0000));
#1866 = VERTEX_POINT('', #1867);
#1869 = CARTESIAN_POINT('', (-158.5983, 193.2526, -300.0000));
#1868 = VERTEX_POINT('', #1869);
#1871 = CARTESIAN_POINT('', (-176.7767, 176.7767, -300.0000));
#1870 = VERTEX_POINT('', #1871);
#1873 = CARTESIAN_POINT('', (-193.2526, 158.5983, -300.0000));
#1872 = VERTEX_POINT('', #1873);
#1875 = CARTESIAN_POINT('', (-207.8674, 138.8926, -300.0000));
#1874 = VERTEX_POINT('', #1875);
#1877 = CARTESIAN_POINT('', (-220.4803, 117.8492, -300.0000));
#1876 = VERTEX_POINT('', #1877);
#1879 = CARTESIAN_POINT('', (-230.9699, 95.6709, -300.0000));
#1878 = VERTEX_POINT('', #1879);
#1881 = CARTESIAN_POINT('', (-239.2351, 72.5712, -300.0000));
#1880 = VERTEX_POINT('', #1881);
#1883 = CARTESIAN_POINT('', (-245.1963, 48.7726, -300.0000));
#1882 = VERTEX_POINT('', #1883);
#1885 = CARTESIAN_POINT('', (-248.7962, 24.5043, -300.0000));
#1884 = VERTEX_POINT('', #1885);
#1887 = CARTESIAN_POINT('', (-250.0000, 0.0000, -300.0000));
#1886 = VERTEX_POINT('', #1887);
#1889 = CARTESIAN_POINT('', (-248.7962, -24.5043, -300.0000));
#1888 = VERTEX_POINT('', #1889);
#1891 = CARTESIAN_POINT('', (-245.1963, -48.7726, -300.0000));
#1890 = VERTEX_POINT('', #1891);
#1893 = CARTESIAN_POINT('', (-239.2351, -72.5712, -300.0000));
#1892 = VERTEX_POINT('', #1893);
#1895 = CARTESIAN_POINT('', (-230.9699, -95.6709, -300.0000));
#1894 = VERTEX_POINT('', #1895);
#1897 = CARTESIAN_POINT('', (-220.4803, -117.8492, -300.0000));
#1896 = VERTEX_POINT('', #1897);
#1899 = CARTESIAN_POINT('', (-207.8674, -138.8926, -300.0000));
#1898 = VERTEX_POINT('', #1899);
#1901 = CARTESIAN_POINT('', (-193.2526, -158.5983, -300.0000));
#1900 = VERTEX_POINT('', #1901);
#1903 = CARTESIAN_POINT('', (-176.7767, -176.7767, -300.0000));
#1902 = VERTEX_POINT('', #1903);
#1905 = CARTESIAN_POINT('', (-158.5983, -193.2526, -300.0000));
#1904 = VERTEX_POINT('', #1905);
#1907 = CARTESIAN_POINT('', (-138.8926, -207.8674, -300.0000));
#1906 = VERTEX_POINT('', #1907);
#1909 = CARTESIAN_POINT('', (-117.8492, -220.4803, -300.0000));
#1908 = VERTEX_POINT('', #1909);
#1911 = CARTESIAN_POINT('', (-95.6709, -230.9699, -300.0000));
#1910 = VERTEX_POINT('', #1911);
#1913 = CARTESIAN_POINT('', (-72.5712, -239.2351, -300.0000));
#1912 = VERTEX_POINT('', #1913);
#1915 = CARTESIAN_POINT('', (-48.7726, -245.1963, -300.0000));
#1914 = VERTEX_POINT('', #1915);
#1917 = CARTESIAN_POINT('', (-24.5043, -248.7962, -300.0000));
#1916 = VERTEX_POINT('', #1917);
#1919 = CARTESIAN_POINT('', (-0.0000, -250.0000, -300.0000));
#1918 = VERTEX_POINT('', #1919);
#1921 = CARTESIAN_POINT('', (24.5043, -248.7962, -300.0000));
#1920 = VERTEX_POINT('', #1921);
#1923 = CARTESIAN_POINT('', (48.7726, -245.1963, -300.0000));
#1922 = VERTEX_POINT('', #1923);
#1925 = CARTESIAN_POINT('', (72.5712, -239.2351, -300.0000));
#1924 = VERTEX_POINT('', #1925);
#1927 = CARTESIAN_POINT('', (95.6709, -230.9699, -300.0000));
#1926 = VERTEX_POINT('', #1927);
#1929 = CARTESIAN_POINT('', (117.8492, -220.4803, -300.0000));
#1928 = VERTEX_POINT('', #1929);
#1931 = CARTESIAN_POINT('', (138.8926, -207.8674, -300.0000));
#1930 = VERTEX_POINT('', #1931);
#1933 = CARTESIAN_POINT('', (158.5983, -193.2526, -300.0000));
#1932 = VERTEX_POINT('', #1933);
#1935 = CARTESIAN_POINT('', (176.7767, -176.7767, -300.0000));
#1934 = VERTEX_POINT('', #1935);
#1937 = CARTESIAN_POINT('', (193.2526, -158.5983, -300.0000));
#1936 = VERTEX_POINT('', #1937);
#1939 = CARTESIAN_POINT('', (207.8674, -138.8926, -300.0000));
#1938 = VERTEX_POINT('', #1939);
#1941 = CARTESIAN_POINT('', (220.4803, -117.8492, -300.0000));
#1940 = VERTEX_POINT('', #1941);
#1943 = CARTESIAN_POINT('', (230.9699, -95.6709, -300.0000));
#1942 = VERTEX_POINT('', #1943);
#1945 = CARTESIAN_POINT('', (239.2351, -72.5712, -300.0000));
#1944 = VERTEX_POINT('', #1945);
#1947 = CARTESIAN_POINT('', (245.1963, -48.7726, -300.0000));
#1946 = VERTEX_POINT('', #1947);
#1949 = CARTESIAN_POINT('', (248.7962, -24.5043, -300.0000));
#1948 = VERTEX_POINT('', #1949);
#1951 = CARTESIAN_POINT('', (255.0000, 0.0000, -300.0000));
#1950 = VERTEX_POINT('', #1951);
#1953 = CARTESIAN_POINT('', (253.7721, 24.9944, -300.0000));
#1952 = VERTEX_POINT('', #1953);
#1955 = CARTESIAN_POINT('', (250.1002, 49.7480, -300.0000));
#1954 = VERTEX_POINT('', #1955);
#1957 = CARTESIAN_POINT('', (244.0198, 74.0226, -300.0000));
#1956 = VERTEX_POINT('', #1957);
#1959 = CARTESIAN_POINT('', (235.5893, 97.5843, -300.0000));
#1958 = VERTEX_POINT('', #1959);
#1961 = CARTESIAN_POINT('', (224.8899, 120.2062, -300.0000));
#1960 = VERTEX_POINT('', #1961);
#1963 = CARTESIAN_POINT('', (212.0248, 141.6704, -300.0000));
#1962 = VERTEX_POINT('', #1963);
#1965 = CARTESIAN_POINT('', (197.1177, 161.7703, -300.0000));
#1964 = VERTEX_POINT('', #1965);
#1967 = CARTESIAN_POINT('', (180.3122, 180.3122, -300.0000));
#1966 = VERTEX_POINT('', #1967);
#1969 = CARTESIAN_POINT('', (161.7703, 197.1177, -300.0000));
#1968 = VERTEX_POINT('', #1969);
#1971 = CARTESIAN_POINT('', (141.6704, 212.0248, -300.0000));
#1970 = VERTEX_POINT('', #1971);
#1973 = CARTESIAN_POINT('', (120.2062, 224.8899, -300.0000));
#1972 = VERTEX_POINT('', #1973);
#1975 = CARTESIAN_POINT('', (97.5843, 235.5893, -300.0000));
#1974 = VERTEX_POINT('', #1975);
#1977 = CARTESIAN_POINT('', (74.0226, 244.0198, -300.0000));
#1976 = VERTEX_POINT('', #1977);
#1979 = CARTESIAN_POINT('', (49.7480, 250.1002, -300.0000));
#1978 = VERTEX_POINT('', #1979);
#1981 = CARTESIAN_POINT('', (24.9944, 253.7721, -300.0000));
#1980 = VERTEX_POINT('', #1981);
#1983 = CARTESIAN_POINT('', (0.0000, 255.0000, -300.0000));
#1982 = VERTEX_POINT('', #1983);
#1985 = CARTESIAN_POINT('', (-24.9944, 253.7721, -300.0000));
#1984 = VERTEX_POINT('', #1985);
#1987 = CARTESIAN_POINT('', (-49.7480, 250.1002, -300.0000));
#1986 = VERTEX_POINT('', #1987);
#1989 = CARTESIAN_POINT('', (-74.0226, 244.0198, -300.0000));
#1988 = VERTEX_POINT('', #1989);
#1991 = CARTESIAN_POINT('', (-97.5843, 235.5893, -300.0000));
#1990 = VERTEX_POINT('', #1991);
#1993 = CARTESIAN_POINT('', (-120.2062, 224.8899, -300.0000));
#1992 = VERTEX_POINT('', #1993);
#1995 = CARTESIAN_POINT('', (-141.6704, 212.0248, -300.0000));
#1994 = VERTEX_POINT('', #1995);
#1997 = CARTESIAN_POINT('', (-161.7703, 197.1177, -300.0000));
#1996 = VERTEX_POINT('', #1997);
#1999 = CARTESIAN_POINT('', (-180.3122, 180.3122, -300.0000));
#1998 = VERTEX_POINT('', #1999);
#2001 = CARTESIAN_POINT('', (-197.1177, 161.7703, -300.0000));
#2000 = VERTEX_POINT('', #2001);
#2003 = CARTESIAN_POINT('', (-212.0248, 141.6704, -300.0000));
#2002 = VERTEX_POINT('', #2003);
#2005 = CARTESIAN_POINT('', (-224.8899, 120.2062, -300.0000));
#2004 = VERTEX_POINT('', #2005);
#2007 = CARTESIAN_POINT('', (-235.5893, 97.5843, -300.0000));
#2006 = VERTEX_POINT('', #2007);
#2009 = CARTESIAN_POINT('', (-244.0198, 74.0226, -300.0000));
#2008 = VERTEX_POINT('', #2009);
#2011 = CARTESIAN_POINT('', (-250.1002, 49.7480, -300.0000));
#2010 = VERTEX_POINT('', #2011);
#2013 = CARTESIAN_POINT('', (-253.7721, 24.9944, -300.0000));
#2012 = VERTEX_POINT('', #2013);
#2015 = CARTESIAN_POINT('', (-255.0000, 0.0000, -300.0000));
#2014 = VERTEX_POINT('', #2015);
#2017 = CARTESIAN_POINT('', (-253.7721, -24.9944, -300.0000));
#2016 = VERTEX_POINT('', #2017);
#2019 = CARTESIAN_POINT('', (-250.1002, -49.7480, -300.0000));
#2018 = VERTEX_POINT('', #2019);
#2021 = CARTESIAN_POINT('', (-244.0198, -74.0226, -300.0000));
#2020 = VERTEX_POINT('', #2021);
#2023 = CARTESIAN_POINT('', (-235.5893, -97.5843, -300.0000));
#2022 = VERTEX_POINT('', #2023);
#2025 = CARTESIAN_POINT('', (-224.8899, -120.2062, -300.0000));
#2024 = VERTEX_POINT('', #2025);
#2027 = CARTESIAN_POINT('', (-212.0248, -141.6704, -300.0000));
#2026 = VERTEX_POINT('', #2027);
#2029 = CARTESIAN_POINT('', (-197.1177, -161.7703, -300.0000));
#2028 = VERTEX_POINT('', #2029);
#2031 = CARTESIAN_POINT('', (-180.3122, -180.3122, -300.0000));
#2030 = VERTEX_POINT('', #2031);
#2033 = CARTESIAN_POINT('', (-161.7703, -197.1177, -300.0000));
#2032 = VERTEX_POINT('', #2033);
#2035 = CARTESIAN_POINT('', (-141.6704, -212.0248, -300.0000));
#2034 = VERTEX_POINT('', #2035);
#2037 = CARTESIAN_POINT('', (-120.2062, -224.8899, -300.0000));
#2036 = VERTEX_POINT('', #2037);
#2039 = CARTESIAN_POINT('', (-97.5843, -235.5893, -300.0000));
#2038 = VERTEX_POINT('', #2039);
#2041 = CARTESIAN_POINT('', (-74.0226, -244.0198, -300.0000));
#2040 = VERTEX_POINT('', #2041);
#2043 = CARTESIAN_POINT('', (-49.7480, -250.1002, -300.0000));
#2042 = VERTEX_POINT('', #2043);
#2045 = CARTESIAN_POINT('', (-24.9944, -253.7721, -300.0000));
#2044 = VERTEX_POINT('', #2045);
#2047 = CARTESIAN_POINT('', (-0.0000, -255.0000, -300.0000));
#2046 = VERTEX_POINT('', #2047);
#2049 = CARTESIAN_POINT('', (24.9944, -253.7721, -300.0000));
#2048 = VERTEX_POINT('', #2049);
#2051 = CARTESIAN_POINT('', (49.7480, -250.1002, -300.0000));
#2050 = VERTEX_POINT('', #2051);
#2053 = CARTESIAN_POINT('', (74.0226, -244.0198, -300.0000));
#2052 = VERTEX_POINT('', #2053);
#2055 = CARTESIAN_POINT('', (97.5843, -235.5893, -300.0000));
#2054 = VERTEX_POINT('', #2055);
#2057 = CARTESIAN_POINT('', (120.2062, -224.8899, -300.0000));
#2056 = VERTEX_POINT('', #2057);
#2059 = CARTESIAN_POINT('', (141.6704, -212.0248, -300.0000));
#2058 = VERTEX_POINT('', #2059);
#2061 = CARTESIAN_POINT('', (161.7703, -197.1177, -300.0000));
#2060 = VERTEX_POINT('', #2061);
#2063 = CARTESIAN_POINT('', (180.3122, -180.3122, -300.0000));
#2062 = VERTEX_POINT('', #2063);
#2065 = CARTESIAN_POINT('', (197.1177, -161.7703, -300.0000));
#2064 = VERTEX_POINT('', #2065);
#2067 = CARTESIAN_POINT('', (212.0248, -141.6704, -300.0000));
#2066 = VERTEX_POINT('', #2067);
#2069 = CARTESIAN_POINT('', (224.8899, -120.2062, -300.0000));
#2068 = VERTEX_POINT('', #2069);
#2071 = CARTESIAN_POINT('', (235.5893, -97.5843, -300.0000));
#2070 = VERTEX_POINT('', #2071);
#2073 = CARTESIAN_POINT('', (244.0198, -74.0226, -300.0000));
#2072 = VERTEX_POINT('', #2073);
#2075 = CARTESIAN_POINT('', (250.1002, -49.7480, -300.0000));
#2074 = VERTEX_POINT('', #2075);
#2077 = CARTESIAN_POINT('', (253.7721, -24.9944, -300.0000));
#2076 = VERTEX_POINT('', #2077);
#2079 = CARTESIAN_POINT('', (255.0000, 0.0000, -200.0000));
#2078 = VERTEX_POINT('', #2079);
#2081 = CARTESIAN_POINT('', (253.7721, 24.9944, -200.0000));
#2080 = VERTEX_POINT('', #2081);
#2083 = CARTESIAN_POINT('', (250.1002, 49.7480, -200.0000));
#2082 = VERTEX_POINT('', #2083);
#2085 = CARTESIAN_POINT('', (244.0198, 74.0226, -200.0000));
#2084 = VERTEX_POINT('', #2085);
#2087 = CARTESIAN_POINT('', (235.5893, 97.5843, -200.0000));
#2086 = VERTEX_POINT('', #2087);
#2089 = CARTESIAN_POINT('', (224.8899, 120.2062, -200.0000));
#2088 = VERTEX_POINT('', #2089);
#2091 = CARTESIAN_POINT('', (212.0248, 141.6704, -200.0000));
#2090 = VERTEX_POINT('', #2091);
#2093 = CARTESIAN_POINT('', (197.1177, 161.7703, -200.0000));
#2092 = VERTEX_POINT('', #2093);
#2095 = CARTESIAN_POINT('', (180.3122, 180.3122, -200.0000));
#2094 = VERTEX_POINT('', #2095);
#2097 = CARTESIAN_POINT('', (161.7703, 197.1177, -200.0000));
#2096 = VERTEX_POINT('', #2097);
#2099 = CARTESIAN_POINT('', (141.6704, 212.0248, -200.0000));
#2098 = VERTEX_POINT('', #2099);
#2101 = CARTESIAN_POINT('', (120.2062, 224.8899, -200.0000));
#2100 = VERTEX_POINT('', #2101);
#2103 = CARTESIAN_POINT('', (97.5843, 235.5893, -200.0000));
#2102 = VERTEX_POINT('', #2103);
#2105 = CARTESIAN_POINT('', (74.0226, 244.0198, -200.0000));
#2104 = VERTEX_POINT('', #2105);
#2107 = CARTESIAN_POINT('', (49.7480, 250.1002, -200.0000));
#2106 = VERTEX_POINT('', #2107);
#2109 = CARTESIAN_POINT('', (24.9944, 253.7721, -200.0000));
#2108 = VERTEX_POINT('', #2109);
#2111 = CARTESIAN_POINT('', (0.0000, 255.0000, -200.0000));
#2110 = VERTEX_POINT('', #2111);
#2113 = CARTESIAN_POINT('', (-24.9944, 253.7721, -200.0000));
#2112 = VERTEX_POINT('', #2113);
#2115 = CARTESIAN_POINT('', (-49.7480, 250.1002, -200.0000));
#2114 = VERTEX_POINT('', #2115);
#2117 = CARTESIAN_POINT('', (-74.0226, 244.0198, -200.0000));
#2116 = VERTEX_POINT('', #2117);
#2119 = CARTESIAN_POINT('', (-97.5843, 235.5893, -200.0000));
#2118 = VERTEX_POINT('', #2119);
#2121 = CARTESIAN_POINT('', (-120.2062, 224.8899, -200.0000));
#2120 = VERTEX_POINT('', #2121);
#2123 = CARTESIAN_POINT('', (-141.6704, 212.0248, -200.0000));
#2122 = VERTEX_POINT('', #2123);
#2125 = CARTESIAN_POINT('', (-161.7703, 197.1177, -200.0000));
#2124 = VERTEX_POINT('', #2125);
#2127 = CARTESIAN_POINT('', (-180.3122, 180.3122, -200.0000));
#2126 = VERTEX_POINT('', #2127);
#2129 = CARTESIAN_POINT('', (-197.1177, 161.7703, -200.0000));
#2128 = VERTEX_POINT('', #2129);
#2131 = CARTESIAN_POINT('', (-212.0248, 141.6704, -200.0000));
#2130 = VERTEX_POINT('', #2131);
#2133 = CARTESIAN_POINT('', (-224.8899, 120.2062, -200.0000));
#2132 = VERTEX_POINT('', #2133);
#2135 = CARTESIAN_POINT('', (-235.5893, 97.5843, -200.0000));
#2134 = VERTEX_POINT('', #2135);
#2137 = CARTESIAN_POINT('', (-244.0198, 74.0226, -200.0000));
#2136 = VERTEX_POINT('', #2137);
#2139 = CARTESIAN_POINT('', (-250.1002, 49.7480, -200.0000));
#2138 = VERTEX_POINT('', #2139);
#2141 = CARTESIAN_POINT('', (-253.7721, 24.9944, -200.0000));
#2140 = VERTEX_POINT('', #2141);
#2143 = CARTESIAN_POINT('', (-255.0000, 0.0000, -200.0000));
#2142 = VERTEX_POINT('', #2143);
#2145 = CARTESIAN_POINT('', (-253.7721, -24.9944, -200.0000));
#2144 = VERTEX_POINT('', #2145);
#2147 = CARTESIAN_POINT('', (-250.1002, -49.7480, -200.0000));
#2146 = VERTEX_POINT('', #2147);
#2149 = CARTESIAN_POINT('', (-244.0198, -74.0226, -200.0000));
#2148 = VERTEX_POINT('', #2149);
#2151 = CARTESIAN_POINT('', (-235.5893, -97.5843, -200.0000));
#2150 = VERTEX_POINT('', #2151);
#2153 = CARTESIAN_POINT('', (-224.8899, -120.2062, -200.0000));
#2152 = VERTEX_POINT('', #2153);
#2155 = CARTESIAN_POINT('', (-212.0248, -141.6704, -200.0000));
#2154 = VERTEX_POINT('', #2155);
#2157 = CARTESIAN_POINT('', (-197.1177, -161.7703, -200.0000));
#2156 = VERTEX_POINT('', #2157);
#2159 = CARTESIAN_POINT('', (-180.3122, -180.3122, -200.0000));
#2158 = VERTEX_POINT('', #2159);
#2161 = CARTESIAN_POINT('', (-161.7703, -197.1177, -200.0000));
#2160 = VERTEX_POINT('', #2161);
#2163 = CARTESIAN_POINT('', (-141.6704, -212.0248, -200.0000));
#2162 = VERTEX_POINT('', #2163);
#2165 = CARTESIAN_POINT('', (-120.2062, -224.8899, -200.0000));
#2164 = VERTEX_POINT('', #2165);
#2167 = CARTESIAN_POINT('', (-97.5843, -235.5893, -200.0000));
#2166 = VERTEX_POINT('', #2167);
#2169 = CARTESIAN_POINT('', (-74.0226, -244.0198, -200.0000));
#2168 = VERTEX_POINT('', #2169);
#2171 = CARTESIAN_POINT('', (-49.7480, -250.1002, -200.0000));
#2170 = VERTEX_POINT('', #2171);
#2173 = CARTESIAN_POINT('', (-24.9944, -253.7721, -200.0000));
#2172 = VERTEX_POINT('', #2173);
#2175 = CARTESIAN_POINT('', (-0.0000, -255.0000, -200.0000));
#2174 = VERTEX_POINT('', #2175);
#2177 = CARTESIAN_POINT('', (24.9944, -253.7721, -200.0000));
#2176 = VERTEX_POINT('', #2177);
#2179 = CARTESIAN_POINT('', (49.7480, -250.1002, -200.0000));
#2178 = VERTEX_POINT('', #2179);
#2181 = CARTESIAN_POINT('', (74.0226, -244.0198, -200.0000));
#2180 = VERTEX_POINT('', #2181);
#2183 = CARTESIAN_POINT('', (97.5843, -235.5893, -200.0000));
#2182 = VERTEX_POINT('', #2183);
#2185 = CARTESIAN_POINT('', (120.2062, -224.8899, -200.0000));
#2184 = VERTEX_POINT('', #2185);
#2187 = CARTESIAN_POINT('', (141.6704, -212.0248, -200.0000));
#2186 = VERTEX_POINT('', #2187);
#2189 = CARTESIAN_POINT('', (161.7703, -197.1177, -200.0000));
#2188 = VERTEX_POINT('', #2189);
#2191 = CARTESIAN_POINT('', (180.3122, -180.3122, -200.0000));
#2190 = VERTEX_POINT('', #2191);
#2193 = CARTESIAN_POINT('', (197.1177, -161.7703, -200.0000));
#2192 = VERTEX_POINT('', #2193);
#2195 = CARTESIAN_POINT('', (212.0248, -141.6704, -200.0000));
#2194 = VERTEX_POINT('', #2195);
#2197 = CARTESIAN_POINT('', (224.8899, -120.2062, -200.0000));
#2196 = VERTEX_POINT('', #2197);
#2199 = CARTESIAN_POINT('', (235.5893, -97.5843, -200.0000));
#2198 = VERTEX_POINT('', #2199);
#2201 = CARTESIAN_POINT('', (244.0198, -74.0226, -200.0000));
#2200 = VERTEX_POINT('', #2201);
#2203 = CARTESIAN_POINT('', (250.1002, -49.7480, -200.0000));
#2202 = VERTEX_POINT('', #2203);
#2205 = CARTESIAN_POINT('', (253.7721, -24.9944, -200.0000));
#2204 = VERTEX_POINT('', #2205);
#2207 = CARTESIAN_POINT('', (290.0000, 0.0000, -200.0000));
#2206 = VERTEX_POINT('', #2207);
#2209 = CARTESIAN_POINT('', (288.6036, 28.4250, -200.0000));
#2208 = VERTEX_POINT('', #2209);
#2211 = CARTESIAN_POINT('', (284.4277, 56.5762, -200.0000));
#2210 = VERTEX_POINT('', #2211);
#2213 = CARTESIAN_POINT('', (277.5127, 84.1826, -200.0000));
#2212 = VERTEX_POINT('', #2213);
#2215 = CARTESIAN_POINT('', (267.9251, 110.9782, -200.0000));
#2214 = VERTEX_POINT('', #2215);
#2217 = CARTESIAN_POINT('', (255.7572, 136.7051, -200.0000));
#2216 = VERTEX_POINT('', #2217);
#2219 = CARTESIAN_POINT('', (241.1262, 161.1154, -200.0000));
#2218 = VERTEX_POINT('', #2219);
#2221 = CARTESIAN_POINT('', (224.1730, 183.9741, -200.0000));
#2220 = VERTEX_POINT('', #2221);
#2223 = CARTESIAN_POINT('', (205.0610, 205.0610, -200.0000));
#2222 = VERTEX_POINT('', #2223);
#2225 = CARTESIAN_POINT('', (183.9741, 224.1730, -200.0000));
#2224 = VERTEX_POINT('', #2225);
#2227 = CARTESIAN_POINT('', (161.1154, 241.1262, -200.0000));
#2226 = VERTEX_POINT('', #2227);
#2229 = CARTESIAN_POINT('', (136.7051, 255.7572, -200.0000));
#2228 = VERTEX_POINT('', #2229);
#2231 = CARTESIAN_POINT('', (110.9782, 267.9251, -200.0000));
#2230 = VERTEX_POINT('', #2231);
#2233 = CARTESIAN_POINT('', (84.1826, 277.5127, -200.0000));
#2232 = VERTEX_POINT('', #2233);
#2235 = CARTESIAN_POINT('', (56.5762, 284.4277, -200.0000));
#2234 = VERTEX_POINT('', #2235);
#2237 = CARTESIAN_POINT('', (28.4250, 288.6036, -200.0000));
#2236 = VERTEX_POINT('', #2237);
#2239 = CARTESIAN_POINT('', (0.0000, 290.0000, -200.0000));
#2238 = VERTEX_POINT('', #2239);
#2241 = CARTESIAN_POINT('', (-28.4250, 288.6036, -200.0000));
#2240 = VERTEX_POINT('', #2241);
#2243 = CARTESIAN_POINT('', (-56.5762, 284.4277, -200.0000));
#2242 = VERTEX_POINT('', #2243);
#2245 = CARTESIAN_POINT('', (-84.1826, 277.5127, -200.0000));
#2244 = VERTEX_POINT('', #2245);
#2247 = CARTESIAN_POINT('', (-110.9782, 267.9251, -200.0000));
#2246 = VERTEX_POINT('', #2247);
#2249 = CARTESIAN_POINT('', (-136.7051, 255.7572, -200.0000));
#2248 = VERTEX_POINT('', #2249);
#2251 = CARTESIAN_POINT('', (-161.1154, 241.1262, -200.0000));
#2250 = VERTEX_POINT('', #2251);
#2253 = CARTESIAN_POINT('', (-183.9741, 224.1730, -200.0000));
#2252 = VERTEX_POINT('', #2253);
#2255 = CARTESIAN_POINT('', (-205.0610, 205.0610, -200.0000));
#2254 = VERTEX_POINT('', #2255);
#2257 = CARTESIAN_POINT('', (-224.1730, 183.9741, -200.0000));
#2256 = VERTEX_POINT('', #2257);
#2259 = CARTESIAN_POINT('', (-241.1262, 161.1154, -200.0000));
#2258 = VERTEX_POINT('', #2259);
#2261 = CARTESIAN_POINT('', (-255.7572, 136.7051, -200.0000));
#2260 = VERTEX_POINT('', #2261);
#2263 = CARTESIAN_POINT('', (-267.9251, 110.9782, -200.0000));
#2262 = VERTEX_POINT('', #2263);
#2265 = CARTESIAN_POINT('', (-277.5127, 84.1826, -200.0000));
#2264 = VERTEX_POINT('', #2265);
#2267 = CARTESIAN_POINT('', (-284.4277, 56.5762, -200.0000));
#2266 = VERTEX_POINT('', #2267);
#2269 = CARTESIAN_POINT('', (-288.6036, 28.4250, -200.0000));
#2268 = VERTEX_POINT('', #2269);
#2271 = CARTESIAN_POINT('', (-290.0000, 0.0000, -200.0000));
#2270 = VERTEX_POINT('', #2271);
#2273 = CARTESIAN_POINT('', (-288.6036, -28.4250, -200.0000));
#2272 = VERTEX_POINT('', #2273);
#2275 = CARTESIAN_POINT('', (-284.4277, -56.5762, -200.0000));
#2274 = VERTEX_POINT('', #2275);
#2277 = CARTESIAN_POINT('', (-277.5127, -84.1826, -200.0000));
#2276 = VERTEX_POINT('', #2277);
#2279 = CARTESIAN_POINT('', (-267.9251, -110.9782, -200.0000));
#2278 = VERTEX_POINT('', #2279);
#2281 = CARTESIAN_POINT('', (-255.7572, -136.7051, -200.0000));
#2280 = VERTEX_POINT('', #2281);
#2283 = CARTESIAN_POINT('', (-241.1262, -161.1154, -200.0000));
#2282 = VERTEX_POINT('', #2283);
#2285 = CARTESIAN_POINT('', (-224.1730, -183.9741, -200.0000));
#2284 = VERTEX_POINT('', #2285);
#2287 = CARTESIAN_POINT('', (-205.0610, -205.0610, -200.0000));
#2286 = VERTEX_POINT('', #2287);
#2289 = CARTESIAN_POINT('', (-183.9741, -224.1730, -200.0000));
#2288 = VERTEX_POINT('', #2289);
#2291 = CARTESIAN_POINT('', (-161.1154, -241.1262, -200.0000));
#2290 = VERTEX_POINT('', #2291);
#2293 = CARTESIAN_POINT('', (-136.7051, -255.7572, -200.0000));
#2292 = VERTEX_POINT('', #2293);
#2295 = CARTESIAN_POINT('', (-110.9782, -267.9251, -200.0000));
#2294 = VERTEX_POINT('', #2295);
#2297 = CARTESIAN_POINT('', (-84.1826, -277.5127, -200.0000));
#2296 = VERTEX_POINT('', #2297);
#2299 = CARTESIAN_POINT('', (-56.5762, -284.4277, -200.0000));
#2298 = VERTEX_POINT('', #2299);
#2301 = CARTESIAN_POINT('', (-28.4250, -288.6036, -200.0000));
#2300 = VERTEX_POINT('', #2301);
#2303 = CARTESIAN_POINT('', (-0.0000, -290.0000, -200.0000));
#2302 = VERTEX_POINT('', #2303);
#2305 = CARTESIAN_POINT('', (28.4250, -288.6036, -200.0000));
#2304 = VERTEX_POINT('', #2305);
#2307 = CARTESIAN_POINT('', (56.5762, -284.4277, -200.0000));
#2306 = VERTEX_POINT('', #2307);
#2309 = CARTESIAN_POINT('', (84.1826, -277.5127, -200.0000));
#2308 = VERTEX_POINT('', #2309);
#2311 = CARTESIAN_POINT('', (110.9782, -267.9251, -200.0000));
#2310 = VERTEX_POINT('', #2311);
#2313 = CARTESIAN_POINT('', (136.7051, -255.7572, -200.0000));
#2312 = VERTEX_POINT('', #2313);
#2315 = CARTESIAN_POINT('', (161.1154, -241.1262, -200.0000));
#2314 = VERTEX_POINT('', #2315);
#2317 = CARTESIAN_POINT('', (183.9741, -224.1730, -200.0000));
#2316 = VERTEX_POINT('', #2317);
#2319 = CARTESIAN_POINT('', (205.0610, -205.0610, -200.0000));
#2318 = VERTEX_POINT('', #2319);
#2321 = CARTESIAN_POINT('', (224.1730, -183.9741, -200.0000));
#2320 = VERTEX_POINT('', #2321);
#2323 = CARTESIAN_POINT('', (241.1262, -161.1154, -200.0000));
#2322 = VERTEX_POINT('', #2323);
#2325 = CARTESIAN_POINT('', (255.7572, -136.7051, -200.0000));
#2324 = VERTEX_POINT('', #2325);
#2327 = CARTESIAN_POINT('', (267.9251, -110.9782, -200.0000));
#2326 = VERTEX_POINT('', #2327);
#2329 = CARTESIAN_POINT('', (277.5127, -84.1826, -200.0000));
#2328 = VERTEX_POINT('', #2329);
#2331 = CARTESIAN_POINT('', (284.4277, -56.5762, -200.0000));
#2330 = VERTEX_POINT('', #2331);
#2333 = CARTESIAN_POINT('', (288.6036, -28.4250, -200.0000));
#2332 = VERTEX_POINT('', #2333);
#2335 = CARTESIAN_POINT('', (290.0000, 0.0000, -180.0000));
#2334 = VERTEX_POINT('', #2335);
#2337 = CARTESIAN_POINT('', (288.6036, 28.4250, -180.0000));
#2336 = VERTEX_POINT('', #2337);
#2339 = CARTESIAN_POINT('', (284.4277, 56.5762, -180.0000));
#2338 = VERTEX_POINT('', #2339);
#2341 = CARTESIAN_POINT('', (277.5127, 84.1826, -180.0000));
#2340 = VERTEX_POINT('', #2341);
#2343 = CARTESIAN_POINT('', (267.9251, 110.9782, -180.0000));
#2342 = VERTEX_POINT('', #2343);
#2345 = CARTESIAN_POINT('', (255.7572, 136.7051, -180.0000));
#2344 = VERTEX_POINT('', #2345);
#2347 = CARTESIAN_POINT('', (241.1262, 161.1154, -180.0000));
#2346 = VERTEX_POINT('', #2347);
#2349 = CARTESIAN_POINT('', (224.1730, 183.9741, -180.0000));
#2348 = VERTEX_POINT('', #2349);
#2351 = CARTESIAN_POINT('', (205.0610, 205.0610, -180.0000));
#2350 = VERTEX_POINT('', #2351);
#2353 = CARTESIAN_POINT('', (183.9741, 224.1730, -180.0000));
#2352 = VERTEX_POINT('', #2353);
#2355 = CARTESIAN_POINT('', (161.1154, 241.1262, -180.0000));
#2354 = VERTEX_POINT('', #2355);
#2357 = CARTESIAN_POINT('', (136.7051, 255.7572, -180.0000));
#2356 = VERTEX_POINT('', #2357);
#2359 = CARTESIAN_POINT('', (110.9782, 267.9251, -180.0000));
#2358 = VERTEX_POINT('', #2359);
#2361 = CARTESIAN_POINT('', (84.1826, 277.5127, -180.0000));
#2360 = VERTEX_POINT('', #2361);
#2363 = CARTESIAN_POINT('', (56.5762, 284.4277, -180.0000));
#2362 = VERTEX_POINT('', #2363);
#2365 = CARTESIAN_POINT('', (28.4250, 288.6036, -180.0000));
#2364 = VERTEX_POINT('', #2365);
#2367 = CARTESIAN_POINT('', (0.0000, 290.0000, -180.0000));
#2366 = VERTEX_POINT('', #2367);
#2369 = CARTESIAN_POINT('', (-28.4250, 288.6036, -180.0000));
#2368 = VERTEX_POINT('', #2369);
#2371 = CARTESIAN_POINT('', (-56.5762, 284.4277, -180.0000));
#2370 = VERTEX_POINT('', #2371);
#2373 = CARTESIAN_POINT('', (-84.1826, 277.5127, -180.0000));
#2372 = VERTEX_POINT('', #2373);
#2375 = CARTESIAN_POINT('', (-110.9782, 267.9251, -180.0000));
#2374 = VERTEX_POINT('', #2375);
#2377 = CARTESIAN_POINT('', (-136.7051, 255.7572, -180.0000));
#2376 = VERTEX_POINT('', #2377);
#2379 = CARTESIAN_POINT('', (-161.1154, 241.1262, -180.0000));
#2378 = VERTEX_POINT('', #2379);
#2381 = CARTESIAN_POINT('', (-183.9741, 224.1730, -180.0000));
#2380 = VERTEX_POINT('', #2381);
#2383 = CARTESIAN_POINT('', (-205.0610, 205.0610, -180.0000));
#2382 = VERTEX_POINT('', #2383);
#2385 = CARTESIAN_POINT('', (-224.1730, 183.9741, -180.0000));
#2384 = VERTEX_POINT('', #2385);
#2387 = CARTESIAN_POINT('', (-241.1262, 161.1154, -180.0000));
#2386 = VERTEX_POINT('', #2387);
#2389 = CARTESIAN_POINT('', (-255.7572, 136.7051, -180.0000));
#2388 = VERTEX_POINT('', #2389);
#2391 = CARTESIAN_POINT('', (-267.9251, 110.9782, -180.0000));
#2390 = VERTEX_POINT('', #2391);
#2393 = CARTESIAN_POINT('', (-277.5127, 84.1826, -180.0000));
#2392 = VERTEX_POINT('', #2393);
#2395 = CARTESIAN_POINT('', (-284.4277, 56.5762, -180.0000));
#2394 = VERTEX_POINT('', #2395);
#2397 = CARTESIAN_POINT('', (-288.6036, 28.4250, -180.0000));
#2396 = VERTEX_POINT('', #2397);
#2399 = CARTESIAN_POINT('', (-290.0000, 0.0000, -180.0000));
#2398 = VERTEX_POINT('', #2399);
#2401 = CARTESIAN_POINT('', (-288.6036, -28.4250, -180.0000));
#2400 = VERTEX_POINT('', #2401);
#2403 = CARTESIAN_POINT('', (-284.4277, -56.5762, -180.0000));
#2402 = VERTEX_POINT('', #2403);
#2405 = CARTESIAN_POINT('', (-277.5127, -84.1826, -180.0000));
#2404 = VERTEX_POINT('', #2405);
#2407 = CARTESIAN_POINT('', (-267.9251, -110.9782, -180.0000));
#2406 = VERTEX_POINT('', #2407);
#2409 = CARTESIAN_POINT('', (-255.7572, -136.7051, -180.0000));
#2408 = VERTEX_POINT('', #2409);
#2411 = CARTESIAN_POINT('', (-241.1262, -161.1154, -180.0000));
#2410 = VERTEX_POINT('', #2411);
#2413 = CARTESIAN_POINT('', (-224.1730, -183.9741, -180.0000));
#2412 = VERTEX_POINT('', #2413);
#2415 = CARTESIAN_POINT('', (-205.0610, -205.0610, -180.0000));
#2414 = VERTEX_POINT('', #2415);
#2417 = CARTESIAN_POINT('', (-183.9741, -224.1730, -180.0000));
#2416 = VERTEX_POINT('', #2417);
#2419 = CARTESIAN_POINT('', (-161.1154, -241.1262, -180.0000));
#2418 = VERTEX_POINT('', #2419);
#2421 = CARTESIAN_POINT('', (-136.7051, -255.7572, -180.0000));
#2420 = VERTEX_POINT('', #2421);
#2423 = CARTESIAN_POINT('', (-110.9782, -267.9251, -180.0000));
#2422 = VERTEX_POINT('', #2423);
#2425 = CARTESIAN_POINT('', (-84.1826, -277.5127, -180.0000));
#2424 = VERTEX_POINT('', #2425);
#2427 = CARTESIAN_POINT('', (-56.5762, -284.4277, -180.0000));
#2426 = VERTEX_POINT('', #2427);
#2429 = CARTESIAN_POINT('', (-28.4250, -288.6036, -180.0000));
#2428 = VERTEX_POINT('', #2429);
#2431 = CARTESIAN_POINT('', (-0.0000, -290.0000, -180.0000));
#2430 = VERTEX_POINT('', #2431);
#2433 = CARTESIAN_POINT('', (28.4250, -288.6036, -180.0000));
#2432 = VERTEX_POINT('', #2433);
#2435 = CARTESIAN_POINT('', (56.5762, -284.4277, -180.0000));
#2434 = VERTEX_POINT('', #2435);
#2437 = CARTESIAN_POINT('', (84.1826, -277.5127, -180.0000));
#2436 = VERTEX_POINT('', #2437);
#2439 = CARTESIAN_POINT('', (110.9782, -267.9251, -180.0000));
#2438 = VERTEX_POINT('', #2439);
#2441 = CARTESIAN_POINT('', (136.7051, -255.7572, -180.0000));
#2440 = VERTEX_POINT('', #2441);
#2443 = CARTESIAN_POINT('', (161.1154, -241.1262, -180.0000));
#2442 = VERTEX_POINT('', #2443);
#2445 = CARTESIAN_POINT('', (183.9741, -224.1730, -180.0000));
#2444 = VERTEX_POINT('', #2445);
#2447 = CARTESIAN_POINT('', (205.0610, -205.0610, -180.0000));
#2446 = VERTEX_POINT('', #2447);
#2449 = CARTESIAN_POINT('', (224.1730, -183.9741, -180.0000));
#2448 = VERTEX_POINT('', #2449);
#2451 = CARTESIAN_POINT('', (241.1262, -161.1154, -180.0000));
#2450 = VERTEX_POINT('', #2451);
#2453 = CARTESIAN_POINT('', (255.7572, -136.7051, -180.0000));
#2452 = VERTEX_POINT('', #2453);
#2455 = CARTESIAN_POINT('', (267.9251, -110.9782, -180.0000));
#2454 = VERTEX_POINT('', #2455);
#2457 = CARTESIAN_POINT('', (277.5127, -84.1826, -180.0000));
#2456 = VERTEX_POINT('', #2457);
#2459 = CARTESIAN_POINT('', (284.4277, -56.5762, -180.0000));
#2458 = VERTEX_POINT('', #2459);
#2461 = CARTESIAN_POINT('', (288.6036, -28.4250, -180.0000));
#2460 = VERTEX_POINT('', #2461);
#2463 = CARTESIAN_POINT('', (250.0000, 0.0000, -180.0000));
#2462 = VERTEX_POINT('', #2463);
#2465 = CARTESIAN_POINT('', (248.7962, 24.5043, -180.0000));
#2464 = VERTEX_POINT('', #2465);
#2467 = CARTESIAN_POINT('', (245.1963, 48.7726, -180.0000));
#2466 = VERTEX_POINT('', #2467);
#2469 = CARTESIAN_POINT('', (239.2351, 72.5712, -180.0000));
#2468 = VERTEX_POINT('', #2469);
#2471 = CARTESIAN_POINT('', (230.9699, 95.6709, -180.0000));
#2470 = VERTEX_POINT('', #2471);
#2473 = CARTESIAN_POINT('', (220.4803, 117.8492, -180.0000));
#2472 = VERTEX_POINT('', #2473);
#2475 = CARTESIAN_POINT('', (207.8674, 138.8926, -180.0000));
#2474 = VERTEX_POINT('', #2475);
#2477 = CARTESIAN_POINT('', (193.2526, 158.5983, -180.0000));
#2476 = VERTEX_POINT('', #2477);
#2479 = CARTESIAN_POINT('', (176.7767, 176.7767, -180.0000));
#2478 = VERTEX_POINT('', #2479);
#2481 = CARTESIAN_POINT('', (158.5983, 193.2526, -180.0000));
#2480 = VERTEX_POINT('', #2481);
#2483 = CARTESIAN_POINT('', (138.8926, 207.8674, -180.0000));
#2482 = VERTEX_POINT('', #2483);
#2485 = CARTESIAN_POINT('', (117.8492, 220.4803, -180.0000));
#2484 = VERTEX_POINT('', #2485);
#2487 = CARTESIAN_POINT('', (95.6709, 230.9699, -180.0000));
#2486 = VERTEX_POINT('', #2487);
#2489 = CARTESIAN_POINT('', (72.5712, 239.2351, -180.0000));
#2488 = VERTEX_POINT('', #2489);
#2491 = CARTESIAN_POINT('', (48.7726, 245.1963, -180.0000));
#2490 = VERTEX_POINT('', #2491);
#2493 = CARTESIAN_POINT('', (24.5043, 248.7962, -180.0000));
#2492 = VERTEX_POINT('', #2493);
#2495 = CARTESIAN_POINT('', (0.0000, 250.0000, -180.0000));
#2494 = VERTEX_POINT('', #2495);
#2497 = CARTESIAN_POINT('', (-24.5043, 248.7962, -180.0000));
#2496 = VERTEX_POINT('', #2497);
#2499 = CARTESIAN_POINT('', (-48.7726, 245.1963, -180.0000));
#2498 = VERTEX_POINT('', #2499);
#2501 = CARTESIAN_POINT('', (-72.5712, 239.2351, -180.0000));
#2500 = VERTEX_POINT('', #2501);
#2503 = CARTESIAN_POINT('', (-95.6709, 230.9699, -180.0000));
#2502 = VERTEX_POINT('', #2503);
#2505 = CARTESIAN_POINT('', (-117.8492, 220.4803, -180.0000));
#2504 = VERTEX_POINT('', #2505);
#2507 = CARTESIAN_POINT('', (-138.8926, 207.8674, -180.0000));
#2506 = VERTEX_POINT('', #2507);
#2509 = CARTESIAN_POINT('', (-158.5983, 193.2526, -180.0000));
#2508 = VERTEX_POINT('', #2509);
#2511 = CARTESIAN_POINT('', (-176.7767, 176.7767, -180.0000));
#2510 = VERTEX_POINT('', #2511);
#2513 = CARTESIAN_POINT('', (-193.2526, 158.5983, -180.0000));
#2512 = VERTEX_POINT('', #2513);
#2515 = CARTESIAN_POINT('', (-207.8674, 138.8926, -180.0000));
#2514 = VERTEX_POINT('', #2515);
#2517 = CARTESIAN_POINT('', (-220.4803, 117.8492, -180.0000));
#2516 = VERTEX_POINT('', #2517);
#2519 = CARTESIAN_POINT('', (-230.9699, 95.6709, -180.0000));
#2518 = VERTEX_POINT('', #2519);
#2521 = CARTESIAN_POINT('', (-239.2351, 72.5712, -180.0000));
#2520 = VERTEX_POINT('', #2521);
#2523 = CARTESIAN_POINT('', (-245.1963, 48.7726, -180.0000));
#2522 = VERTEX_POINT('', #2523);
#2525 = CARTESIAN_POINT('', (-248.7962, 24.5043, -180.0000));
#2524 = VERTEX_POINT('', #2525);
#2527 = CARTESIAN_POINT('', (-250.0000, 0.0000, -180.0000));
#2526 = VERTEX_POINT('', #2527);
#2529 = CARTESIAN_POINT('', (-248.7962, -24.5043, -180.0000));
#2528 = VERTEX_POINT('', #2529);
#2531 = CARTESIAN_POINT('', (-245.1963, -48.7726, -180.0000));
#2530 = VERTEX_POINT('', #2531);
#2533 = CARTESIAN_POINT('', (-239.2351, -72.5712, -180.0000));
#2532 = VERTEX_POINT('', #2533);
#2535 = CARTESIAN_POINT('', (-230.9699, -95.6709, -180.0000));
#2534 = VERTEX_POINT('', #2535);
#2537 = CARTESIAN_POINT('', (-220.4803, -117.8492, -180.0000));
#2536 = VERTEX_POINT('', #2537);
#2539 = CARTESIAN_POINT('', (-207.8674, -138.8926, -180.0000));
#2538 = VERTEX_POINT('', #2539);
#2541 = CARTESIAN_POINT('', (-193.2526, -158.5983, -180.0000));
#2540 = VERTEX_POINT('', #2541);
#2543 = CARTESIAN_POINT('', (-176.7767, -176.7767, -180.0000));
#2542 = VERTEX_POINT('', #2543);
#2545 = CARTESIAN_POINT('', (-158.5983, -193.2526, -180.0000));
#2544 = VERTEX_POINT('', #2545);
#2547 = CARTESIAN_POINT('', (-138.8926, -207.8674, -180.0000));
#2546 = VERTEX_POINT('', #2547);
#2549 = CARTESIAN_POINT('', (-117.8492, -220.4803, -180.0000));
#2548 = VERTEX_POINT('', #2549);
#2551 = CARTESIAN_POINT('', (-95.6709, -230.9699, -180.0000));
#2550 = VERTEX_POINT('', #2551);
#2553 = CARTESIAN_POINT('', (-72.5712, -239.2351, -180.0000));
#2552 = VERTEX_POINT('', #2553);
#2555 = CARTESIAN_POINT('', (-48.7726, -245.1963, -180.0000));
#2554 = VERTEX_POINT('', #2555);
#2557 = CARTESIAN_POINT('', (-24.5043, -248.7962, -180.0000));
#2556 = VERTEX_POINT('', #2557);
#2559 = CARTESIAN_POINT('', (-0.0000, -250.0000, -180.0000));
#2558 = VERTEX_POINT('', #2559);
#2561 = CARTESIAN_POINT('', (24.5043, -248.7962, -180.0000));
#2560 = VERTEX_POINT('', #2561);
#2563 = CARTESIAN_POINT('', (48.7726, -245.1963, -180.0000));
#2562 = VERTEX_POINT('', #2563);
#2565 = CARTESIAN_POINT('', (72.5712, -239.2351, -180.0000));
#2564 = VERTEX_POINT('', #2565);
#2567 = CARTESIAN_POINT('', (95.6709, -230.9699, -180.0000));
#2566 = VERTEX_POINT('', #2567);
#2569 = CARTESIAN_POINT('', (117.8492, -220.4803, -180.0000));
#2568 = VERTEX_POINT('', #2569);
#2571 = CARTESIAN_POINT('', (138.8926, -207.8674, -180.0000));
#2570 = VERTEX_POINT('', #2571);
#2573 = CARTESIAN_POINT('', (158.5983, -193.2526, -180.0000));
#2572 = VERTEX_POINT('', #2573);
#2575 = CARTESIAN_POINT('', (176.7767, -176.7767, -180.0000));
#2574 = VERTEX_POINT('', #2575);
#2577 = CARTESIAN_POINT('', (193.2526, -158.5983, -180.0000));
#2576 = VERTEX_POINT('', #2577);
#2579 = CARTESIAN_POINT('', (207.8674, -138.8926, -180.0000));
#2578 = VERTEX_POINT('', #2579);
#2581 = CARTESIAN_POINT('', (220.4803, -117.8492, -180.0000));
#2580 = VERTEX_POINT('', #2581);
#2583 = CARTESIAN_POINT('', (230.9699, -95.6709, -180.0000));
#2582 = VERTEX_POINT('', #2583);
#2585 = CARTESIAN_POINT('', (239.2351, -72.5712, -180.0000));
#2584 = VERTEX_POINT('', #2585);
#2587 = CARTESIAN_POINT('', (245.1963, -48.7726, -180.0000));
#2586 = VERTEX_POINT('', #2587);
#2589 = CARTESIAN_POINT('', (248.7962, -24.5043, -180.0000));
#2588 = VERTEX_POINT('', #2589);
#2590 = DIRECTION('', (-0.893565, -0.043898, 0.446782));
#2591 = POLY_LOOP('', (#30, #158, #160));
#2592 = FACE_OUTER_BOUND('', #2591, .T.);
#2593 = ADVANCED_FACE('', (#2592), #12, .T.);
#2594 = DIRECTION('', (-0.893565, -0.043898, 0.446782));
#2595 = POLY_LOOP('', (#30, #160, #32));
#2596 = FACE_OUTER_BOUND('', #2595, .T.);
#2597 = ADVANCED_FACE('', (#2596), #12, .T.);
#2598 = DIRECTION('', (-0.884959, -0.131271, 0.446782));
#2599 = POLY_LOOP('', (#32, #160, #162));
#2600 = FACE_OUTER_BOUND('', #2599, .T.);
#2601 = ADVANCED_FACE('', (#2600), #12, .T.);
#2602 = DIRECTION('', (-0.884959, -0.131271, 0.446782));
#2603 = POLY_LOOP('', (#32, #162, #34));
#2604 = FACE_OUTER_BOUND('', #2603, .T.);
#2605 = ADVANCED_FACE('', (#2604), #12, .T.);
#2606 = DIRECTION('', (-0.867831, -0.217380, 0.446782));
#2607 = POLY_LOOP('', (#34, #162, #164));
#2608 = FACE_OUTER_BOUND('', #2607, .T.);
#2609 = ADVANCED_FACE('', (#2608), #12, .T.);
#2610 = DIRECTION('', (-0.867831, -0.217380, 0.446782));
#2611 = POLY_LOOP('', (#34, #164, #36));
#2612 = FACE_OUTER_BOUND('', #2611, .T.);
#2613 = ADVANCED_FACE('', (#2612), #12, .T.);
#2614 = DIRECTION('', (-0.842345, -0.301396, 0.446782));
#2615 = POLY_LOOP('', (#36, #164, #166));
#2616 = FACE_OUTER_BOUND('', #2615, .T.);
#2617 = ADVANCED_FACE('', (#2616), #12, .T.);
#2618 = DIRECTION('', (-0.842345, -0.301396, 0.446782));
#2619 = POLY_LOOP('', (#36, #166, #38));
#2620 = FACE_OUTER_BOUND('', #2619, .T.);
#2621 = ADVANCED_FACE('', (#2620), #12, .T.);
#2622 = DIRECTION('', (-0.808747, -0.382509, 0.446782));
#2623 = POLY_LOOP('', (#38, #166, #168));
#2624 = FACE_OUTER_BOUND('', #2623, .T.);
#2625 = ADVANCED_FACE('', (#2624), #12, .T.);
#2626 = DIRECTION('', (-0.808747, -0.382509, 0.446782));
#2627 = POLY_LOOP('', (#38, #168, #40));
#2628 = FACE_OUTER_BOUND('', #2627, .T.);
#2629 = ADVANCED_FACE('', (#2628), #12, .T.);
#2630 = DIRECTION('', (-0.767361, -0.459938, 0.446782));
#2631 = POLY_LOOP('', (#40, #168, #170));
#2632 = FACE_OUTER_BOUND('', #2631, .T.);
#2633 = ADVANCED_FACE('', (#2632), #12, .T.);
#2634 = DIRECTION('', (-0.767361, -0.459938, 0.446782));
#2635 = POLY_LOOP('', (#40, #170, #42));
#2636 = FACE_OUTER_BOUND('', #2635, .T.);
#2637 = ADVANCED_FACE('', (#2636), #12, .T.);
#2638 = DIRECTION('', (-0.718584, -0.532938, 0.446782));
#2639 = POLY_LOOP('', (#42, #170, #172));
#2640 = FACE_OUTER_BOUND('', #2639, .T.);
#2641 = ADVANCED_FACE('', (#2640), #12, .T.);
#2642 = DIRECTION('', (-0.718584, -0.532938, 0.446782));
#2643 = POLY_LOOP('', (#42, #172, #44));
#2644 = FACE_OUTER_BOUND('', #2643, .T.);
#2645 = ADVANCED_FACE('', (#2644), #12, .T.);
#2646 = DIRECTION('', (-0.662886, -0.600805, 0.446782));
#2647 = POLY_LOOP('', (#44, #172, #174));
#2648 = FACE_OUTER_BOUND('', #2647, .T.);
#2649 = ADVANCED_FACE('', (#2648), #12, .T.);
#2650 = DIRECTION('', (-0.662886, -0.600805, 0.446782));
#2651 = POLY_LOOP('', (#44, #174, #46));
#2652 = FACE_OUTER_BOUND('', #2651, .T.);
#2653 = ADVANCED_FACE('', (#2652), #12, .T.);
#2654 = DIRECTION('', (-0.600805, -0.662886, 0.446782));
#2655 = POLY_LOOP('', (#46, #174, #176));
#2656 = FACE_OUTER_BOUND('', #2655, .T.);
#2657 = ADVANCED_FACE('', (#2656), #12, .T.);
#2658 = DIRECTION('', (-0.600805, -0.662886, 0.446782));
#2659 = POLY_LOOP('', (#46, #176, #48));
#2660 = FACE_OUTER_BOUND('', #2659, .T.);
#2661 = ADVANCED_FACE('', (#2660), #12, .T.);
#2662 = DIRECTION('', (-0.532938, -0.718584, 0.446782));
#2663 = POLY_LOOP('', (#48, #176, #178));
#2664 = FACE_OUTER_BOUND('', #2663, .T.);
#2665 = ADVANCED_FACE('', (#2664), #12, .T.);
#2666 = DIRECTION('', (-0.532938, -0.718584, 0.446782));
#2667 = POLY_LOOP('', (#48, #178, #50));
#2668 = FACE_OUTER_BOUND('', #2667, .T.);
#2669 = ADVANCED_FACE('', (#2668), #12, .T.);
#2670 = DIRECTION('', (-0.459938, -0.767361, 0.446782));
#2671 = POLY_LOOP('', (#50, #178, #180));
#2672 = FACE_OUTER_BOUND('', #2671, .T.);
#2673 = ADVANCED_FACE('', (#2672), #12, .T.);
#2674 = DIRECTION('', (-0.459938, -0.767361, 0.446782));
#2675 = POLY_LOOP('', (#50, #180, #52));
#2676 = FACE_OUTER_BOUND('', #2675, .T.);
#2677 = ADVANCED_FACE('', (#2676), #12, .T.);
#2678 = DIRECTION('', (-0.382509, -0.808747, 0.446782));
#2679 = POLY_LOOP('', (#52, #180, #182));
#2680 = FACE_OUTER_BOUND('', #2679, .T.);
#2681 = ADVANCED_FACE('', (#2680), #12, .T.);
#2682 = DIRECTION('', (-0.382509, -0.808747, 0.446782));
#2683 = POLY_LOOP('', (#52, #182, #54));
#2684 = FACE_OUTER_BOUND('', #2683, .T.);
#2685 = ADVANCED_FACE('', (#2684), #12, .T.);
#2686 = DIRECTION('', (-0.301396, -0.842345, 0.446782));
#2687 = POLY_LOOP('', (#54, #182, #184));
#2688 = FACE_OUTER_BOUND('', #2687, .T.);
#2689 = ADVANCED_FACE('', (#2688), #12, .T.);
#2690 = DIRECTION('', (-0.301396, -0.842345, 0.446782));
#2691 = POLY_LOOP('', (#54, #184, #56));
#2692 = FACE_OUTER_BOUND('', #2691, .T.);
#2693 = ADVANCED_FACE('', (#2692), #12, .T.);
#2694 = DIRECTION('', (-0.217380, -0.867831, 0.446782));
#2695 = POLY_LOOP('', (#56, #184, #186));
#2696 = FACE_OUTER_BOUND('', #2695, .T.);
#2697 = ADVANCED_FACE('', (#2696), #12, .T.);
#2698 = DIRECTION('', (-0.217380, -0.867831, 0.446782));
#2699 = POLY_LOOP('', (#56, #186, #58));
#2700 = FACE_OUTER_BOUND('', #2699, .T.);
#2701 = ADVANCED_FACE('', (#2700), #12, .T.);
#2702 = DIRECTION('', (-0.131271, -0.884959, 0.446782));
#2703 = POLY_LOOP('', (#58, #186, #188));
#2704 = FACE_OUTER_BOUND('', #2703, .T.);
#2705 = ADVANCED_FACE('', (#2704), #12, .T.);
#2706 = DIRECTION('', (-0.131271, -0.884959, 0.446782));
#2707 = POLY_LOOP('', (#58, #188, #60));
#2708 = FACE_OUTER_BOUND('', #2707, .T.);
#2709 = ADVANCED_FACE('', (#2708), #12, .T.);
#2710 = DIRECTION('', (-0.043898, -0.893565, 0.446782));
#2711 = POLY_LOOP('', (#60, #188, #190));
#2712 = FACE_OUTER_BOUND('', #2711, .T.);
#2713 = ADVANCED_FACE('', (#2712), #12, .T.);
#2714 = DIRECTION('', (-0.043898, -0.893565, 0.446782));
#2715 = POLY_LOOP('', (#60, #190, #62));
#2716 = FACE_OUTER_BOUND('', #2715, .T.);
#2717 = ADVANCED_FACE('', (#2716), #12, .T.);
#2718 = DIRECTION('', (0.043898, -0.893565, 0.446782));
#2719 = POLY_LOOP('', (#62, #190, #192));
#2720 = FACE_OUTER_BOUND('', #2719, .T.);
#2721 = ADVANCED_FACE('', (#2720), #12, .T.);
#2722 = DIRECTION('', (0.043898, -0.893565, 0.446782));
#2723 = POLY_LOOP('', (#62, #192, #64));
#2724 = FACE_OUTER_BOUND('', #2723, .T.);
#2725 = ADVANCED_FACE('', (#2724), #12, .T.);
#2726 = DIRECTION('', (0.131271, -0.884959, 0.446782));
#2727 = POLY_LOOP('', (#64, #192, #194));
#2728 = FACE_OUTER_BOUND('', #2727, .T.);
#2729 = ADVANCED_FACE('', (#2728), #12, .T.);
#2730 = DIRECTION('', (0.131271, -0.884959, 0.446782));
#2731 = POLY_LOOP('', (#64, #194, #66));
#2732 = FACE_OUTER_BOUND('', #2731, .T.);
#2733 = ADVANCED_FACE('', (#2732), #12, .T.);
#2734 = DIRECTION('', (0.217380, -0.867831, 0.446782));
#2735 = POLY_LOOP('', (#66, #194, #196));
#2736 = FACE_OUTER_BOUND('', #2735, .T.);
#2737 = ADVANCED_FACE('', (#2736), #12, .T.);
#2738 = DIRECTION('', (0.217380, -0.867831, 0.446782));
#2739 = POLY_LOOP('', (#66, #196, #68));
#2740 = FACE_OUTER_BOUND('', #2739, .T.);
#2741 = ADVANCED_FACE('', (#2740), #12, .T.);
#2742 = DIRECTION('', (0.301396, -0.842345, 0.446782));
#2743 = POLY_LOOP('', (#68, #196, #198));
#2744 = FACE_OUTER_BOUND('', #2743, .T.);
#2745 = ADVANCED_FACE('', (#2744), #12, .T.);
#2746 = DIRECTION('', (0.301396, -0.842345, 0.446782));
#2747 = POLY_LOOP('', (#68, #198, #70));
#2748 = FACE_OUTER_BOUND('', #2747, .T.);
#2749 = ADVANCED_FACE('', (#2748), #12, .T.);
#2750 = DIRECTION('', (0.382509, -0.808747, 0.446782));
#2751 = POLY_LOOP('', (#70, #198, #200));
#2752 = FACE_OUTER_BOUND('', #2751, .T.);
#2753 = ADVANCED_FACE('', (#2752), #12, .T.);
#2754 = DIRECTION('', (0.382509, -0.808747, 0.446782));
#2755 = POLY_LOOP('', (#70, #200, #72));
#2756 = FACE_OUTER_BOUND('', #2755, .T.);
#2757 = ADVANCED_FACE('', (#2756), #12, .T.);
#2758 = DIRECTION('', (0.459938, -0.767361, 0.446782));
#2759 = POLY_LOOP('', (#72, #200, #202));
#2760 = FACE_OUTER_BOUND('', #2759, .T.);
#2761 = ADVANCED_FACE('', (#2760), #12, .T.);
#2762 = DIRECTION('', (0.459938, -0.767361, 0.446782));
#2763 = POLY_LOOP('', (#72, #202, #74));
#2764 = FACE_OUTER_BOUND('', #2763, .T.);
#2765 = ADVANCED_FACE('', (#2764), #12, .T.);
#2766 = DIRECTION('', (0.532938, -0.718584, 0.446782));
#2767 = POLY_LOOP('', (#74, #202, #204));
#2768 = FACE_OUTER_BOUND('', #2767, .T.);
#2769 = ADVANCED_FACE('', (#2768), #12, .T.);
#2770 = DIRECTION('', (0.532938, -0.718584, 0.446782));
#2771 = POLY_LOOP('', (#74, #204, #76));
#2772 = FACE_OUTER_BOUND('', #2771, .T.);
#2773 = ADVANCED_FACE('', (#2772), #12, .T.);
#2774 = DIRECTION('', (0.600805, -0.662886, 0.446782));
#2775 = POLY_LOOP('', (#76, #204, #206));
#2776 = FACE_OUTER_BOUND('', #2775, .T.);
#2777 = ADVANCED_FACE('', (#2776), #12, .T.);
#2778 = DIRECTION('', (0.600805, -0.662886, 0.446782));
#2779 = POLY_LOOP('', (#76, #206, #78));
#2780 = FACE_OUTER_BOUND('', #2779, .T.);
#2781 = ADVANCED_FACE('', (#2780), #12, .T.);
#2782 = DIRECTION('', (0.662886, -0.600805, 0.446782));
#2783 = POLY_LOOP('', (#78, #206, #208));
#2784 = FACE_OUTER_BOUND('', #2783, .T.);
#2785 = ADVANCED_FACE('', (#2784), #12, .T.);
#2786 = DIRECTION('', (0.662886, -0.600805, 0.446782));
#2787 = POLY_LOOP('', (#78, #208, #80));
#2788 = FACE_OUTER_BOUND('', #2787, .T.);
#2789 = ADVANCED_FACE('', (#2788), #12, .T.);
#2790 = DIRECTION('', (0.718584, -0.532938, 0.446782));
#2791 = POLY_LOOP('', (#80, #208, #210));
#2792 = FACE_OUTER_BOUND('', #2791, .T.);
#2793 = ADVANCED_FACE('', (#2792), #12, .T.);
#2794 = DIRECTION('', (0.718584, -0.532938, 0.446782));
#2795 = POLY_LOOP('', (#80, #210, #82));
#2796 = FACE_OUTER_BOUND('', #2795, .T.);
#2797 = ADVANCED_FACE('', (#2796), #12, .T.);
#2798 = DIRECTION('', (0.767361, -0.459938, 0.446782));
#2799 = POLY_LOOP('', (#82, #210, #212));
#2800 = FACE_OUTER_BOUND('', #2799, .T.);
#2801 = ADVANCED_FACE('', (#2800), #12, .T.);
#2802 = DIRECTION('', (0.767361, -0.459938, 0.446782));
#2803 = POLY_LOOP('', (#82, #212, #84));
#2804 = FACE_OUTER_BOUND('', #2803, .T.);
#2805 = ADVANCED_FACE('', (#2804), #12, .T.);
#2806 = DIRECTION('', (0.808747, -0.382509, 0.446782));
#2807 = POLY_LOOP('', (#84, #212, #214));
#2808 = FACE_OUTER_BOUND('', #2807, .T.);
#2809 = ADVANCED_FACE('', (#2808), #12, .T.);
#2810 = DIRECTION('', (0.808747, -0.382509, 0.446782));
#2811 = POLY_LOOP('', (#84, #214, #86));
#2812 = FACE_OUTER_BOUND('', #2811, .T.);
#2813 = ADVANCED_FACE('', (#2812), #12, .T.);
#2814 = DIRECTION('', (0.842345, -0.301396, 0.446782));
#2815 = POLY_LOOP('', (#86, #214, #216));
#2816 = FACE_OUTER_BOUND('', #2815, .T.);
#2817 = ADVANCED_FACE('', (#2816), #12, .T.);
#2818 = DIRECTION('', (0.842345, -0.301396, 0.446782));
#2819 = POLY_LOOP('', (#86, #216, #88));
#2820 = FACE_OUTER_BOUND('', #2819, .T.);
#2821 = ADVANCED_FACE('', (#2820), #12, .T.);
#2822 = DIRECTION('', (0.867831, -0.217380, 0.446782));
#2823 = POLY_LOOP('', (#88, #216, #218));
#2824 = FACE_OUTER_BOUND('', #2823, .T.);
#2825 = ADVANCED_FACE('', (#2824), #12, .T.);
#2826 = DIRECTION('', (0.867831, -0.217380, 0.446782));
#2827 = POLY_LOOP('', (#88, #218, #90));
#2828 = FACE_OUTER_BOUND('', #2827, .T.);
#2829 = ADVANCED_FACE('', (#2828), #12, .T.);
#2830 = DIRECTION('', (0.884959, -0.131271, 0.446782));
#2831 = POLY_LOOP('', (#90, #218, #220));
#2832 = FACE_OUTER_BOUND('', #2831, .T.);
#2833 = ADVANCED_FACE('', (#2832), #12, .T.);
#2834 = DIRECTION('', (0.884959, -0.131271, 0.446782));
#2835 = POLY_LOOP('', (#90, #220, #92));
#2836 = FACE_OUTER_BOUND('', #2835, .T.);
#2837 = ADVANCED_FACE('', (#2836), #12, .T.);
#2838 = DIRECTION('', (0.893565, -0.043898, 0.446782));
#2839 = POLY_LOOP('', (#92, #220, #222));
#2840 = FACE_OUTER_BOUND('', #2839, .T.);
#2841 = ADVANCED_FACE('', (#2840), #12, .T.);
#2842 = DIRECTION('', (0.893565, -0.043898, 0.446782));
#2843 = POLY_LOOP('', (#92, #222, #94));
#2844 = FACE_OUTER_BOUND('', #2843, .T.);
#2845 = ADVANCED_FACE('', (#2844), #12, .T.);
#2846 = DIRECTION('', (0.893565, 0.043898, 0.446782));
#2847 = POLY_LOOP('', (#94, #222, #224));
#2848 = FACE_OUTER_BOUND('', #2847, .T.);
#2849 = ADVANCED_FACE('', (#2848), #12, .T.);
#2850 = DIRECTION('', (0.893565, 0.043898, 0.446782));
#2851 = POLY_LOOP('', (#94, #224, #96));
#2852 = FACE_OUTER_BOUND('', #2851, .T.);
#2853 = ADVANCED_FACE('', (#2852), #12, .T.);
#2854 = DIRECTION('', (0.884959, 0.131271, 0.446782));
#2855 = POLY_LOOP('', (#96, #224, #226));
#2856 = FACE_OUTER_BOUND('', #2855, .T.);
#2857 = ADVANCED_FACE('', (#2856), #12, .T.);
#2858 = DIRECTION('', (0.884959, 0.131271, 0.446782));
#2859 = POLY_LOOP('', (#96, #226, #98));
#2860 = FACE_OUTER_BOUND('', #2859, .T.);
#2861 = ADVANCED_FACE('', (#2860), #12, .T.);
#2862 = DIRECTION('', (0.867831, 0.217380, 0.446782));
#2863 = POLY_LOOP('', (#98, #226, #228));
#2864 = FACE_OUTER_BOUND('', #2863, .T.);
#2865 = ADVANCED_FACE('', (#2864), #12, .T.);
#2866 = DIRECTION('', (0.867831, 0.217380, 0.446782));
#2867 = POLY_LOOP('', (#98, #228, #100));
#2868 = FACE_OUTER_BOUND('', #2867, .T.);
#2869 = ADVANCED_FACE('', (#2868), #12, .T.);
#2870 = DIRECTION('', (0.842345, 0.301396, 0.446782));
#2871 = POLY_LOOP('', (#100, #228, #230));
#2872 = FACE_OUTER_BOUND('', #2871, .T.);
#2873 = ADVANCED_FACE('', (#2872), #12, .T.);
#2874 = DIRECTION('', (0.842345, 0.301396, 0.446782));
#2875 = POLY_LOOP('', (#100, #230, #102));
#2876 = FACE_OUTER_BOUND('', #2875, .T.);
#2877 = ADVANCED_FACE('', (#2876), #12, .T.);
#2878 = DIRECTION('', (0.808747, 0.382509, 0.446782));
#2879 = POLY_LOOP('', (#102, #230, #232));
#2880 = FACE_OUTER_BOUND('', #2879, .T.);
#2881 = ADVANCED_FACE('', (#2880), #12, .T.);
#2882 = DIRECTION('', (0.808747, 0.382509, 0.446782));
#2883 = POLY_LOOP('', (#102, #232, #104));
#2884 = FACE_OUTER_BOUND('', #2883, .T.);
#2885 = ADVANCED_FACE('', (#2884), #12, .T.);
#2886 = DIRECTION('', (0.767361, 0.459938, 0.446782));
#2887 = POLY_LOOP('', (#104, #232, #234));
#2888 = FACE_OUTER_BOUND('', #2887, .T.);
#2889 = ADVANCED_FACE('', (#2888), #12, .T.);
#2890 = DIRECTION('', (0.767361, 0.459938, 0.446782));
#2891 = POLY_LOOP('', (#104, #234, #106));
#2892 = FACE_OUTER_BOUND('', #2891, .T.);
#2893 = ADVANCED_FACE('', (#2892), #12, .T.);
#2894 = DIRECTION('', (0.718584, 0.532938, 0.446782));
#2895 = POLY_LOOP('', (#106, #234, #236));
#2896 = FACE_OUTER_BOUND('', #2895, .T.);
#2897 = ADVANCED_FACE('', (#2896), #12, .T.);
#2898 = DIRECTION('', (0.718584, 0.532938, 0.446782));
#2899 = POLY_LOOP('', (#106, #236, #108));
#2900 = FACE_OUTER_BOUND('', #2899, .T.);
#2901 = ADVANCED_FACE('', (#2900), #12, .T.);
#2902 = DIRECTION('', (0.662886, 0.600805, 0.446782));
#2903 = POLY_LOOP('', (#108, #236, #238));
#2904 = FACE_OUTER_BOUND('', #2903, .T.);
#2905 = ADVANCED_FACE('', (#2904), #12, .T.);
#2906 = DIRECTION('', (0.662886, 0.600805, 0.446782));
#2907 = POLY_LOOP('', (#108, #238, #110));
#2908 = FACE_OUTER_BOUND('', #2907, .T.);
#2909 = ADVANCED_FACE('', (#2908), #12, .T.);
#2910 = DIRECTION('', (0.600805, 0.662886, 0.446782));
#2911 = POLY_LOOP('', (#110, #238, #240));
#2912 = FACE_OUTER_BOUND('', #2911, .T.);
#2913 = ADVANCED_FACE('', (#2912), #12, .T.);
#2914 = DIRECTION('', (0.600805, 0.662886, 0.446782));
#2915 = POLY_LOOP('', (#110, #240, #112));
#2916 = FACE_OUTER_BOUND('', #2915, .T.);
#2917 = ADVANCED_FACE('', (#2916), #12, .T.);
#2918 = DIRECTION('', (0.532938, 0.718584, 0.446782));
#2919 = POLY_LOOP('', (#112, #240, #242));
#2920 = FACE_OUTER_BOUND('', #2919, .T.);
#2921 = ADVANCED_FACE('', (#2920), #12, .T.);
#2922 = DIRECTION('', (0.532938, 0.718584, 0.446782));
#2923 = POLY_LOOP('', (#112, #242, #114));
#2924 = FACE_OUTER_BOUND('', #2923, .T.);
#2925 = ADVANCED_FACE('', (#2924), #12, .T.);
#2926 = DIRECTION('', (0.459938, 0.767361, 0.446782));
#2927 = POLY_LOOP('', (#114, #242, #244));
#2928 = FACE_OUTER_BOUND('', #2927, .T.);
#2929 = ADVANCED_FACE('', (#2928), #12, .T.);
#2930 = DIRECTION('', (0.459938, 0.767361, 0.446782));
#2931 = POLY_LOOP('', (#114, #244, #116));
#2932 = FACE_OUTER_BOUND('', #2931, .T.);
#2933 = ADVANCED_FACE('', (#2932), #12, .T.);
#2934 = DIRECTION('', (0.382509, 0.808747, 0.446782));
#2935 = POLY_LOOP('', (#116, #244, #246));
#2936 = FACE_OUTER_BOUND('', #2935, .T.);
#2937 = ADVANCED_FACE('', (#2936), #12, .T.);
#2938 = DIRECTION('', (0.382509, 0.808747, 0.446782));
#2939 = POLY_LOOP('', (#116, #246, #118));
#2940 = FACE_OUTER_BOUND('', #2939, .T.);
#2941 = ADVANCED_FACE('', (#2940), #12, .T.);
#2942 = DIRECTION('', (0.301396, 0.842345, 0.446782));
#2943 = POLY_LOOP('', (#118, #246, #248));
#2944 = FACE_OUTER_BOUND('', #2943, .T.);
#2945 = ADVANCED_FACE('', (#2944), #12, .T.);
#2946 = DIRECTION('', (0.301396, 0.842345, 0.446782));
#2947 = POLY_LOOP('', (#118, #248, #120));
#2948 = FACE_OUTER_BOUND('', #2947, .T.);
#2949 = ADVANCED_FACE('', (#2948), #12, .T.);
#2950 = DIRECTION('', (0.217380, 0.867831, 0.446782));
#2951 = POLY_LOOP('', (#120, #248, #250));
#2952 = FACE_OUTER_BOUND('', #2951, .T.);
#2953 = ADVANCED_FACE('', (#2952), #12, .T.);
#2954 = DIRECTION('', (0.217380, 0.867831, 0.446782));
#2955 = POLY_LOOP('', (#120, #250, #122));
#2956 = FACE_OUTER_BOUND('', #2955, .T.);
#2957 = ADVANCED_FACE('', (#2956), #12, .T.);
#2958 = DIRECTION('', (0.131271, 0.884959, 0.446782));
#2959 = POLY_LOOP('', (#122, #250, #252));
#2960 = FACE_OUTER_BOUND('', #2959, .T.);
#2961 = ADVANCED_FACE('', (#2960), #12, .T.);
#2962 = DIRECTION('', (0.131271, 0.884959, 0.446782));
#2963 = POLY_LOOP('', (#122, #252, #124));
#2964 = FACE_OUTER_BOUND('', #2963, .T.);
#2965 = ADVANCED_FACE('', (#2964), #12, .T.);
#2966 = DIRECTION('', (0.043898, 0.893565, 0.446782));
#2967 = POLY_LOOP('', (#124, #252, #254));
#2968 = FACE_OUTER_BOUND('', #2967, .T.);
#2969 = ADVANCED_FACE('', (#2968), #12, .T.);
#2970 = DIRECTION('', (0.043898, 0.893565, 0.446782));
#2971 = POLY_LOOP('', (#124, #254, #126));
#2972 = FACE_OUTER_BOUND('', #2971, .T.);
#2973 = ADVANCED_FACE('', (#2972), #12, .T.);
#2974 = DIRECTION('', (-0.043898, 0.893565, 0.446782));
#2975 = POLY_LOOP('', (#126, #254, #256));
#2976 = FACE_OUTER_BOUND('', #2975, .T.);
#2977 = ADVANCED_FACE('', (#2976), #12, .T.);
#2978 = DIRECTION('', (-0.043898, 0.893565, 0.446782));
#2979 = POLY_LOOP('', (#126, #256, #128));
#2980 = FACE_OUTER_BOUND('', #2979, .T.);
#2981 = ADVANCED_FACE('', (#2980), #12, .T.);
#2982 = DIRECTION('', (-0.131271, 0.884959, 0.446782));
#2983 = POLY_LOOP('', (#128, #256, #258));
#2984 = FACE_OUTER_BOUND('', #2983, .T.);
#2985 = ADVANCED_FACE('', (#2984), #12, .T.);
#2986 = DIRECTION('', (-0.131271, 0.884959, 0.446782));
#2987 = POLY_LOOP('', (#128, #258, #130));
#2988 = FACE_OUTER_BOUND('', #2987, .T.);
#2989 = ADVANCED_FACE('', (#2988), #12, .T.);
#2990 = DIRECTION('', (-0.217380, 0.867831, 0.446782));
#2991 = POLY_LOOP('', (#130, #258, #260));
#2992 = FACE_OUTER_BOUND('', #2991, .T.);
#2993 = ADVANCED_FACE('', (#2992), #12, .T.);
#2994 = DIRECTION('', (-0.217380, 0.867831, 0.446782));
#2995 = POLY_LOOP('', (#130, #260, #132));
#2996 = FACE_OUTER_BOUND('', #2995, .T.);
#2997 = ADVANCED_FACE('', (#2996), #12, .T.);
#2998 = DIRECTION('', (-0.301396, 0.842345, 0.446782));
#2999 = POLY_LOOP('', (#132, #260, #262));
#3000 = FACE_OUTER_BOUND('', #2999, .T.);
#3001 = ADVANCED_FACE('', (#3000), #12, .T.);
#3002 = DIRECTION('', (-0.301396, 0.842345, 0.446782));
#3003 = POLY_LOOP('', (#132, #262, #134));
#3004 = FACE_OUTER_BOUND('', #3003, .T.);
#3005 = ADVANCED_FACE('', (#3004), #12, .T.);
#3006 = DIRECTION('', (-0.382509, 0.808747, 0.446782));
#3007 = POLY_LOOP('', (#134, #262, #264));
#3008 = FACE_OUTER_BOUND('', #3007, .T.);
#3009 = ADVANCED_FACE('', (#3008), #12, .T.);
#3010 = DIRECTION('', (-0.382509, 0.808747, 0.446782));
#3011 = POLY_LOOP('', (#134, #264, #136));
#3012 = FACE_OUTER_BOUND('', #3011, .T.);
#3013 = ADVANCED_FACE('', (#3012), #12, .T.);
#3014 = DIRECTION('', (-0.459938, 0.767361, 0.446782));
#3015 = POLY_LOOP('', (#136, #264, #266));
#3016 = FACE_OUTER_BOUND('', #3015, .T.);
#3017 = ADVANCED_FACE('', (#3016), #12, .T.);
#3018 = DIRECTION('', (-0.459938, 0.767361, 0.446782));
#3019 = POLY_LOOP('', (#136, #266, #138));
#3020 = FACE_OUTER_BOUND('', #3019, .T.);
#3021 = ADVANCED_FACE('', (#3020), #12, .T.);
#3022 = DIRECTION('', (-0.532938, 0.718584, 0.446782));
#3023 = POLY_LOOP('', (#138, #266, #268));
#3024 = FACE_OUTER_BOUND('', #3023, .T.);
#3025 = ADVANCED_FACE('', (#3024), #12, .T.);
#3026 = DIRECTION('', (-0.532938, 0.718584, 0.446782));
#3027 = POLY_LOOP('', (#138, #268, #140));
#3028 = FACE_OUTER_BOUND('', #3027, .T.);
#3029 = ADVANCED_FACE('', (#3028), #12, .T.);
#3030 = DIRECTION('', (-0.600805, 0.662886, 0.446782));
#3031 = POLY_LOOP('', (#140, #268, #270));
#3032 = FACE_OUTER_BOUND('', #3031, .T.);
#3033 = ADVANCED_FACE('', (#3032), #12, .T.);
#3034 = DIRECTION('', (-0.600805, 0.662886, 0.446782));
#3035 = POLY_LOOP('', (#140, #270, #142));
#3036 = FACE_OUTER_BOUND('', #3035, .T.);
#3037 = ADVANCED_FACE('', (#3036), #12, .T.);
#3038 = DIRECTION('', (-0.662886, 0.600805, 0.446782));
#3039 = POLY_LOOP('', (#142, #270, #272));
#3040 = FACE_OUTER_BOUND('', #3039, .T.);
#3041 = ADVANCED_FACE('', (#3040), #12, .T.);
#3042 = DIRECTION('', (-0.662886, 0.600805, 0.446782));
#3043 = POLY_LOOP('', (#142, #272, #144));
#3044 = FACE_OUTER_BOUND('', #3043, .T.);
#3045 = ADVANCED_FACE('', (#3044), #12, .T.);
#3046 = DIRECTION('', (-0.718584, 0.532938, 0.446782));
#3047 = POLY_LOOP('', (#144, #272, #274));
#3048 = FACE_OUTER_BOUND('', #3047, .T.);
#3049 = ADVANCED_FACE('', (#3048), #12, .T.);
#3050 = DIRECTION('', (-0.718584, 0.532938, 0.446782));
#3051 = POLY_LOOP('', (#144, #274, #146));
#3052 = FACE_OUTER_BOUND('', #3051, .T.);
#3053 = ADVANCED_FACE('', (#3052), #12, .T.);
#3054 = DIRECTION('', (-0.767361, 0.459938, 0.446782));
#3055 = POLY_LOOP('', (#146, #274, #276));
#3056 = FACE_OUTER_BOUND('', #3055, .T.);
#3057 = ADVANCED_FACE('', (#3056), #12, .T.);
#3058 = DIRECTION('', (-0.767361, 0.459938, 0.446782));
#3059 = POLY_LOOP('', (#146, #276, #148));
#3060 = FACE_OUTER_BOUND('', #3059, .T.);
#3061 = ADVANCED_FACE('', (#3060), #12, .T.);
#3062 = DIRECTION('', (-0.808747, 0.382509, 0.446782));
#3063 = POLY_LOOP('', (#148, #276, #278));
#3064 = FACE_OUTER_BOUND('', #3063, .T.);
#3065 = ADVANCED_FACE('', (#3064), #12, .T.);
#3066 = DIRECTION('', (-0.808747, 0.382509, 0.446782));
#3067 = POLY_LOOP('', (#148, #278, #150));
#3068 = FACE_OUTER_BOUND('', #3067, .T.);
#3069 = ADVANCED_FACE('', (#3068), #12, .T.);
#3070 = DIRECTION('', (-0.842345, 0.301396, 0.446782));
#3071 = POLY_LOOP('', (#150, #278, #280));
#3072 = FACE_OUTER_BOUND('', #3071, .T.);
#3073 = ADVANCED_FACE('', (#3072), #12, .T.);
#3074 = DIRECTION('', (-0.842345, 0.301396, 0.446782));
#3075 = POLY_LOOP('', (#150, #280, #152));
#3076 = FACE_OUTER_BOUND('', #3075, .T.);
#3077 = ADVANCED_FACE('', (#3076), #12, .T.);
#3078 = DIRECTION('', (-0.867831, 0.217380, 0.446782));
#3079 = POLY_LOOP('', (#152, #280, #282));
#3080 = FACE_OUTER_BOUND('', #3079, .T.);
#3081 = ADVANCED_FACE('', (#3080), #12, .T.);
#3082 = DIRECTION('', (-0.867831, 0.217380, 0.446782));
#3083 = POLY_LOOP('', (#152, #282, #154));
#3084 = FACE_OUTER_BOUND('', #3083, .T.);
#3085 = ADVANCED_FACE('', (#3084), #12, .T.);
#3086 = DIRECTION('', (-0.884959, 0.131271, 0.446782));
#3087 = POLY_LOOP('', (#154, #282, #284));
#3088 = FACE_OUTER_BOUND('', #3087, .T.);
#3089 = ADVANCED_FACE('', (#3088), #12, .T.);
#3090 = DIRECTION('', (-0.884959, 0.131271, 0.446782));
#3091 = POLY_LOOP('', (#154, #284, #156));
#3092 = FACE_OUTER_BOUND('', #3091, .T.);
#3093 = ADVANCED_FACE('', (#3092), #12, .T.);
#3094 = DIRECTION('', (-0.893565, 0.043898, 0.446782));
#3095 = POLY_LOOP('', (#156, #284, #158));
#3096 = FACE_OUTER_BOUND('', #3095, .T.);
#3097 = ADVANCED_FACE('', (#3096), #12, .T.);
#3098 = DIRECTION('', (-0.893565, 0.043898, 0.446782));
#3099 = POLY_LOOP('', (#156, #158, #30));
#3100 = FACE_OUTER_BOUND('', #3099, .T.);
#3101 = ADVANCED_FACE('', (#3100), #12, .T.);
#3102 = DIRECTION('', (-0.704655, -0.034617, 0.708705));
#3103 = POLY_LOOP('', (#158, #286, #288));
#3104 = FACE_OUTER_BOUND('', #3103, .T.);
#3105 = ADVANCED_FACE('', (#3104), #12, .T.);
#3106 = DIRECTION('', (-0.704655, -0.034617, 0.708705));
#3107 = POLY_LOOP('', (#158, #288, #160));
#3108 = FACE_OUTER_BOUND('', #3107, .T.);
#3109 = ADVANCED_FACE('', (#3108), #12, .T.);
#3110 = DIRECTION('', (-0.697869, -0.103519, 0.708705));
#3111 = POLY_LOOP('', (#160, #288, #290));
#3112 = FACE_OUTER_BOUND('', #3111, .T.);
#3113 = ADVANCED_FACE('', (#3112), #12, .T.);
#3114 = DIRECTION('', (-0.697869, -0.103519, 0.708705));
#3115 = POLY_LOOP('', (#160, #290, #162));
#3116 = FACE_OUTER_BOUND('', #3115, .T.);
#3117 = ADVANCED_FACE('', (#3116), #12, .T.);
#3118 = DIRECTION('', (-0.684362, -0.171424, 0.708705));
#3119 = POLY_LOOP('', (#162, #290, #292));
#3120 = FACE_OUTER_BOUND('', #3119, .T.);
#3121 = ADVANCED_FACE('', (#3120), #12, .T.);
#3122 = DIRECTION('', (-0.684362, -0.171424, 0.708705));
#3123 = POLY_LOOP('', (#162, #292, #164));
#3124 = FACE_OUTER_BOUND('', #3123, .T.);
#3125 = ADVANCED_FACE('', (#3124), #12, .T.);
#3126 = DIRECTION('', (-0.664264, -0.237677, 0.708705));
#3127 = POLY_LOOP('', (#164, #292, #294));
#3128 = FACE_OUTER_BOUND('', #3127, .T.);
#3129 = ADVANCED_FACE('', (#3128), #12, .T.);
#3130 = DIRECTION('', (-0.664264, -0.237677, 0.708705));
#3131 = POLY_LOOP('', (#164, #294, #166));
#3132 = FACE_OUTER_BOUND('', #3131, .T.);
#3133 = ADVANCED_FACE('', (#3132), #12, .T.);
#3134 = DIRECTION('', (-0.637769, -0.301642, 0.708705));
#3135 = POLY_LOOP('', (#166, #294, #296));
#3136 = FACE_OUTER_BOUND('', #3135, .T.);
#3137 = ADVANCED_FACE('', (#3136), #12, .T.);
#3138 = DIRECTION('', (-0.637769, -0.301642, 0.708705));
#3139 = POLY_LOOP('', (#166, #296, #168));
#3140 = FACE_OUTER_BOUND('', #3139, .T.);
#3141 = ADVANCED_FACE('', (#3140), #12, .T.);
#3142 = DIRECTION('', (-0.605132, -0.362702, 0.708705));
#3143 = POLY_LOOP('', (#168, #296, #298));
#3144 = FACE_OUTER_BOUND('', #3143, .T.);
#3145 = ADVANCED_FACE('', (#3144), #12, .T.);
#3146 = DIRECTION('', (-0.605132, -0.362702, 0.708705));
#3147 = POLY_LOOP('', (#168, #298, #170));
#3148 = FACE_OUTER_BOUND('', #3147, .T.);
#3149 = ADVANCED_FACE('', (#3148), #12, .T.);
#3150 = DIRECTION('', (-0.566667, -0.420269, 0.708705));
#3151 = POLY_LOOP('', (#170, #298, #300));
#3152 = FACE_OUTER_BOUND('', #3151, .T.);
#3153 = ADVANCED_FACE('', (#3152), #12, .T.);
#3154 = DIRECTION('', (-0.566667, -0.420269, 0.708705));
#3155 = POLY_LOOP('', (#170, #300, #172));
#3156 = FACE_OUTER_BOUND('', #3155, .T.);
#3157 = ADVANCED_FACE('', (#3156), #12, .T.);
#3158 = DIRECTION('', (-0.522745, -0.473788, 0.708705));
#3159 = POLY_LOOP('', (#172, #300, #302));
#3160 = FACE_OUTER_BOUND('', #3159, .T.);
#3161 = ADVANCED_FACE('', (#3160), #12, .T.);
#3162 = DIRECTION('', (-0.522745, -0.473788, 0.708705));
#3163 = POLY_LOOP('', (#172, #302, #174));
#3164 = FACE_OUTER_BOUND('', #3163, .T.);
#3165 = ADVANCED_FACE('', (#3164), #12, .T.);
#3166 = DIRECTION('', (-0.473788, -0.522745, 0.708705));
#3167 = POLY_LOOP('', (#174, #302, #304));
#3168 = FACE_OUTER_BOUND('', #3167, .T.);
#3169 = ADVANCED_FACE('', (#3168), #12, .T.);
#3170 = DIRECTION('', (-0.473788, -0.522745, 0.708705));
#3171 = POLY_LOOP('', (#174, #304, #176));
#3172 = FACE_OUTER_BOUND('', #3171, .T.);
#3173 = ADVANCED_FACE('', (#3172), #12, .T.);
#3174 = DIRECTION('', (-0.420269, -0.566667, 0.708705));
#3175 = POLY_LOOP('', (#176, #304, #306));
#3176 = FACE_OUTER_BOUND('', #3175, .T.);
#3177 = ADVANCED_FACE('', (#3176), #12, .T.);
#3178 = DIRECTION('', (-0.420269, -0.566667, 0.708705));
#3179 = POLY_LOOP('', (#176, #306, #178));
#3180 = FACE_OUTER_BOUND('', #3179, .T.);
#3181 = ADVANCED_FACE('', (#3180), #12, .T.);
#3182 = DIRECTION('', (-0.362702, -0.605132, 0.708705));
#3183 = POLY_LOOP('', (#178, #306, #308));
#3184 = FACE_OUTER_BOUND('', #3183, .T.);
#3185 = ADVANCED_FACE('', (#3184), #12, .T.);
#3186 = DIRECTION('', (-0.362702, -0.605132, 0.708705));
#3187 = POLY_LOOP('', (#178, #308, #180));
#3188 = FACE_OUTER_BOUND('', #3187, .T.);
#3189 = ADVANCED_FACE('', (#3188), #12, .T.);
#3190 = DIRECTION('', (-0.301642, -0.637769, 0.708705));
#3191 = POLY_LOOP('', (#180, #308, #310));
#3192 = FACE_OUTER_BOUND('', #3191, .T.);
#3193 = ADVANCED_FACE('', (#3192), #12, .T.);
#3194 = DIRECTION('', (-0.301642, -0.637769, 0.708705));
#3195 = POLY_LOOP('', (#180, #310, #182));
#3196 = FACE_OUTER_BOUND('', #3195, .T.);
#3197 = ADVANCED_FACE('', (#3196), #12, .T.);
#3198 = DIRECTION('', (-0.237677, -0.664264, 0.708705));
#3199 = POLY_LOOP('', (#182, #310, #312));
#3200 = FACE_OUTER_BOUND('', #3199, .T.);
#3201 = ADVANCED_FACE('', (#3200), #12, .T.);
#3202 = DIRECTION('', (-0.237677, -0.664264, 0.708705));
#3203 = POLY_LOOP('', (#182, #312, #184));
#3204 = FACE_OUTER_BOUND('', #3203, .T.);
#3205 = ADVANCED_FACE('', (#3204), #12, .T.);
#3206 = DIRECTION('', (-0.171424, -0.684362, 0.708705));
#3207 = POLY_LOOP('', (#184, #312, #314));
#3208 = FACE_OUTER_BOUND('', #3207, .T.);
#3209 = ADVANCED_FACE('', (#3208), #12, .T.);
#3210 = DIRECTION('', (-0.171424, -0.684362, 0.708705));
#3211 = POLY_LOOP('', (#184, #314, #186));
#3212 = FACE_OUTER_BOUND('', #3211, .T.);
#3213 = ADVANCED_FACE('', (#3212), #12, .T.);
#3214 = DIRECTION('', (-0.103519, -0.697869, 0.708705));
#3215 = POLY_LOOP('', (#186, #314, #316));
#3216 = FACE_OUTER_BOUND('', #3215, .T.);
#3217 = ADVANCED_FACE('', (#3216), #12, .T.);
#3218 = DIRECTION('', (-0.103519, -0.697869, 0.708705));
#3219 = POLY_LOOP('', (#186, #316, #188));
#3220 = FACE_OUTER_BOUND('', #3219, .T.);
#3221 = ADVANCED_FACE('', (#3220), #12, .T.);
#3222 = DIRECTION('', (-0.034617, -0.704655, 0.708705));
#3223 = POLY_LOOP('', (#188, #316, #318));
#3224 = FACE_OUTER_BOUND('', #3223, .T.);
#3225 = ADVANCED_FACE('', (#3224), #12, .T.);
#3226 = DIRECTION('', (-0.034617, -0.704655, 0.708705));
#3227 = POLY_LOOP('', (#188, #318, #190));
#3228 = FACE_OUTER_BOUND('', #3227, .T.);
#3229 = ADVANCED_FACE('', (#3228), #12, .T.);
#3230 = DIRECTION('', (0.034617, -0.704655, 0.708705));
#3231 = POLY_LOOP('', (#190, #318, #320));
#3232 = FACE_OUTER_BOUND('', #3231, .T.);
#3233 = ADVANCED_FACE('', (#3232), #12, .T.);
#3234 = DIRECTION('', (0.034617, -0.704655, 0.708705));
#3235 = POLY_LOOP('', (#190, #320, #192));
#3236 = FACE_OUTER_BOUND('', #3235, .T.);
#3237 = ADVANCED_FACE('', (#3236), #12, .T.);
#3238 = DIRECTION('', (0.103519, -0.697869, 0.708705));
#3239 = POLY_LOOP('', (#192, #320, #322));
#3240 = FACE_OUTER_BOUND('', #3239, .T.);
#3241 = ADVANCED_FACE('', (#3240), #12, .T.);
#3242 = DIRECTION('', (0.103519, -0.697869, 0.708705));
#3243 = POLY_LOOP('', (#192, #322, #194));
#3244 = FACE_OUTER_BOUND('', #3243, .T.);
#3245 = ADVANCED_FACE('', (#3244), #12, .T.);
#3246 = DIRECTION('', (0.171424, -0.684362, 0.708705));
#3247 = POLY_LOOP('', (#194, #322, #324));
#3248 = FACE_OUTER_BOUND('', #3247, .T.);
#3249 = ADVANCED_FACE('', (#3248), #12, .T.);
#3250 = DIRECTION('', (0.171424, -0.684362, 0.708705));
#3251 = POLY_LOOP('', (#194, #324, #196));
#3252 = FACE_OUTER_BOUND('', #3251, .T.);
#3253 = ADVANCED_FACE('', (#3252), #12, .T.);
#3254 = DIRECTION('', (0.237677, -0.664264, 0.708705));
#3255 = POLY_LOOP('', (#196, #324, #326));
#3256 = FACE_OUTER_BOUND('', #3255, .T.);
#3257 = ADVANCED_FACE('', (#3256), #12, .T.);
#3258 = DIRECTION('', (0.237677, -0.664264, 0.708705));
#3259 = POLY_LOOP('', (#196, #326, #198));
#3260 = FACE_OUTER_BOUND('', #3259, .T.);
#3261 = ADVANCED_FACE('', (#3260), #12, .T.);
#3262 = DIRECTION('', (0.301642, -0.637769, 0.708705));
#3263 = POLY_LOOP('', (#198, #326, #328));
#3264 = FACE_OUTER_BOUND('', #3263, .T.);
#3265 = ADVANCED_FACE('', (#3264), #12, .T.);
#3266 = DIRECTION('', (0.301642, -0.637769, 0.708705));
#3267 = POLY_LOOP('', (#198, #328, #200));
#3268 = FACE_OUTER_BOUND('', #3267, .T.);
#3269 = ADVANCED_FACE('', (#3268), #12, .T.);
#3270 = DIRECTION('', (0.362702, -0.605132, 0.708705));
#3271 = POLY_LOOP('', (#200, #328, #330));
#3272 = FACE_OUTER_BOUND('', #3271, .T.);
#3273 = ADVANCED_FACE('', (#3272), #12, .T.);
#3274 = DIRECTION('', (0.362702, -0.605132, 0.708705));
#3275 = POLY_LOOP('', (#200, #330, #202));
#3276 = FACE_OUTER_BOUND('', #3275, .T.);
#3277 = ADVANCED_FACE('', (#3276), #12, .T.);
#3278 = DIRECTION('', (0.420269, -0.566667, 0.708705));
#3279 = POLY_LOOP('', (#202, #330, #332));
#3280 = FACE_OUTER_BOUND('', #3279, .T.);
#3281 = ADVANCED_FACE('', (#3280), #12, .T.);
#3282 = DIRECTION('', (0.420269, -0.566667, 0.708705));
#3283 = POLY_LOOP('', (#202, #332, #204));
#3284 = FACE_OUTER_BOUND('', #3283, .T.);
#3285 = ADVANCED_FACE('', (#3284), #12, .T.);
#3286 = DIRECTION('', (0.473788, -0.522745, 0.708705));
#3287 = POLY_LOOP('', (#204, #332, #334));
#3288 = FACE_OUTER_BOUND('', #3287, .T.);
#3289 = ADVANCED_FACE('', (#3288), #12, .T.);
#3290 = DIRECTION('', (0.473788, -0.522745, 0.708705));
#3291 = POLY_LOOP('', (#204, #334, #206));
#3292 = FACE_OUTER_BOUND('', #3291, .T.);
#3293 = ADVANCED_FACE('', (#3292), #12, .T.);
#3294 = DIRECTION('', (0.522745, -0.473788, 0.708705));
#3295 = POLY_LOOP('', (#206, #334, #336));
#3296 = FACE_OUTER_BOUND('', #3295, .T.);
#3297 = ADVANCED_FACE('', (#3296), #12, .T.);
#3298 = DIRECTION('', (0.522745, -0.473788, 0.708705));
#3299 = POLY_LOOP('', (#206, #336, #208));
#3300 = FACE_OUTER_BOUND('', #3299, .T.);
#3301 = ADVANCED_FACE('', (#3300), #12, .T.);
#3302 = DIRECTION('', (0.566667, -0.420269, 0.708705));
#3303 = POLY_LOOP('', (#208, #336, #338));
#3304 = FACE_OUTER_BOUND('', #3303, .T.);
#3305 = ADVANCED_FACE('', (#3304), #12, .T.);
#3306 = DIRECTION('', (0.566667, -0.420269, 0.708705));
#3307 = POLY_LOOP('', (#208, #338, #210));
#3308 = FACE_OUTER_BOUND('', #3307, .T.);
#3309 = ADVANCED_FACE('', (#3308), #12, .T.);
#3310 = DIRECTION('', (0.605132, -0.362702, 0.708705));
#3311 = POLY_LOOP('', (#210, #338, #340));
#3312 = FACE_OUTER_BOUND('', #3311, .T.);
#3313 = ADVANCED_FACE('', (#3312), #12, .T.);
#3314 = DIRECTION('', (0.605132, -0.362702, 0.708705));
#3315 = POLY_LOOP('', (#210, #340, #212));
#3316 = FACE_OUTER_BOUND('', #3315, .T.);
#3317 = ADVANCED_FACE('', (#3316), #12, .T.);
#3318 = DIRECTION('', (0.637769, -0.301642, 0.708705));
#3319 = POLY_LOOP('', (#212, #340, #342));
#3320 = FACE_OUTER_BOUND('', #3319, .T.);
#3321 = ADVANCED_FACE('', (#3320), #12, .T.);
#3322 = DIRECTION('', (0.637769, -0.301642, 0.708705));
#3323 = POLY_LOOP('', (#212, #342, #214));
#3324 = FACE_OUTER_BOUND('', #3323, .T.);
#3325 = ADVANCED_FACE('', (#3324), #12, .T.);
#3326 = DIRECTION('', (0.664264, -0.237677, 0.708705));
#3327 = POLY_LOOP('', (#214, #342, #344));
#3328 = FACE_OUTER_BOUND('', #3327, .T.);
#3329 = ADVANCED_FACE('', (#3328), #12, .T.);
#3330 = DIRECTION('', (0.664264, -0.237677, 0.708705));
#3331 = POLY_LOOP('', (#214, #344, #216));
#3332 = FACE_OUTER_BOUND('', #3331, .T.);
#3333 = ADVANCED_FACE('', (#3332), #12, .T.);
#3334 = DIRECTION('', (0.684362, -0.171424, 0.708705));
#3335 = POLY_LOOP('', (#216, #344, #346));
#3336 = FACE_OUTER_BOUND('', #3335, .T.);
#3337 = ADVANCED_FACE('', (#3336), #12, .T.);
#3338 = DIRECTION('', (0.684362, -0.171424, 0.708705));
#3339 = POLY_LOOP('', (#216, #346, #218));
#3340 = FACE_OUTER_BOUND('', #3339, .T.);
#3341 = ADVANCED_FACE('', (#3340), #12, .T.);
#3342 = DIRECTION('', (0.697869, -0.103519, 0.708705));
#3343 = POLY_LOOP('', (#218, #346, #348));
#3344 = FACE_OUTER_BOUND('', #3343, .T.);
#3345 = ADVANCED_FACE('', (#3344), #12, .T.);
#3346 = DIRECTION('', (0.697869, -0.103519, 0.708705));
#3347 = POLY_LOOP('', (#218, #348, #220));
#3348 = FACE_OUTER_BOUND('', #3347, .T.);
#3349 = ADVANCED_FACE('', (#3348), #12, .T.);
#3350 = DIRECTION('', (0.704655, -0.034617, 0.708705));
#3351 = POLY_LOOP('', (#220, #348, #350));
#3352 = FACE_OUTER_BOUND('', #3351, .T.);
#3353 = ADVANCED_FACE('', (#3352), #12, .T.);
#3354 = DIRECTION('', (0.704655, -0.034617, 0.708705));
#3355 = POLY_LOOP('', (#220, #350, #222));
#3356 = FACE_OUTER_BOUND('', #3355, .T.);
#3357 = ADVANCED_FACE('', (#3356), #12, .T.);
#3358 = DIRECTION('', (0.704655, 0.034617, 0.708705));
#3359 = POLY_LOOP('', (#222, #350, #352));
#3360 = FACE_OUTER_BOUND('', #3359, .T.);
#3361 = ADVANCED_FACE('', (#3360), #12, .T.);
#3362 = DIRECTION('', (0.704655, 0.034617, 0.708705));
#3363 = POLY_LOOP('', (#222, #352, #224));
#3364 = FACE_OUTER_BOUND('', #3363, .T.);
#3365 = ADVANCED_FACE('', (#3364), #12, .T.);
#3366 = DIRECTION('', (0.697869, 0.103519, 0.708705));
#3367 = POLY_LOOP('', (#224, #352, #354));
#3368 = FACE_OUTER_BOUND('', #3367, .T.);
#3369 = ADVANCED_FACE('', (#3368), #12, .T.);
#3370 = DIRECTION('', (0.697869, 0.103519, 0.708705));
#3371 = POLY_LOOP('', (#224, #354, #226));
#3372 = FACE_OUTER_BOUND('', #3371, .T.);
#3373 = ADVANCED_FACE('', (#3372), #12, .T.);
#3374 = DIRECTION('', (0.684362, 0.171424, 0.708705));
#3375 = POLY_LOOP('', (#226, #354, #356));
#3376 = FACE_OUTER_BOUND('', #3375, .T.);
#3377 = ADVANCED_FACE('', (#3376), #12, .T.);
#3378 = DIRECTION('', (0.684362, 0.171424, 0.708705));
#3379 = POLY_LOOP('', (#226, #356, #228));
#3380 = FACE_OUTER_BOUND('', #3379, .T.);
#3381 = ADVANCED_FACE('', (#3380), #12, .T.);
#3382 = DIRECTION('', (0.664264, 0.237677, 0.708705));
#3383 = POLY_LOOP('', (#228, #356, #358));
#3384 = FACE_OUTER_BOUND('', #3383, .T.);
#3385 = ADVANCED_FACE('', (#3384), #12, .T.);
#3386 = DIRECTION('', (0.664264, 0.237677, 0.708705));
#3387 = POLY_LOOP('', (#228, #358, #230));
#3388 = FACE_OUTER_BOUND('', #3387, .T.);
#3389 = ADVANCED_FACE('', (#3388), #12, .T.);
#3390 = DIRECTION('', (0.637769, 0.301642, 0.708705));
#3391 = POLY_LOOP('', (#230, #358, #360));
#3392 = FACE_OUTER_BOUND('', #3391, .T.);
#3393 = ADVANCED_FACE('', (#3392), #12, .T.);
#3394 = DIRECTION('', (0.637769, 0.301642, 0.708705));
#3395 = POLY_LOOP('', (#230, #360, #232));
#3396 = FACE_OUTER_BOUND('', #3395, .T.);
#3397 = ADVANCED_FACE('', (#3396), #12, .T.);
#3398 = DIRECTION('', (0.605132, 0.362702, 0.708705));
#3399 = POLY_LOOP('', (#232, #360, #362));
#3400 = FACE_OUTER_BOUND('', #3399, .T.);
#3401 = ADVANCED_FACE('', (#3400), #12, .T.);
#3402 = DIRECTION('', (0.605132, 0.362702, 0.708705));
#3403 = POLY_LOOP('', (#232, #362, #234));
#3404 = FACE_OUTER_BOUND('', #3403, .T.);
#3405 = ADVANCED_FACE('', (#3404), #12, .T.);
#3406 = DIRECTION('', (0.566667, 0.420269, 0.708705));
#3407 = POLY_LOOP('', (#234, #362, #364));
#3408 = FACE_OUTER_BOUND('', #3407, .T.);
#3409 = ADVANCED_FACE('', (#3408), #12, .T.);
#3410 = DIRECTION('', (0.566667, 0.420269, 0.708705));
#3411 = POLY_LOOP('', (#234, #364, #236));
#3412 = FACE_OUTER_BOUND('', #3411, .T.);
#3413 = ADVANCED_FACE('', (#3412), #12, .T.);
#3414 = DIRECTION('', (0.522745, 0.473788, 0.708705));
#3415 = POLY_LOOP('', (#236, #364, #366));
#3416 = FACE_OUTER_BOUND('', #3415, .T.);
#3417 = ADVANCED_FACE('', (#3416), #12, .T.);
#3418 = DIRECTION('', (0.522745, 0.473788, 0.708705));
#3419 = POLY_LOOP('', (#236, #366, #238));
#3420 = FACE_OUTER_BOUND('', #3419, .T.);
#3421 = ADVANCED_FACE('', (#3420), #12, .T.);
#3422 = DIRECTION('', (0.473788, 0.522745, 0.708705));
#3423 = POLY_LOOP('', (#238, #366, #368));
#3424 = FACE_OUTER_BOUND('', #3423, .T.);
#3425 = ADVANCED_FACE('', (#3424), #12, .T.);
#3426 = DIRECTION('', (0.473788, 0.522745, 0.708705));
#3427 = POLY_LOOP('', (#238, #368, #240));
#3428 = FACE_OUTER_BOUND('', #3427, .T.);
#3429 = ADVANCED_FACE('', (#3428), #12, .T.);
#3430 = DIRECTION('', (0.420269, 0.566667, 0.708705));
#3431 = POLY_LOOP('', (#240, #368, #370));
#3432 = FACE_OUTER_BOUND('', #3431, .T.);
#3433 = ADVANCED_FACE('', (#3432), #12, .T.);
#3434 = DIRECTION('', (0.420269, 0.566667, 0.708705));
#3435 = POLY_LOOP('', (#240, #370, #242));
#3436 = FACE_OUTER_BOUND('', #3435, .T.);
#3437 = ADVANCED_FACE('', (#3436), #12, .T.);
#3438 = DIRECTION('', (0.362702, 0.605132, 0.708705));
#3439 = POLY_LOOP('', (#242, #370, #372));
#3440 = FACE_OUTER_BOUND('', #3439, .T.);
#3441 = ADVANCED_FACE('', (#3440), #12, .T.);
#3442 = DIRECTION('', (0.362702, 0.605132, 0.708705));
#3443 = POLY_LOOP('', (#242, #372, #244));
#3444 = FACE_OUTER_BOUND('', #3443, .T.);
#3445 = ADVANCED_FACE('', (#3444), #12, .T.);
#3446 = DIRECTION('', (0.301642, 0.637769, 0.708705));
#3447 = POLY_LOOP('', (#244, #372, #374));
#3448 = FACE_OUTER_BOUND('', #3447, .T.);
#3449 = ADVANCED_FACE('', (#3448), #12, .T.);
#3450 = DIRECTION('', (0.301642, 0.637769, 0.708705));
#3451 = POLY_LOOP('', (#244, #374, #246));
#3452 = FACE_OUTER_BOUND('', #3451, .T.);
#3453 = ADVANCED_FACE('', (#3452), #12, .T.);
#3454 = DIRECTION('', (0.237677, 0.664264, 0.708705));
#3455 = POLY_LOOP('', (#246, #374, #376));
#3456 = FACE_OUTER_BOUND('', #3455, .T.);
#3457 = ADVANCED_FACE('', (#3456), #12, .T.);
#3458 = DIRECTION('', (0.237677, 0.664264, 0.708705));
#3459 = POLY_LOOP('', (#246, #376, #248));
#3460 = FACE_OUTER_BOUND('', #3459, .T.);
#3461 = ADVANCED_FACE('', (#3460), #12, .T.);
#3462 = DIRECTION('', (0.171424, 0.684362, 0.708705));
#3463 = POLY_LOOP('', (#248, #376, #378));
#3464 = FACE_OUTER_BOUND('', #3463, .T.);
#3465 = ADVANCED_FACE('', (#3464), #12, .T.);
#3466 = DIRECTION('', (0.171424, 0.684362, 0.708705));
#3467 = POLY_LOOP('', (#248, #378, #250));
#3468 = FACE_OUTER_BOUND('', #3467, .T.);
#3469 = ADVANCED_FACE('', (#3468), #12, .T.);
#3470 = DIRECTION('', (0.103519, 0.697869, 0.708705));
#3471 = POLY_LOOP('', (#250, #378, #380));
#3472 = FACE_OUTER_BOUND('', #3471, .T.);
#3473 = ADVANCED_FACE('', (#3472), #12, .T.);
#3474 = DIRECTION('', (0.103519, 0.697869, 0.708705));
#3475 = POLY_LOOP('', (#250, #380, #252));
#3476 = FACE_OUTER_BOUND('', #3475, .T.);
#3477 = ADVANCED_FACE('', (#3476), #12, .T.);
#3478 = DIRECTION('', (0.034617, 0.704655, 0.708705));
#3479 = POLY_LOOP('', (#252, #380, #382));
#3480 = FACE_OUTER_BOUND('', #3479, .T.);
#3481 = ADVANCED_FACE('', (#3480), #12, .T.);
#3482 = DIRECTION('', (0.034617, 0.704655, 0.708705));
#3483 = POLY_LOOP('', (#252, #382, #254));
#3484 = FACE_OUTER_BOUND('', #3483, .T.);
#3485 = ADVANCED_FACE('', (#3484), #12, .T.);
#3486 = DIRECTION('', (-0.034617, 0.704655, 0.708705));
#3487 = POLY_LOOP('', (#254, #382, #384));
#3488 = FACE_OUTER_BOUND('', #3487, .T.);
#3489 = ADVANCED_FACE('', (#3488), #12, .T.);
#3490 = DIRECTION('', (-0.034617, 0.704655, 0.708705));
#3491 = POLY_LOOP('', (#254, #384, #256));
#3492 = FACE_OUTER_BOUND('', #3491, .T.);
#3493 = ADVANCED_FACE('', (#3492), #12, .T.);
#3494 = DIRECTION('', (-0.103519, 0.697869, 0.708705));
#3495 = POLY_LOOP('', (#256, #384, #386));
#3496 = FACE_OUTER_BOUND('', #3495, .T.);
#3497 = ADVANCED_FACE('', (#3496), #12, .T.);
#3498 = DIRECTION('', (-0.103519, 0.697869, 0.708705));
#3499 = POLY_LOOP('', (#256, #386, #258));
#3500 = FACE_OUTER_BOUND('', #3499, .T.);
#3501 = ADVANCED_FACE('', (#3500), #12, .T.);
#3502 = DIRECTION('', (-0.171424, 0.684362, 0.708705));
#3503 = POLY_LOOP('', (#258, #386, #388));
#3504 = FACE_OUTER_BOUND('', #3503, .T.);
#3505 = ADVANCED_FACE('', (#3504), #12, .T.);
#3506 = DIRECTION('', (-0.171424, 0.684362, 0.708705));
#3507 = POLY_LOOP('', (#258, #388, #260));
#3508 = FACE_OUTER_BOUND('', #3507, .T.);
#3509 = ADVANCED_FACE('', (#3508), #12, .T.);
#3510 = DIRECTION('', (-0.237677, 0.664264, 0.708705));
#3511 = POLY_LOOP('', (#260, #388, #390));
#3512 = FACE_OUTER_BOUND('', #3511, .T.);
#3513 = ADVANCED_FACE('', (#3512), #12, .T.);
#3514 = DIRECTION('', (-0.237677, 0.664264, 0.708705));
#3515 = POLY_LOOP('', (#260, #390, #262));
#3516 = FACE_OUTER_BOUND('', #3515, .T.);
#3517 = ADVANCED_FACE('', (#3516), #12, .T.);
#3518 = DIRECTION('', (-0.301642, 0.637769, 0.708705));
#3519 = POLY_LOOP('', (#262, #390, #392));
#3520 = FACE_OUTER_BOUND('', #3519, .T.);
#3521 = ADVANCED_FACE('', (#3520), #12, .T.);
#3522 = DIRECTION('', (-0.301642, 0.637769, 0.708705));
#3523 = POLY_LOOP('', (#262, #392, #264));
#3524 = FACE_OUTER_BOUND('', #3523, .T.);
#3525 = ADVANCED_FACE('', (#3524), #12, .T.);
#3526 = DIRECTION('', (-0.362702, 0.605132, 0.708705));
#3527 = POLY_LOOP('', (#264, #392, #394));
#3528 = FACE_OUTER_BOUND('', #3527, .T.);
#3529 = ADVANCED_FACE('', (#3528), #12, .T.);
#3530 = DIRECTION('', (-0.362702, 0.605132, 0.708705));
#3531 = POLY_LOOP('', (#264, #394, #266));
#3532 = FACE_OUTER_BOUND('', #3531, .T.);
#3533 = ADVANCED_FACE('', (#3532), #12, .T.);
#3534 = DIRECTION('', (-0.420269, 0.566667, 0.708705));
#3535 = POLY_LOOP('', (#266, #394, #396));
#3536 = FACE_OUTER_BOUND('', #3535, .T.);
#3537 = ADVANCED_FACE('', (#3536), #12, .T.);
#3538 = DIRECTION('', (-0.420269, 0.566667, 0.708705));
#3539 = POLY_LOOP('', (#266, #396, #268));
#3540 = FACE_OUTER_BOUND('', #3539, .T.);
#3541 = ADVANCED_FACE('', (#3540), #12, .T.);
#3542 = DIRECTION('', (-0.473788, 0.522745, 0.708705));
#3543 = POLY_LOOP('', (#268, #396, #398));
#3544 = FACE_OUTER_BOUND('', #3543, .T.);
#3545 = ADVANCED_FACE('', (#3544), #12, .T.);
#3546 = DIRECTION('', (-0.473788, 0.522745, 0.708705));
#3547 = POLY_LOOP('', (#268, #398, #270));
#3548 = FACE_OUTER_BOUND('', #3547, .T.);
#3549 = ADVANCED_FACE('', (#3548), #12, .T.);
#3550 = DIRECTION('', (-0.522745, 0.473788, 0.708705));
#3551 = POLY_LOOP('', (#270, #398, #400));
#3552 = FACE_OUTER_BOUND('', #3551, .T.);
#3553 = ADVANCED_FACE('', (#3552), #12, .T.);
#3554 = DIRECTION('', (-0.522745, 0.473788, 0.708705));
#3555 = POLY_LOOP('', (#270, #400, #272));
#3556 = FACE_OUTER_BOUND('', #3555, .T.);
#3557 = ADVANCED_FACE('', (#3556), #12, .T.);
#3558 = DIRECTION('', (-0.566667, 0.420269, 0.708705));
#3559 = POLY_LOOP('', (#272, #400, #402));
#3560 = FACE_OUTER_BOUND('', #3559, .T.);
#3561 = ADVANCED_FACE('', (#3560), #12, .T.);
#3562 = DIRECTION('', (-0.566667, 0.420269, 0.708705));
#3563 = POLY_LOOP('', (#272, #402, #274));
#3564 = FACE_OUTER_BOUND('', #3563, .T.);
#3565 = ADVANCED_FACE('', (#3564), #12, .T.);
#3566 = DIRECTION('', (-0.605132, 0.362702, 0.708705));
#3567 = POLY_LOOP('', (#274, #402, #404));
#3568 = FACE_OUTER_BOUND('', #3567, .T.);
#3569 = ADVANCED_FACE('', (#3568), #12, .T.);
#3570 = DIRECTION('', (-0.605132, 0.362702, 0.708705));
#3571 = POLY_LOOP('', (#274, #404, #276));
#3572 = FACE_OUTER_BOUND('', #3571, .T.);
#3573 = ADVANCED_FACE('', (#3572), #12, .T.);
#3574 = DIRECTION('', (-0.637769, 0.301642, 0.708705));
#3575 = POLY_LOOP('', (#276, #404, #406));
#3576 = FACE_OUTER_BOUND('', #3575, .T.);
#3577 = ADVANCED_FACE('', (#3576), #12, .T.);
#3578 = DIRECTION('', (-0.637769, 0.301642, 0.708705));
#3579 = POLY_LOOP('', (#276, #406, #278));
#3580 = FACE_OUTER_BOUND('', #3579, .T.);
#3581 = ADVANCED_FACE('', (#3580), #12, .T.);
#3582 = DIRECTION('', (-0.664264, 0.237677, 0.708705));
#3583 = POLY_LOOP('', (#278, #406, #408));
#3584 = FACE_OUTER_BOUND('', #3583, .T.);
#3585 = ADVANCED_FACE('', (#3584), #12, .T.);
#3586 = DIRECTION('', (-0.664264, 0.237677, 0.708705));
#3587 = POLY_LOOP('', (#278, #408, #280));
#3588 = FACE_OUTER_BOUND('', #3587, .T.);
#3589 = ADVANCED_FACE('', (#3588), #12, .T.);
#3590 = DIRECTION('', (-0.684362, 0.171424, 0.708705));
#3591 = POLY_LOOP('', (#280, #408, #410));
#3592 = FACE_OUTER_BOUND('', #3591, .T.);
#3593 = ADVANCED_FACE('', (#3592), #12, .T.);
#3594 = DIRECTION('', (-0.684362, 0.171424, 0.708705));
#3595 = POLY_LOOP('', (#280, #410, #282));
#3596 = FACE_OUTER_BOUND('', #3595, .T.);
#3597 = ADVANCED_FACE('', (#3596), #12, .T.);
#3598 = DIRECTION('', (-0.697869, 0.103519, 0.708705));
#3599 = POLY_LOOP('', (#282, #410, #412));
#3600 = FACE_OUTER_BOUND('', #3599, .T.);
#3601 = ADVANCED_FACE('', (#3600), #12, .T.);
#3602 = DIRECTION('', (-0.697869, 0.103519, 0.708705));
#3603 = POLY_LOOP('', (#282, #412, #284));
#3604 = FACE_OUTER_BOUND('', #3603, .T.);
#3605 = ADVANCED_FACE('', (#3604), #12, .T.);
#3606 = DIRECTION('', (-0.704655, 0.034617, 0.708705));
#3607 = POLY_LOOP('', (#284, #412, #286));
#3608 = FACE_OUTER_BOUND('', #3607, .T.);
#3609 = ADVANCED_FACE('', (#3608), #12, .T.);
#3610 = DIRECTION('', (-0.704655, 0.034617, 0.708705));
#3611 = POLY_LOOP('', (#284, #286, #158));
#3612 = FACE_OUTER_BOUND('', #3611, .T.);
#3613 = ADVANCED_FACE('', (#3612), #12, .T.);
#3614 = DIRECTION('', (-0.681935, -0.033501, 0.730645));
#3615 = POLY_LOOP('', (#286, #414, #416));
#3616 = FACE_OUTER_BOUND('', #3615, .T.);
#3617 = ADVANCED_FACE('', (#3616), #12, .T.);
#3618 = DIRECTION('', (-0.681935, -0.033501, 0.730645));
#3619 = POLY_LOOP('', (#286, #416, #288));
#3620 = FACE_OUTER_BOUND('', #3619, .T.);
#3621 = ADVANCED_FACE('', (#3620), #12, .T.);
#3622 = DIRECTION('', (-0.675368, -0.100181, 0.730645));
#3623 = POLY_LOOP('', (#288, #416, #418));
#3624 = FACE_OUTER_BOUND('', #3623, .T.);
#3625 = ADVANCED_FACE('', (#3624), #12, .T.);
#3626 = DIRECTION('', (-0.675368, -0.100181, 0.730645));
#3627 = POLY_LOOP('', (#288, #418, #290));
#3628 = FACE_OUTER_BOUND('', #3627, .T.);
#3629 = ADVANCED_FACE('', (#3628), #12, .T.);
#3630 = DIRECTION('', (-0.662296, -0.165897, 0.730645));
#3631 = POLY_LOOP('', (#290, #418, #420));
#3632 = FACE_OUTER_BOUND('', #3631, .T.);
#3633 = ADVANCED_FACE('', (#3632), #12, .T.);
#3634 = DIRECTION('', (-0.662296, -0.165897, 0.730645));
#3635 = POLY_LOOP('', (#290, #420, #292));
#3636 = FACE_OUTER_BOUND('', #3635, .T.);
#3637 = ADVANCED_FACE('', (#3636), #12, .T.);
#3638 = DIRECTION('', (-0.642846, -0.230014, 0.730645));
#3639 = POLY_LOOP('', (#292, #420, #422));
#3640 = FACE_OUTER_BOUND('', #3639, .T.);
#3641 = ADVANCED_FACE('', (#3640), #12, .T.);
#3642 = DIRECTION('', (-0.642846, -0.230014, 0.730645));
#3643 = POLY_LOOP('', (#292, #422, #294));
#3644 = FACE_OUTER_BOUND('', #3643, .T.);
#3645 = ADVANCED_FACE('', (#3644), #12, .T.);
#3646 = DIRECTION('', (-0.617206, -0.291917, 0.730645));
#3647 = POLY_LOOP('', (#294, #422, #424));
#3648 = FACE_OUTER_BOUND('', #3647, .T.);
#3649 = ADVANCED_FACE('', (#3648), #12, .T.);
#3650 = DIRECTION('', (-0.617206, -0.291917, 0.730645));
#3651 = POLY_LOOP('', (#294, #424, #296));
#3652 = FACE_OUTER_BOUND('', #3651, .T.);
#3653 = ADVANCED_FACE('', (#3652), #12, .T.);
#3654 = DIRECTION('', (-0.585621, -0.351008, 0.730645));
#3655 = POLY_LOOP('', (#296, #424, #426));
#3656 = FACE_OUTER_BOUND('', #3655, .T.);
#3657 = ADVANCED_FACE('', (#3656), #12, .T.);
#3658 = DIRECTION('', (-0.585621, -0.351008, 0.730645));
#3659 = POLY_LOOP('', (#296, #426, #298));
#3660 = FACE_OUTER_BOUND('', #3659, .T.);
#3661 = ADVANCED_FACE('', (#3660), #12, .T.);
#3662 = DIRECTION('', (-0.548396, -0.406718, 0.730645));
#3663 = POLY_LOOP('', (#298, #426, #428));
#3664 = FACE_OUTER_BOUND('', #3663, .T.);
#3665 = ADVANCED_FACE('', (#3664), #12, .T.);
#3666 = DIRECTION('', (-0.548396, -0.406718, 0.730645));
#3667 = POLY_LOOP('', (#298, #428, #300));
#3668 = FACE_OUTER_BOUND('', #3667, .T.);
#3669 = ADVANCED_FACE('', (#3668), #12, .T.);
#3670 = DIRECTION('', (-0.505890, -0.458512, 0.730645));
#3671 = POLY_LOOP('', (#300, #428, #430));
#3672 = FACE_OUTER_BOUND('', #3671, .T.);
#3673 = ADVANCED_FACE('', (#3672), #12, .T.);
#3674 = DIRECTION('', (-0.505890, -0.458512, 0.730645));
#3675 = POLY_LOOP('', (#300, #430, #302));
#3676 = FACE_OUTER_BOUND('', #3675, .T.);
#3677 = ADVANCED_FACE('', (#3676), #12, .T.);
#3678 = DIRECTION('', (-0.458512, -0.505890, 0.730645));
#3679 = POLY_LOOP('', (#302, #430, #432));
#3680 = FACE_OUTER_BOUND('', #3679, .T.);
#3681 = ADVANCED_FACE('', (#3680), #12, .T.);
#3682 = DIRECTION('', (-0.458512, -0.505890, 0.730645));
#3683 = POLY_LOOP('', (#302, #432, #304));
#3684 = FACE_OUTER_BOUND('', #3683, .T.);
#3685 = ADVANCED_FACE('', (#3684), #12, .T.);
#3686 = DIRECTION('', (-0.406718, -0.548396, 0.730645));
#3687 = POLY_LOOP('', (#304, #432, #434));
#3688 = FACE_OUTER_BOUND('', #3687, .T.);
#3689 = ADVANCED_FACE('', (#3688), #12, .T.);
#3690 = DIRECTION('', (-0.406718, -0.548396, 0.730645));
#3691 = POLY_LOOP('', (#304, #434, #306));
#3692 = FACE_OUTER_BOUND('', #3691, .T.);
#3693 = ADVANCED_FACE('', (#3692), #12, .T.);
#3694 = DIRECTION('', (-0.351008, -0.585621, 0.730645));
#3695 = POLY_LOOP('', (#306, #434, #436));
#3696 = FACE_OUTER_BOUND('', #3695, .T.);
#3697 = ADVANCED_FACE('', (#3696), #12, .T.);
#3698 = DIRECTION('', (-0.351008, -0.585621, 0.730645));
#3699 = POLY_LOOP('', (#306, #436, #308));
#3700 = FACE_OUTER_BOUND('', #3699, .T.);
#3701 = ADVANCED_FACE('', (#3700), #12, .T.);
#3702 = DIRECTION('', (-0.291917, -0.617206, 0.730645));
#3703 = POLY_LOOP('', (#308, #436, #438));
#3704 = FACE_OUTER_BOUND('', #3703, .T.);
#3705 = ADVANCED_FACE('', (#3704), #12, .T.);
#3706 = DIRECTION('', (-0.291917, -0.617206, 0.730645));
#3707 = POLY_LOOP('', (#308, #438, #310));
#3708 = FACE_OUTER_BOUND('', #3707, .T.);
#3709 = ADVANCED_FACE('', (#3708), #12, .T.);
#3710 = DIRECTION('', (-0.230014, -0.642846, 0.730645));
#3711 = POLY_LOOP('', (#310, #438, #440));
#3712 = FACE_OUTER_BOUND('', #3711, .T.);
#3713 = ADVANCED_FACE('', (#3712), #12, .T.);
#3714 = DIRECTION('', (-0.230014, -0.642846, 0.730645));
#3715 = POLY_LOOP('', (#310, #440, #312));
#3716 = FACE_OUTER_BOUND('', #3715, .T.);
#3717 = ADVANCED_FACE('', (#3716), #12, .T.);
#3718 = DIRECTION('', (-0.165897, -0.662296, 0.730645));
#3719 = POLY_LOOP('', (#312, #440, #442));
#3720 = FACE_OUTER_BOUND('', #3719, .T.);
#3721 = ADVANCED_FACE('', (#3720), #12, .T.);
#3722 = DIRECTION('', (-0.165897, -0.662296, 0.730645));
#3723 = POLY_LOOP('', (#312, #442, #314));
#3724 = FACE_OUTER_BOUND('', #3723, .T.);
#3725 = ADVANCED_FACE('', (#3724), #12, .T.);
#3726 = DIRECTION('', (-0.100181, -0.675368, 0.730645));
#3727 = POLY_LOOP('', (#314, #442, #444));
#3728 = FACE_OUTER_BOUND('', #3727, .T.);
#3729 = ADVANCED_FACE('', (#3728), #12, .T.);
#3730 = DIRECTION('', (-0.100181, -0.675368, 0.730645));
#3731 = POLY_LOOP('', (#314, #444, #316));
#3732 = FACE_OUTER_BOUND('', #3731, .T.);
#3733 = ADVANCED_FACE('', (#3732), #12, .T.);
#3734 = DIRECTION('', (-0.033501, -0.681935, 0.730645));
#3735 = POLY_LOOP('', (#316, #444, #446));
#3736 = FACE_OUTER_BOUND('', #3735, .T.);
#3737 = ADVANCED_FACE('', (#3736), #12, .T.);
#3738 = DIRECTION('', (-0.033501, -0.681935, 0.730645));
#3739 = POLY_LOOP('', (#316, #446, #318));
#3740 = FACE_OUTER_BOUND('', #3739, .T.);
#3741 = ADVANCED_FACE('', (#3740), #12, .T.);
#3742 = DIRECTION('', (0.033501, -0.681935, 0.730645));
#3743 = POLY_LOOP('', (#318, #446, #448));
#3744 = FACE_OUTER_BOUND('', #3743, .T.);
#3745 = ADVANCED_FACE('', (#3744), #12, .T.);
#3746 = DIRECTION('', (0.033501, -0.681935, 0.730645));
#3747 = POLY_LOOP('', (#318, #448, #320));
#3748 = FACE_OUTER_BOUND('', #3747, .T.);
#3749 = ADVANCED_FACE('', (#3748), #12, .T.);
#3750 = DIRECTION('', (0.100181, -0.675368, 0.730645));
#3751 = POLY_LOOP('', (#320, #448, #450));
#3752 = FACE_OUTER_BOUND('', #3751, .T.);
#3753 = ADVANCED_FACE('', (#3752), #12, .T.);
#3754 = DIRECTION('', (0.100181, -0.675368, 0.730645));
#3755 = POLY_LOOP('', (#320, #450, #322));
#3756 = FACE_OUTER_BOUND('', #3755, .T.);
#3757 = ADVANCED_FACE('', (#3756), #12, .T.);
#3758 = DIRECTION('', (0.165897, -0.662296, 0.730645));
#3759 = POLY_LOOP('', (#322, #450, #452));
#3760 = FACE_OUTER_BOUND('', #3759, .T.);
#3761 = ADVANCED_FACE('', (#3760), #12, .T.);
#3762 = DIRECTION('', (0.165897, -0.662296, 0.730645));
#3763 = POLY_LOOP('', (#322, #452, #324));
#3764 = FACE_OUTER_BOUND('', #3763, .T.);
#3765 = ADVANCED_FACE('', (#3764), #12, .T.);
#3766 = DIRECTION('', (0.230014, -0.642846, 0.730645));
#3767 = POLY_LOOP('', (#324, #452, #454));
#3768 = FACE_OUTER_BOUND('', #3767, .T.);
#3769 = ADVANCED_FACE('', (#3768), #12, .T.);
#3770 = DIRECTION('', (0.230014, -0.642846, 0.730645));
#3771 = POLY_LOOP('', (#324, #454, #326));
#3772 = FACE_OUTER_BOUND('', #3771, .T.);
#3773 = ADVANCED_FACE('', (#3772), #12, .T.);
#3774 = DIRECTION('', (0.291917, -0.617206, 0.730645));
#3775 = POLY_LOOP('', (#326, #454, #456));
#3776 = FACE_OUTER_BOUND('', #3775, .T.);
#3777 = ADVANCED_FACE('', (#3776), #12, .T.);
#3778 = DIRECTION('', (0.291917, -0.617206, 0.730645));
#3779 = POLY_LOOP('', (#326, #456, #328));
#3780 = FACE_OUTER_BOUND('', #3779, .T.);
#3781 = ADVANCED_FACE('', (#3780), #12, .T.);
#3782 = DIRECTION('', (0.351008, -0.585621, 0.730645));
#3783 = POLY_LOOP('', (#328, #456, #458));
#3784 = FACE_OUTER_BOUND('', #3783, .T.);
#3785 = ADVANCED_FACE('', (#3784), #12, .T.);
#3786 = DIRECTION('', (0.351008, -0.585621, 0.730645));
#3787 = POLY_LOOP('', (#328, #458, #330));
#3788 = FACE_OUTER_BOUND('', #3787, .T.);
#3789 = ADVANCED_FACE('', (#3788), #12, .T.);
#3790 = DIRECTION('', (0.406718, -0.548396, 0.730645));
#3791 = POLY_LOOP('', (#330, #458, #460));
#3792 = FACE_OUTER_BOUND('', #3791, .T.);
#3793 = ADVANCED_FACE('', (#3792), #12, .T.);
#3794 = DIRECTION('', (0.406718, -0.548396, 0.730645));
#3795 = POLY_LOOP('', (#330, #460, #332));
#3796 = FACE_OUTER_BOUND('', #3795, .T.);
#3797 = ADVANCED_FACE('', (#3796), #12, .T.);
#3798 = DIRECTION('', (0.458512, -0.505890, 0.730645));
#3799 = POLY_LOOP('', (#332, #460, #462));
#3800 = FACE_OUTER_BOUND('', #3799, .T.);
#3801 = ADVANCED_FACE('', (#3800), #12, .T.);
#3802 = DIRECTION('', (0.458512, -0.505890, 0.730645));
#3803 = POLY_LOOP('', (#332, #462, #334));
#3804 = FACE_OUTER_BOUND('', #3803, .T.);
#3805 = ADVANCED_FACE('', (#3804), #12, .T.);
#3806 = DIRECTION('', (0.505890, -0.458512, 0.730645));
#3807 = POLY_LOOP('', (#334, #462, #464));
#3808 = FACE_OUTER_BOUND('', #3807, .T.);
#3809 = ADVANCED_FACE('', (#3808), #12, .T.);
#3810 = DIRECTION('', (0.505890, -0.458512, 0.730645));
#3811 = POLY_LOOP('', (#334, #464, #336));
#3812 = FACE_OUTER_BOUND('', #3811, .T.);
#3813 = ADVANCED_FACE('', (#3812), #12, .T.);
#3814 = DIRECTION('', (0.548396, -0.406718, 0.730645));
#3815 = POLY_LOOP('', (#336, #464, #466));
#3816 = FACE_OUTER_BOUND('', #3815, .T.);
#3817 = ADVANCED_FACE('', (#3816), #12, .T.);
#3818 = DIRECTION('', (0.548396, -0.406718, 0.730645));
#3819 = POLY_LOOP('', (#336, #466, #338));
#3820 = FACE_OUTER_BOUND('', #3819, .T.);
#3821 = ADVANCED_FACE('', (#3820), #12, .T.);
#3822 = DIRECTION('', (0.585621, -0.351008, 0.730645));
#3823 = POLY_LOOP('', (#338, #466, #468));
#3824 = FACE_OUTER_BOUND('', #3823, .T.);
#3825 = ADVANCED_FACE('', (#3824), #12, .T.);
#3826 = DIRECTION('', (0.585621, -0.351008, 0.730645));
#3827 = POLY_LOOP('', (#338, #468, #340));
#3828 = FACE_OUTER_BOUND('', #3827, .T.);
#3829 = ADVANCED_FACE('', (#3828), #12, .T.);
#3830 = DIRECTION('', (0.617206, -0.291917, 0.730645));
#3831 = POLY_LOOP('', (#340, #468, #470));
#3832 = FACE_OUTER_BOUND('', #3831, .T.);
#3833 = ADVANCED_FACE('', (#3832), #12, .T.);
#3834 = DIRECTION('', (0.617206, -0.291917, 0.730645));
#3835 = POLY_LOOP('', (#340, #470, #342));
#3836 = FACE_OUTER_BOUND('', #3835, .T.);
#3837 = ADVANCED_FACE('', (#3836), #12, .T.);
#3838 = DIRECTION('', (0.642846, -0.230014, 0.730645));
#3839 = POLY_LOOP('', (#342, #470, #472));
#3840 = FACE_OUTER_BOUND('', #3839, .T.);
#3841 = ADVANCED_FACE('', (#3840), #12, .T.);
#3842 = DIRECTION('', (0.642846, -0.230014, 0.730645));
#3843 = POLY_LOOP('', (#342, #472, #344));
#3844 = FACE_OUTER_BOUND('', #3843, .T.);
#3845 = ADVANCED_FACE('', (#3844), #12, .T.);
#3846 = DIRECTION('', (0.662296, -0.165897, 0.730645));
#3847 = POLY_LOOP('', (#344, #472, #474));
#3848 = FACE_OUTER_BOUND('', #3847, .T.);
#3849 = ADVANCED_FACE('', (#3848), #12, .T.);
#3850 = DIRECTION('', (0.662296, -0.165897, 0.730645));
#3851 = POLY_LOOP('', (#344, #474, #346));
#3852 = FACE_OUTER_BOUND('', #3851, .T.);
#3853 = ADVANCED_FACE('', (#3852), #12, .T.);
#3854 = DIRECTION('', (0.675368, -0.100181, 0.730645));
#3855 = POLY_LOOP('', (#346, #474, #476));
#3856 = FACE_OUTER_BOUND('', #3855, .T.);
#3857 = ADVANCED_FACE('', (#3856), #12, .T.);
#3858 = DIRECTION('', (0.675368, -0.100181, 0.730645));
#3859 = POLY_LOOP('', (#346, #476, #348));
#3860 = FACE_OUTER_BOUND('', #3859, .T.);
#3861 = ADVANCED_FACE('', (#3860), #12, .T.);
#3862 = DIRECTION('', (0.681935, -0.033501, 0.730645));
#3863 = POLY_LOOP('', (#348, #476, #478));
#3864 = FACE_OUTER_BOUND('', #3863, .T.);
#3865 = ADVANCED_FACE('', (#3864), #12, .T.);
#3866 = DIRECTION('', (0.681935, -0.033501, 0.730645));
#3867 = POLY_LOOP('', (#348, #478, #350));
#3868 = FACE_OUTER_BOUND('', #3867, .T.);
#3869 = ADVANCED_FACE('', (#3868), #12, .T.);
#3870 = DIRECTION('', (0.681935, 0.033501, 0.730645));
#3871 = POLY_LOOP('', (#350, #478, #480));
#3872 = FACE_OUTER_BOUND('', #3871, .T.);
#3873 = ADVANCED_FACE('', (#3872), #12, .T.);
#3874 = DIRECTION('', (0.681935, 0.033501, 0.730645));
#3875 = POLY_LOOP('', (#350, #480, #352));
#3876 = FACE_OUTER_BOUND('', #3875, .T.);
#3877 = ADVANCED_FACE('', (#3876), #12, .T.);
#3878 = DIRECTION('', (0.675368, 0.100181, 0.730645));
#3879 = POLY_LOOP('', (#352, #480, #482));
#3880 = FACE_OUTER_BOUND('', #3879, .T.);
#3881 = ADVANCED_FACE('', (#3880), #12, .T.);
#3882 = DIRECTION('', (0.675368, 0.100181, 0.730645));
#3883 = POLY_LOOP('', (#352, #482, #354));
#3884 = FACE_OUTER_BOUND('', #3883, .T.);
#3885 = ADVANCED_FACE('', (#3884), #12, .T.);
#3886 = DIRECTION('', (0.662296, 0.165897, 0.730645));
#3887 = POLY_LOOP('', (#354, #482, #484));
#3888 = FACE_OUTER_BOUND('', #3887, .T.);
#3889 = ADVANCED_FACE('', (#3888), #12, .T.);
#3890 = DIRECTION('', (0.662296, 0.165897, 0.730645));
#3891 = POLY_LOOP('', (#354, #484, #356));
#3892 = FACE_OUTER_BOUND('', #3891, .T.);
#3893 = ADVANCED_FACE('', (#3892), #12, .T.);
#3894 = DIRECTION('', (0.642846, 0.230014, 0.730645));
#3895 = POLY_LOOP('', (#356, #484, #486));
#3896 = FACE_OUTER_BOUND('', #3895, .T.);
#3897 = ADVANCED_FACE('', (#3896), #12, .T.);
#3898 = DIRECTION('', (0.642846, 0.230014, 0.730645));
#3899 = POLY_LOOP('', (#356, #486, #358));
#3900 = FACE_OUTER_BOUND('', #3899, .T.);
#3901 = ADVANCED_FACE('', (#3900), #12, .T.);
#3902 = DIRECTION('', (0.617206, 0.291917, 0.730645));
#3903 = POLY_LOOP('', (#358, #486, #488));
#3904 = FACE_OUTER_BOUND('', #3903, .T.);
#3905 = ADVANCED_FACE('', (#3904), #12, .T.);
#3906 = DIRECTION('', (0.617206, 0.291917, 0.730645));
#3907 = POLY_LOOP('', (#358, #488, #360));
#3908 = FACE_OUTER_BOUND('', #3907, .T.);
#3909 = ADVANCED_FACE('', (#3908), #12, .T.);
#3910 = DIRECTION('', (0.585621, 0.351008, 0.730645));
#3911 = POLY_LOOP('', (#360, #488, #490));
#3912 = FACE_OUTER_BOUND('', #3911, .T.);
#3913 = ADVANCED_FACE('', (#3912), #12, .T.);
#3914 = DIRECTION('', (0.585621, 0.351008, 0.730645));
#3915 = POLY_LOOP('', (#360, #490, #362));
#3916 = FACE_OUTER_BOUND('', #3915, .T.);
#3917 = ADVANCED_FACE('', (#3916), #12, .T.);
#3918 = DIRECTION('', (0.548396, 0.406718, 0.730645));
#3919 = POLY_LOOP('', (#362, #490, #492));
#3920 = FACE_OUTER_BOUND('', #3919, .T.);
#3921 = ADVANCED_FACE('', (#3920), #12, .T.);
#3922 = DIRECTION('', (0.548396, 0.406718, 0.730645));
#3923 = POLY_LOOP('', (#362, #492, #364));
#3924 = FACE_OUTER_BOUND('', #3923, .T.);
#3925 = ADVANCED_FACE('', (#3924), #12, .T.);
#3926 = DIRECTION('', (0.505890, 0.458512, 0.730645));
#3927 = POLY_LOOP('', (#364, #492, #494));
#3928 = FACE_OUTER_BOUND('', #3927, .T.);
#3929 = ADVANCED_FACE('', (#3928), #12, .T.);
#3930 = DIRECTION('', (0.505890, 0.458512, 0.730645));
#3931 = POLY_LOOP('', (#364, #494, #366));
#3932 = FACE_OUTER_BOUND('', #3931, .T.);
#3933 = ADVANCED_FACE('', (#3932), #12, .T.);
#3934 = DIRECTION('', (0.458512, 0.505890, 0.730645));
#3935 = POLY_LOOP('', (#366, #494, #496));
#3936 = FACE_OUTER_BOUND('', #3935, .T.);
#3937 = ADVANCED_FACE('', (#3936), #12, .T.);
#3938 = DIRECTION('', (0.458512, 0.505890, 0.730645));
#3939 = POLY_LOOP('', (#366, #496, #368));
#3940 = FACE_OUTER_BOUND('', #3939, .T.);
#3941 = ADVANCED_FACE('', (#3940), #12, .T.);
#3942 = DIRECTION('', (0.406718, 0.548396, 0.730645));
#3943 = POLY_LOOP('', (#368, #496, #498));
#3944 = FACE_OUTER_BOUND('', #3943, .T.);
#3945 = ADVANCED_FACE('', (#3944), #12, .T.);
#3946 = DIRECTION('', (0.406718, 0.548396, 0.730645));
#3947 = POLY_LOOP('', (#368, #498, #370));
#3948 = FACE_OUTER_BOUND('', #3947, .T.);
#3949 = ADVANCED_FACE('', (#3948), #12, .T.);
#3950 = DIRECTION('', (0.351008, 0.585621, 0.730645));
#3951 = POLY_LOOP('', (#370, #498, #500));
#3952 = FACE_OUTER_BOUND('', #3951, .T.);
#3953 = ADVANCED_FACE('', (#3952), #12, .T.);
#3954 = DIRECTION('', (0.351008, 0.585621, 0.730645));
#3955 = POLY_LOOP('', (#370, #500, #372));
#3956 = FACE_OUTER_BOUND('', #3955, .T.);
#3957 = ADVANCED_FACE('', (#3956), #12, .T.);
#3958 = DIRECTION('', (0.291917, 0.617206, 0.730645));
#3959 = POLY_LOOP('', (#372, #500, #502));
#3960 = FACE_OUTER_BOUND('', #3959, .T.);
#3961 = ADVANCED_FACE('', (#3960), #12, .T.);
#3962 = DIRECTION('', (0.291917, 0.617206, 0.730645));
#3963 = POLY_LOOP('', (#372, #502, #374));
#3964 = FACE_OUTER_BOUND('', #3963, .T.);
#3965 = ADVANCED_FACE('', (#3964), #12, .T.);
#3966 = DIRECTION('', (0.230014, 0.642846, 0.730645));
#3967 = POLY_LOOP('', (#374, #502, #504));
#3968 = FACE_OUTER_BOUND('', #3967, .T.);
#3969 = ADVANCED_FACE('', (#3968), #12, .T.);
#3970 = DIRECTION('', (0.230014, 0.642846, 0.730645));
#3971 = POLY_LOOP('', (#374, #504, #376));
#3972 = FACE_OUTER_BOUND('', #3971, .T.);
#3973 = ADVANCED_FACE('', (#3972), #12, .T.);
#3974 = DIRECTION('', (0.165897, 0.662296, 0.730645));
#3975 = POLY_LOOP('', (#376, #504, #506));
#3976 = FACE_OUTER_BOUND('', #3975, .T.);
#3977 = ADVANCED_FACE('', (#3976), #12, .T.);
#3978 = DIRECTION('', (0.165897, 0.662296, 0.730645));
#3979 = POLY_LOOP('', (#376, #506, #378));
#3980 = FACE_OUTER_BOUND('', #3979, .T.);
#3981 = ADVANCED_FACE('', (#3980), #12, .T.);
#3982 = DIRECTION('', (0.100181, 0.675368, 0.730645));
#3983 = POLY_LOOP('', (#378, #506, #508));
#3984 = FACE_OUTER_BOUND('', #3983, .T.);
#3985 = ADVANCED_FACE('', (#3984), #12, .T.);
#3986 = DIRECTION('', (0.100181, 0.675368, 0.730645));
#3987 = POLY_LOOP('', (#378, #508, #380));
#3988 = FACE_OUTER_BOUND('', #3987, .T.);
#3989 = ADVANCED_FACE('', (#3988), #12, .T.);
#3990 = DIRECTION('', (0.033501, 0.681935, 0.730645));
#3991 = POLY_LOOP('', (#380, #508, #510));
#3992 = FACE_OUTER_BOUND('', #3991, .T.);
#3993 = ADVANCED_FACE('', (#3992), #12, .T.);
#3994 = DIRECTION('', (0.033501, 0.681935, 0.730645));
#3995 = POLY_LOOP('', (#380, #510, #382));
#3996 = FACE_OUTER_BOUND('', #3995, .T.);
#3997 = ADVANCED_FACE('', (#3996), #12, .T.);
#3998 = DIRECTION('', (-0.033501, 0.681935, 0.730645));
#3999 = POLY_LOOP('', (#382, #510, #512));
#4000 = FACE_OUTER_BOUND('', #3999, .T.);
#4001 = ADVANCED_FACE('', (#4000), #12, .T.);
#4002 = DIRECTION('', (-0.033501, 0.681935, 0.730645));
#4003 = POLY_LOOP('', (#382, #512, #384));
#4004 = FACE_OUTER_BOUND('', #4003, .T.);
#4005 = ADVANCED_FACE('', (#4004), #12, .T.);
#4006 = DIRECTION('', (-0.100181, 0.675368, 0.730645));
#4007 = POLY_LOOP('', (#384, #512, #514));
#4008 = FACE_OUTER_BOUND('', #4007, .T.);
#4009 = ADVANCED_FACE('', (#4008), #12, .T.);
#4010 = DIRECTION('', (-0.100181, 0.675368, 0.730645));
#4011 = POLY_LOOP('', (#384, #514, #386));
#4012 = FACE_OUTER_BOUND('', #4011, .T.);
#4013 = ADVANCED_FACE('', (#4012), #12, .T.);
#4014 = DIRECTION('', (-0.165897, 0.662296, 0.730645));
#4015 = POLY_LOOP('', (#386, #514, #516));
#4016 = FACE_OUTER_BOUND('', #4015, .T.);
#4017 = ADVANCED_FACE('', (#4016), #12, .T.);
#4018 = DIRECTION('', (-0.165897, 0.662296, 0.730645));
#4019 = POLY_LOOP('', (#386, #516, #388));
#4020 = FACE_OUTER_BOUND('', #4019, .T.);
#4021 = ADVANCED_FACE('', (#4020), #12, .T.);
#4022 = DIRECTION('', (-0.230014, 0.642846, 0.730645));
#4023 = POLY_LOOP('', (#388, #516, #518));
#4024 = FACE_OUTER_BOUND('', #4023, .T.);
#4025 = ADVANCED_FACE('', (#4024), #12, .T.);
#4026 = DIRECTION('', (-0.230014, 0.642846, 0.730645));
#4027 = POLY_LOOP('', (#388, #518, #390));
#4028 = FACE_OUTER_BOUND('', #4027, .T.);
#4029 = ADVANCED_FACE('', (#4028), #12, .T.);
#4030 = DIRECTION('', (-0.291917, 0.617206, 0.730645));
#4031 = POLY_LOOP('', (#390, #518, #520));
#4032 = FACE_OUTER_BOUND('', #4031, .T.);
#4033 = ADVANCED_FACE('', (#4032), #12, .T.);
#4034 = DIRECTION('', (-0.291917, 0.617206, 0.730645));
#4035 = POLY_LOOP('', (#390, #520, #392));
#4036 = FACE_OUTER_BOUND('', #4035, .T.);
#4037 = ADVANCED_FACE('', (#4036), #12, .T.);
#4038 = DIRECTION('', (-0.351008, 0.585621, 0.730645));
#4039 = POLY_LOOP('', (#392, #520, #522));
#4040 = FACE_OUTER_BOUND('', #4039, .T.);
#4041 = ADVANCED_FACE('', (#4040), #12, .T.);
#4042 = DIRECTION('', (-0.351008, 0.585621, 0.730645));
#4043 = POLY_LOOP('', (#392, #522, #394));
#4044 = FACE_OUTER_BOUND('', #4043, .T.);
#4045 = ADVANCED_FACE('', (#4044), #12, .T.);
#4046 = DIRECTION('', (-0.406718, 0.548396, 0.730645));
#4047 = POLY_LOOP('', (#394, #522, #524));
#4048 = FACE_OUTER_BOUND('', #4047, .T.);
#4049 = ADVANCED_FACE('', (#4048), #12, .T.);
#4050 = DIRECTION('', (-0.406718, 0.548396, 0.730645));
#4051 = POLY_LOOP('', (#394, #524, #396));
#4052 = FACE_OUTER_BOUND('', #4051, .T.);
#4053 = ADVANCED_FACE('', (#4052), #12, .T.);
#4054 = DIRECTION('', (-0.458512, 0.505890, 0.730645));
#4055 = POLY_LOOP('', (#396, #524, #526));
#4056 = FACE_OUTER_BOUND('', #4055, .T.);
#4057 = ADVANCED_FACE('', (#4056), #12, .T.);
#4058 = DIRECTION('', (-0.458512, 0.505890, 0.730645));
#4059 = POLY_LOOP('', (#396, #526, #398));
#4060 = FACE_OUTER_BOUND('', #4059, .T.);
#4061 = ADVANCED_FACE('', (#4060), #12, .T.);
#4062 = DIRECTION('', (-0.505890, 0.458512, 0.730645));
#4063 = POLY_LOOP('', (#398, #526, #528));
#4064 = FACE_OUTER_BOUND('', #4063, .T.);
#4065 = ADVANCED_FACE('', (#4064), #12, .T.);
#4066 = DIRECTION('', (-0.505890, 0.458512, 0.730645));
#4067 = POLY_LOOP('', (#398, #528, #400));
#4068 = FACE_OUTER_BOUND('', #4067, .T.);
#4069 = ADVANCED_FACE('', (#4068), #12, .T.);
#4070 = DIRECTION('', (-0.548396, 0.406718, 0.730645));
#4071 = POLY_LOOP('', (#400, #528, #530));
#4072 = FACE_OUTER_BOUND('', #4071, .T.);
#4073 = ADVANCED_FACE('', (#4072), #12, .T.);
#4074 = DIRECTION('', (-0.548396, 0.406718, 0.730645));
#4075 = POLY_LOOP('', (#400, #530, #402));
#4076 = FACE_OUTER_BOUND('', #4075, .T.);
#4077 = ADVANCED_FACE('', (#4076), #12, .T.);
#4078 = DIRECTION('', (-0.585621, 0.351008, 0.730645));
#4079 = POLY_LOOP('', (#402, #530, #532));
#4080 = FACE_OUTER_BOUND('', #4079, .T.);
#4081 = ADVANCED_FACE('', (#4080), #12, .T.);
#4082 = DIRECTION('', (-0.585621, 0.351008, 0.730645));
#4083 = POLY_LOOP('', (#402, #532, #404));
#4084 = FACE_OUTER_BOUND('', #4083, .T.);
#4085 = ADVANCED_FACE('', (#4084), #12, .T.);
#4086 = DIRECTION('', (-0.617206, 0.291917, 0.730645));
#4087 = POLY_LOOP('', (#404, #532, #534));
#4088 = FACE_OUTER_BOUND('', #4087, .T.);
#4089 = ADVANCED_FACE('', (#4088), #12, .T.);
#4090 = DIRECTION('', (-0.617206, 0.291917, 0.730645));
#4091 = POLY_LOOP('', (#404, #534, #406));
#4092 = FACE_OUTER_BOUND('', #4091, .T.);
#4093 = ADVANCED_FACE('', (#4092), #12, .T.);
#4094 = DIRECTION('', (-0.642846, 0.230014, 0.730645));
#4095 = POLY_LOOP('', (#406, #534, #536));
#4096 = FACE_OUTER_BOUND('', #4095, .T.);
#4097 = ADVANCED_FACE('', (#4096), #12, .T.);
#4098 = DIRECTION('', (-0.642846, 0.230014, 0.730645));
#4099 = POLY_LOOP('', (#406, #536, #408));
#4100 = FACE_OUTER_BOUND('', #4099, .T.);
#4101 = ADVANCED_FACE('', (#4100), #12, .T.);
#4102 = DIRECTION('', (-0.662296, 0.165897, 0.730645));
#4103 = POLY_LOOP('', (#408, #536, #538));
#4104 = FACE_OUTER_BOUND('', #4103, .T.);
#4105 = ADVANCED_FACE('', (#4104), #12, .T.);
#4106 = DIRECTION('', (-0.662296, 0.165897, 0.730645));
#4107 = POLY_LOOP('', (#408, #538, #410));
#4108 = FACE_OUTER_BOUND('', #4107, .T.);
#4109 = ADVANCED_FACE('', (#4108), #12, .T.);
#4110 = DIRECTION('', (-0.675368, 0.100181, 0.730645));
#4111 = POLY_LOOP('', (#410, #538, #540));
#4112 = FACE_OUTER_BOUND('', #4111, .T.);
#4113 = ADVANCED_FACE('', (#4112), #12, .T.);
#4114 = DIRECTION('', (-0.675368, 0.100181, 0.730645));
#4115 = POLY_LOOP('', (#410, #540, #412));
#4116 = FACE_OUTER_BOUND('', #4115, .T.);
#4117 = ADVANCED_FACE('', (#4116), #12, .T.);
#4118 = DIRECTION('', (-0.681935, 0.033501, 0.730645));
#4119 = POLY_LOOP('', (#412, #540, #414));
#4120 = FACE_OUTER_BOUND('', #4119, .T.);
#4121 = ADVANCED_FACE('', (#4120), #12, .T.);
#4122 = DIRECTION('', (-0.681935, 0.033501, 0.730645));
#4123 = POLY_LOOP('', (#412, #414, #286));
#4124 = FACE_OUTER_BOUND('', #4123, .T.);
#4125 = ADVANCED_FACE('', (#4124), #12, .T.);
#4126 = DIRECTION('', (-0.421342, -0.020699, 0.906666));
#4127 = POLY_LOOP('', (#414, #542, #544));
#4128 = FACE_OUTER_BOUND('', #4127, .T.);
#4129 = ADVANCED_FACE('', (#4128), #12, .T.);
#4130 = DIRECTION('', (-0.421342, -0.020699, 0.906666));
#4131 = POLY_LOOP('', (#414, #544, #416));
#4132 = FACE_OUTER_BOUND('', #4131, .T.);
#4133 = ADVANCED_FACE('', (#4132), #12, .T.);
#4134 = DIRECTION('', (-0.417284, -0.061898, 0.906666));
#4135 = POLY_LOOP('', (#416, #544, #546));
#4136 = FACE_OUTER_BOUND('', #4135, .T.);
#4137 = ADVANCED_FACE('', (#4136), #12, .T.);
#4138 = DIRECTION('', (-0.417284, -0.061898, 0.906666));
#4139 = POLY_LOOP('', (#416, #546, #418));
#4140 = FACE_OUTER_BOUND('', #4139, .T.);
#4141 = ADVANCED_FACE('', (#4140), #12, .T.);
#4142 = DIRECTION('', (-0.409208, -0.102501, 0.906666));
#4143 = POLY_LOOP('', (#418, #546, #548));
#4144 = FACE_OUTER_BOUND('', #4143, .T.);
#4145 = ADVANCED_FACE('', (#4144), #12, .T.);
#4146 = DIRECTION('', (-0.409208, -0.102501, 0.906666));
#4147 = POLY_LOOP('', (#418, #548, #420));
#4148 = FACE_OUTER_BOUND('', #4147, .T.);
#4149 = ADVANCED_FACE('', (#4148), #12, .T.);
#4150 = DIRECTION('', (-0.397190, -0.142117, 0.906666));
#4151 = POLY_LOOP('', (#420, #548, #550));
#4152 = FACE_OUTER_BOUND('', #4151, .T.);
#4153 = ADVANCED_FACE('', (#4152), #12, .T.);
#4154 = DIRECTION('', (-0.397190, -0.142117, 0.906666));
#4155 = POLY_LOOP('', (#420, #550, #422));
#4156 = FACE_OUTER_BOUND('', #4155, .T.);
#4157 = ADVANCED_FACE('', (#4156), #12, .T.);
#4158 = DIRECTION('', (-0.381348, -0.180364, 0.906666));
#4159 = POLY_LOOP('', (#422, #550, #552));
#4160 = FACE_OUTER_BOUND('', #4159, .T.);
#4161 = ADVANCED_FACE('', (#4160), #12, .T.);
#4162 = DIRECTION('', (-0.381348, -0.180364, 0.906666));
#4163 = POLY_LOOP('', (#422, #552, #424));
#4164 = FACE_OUTER_BOUND('', #4163, .T.);
#4165 = ADVANCED_FACE('', (#4164), #12, .T.);
#4166 = DIRECTION('', (-0.361833, -0.216874, 0.906666));
#4167 = POLY_LOOP('', (#424, #552, #554));
#4168 = FACE_OUTER_BOUND('', #4167, .T.);
#4169 = ADVANCED_FACE('', (#4168), #12, .T.);
#4170 = DIRECTION('', (-0.361833, -0.216874, 0.906666));
#4171 = POLY_LOOP('', (#424, #554, #426));
#4172 = FACE_OUTER_BOUND('', #4171, .T.);
#4173 = ADVANCED_FACE('', (#4172), #12, .T.);
#4174 = DIRECTION('', (-0.338833, -0.251296, 0.906666));
#4175 = POLY_LOOP('', (#426, #554, #556));
#4176 = FACE_OUTER_BOUND('', #4175, .T.);
#4177 = ADVANCED_FACE('', (#4176), #12, .T.);
#4178 = DIRECTION('', (-0.338833, -0.251296, 0.906666));
#4179 = POLY_LOOP('', (#426, #556, #428));
#4180 = FACE_OUTER_BOUND('', #4179, .T.);
#4181 = ADVANCED_FACE('', (#4180), #12, .T.);
#4182 = DIRECTION('', (-0.312570, -0.283297, 0.906666));
#4183 = POLY_LOOP('', (#428, #556, #558));
#4184 = FACE_OUTER_BOUND('', #4183, .T.);
#4185 = ADVANCED_FACE('', (#4184), #12, .T.);
#4186 = DIRECTION('', (-0.312570, -0.283297, 0.906666));
#4187 = POLY_LOOP('', (#428, #558, #430));
#4188 = FACE_OUTER_BOUND('', #4187, .T.);
#4189 = ADVANCED_FACE('', (#4188), #12, .T.);
#4190 = DIRECTION('', (-0.283297, -0.312570, 0.906666));
#4191 = POLY_LOOP('', (#430, #558, #560));
#4192 = FACE_OUTER_BOUND('', #4191, .T.);
#4193 = ADVANCED_FACE('', (#4192), #12, .T.);
#4194 = DIRECTION('', (-0.283297, -0.312570, 0.906666));
#4195 = POLY_LOOP('', (#430, #560, #432));
#4196 = FACE_OUTER_BOUND('', #4195, .T.);
#4197 = ADVANCED_FACE('', (#4196), #12, .T.);
#4198 = DIRECTION('', (-0.251296, -0.338833, 0.906666));
#4199 = POLY_LOOP('', (#432, #560, #562));
#4200 = FACE_OUTER_BOUND('', #4199, .T.);
#4201 = ADVANCED_FACE('', (#4200), #12, .T.);
#4202 = DIRECTION('', (-0.251296, -0.338833, 0.906666));
#4203 = POLY_LOOP('', (#432, #562, #434));
#4204 = FACE_OUTER_BOUND('', #4203, .T.);
#4205 = ADVANCED_FACE('', (#4204), #12, .T.);
#4206 = DIRECTION('', (-0.216874, -0.361833, 0.906666));
#4207 = POLY_LOOP('', (#434, #562, #564));
#4208 = FACE_OUTER_BOUND('', #4207, .T.);
#4209 = ADVANCED_FACE('', (#4208), #12, .T.);
#4210 = DIRECTION('', (-0.216874, -0.361833, 0.906666));
#4211 = POLY_LOOP('', (#434, #564, #436));
#4212 = FACE_OUTER_BOUND('', #4211, .T.);
#4213 = ADVANCED_FACE('', (#4212), #12, .T.);
#4214 = DIRECTION('', (-0.180364, -0.381348, 0.906666));
#4215 = POLY_LOOP('', (#436, #564, #566));
#4216 = FACE_OUTER_BOUND('', #4215, .T.);
#4217 = ADVANCED_FACE('', (#4216), #12, .T.);
#4218 = DIRECTION('', (-0.180364, -0.381348, 0.906666));
#4219 = POLY_LOOP('', (#436, #566, #438));
#4220 = FACE_OUTER_BOUND('', #4219, .T.);
#4221 = ADVANCED_FACE('', (#4220), #12, .T.);
#4222 = DIRECTION('', (-0.142117, -0.397190, 0.906666));
#4223 = POLY_LOOP('', (#438, #566, #568));
#4224 = FACE_OUTER_BOUND('', #4223, .T.);
#4225 = ADVANCED_FACE('', (#4224), #12, .T.);
#4226 = DIRECTION('', (-0.142117, -0.397190, 0.906666));
#4227 = POLY_LOOP('', (#438, #568, #440));
#4228 = FACE_OUTER_BOUND('', #4227, .T.);
#4229 = ADVANCED_FACE('', (#4228), #12, .T.);
#4230 = DIRECTION('', (-0.102501, -0.409208, 0.906666));
#4231 = POLY_LOOP('', (#440, #568, #570));
#4232 = FACE_OUTER_BOUND('', #4231, .T.);
#4233 = ADVANCED_FACE('', (#4232), #12, .T.);
#4234 = DIRECTION('', (-0.102501, -0.409208, 0.906666));
#4235 = POLY_LOOP('', (#440, #570, #442));
#4236 = FACE_OUTER_BOUND('', #4235, .T.);
#4237 = ADVANCED_FACE('', (#4236), #12, .T.);
#4238 = DIRECTION('', (-0.061898, -0.417284, 0.906666));
#4239 = POLY_LOOP('', (#442, #570, #572));
#4240 = FACE_OUTER_BOUND('', #4239, .T.);
#4241 = ADVANCED_FACE('', (#4240), #12, .T.);
#4242 = DIRECTION('', (-0.061898, -0.417284, 0.906666));
#4243 = POLY_LOOP('', (#442, #572, #444));
#4244 = FACE_OUTER_BOUND('', #4243, .T.);
#4245 = ADVANCED_FACE('', (#4244), #12, .T.);
#4246 = DIRECTION('', (-0.020699, -0.421342, 0.906666));
#4247 = POLY_LOOP('', (#444, #572, #574));
#4248 = FACE_OUTER_BOUND('', #4247, .T.);
#4249 = ADVANCED_FACE('', (#4248), #12, .T.);
#4250 = DIRECTION('', (-0.020699, -0.421342, 0.906666));
#4251 = POLY_LOOP('', (#444, #574, #446));
#4252 = FACE_OUTER_BOUND('', #4251, .T.);
#4253 = ADVANCED_FACE('', (#4252), #12, .T.);
#4254 = DIRECTION('', (0.020699, -0.421342, 0.906666));
#4255 = POLY_LOOP('', (#446, #574, #576));
#4256 = FACE_OUTER_BOUND('', #4255, .T.);
#4257 = ADVANCED_FACE('', (#4256), #12, .T.);
#4258 = DIRECTION('', (0.020699, -0.421342, 0.906666));
#4259 = POLY_LOOP('', (#446, #576, #448));
#4260 = FACE_OUTER_BOUND('', #4259, .T.);
#4261 = ADVANCED_FACE('', (#4260), #12, .T.);
#4262 = DIRECTION('', (0.061898, -0.417284, 0.906666));
#4263 = POLY_LOOP('', (#448, #576, #578));
#4264 = FACE_OUTER_BOUND('', #4263, .T.);
#4265 = ADVANCED_FACE('', (#4264), #12, .T.);
#4266 = DIRECTION('', (0.061898, -0.417284, 0.906666));
#4267 = POLY_LOOP('', (#448, #578, #450));
#4268 = FACE_OUTER_BOUND('', #4267, .T.);
#4269 = ADVANCED_FACE('', (#4268), #12, .T.);
#4270 = DIRECTION('', (0.102501, -0.409208, 0.906666));
#4271 = POLY_LOOP('', (#450, #578, #580));
#4272 = FACE_OUTER_BOUND('', #4271, .T.);
#4273 = ADVANCED_FACE('', (#4272), #12, .T.);
#4274 = DIRECTION('', (0.102501, -0.409208, 0.906666));
#4275 = POLY_LOOP('', (#450, #580, #452));
#4276 = FACE_OUTER_BOUND('', #4275, .T.);
#4277 = ADVANCED_FACE('', (#4276), #12, .T.);
#4278 = DIRECTION('', (0.142117, -0.397190, 0.906666));
#4279 = POLY_LOOP('', (#452, #580, #582));
#4280 = FACE_OUTER_BOUND('', #4279, .T.);
#4281 = ADVANCED_FACE('', (#4280), #12, .T.);
#4282 = DIRECTION('', (0.142117, -0.397190, 0.906666));
#4283 = POLY_LOOP('', (#452, #582, #454));
#4284 = FACE_OUTER_BOUND('', #4283, .T.);
#4285 = ADVANCED_FACE('', (#4284), #12, .T.);
#4286 = DIRECTION('', (0.180364, -0.381348, 0.906666));
#4287 = POLY_LOOP('', (#454, #582, #584));
#4288 = FACE_OUTER_BOUND('', #4287, .T.);
#4289 = ADVANCED_FACE('', (#4288), #12, .T.);
#4290 = DIRECTION('', (0.180364, -0.381348, 0.906666));
#4291 = POLY_LOOP('', (#454, #584, #456));
#4292 = FACE_OUTER_BOUND('', #4291, .T.);
#4293 = ADVANCED_FACE('', (#4292), #12, .T.);
#4294 = DIRECTION('', (0.216874, -0.361833, 0.906666));
#4295 = POLY_LOOP('', (#456, #584, #586));
#4296 = FACE_OUTER_BOUND('', #4295, .T.);
#4297 = ADVANCED_FACE('', (#4296), #12, .T.);
#4298 = DIRECTION('', (0.216874, -0.361833, 0.906666));
#4299 = POLY_LOOP('', (#456, #586, #458));
#4300 = FACE_OUTER_BOUND('', #4299, .T.);
#4301 = ADVANCED_FACE('', (#4300), #12, .T.);
#4302 = DIRECTION('', (0.251296, -0.338833, 0.906666));
#4303 = POLY_LOOP('', (#458, #586, #588));
#4304 = FACE_OUTER_BOUND('', #4303, .T.);
#4305 = ADVANCED_FACE('', (#4304), #12, .T.);
#4306 = DIRECTION('', (0.251296, -0.338833, 0.906666));
#4307 = POLY_LOOP('', (#458, #588, #460));
#4308 = FACE_OUTER_BOUND('', #4307, .T.);
#4309 = ADVANCED_FACE('', (#4308), #12, .T.);
#4310 = DIRECTION('', (0.283297, -0.312570, 0.906666));
#4311 = POLY_LOOP('', (#460, #588, #590));
#4312 = FACE_OUTER_BOUND('', #4311, .T.);
#4313 = ADVANCED_FACE('', (#4312), #12, .T.);
#4314 = DIRECTION('', (0.283297, -0.312570, 0.906666));
#4315 = POLY_LOOP('', (#460, #590, #462));
#4316 = FACE_OUTER_BOUND('', #4315, .T.);
#4317 = ADVANCED_FACE('', (#4316), #12, .T.);
#4318 = DIRECTION('', (0.312570, -0.283297, 0.906666));
#4319 = POLY_LOOP('', (#462, #590, #592));
#4320 = FACE_OUTER_BOUND('', #4319, .T.);
#4321 = ADVANCED_FACE('', (#4320), #12, .T.);
#4322 = DIRECTION('', (0.312570, -0.283297, 0.906666));
#4323 = POLY_LOOP('', (#462, #592, #464));
#4324 = FACE_OUTER_BOUND('', #4323, .T.);
#4325 = ADVANCED_FACE('', (#4324), #12, .T.);
#4326 = DIRECTION('', (0.338833, -0.251296, 0.906666));
#4327 = POLY_LOOP('', (#464, #592, #594));
#4328 = FACE_OUTER_BOUND('', #4327, .T.);
#4329 = ADVANCED_FACE('', (#4328), #12, .T.);
#4330 = DIRECTION('', (0.338833, -0.251296, 0.906666));
#4331 = POLY_LOOP('', (#464, #594, #466));
#4332 = FACE_OUTER_BOUND('', #4331, .T.);
#4333 = ADVANCED_FACE('', (#4332), #12, .T.);
#4334 = DIRECTION('', (0.361833, -0.216874, 0.906666));
#4335 = POLY_LOOP('', (#466, #594, #596));
#4336 = FACE_OUTER_BOUND('', #4335, .T.);
#4337 = ADVANCED_FACE('', (#4336), #12, .T.);
#4338 = DIRECTION('', (0.361833, -0.216874, 0.906666));
#4339 = POLY_LOOP('', (#466, #596, #468));
#4340 = FACE_OUTER_BOUND('', #4339, .T.);
#4341 = ADVANCED_FACE('', (#4340), #12, .T.);
#4342 = DIRECTION('', (0.381348, -0.180364, 0.906666));
#4343 = POLY_LOOP('', (#468, #596, #598));
#4344 = FACE_OUTER_BOUND('', #4343, .T.);
#4345 = ADVANCED_FACE('', (#4344), #12, .T.);
#4346 = DIRECTION('', (0.381348, -0.180364, 0.906666));
#4347 = POLY_LOOP('', (#468, #598, #470));
#4348 = FACE_OUTER_BOUND('', #4347, .T.);
#4349 = ADVANCED_FACE('', (#4348), #12, .T.);
#4350 = DIRECTION('', (0.397190, -0.142117, 0.906666));
#4351 = POLY_LOOP('', (#470, #598, #600));
#4352 = FACE_OUTER_BOUND('', #4351, .T.);
#4353 = ADVANCED_FACE('', (#4352), #12, .T.);
#4354 = DIRECTION('', (0.397190, -0.142117, 0.906666));
#4355 = POLY_LOOP('', (#470, #600, #472));
#4356 = FACE_OUTER_BOUND('', #4355, .T.);
#4357 = ADVANCED_FACE('', (#4356), #12, .T.);
#4358 = DIRECTION('', (0.409208, -0.102501, 0.906666));
#4359 = POLY_LOOP('', (#472, #600, #602));
#4360 = FACE_OUTER_BOUND('', #4359, .T.);
#4361 = ADVANCED_FACE('', (#4360), #12, .T.);
#4362 = DIRECTION('', (0.409208, -0.102501, 0.906666));
#4363 = POLY_LOOP('', (#472, #602, #474));
#4364 = FACE_OUTER_BOUND('', #4363, .T.);
#4365 = ADVANCED_FACE('', (#4364), #12, .T.);
#4366 = DIRECTION('', (0.417284, -0.061898, 0.906666));
#4367 = POLY_LOOP('', (#474, #602, #604));
#4368 = FACE_OUTER_BOUND('', #4367, .T.);
#4369 = ADVANCED_FACE('', (#4368), #12, .T.);
#4370 = DIRECTION('', (0.417284, -0.061898, 0.906666));
#4371 = POLY_LOOP('', (#474, #604, #476));
#4372 = FACE_OUTER_BOUND('', #4371, .T.);
#4373 = ADVANCED_FACE('', (#4372), #12, .T.);
#4374 = DIRECTION('', (0.421342, -0.020699, 0.906666));
#4375 = POLY_LOOP('', (#476, #604, #606));
#4376 = FACE_OUTER_BOUND('', #4375, .T.);
#4377 = ADVANCED_FACE('', (#4376), #12, .T.);
#4378 = DIRECTION('', (0.421342, -0.020699, 0.906666));
#4379 = POLY_LOOP('', (#476, #606, #478));
#4380 = FACE_OUTER_BOUND('', #4379, .T.);
#4381 = ADVANCED_FACE('', (#4380), #12, .T.);
#4382 = DIRECTION('', (0.421342, 0.020699, 0.906666));
#4383 = POLY_LOOP('', (#478, #606, #608));
#4384 = FACE_OUTER_BOUND('', #4383, .T.);
#4385 = ADVANCED_FACE('', (#4384), #12, .T.);
#4386 = DIRECTION('', (0.421342, 0.020699, 0.906666));
#4387 = POLY_LOOP('', (#478, #608, #480));
#4388 = FACE_OUTER_BOUND('', #4387, .T.);
#4389 = ADVANCED_FACE('', (#4388), #12, .T.);
#4390 = DIRECTION('', (0.417284, 0.061898, 0.906666));
#4391 = POLY_LOOP('', (#480, #608, #610));
#4392 = FACE_OUTER_BOUND('', #4391, .T.);
#4393 = ADVANCED_FACE('', (#4392), #12, .T.);
#4394 = DIRECTION('', (0.417284, 0.061898, 0.906666));
#4395 = POLY_LOOP('', (#480, #610, #482));
#4396 = FACE_OUTER_BOUND('', #4395, .T.);
#4397 = ADVANCED_FACE('', (#4396), #12, .T.);
#4398 = DIRECTION('', (0.409208, 0.102501, 0.906666));
#4399 = POLY_LOOP('', (#482, #610, #612));
#4400 = FACE_OUTER_BOUND('', #4399, .T.);
#4401 = ADVANCED_FACE('', (#4400), #12, .T.);
#4402 = DIRECTION('', (0.409208, 0.102501, 0.906666));
#4403 = POLY_LOOP('', (#482, #612, #484));
#4404 = FACE_OUTER_BOUND('', #4403, .T.);
#4405 = ADVANCED_FACE('', (#4404), #12, .T.);
#4406 = DIRECTION('', (0.397190, 0.142117, 0.906666));
#4407 = POLY_LOOP('', (#484, #612, #614));
#4408 = FACE_OUTER_BOUND('', #4407, .T.);
#4409 = ADVANCED_FACE('', (#4408), #12, .T.);
#4410 = DIRECTION('', (0.397190, 0.142117, 0.906666));
#4411 = POLY_LOOP('', (#484, #614, #486));
#4412 = FACE_OUTER_BOUND('', #4411, .T.);
#4413 = ADVANCED_FACE('', (#4412), #12, .T.);
#4414 = DIRECTION('', (0.381348, 0.180364, 0.906666));
#4415 = POLY_LOOP('', (#486, #614, #616));
#4416 = FACE_OUTER_BOUND('', #4415, .T.);
#4417 = ADVANCED_FACE('', (#4416), #12, .T.);
#4418 = DIRECTION('', (0.381348, 0.180364, 0.906666));
#4419 = POLY_LOOP('', (#486, #616, #488));
#4420 = FACE_OUTER_BOUND('', #4419, .T.);
#4421 = ADVANCED_FACE('', (#4420), #12, .T.);
#4422 = DIRECTION('', (0.361833, 0.216874, 0.906666));
#4423 = POLY_LOOP('', (#488, #616, #618));
#4424 = FACE_OUTER_BOUND('', #4423, .T.);
#4425 = ADVANCED_FACE('', (#4424), #12, .T.);
#4426 = DIRECTION('', (0.361833, 0.216874, 0.906666));
#4427 = POLY_LOOP('', (#488, #618, #490));
#4428 = FACE_OUTER_BOUND('', #4427, .T.);
#4429 = ADVANCED_FACE('', (#4428), #12, .T.);
#4430 = DIRECTION('', (0.338833, 0.251296, 0.906666));
#4431 = POLY_LOOP('', (#490, #618, #620));
#4432 = FACE_OUTER_BOUND('', #4431, .T.);
#4433 = ADVANCED_FACE('', (#4432), #12, .T.);
#4434 = DIRECTION('', (0.338833, 0.251296, 0.906666));
#4435 = POLY_LOOP('', (#490, #620, #492));
#4436 = FACE_OUTER_BOUND('', #4435, .T.);
#4437 = ADVANCED_FACE('', (#4436), #12, .T.);
#4438 = DIRECTION('', (0.312570, 0.283297, 0.906666));
#4439 = POLY_LOOP('', (#492, #620, #622));
#4440 = FACE_OUTER_BOUND('', #4439, .T.);
#4441 = ADVANCED_FACE('', (#4440), #12, .T.);
#4442 = DIRECTION('', (0.312570, 0.283297, 0.906666));
#4443 = POLY_LOOP('', (#492, #622, #494));
#4444 = FACE_OUTER_BOUND('', #4443, .T.);
#4445 = ADVANCED_FACE('', (#4444), #12, .T.);
#4446 = DIRECTION('', (0.283297, 0.312570, 0.906666));
#4447 = POLY_LOOP('', (#494, #622, #624));
#4448 = FACE_OUTER_BOUND('', #4447, .T.);
#4449 = ADVANCED_FACE('', (#4448), #12, .T.);
#4450 = DIRECTION('', (0.283297, 0.312570, 0.906666));
#4451 = POLY_LOOP('', (#494, #624, #496));
#4452 = FACE_OUTER_BOUND('', #4451, .T.);
#4453 = ADVANCED_FACE('', (#4452), #12, .T.);
#4454 = DIRECTION('', (0.251296, 0.338833, 0.906666));
#4455 = POLY_LOOP('', (#496, #624, #626));
#4456 = FACE_OUTER_BOUND('', #4455, .T.);
#4457 = ADVANCED_FACE('', (#4456), #12, .T.);
#4458 = DIRECTION('', (0.251296, 0.338833, 0.906666));
#4459 = POLY_LOOP('', (#496, #626, #498));
#4460 = FACE_OUTER_BOUND('', #4459, .T.);
#4461 = ADVANCED_FACE('', (#4460), #12, .T.);
#4462 = DIRECTION('', (0.216874, 0.361833, 0.906666));
#4463 = POLY_LOOP('', (#498, #626, #628));
#4464 = FACE_OUTER_BOUND('', #4463, .T.);
#4465 = ADVANCED_FACE('', (#4464), #12, .T.);
#4466 = DIRECTION('', (0.216874, 0.361833, 0.906666));
#4467 = POLY_LOOP('', (#498, #628, #500));
#4468 = FACE_OUTER_BOUND('', #4467, .T.);
#4469 = ADVANCED_FACE('', (#4468), #12, .T.);
#4470 = DIRECTION('', (0.180364, 0.381348, 0.906666));
#4471 = POLY_LOOP('', (#500, #628, #630));
#4472 = FACE_OUTER_BOUND('', #4471, .T.);
#4473 = ADVANCED_FACE('', (#4472), #12, .T.);
#4474 = DIRECTION('', (0.180364, 0.381348, 0.906666));
#4475 = POLY_LOOP('', (#500, #630, #502));
#4476 = FACE_OUTER_BOUND('', #4475, .T.);
#4477 = ADVANCED_FACE('', (#4476), #12, .T.);
#4478 = DIRECTION('', (0.142117, 0.397190, 0.906666));
#4479 = POLY_LOOP('', (#502, #630, #632));
#4480 = FACE_OUTER_BOUND('', #4479, .T.);
#4481 = ADVANCED_FACE('', (#4480), #12, .T.);
#4482 = DIRECTION('', (0.142117, 0.397190, 0.906666));
#4483 = POLY_LOOP('', (#502, #632, #504));
#4484 = FACE_OUTER_BOUND('', #4483, .T.);
#4485 = ADVANCED_FACE('', (#4484), #12, .T.);
#4486 = DIRECTION('', (0.102501, 0.409208, 0.906666));
#4487 = POLY_LOOP('', (#504, #632, #634));
#4488 = FACE_OUTER_BOUND('', #4487, .T.);
#4489 = ADVANCED_FACE('', (#4488), #12, .T.);
#4490 = DIRECTION('', (0.102501, 0.409208, 0.906666));
#4491 = POLY_LOOP('', (#504, #634, #506));
#4492 = FACE_OUTER_BOUND('', #4491, .T.);
#4493 = ADVANCED_FACE('', (#4492), #12, .T.);
#4494 = DIRECTION('', (0.061898, 0.417284, 0.906666));
#4495 = POLY_LOOP('', (#506, #634, #636));
#4496 = FACE_OUTER_BOUND('', #4495, .T.);
#4497 = ADVANCED_FACE('', (#4496), #12, .T.);
#4498 = DIRECTION('', (0.061898, 0.417284, 0.906666));
#4499 = POLY_LOOP('', (#506, #636, #508));
#4500 = FACE_OUTER_BOUND('', #4499, .T.);
#4501 = ADVANCED_FACE('', (#4500), #12, .T.);
#4502 = DIRECTION('', (0.020699, 0.421342, 0.906666));
#4503 = POLY_LOOP('', (#508, #636, #638));
#4504 = FACE_OUTER_BOUND('', #4503, .T.);
#4505 = ADVANCED_FACE('', (#4504), #12, .T.);
#4506 = DIRECTION('', (0.020699, 0.421342, 0.906666));
#4507 = POLY_LOOP('', (#508, #638, #510));
#4508 = FACE_OUTER_BOUND('', #4507, .T.);
#4509 = ADVANCED_FACE('', (#4508), #12, .T.);
#4510 = DIRECTION('', (-0.020699, 0.421342, 0.906666));
#4511 = POLY_LOOP('', (#510, #638, #640));
#4512 = FACE_OUTER_BOUND('', #4511, .T.);
#4513 = ADVANCED_FACE('', (#4512), #12, .T.);
#4514 = DIRECTION('', (-0.020699, 0.421342, 0.906666));
#4515 = POLY_LOOP('', (#510, #640, #512));
#4516 = FACE_OUTER_BOUND('', #4515, .T.);
#4517 = ADVANCED_FACE('', (#4516), #12, .T.);
#4518 = DIRECTION('', (-0.061898, 0.417284, 0.906666));
#4519 = POLY_LOOP('', (#512, #640, #642));
#4520 = FACE_OUTER_BOUND('', #4519, .T.);
#4521 = ADVANCED_FACE('', (#4520), #12, .T.);
#4522 = DIRECTION('', (-0.061898, 0.417284, 0.906666));
#4523 = POLY_LOOP('', (#512, #642, #514));
#4524 = FACE_OUTER_BOUND('', #4523, .T.);
#4525 = ADVANCED_FACE('', (#4524), #12, .T.);
#4526 = DIRECTION('', (-0.102501, 0.409208, 0.906666));
#4527 = POLY_LOOP('', (#514, #642, #644));
#4528 = FACE_OUTER_BOUND('', #4527, .T.);
#4529 = ADVANCED_FACE('', (#4528), #12, .T.);
#4530 = DIRECTION('', (-0.102501, 0.409208, 0.906666));
#4531 = POLY_LOOP('', (#514, #644, #516));
#4532 = FACE_OUTER_BOUND('', #4531, .T.);
#4533 = ADVANCED_FACE('', (#4532), #12, .T.);
#4534 = DIRECTION('', (-0.142117, 0.397190, 0.906666));
#4535 = POLY_LOOP('', (#516, #644, #646));
#4536 = FACE_OUTER_BOUND('', #4535, .T.);
#4537 = ADVANCED_FACE('', (#4536), #12, .T.);
#4538 = DIRECTION('', (-0.142117, 0.397190, 0.906666));
#4539 = POLY_LOOP('', (#516, #646, #518));
#4540 = FACE_OUTER_BOUND('', #4539, .T.);
#4541 = ADVANCED_FACE('', (#4540), #12, .T.);
#4542 = DIRECTION('', (-0.180364, 0.381348, 0.906666));
#4543 = POLY_LOOP('', (#518, #646, #648));
#4544 = FACE_OUTER_BOUND('', #4543, .T.);
#4545 = ADVANCED_FACE('', (#4544), #12, .T.);
#4546 = DIRECTION('', (-0.180364, 0.381348, 0.906666));
#4547 = POLY_LOOP('', (#518, #648, #520));
#4548 = FACE_OUTER_BOUND('', #4547, .T.);
#4549 = ADVANCED_FACE('', (#4548), #12, .T.);
#4550 = DIRECTION('', (-0.216874, 0.361833, 0.906666));
#4551 = POLY_LOOP('', (#520, #648, #650));
#4552 = FACE_OUTER_BOUND('', #4551, .T.);
#4553 = ADVANCED_FACE('', (#4552), #12, .T.);
#4554 = DIRECTION('', (-0.216874, 0.361833, 0.906666));
#4555 = POLY_LOOP('', (#520, #650, #522));
#4556 = FACE_OUTER_BOUND('', #4555, .T.);
#4557 = ADVANCED_FACE('', (#4556), #12, .T.);
#4558 = DIRECTION('', (-0.251296, 0.338833, 0.906666));
#4559 = POLY_LOOP('', (#522, #650, #652));
#4560 = FACE_OUTER_BOUND('', #4559, .T.);
#4561 = ADVANCED_FACE('', (#4560), #12, .T.);
#4562 = DIRECTION('', (-0.251296, 0.338833, 0.906666));
#4563 = POLY_LOOP('', (#522, #652, #524));
#4564 = FACE_OUTER_BOUND('', #4563, .T.);
#4565 = ADVANCED_FACE('', (#4564), #12, .T.);
#4566 = DIRECTION('', (-0.283297, 0.312570, 0.906666));
#4567 = POLY_LOOP('', (#524, #652, #654));
#4568 = FACE_OUTER_BOUND('', #4567, .T.);
#4569 = ADVANCED_FACE('', (#4568), #12, .T.);
#4570 = DIRECTION('', (-0.283297, 0.312570, 0.906666));
#4571 = POLY_LOOP('', (#524, #654, #526));
#4572 = FACE_OUTER_BOUND('', #4571, .T.);
#4573 = ADVANCED_FACE('', (#4572), #12, .T.);
#4574 = DIRECTION('', (-0.312570, 0.283297, 0.906666));
#4575 = POLY_LOOP('', (#526, #654, #656));
#4576 = FACE_OUTER_BOUND('', #4575, .T.);
#4577 = ADVANCED_FACE('', (#4576), #12, .T.);
#4578 = DIRECTION('', (-0.312570, 0.283297, 0.906666));
#4579 = POLY_LOOP('', (#526, #656, #528));
#4580 = FACE_OUTER_BOUND('', #4579, .T.);
#4581 = ADVANCED_FACE('', (#4580), #12, .T.);
#4582 = DIRECTION('', (-0.338833, 0.251296, 0.906666));
#4583 = POLY_LOOP('', (#528, #656, #658));
#4584 = FACE_OUTER_BOUND('', #4583, .T.);
#4585 = ADVANCED_FACE('', (#4584), #12, .T.);
#4586 = DIRECTION('', (-0.338833, 0.251296, 0.906666));
#4587 = POLY_LOOP('', (#528, #658, #530));
#4588 = FACE_OUTER_BOUND('', #4587, .T.);
#4589 = ADVANCED_FACE('', (#4588), #12, .T.);
#4590 = DIRECTION('', (-0.361833, 0.216874, 0.906666));
#4591 = POLY_LOOP('', (#530, #658, #660));
#4592 = FACE_OUTER_BOUND('', #4591, .T.);
#4593 = ADVANCED_FACE('', (#4592), #12, .T.);
#4594 = DIRECTION('', (-0.361833, 0.216874, 0.906666));
#4595 = POLY_LOOP('', (#530, #660, #532));
#4596 = FACE_OUTER_BOUND('', #4595, .T.);
#4597 = ADVANCED_FACE('', (#4596), #12, .T.);
#4598 = DIRECTION('', (-0.381348, 0.180364, 0.906666));
#4599 = POLY_LOOP('', (#532, #660, #662));
#4600 = FACE_OUTER_BOUND('', #4599, .T.);
#4601 = ADVANCED_FACE('', (#4600), #12, .T.);
#4602 = DIRECTION('', (-0.381348, 0.180364, 0.906666));
#4603 = POLY_LOOP('', (#532, #662, #534));
#4604 = FACE_OUTER_BOUND('', #4603, .T.);
#4605 = ADVANCED_FACE('', (#4604), #12, .T.);
#4606 = DIRECTION('', (-0.397190, 0.142117, 0.906666));
#4607 = POLY_LOOP('', (#534, #662, #664));
#4608 = FACE_OUTER_BOUND('', #4607, .T.);
#4609 = ADVANCED_FACE('', (#4608), #12, .T.);
#4610 = DIRECTION('', (-0.397190, 0.142117, 0.906666));
#4611 = POLY_LOOP('', (#534, #664, #536));
#4612 = FACE_OUTER_BOUND('', #4611, .T.);
#4613 = ADVANCED_FACE('', (#4612), #12, .T.);
#4614 = DIRECTION('', (-0.409208, 0.102501, 0.906666));
#4615 = POLY_LOOP('', (#536, #664, #666));
#4616 = FACE_OUTER_BOUND('', #4615, .T.);
#4617 = ADVANCED_FACE('', (#4616), #12, .T.);
#4618 = DIRECTION('', (-0.409208, 0.102501, 0.906666));
#4619 = POLY_LOOP('', (#536, #666, #538));
#4620 = FACE_OUTER_BOUND('', #4619, .T.);
#4621 = ADVANCED_FACE('', (#4620), #12, .T.);
#4622 = DIRECTION('', (-0.417284, 0.061898, 0.906666));
#4623 = POLY_LOOP('', (#538, #666, #668));
#4624 = FACE_OUTER_BOUND('', #4623, .T.);
#4625 = ADVANCED_FACE('', (#4624), #12, .T.);
#4626 = DIRECTION('', (-0.417284, 0.061898, 0.906666));
#4627 = POLY_LOOP('', (#538, #668, #540));
#4628 = FACE_OUTER_BOUND('', #4627, .T.);
#4629 = ADVANCED_FACE('', (#4628), #12, .T.);
#4630 = DIRECTION('', (-0.421342, 0.020699, 0.906666));
#4631 = POLY_LOOP('', (#540, #668, #542));
#4632 = FACE_OUTER_BOUND('', #4631, .T.);
#4633 = ADVANCED_FACE('', (#4632), #12, .T.);
#4634 = DIRECTION('', (-0.421342, 0.020699, 0.906666));
#4635 = POLY_LOOP('', (#540, #542, #414));
#4636 = FACE_OUTER_BOUND('', #4635, .T.);
#4637 = ADVANCED_FACE('', (#4636), #12, .T.);
#4638 = DIRECTION('', (-0.309309, -0.015195, 0.950840));
#4639 = POLY_LOOP('', (#542, #670, #672));
#4640 = FACE_OUTER_BOUND('', #4639, .T.);
#4641 = ADVANCED_FACE('', (#4640), #12, .T.);
#4642 = DIRECTION('', (-0.309309, -0.015195, 0.950840));
#4643 = POLY_LOOP('', (#542, #672, #544));
#4644 = FACE_OUTER_BOUND('', #4643, .T.);
#4645 = ADVANCED_FACE('', (#4644), #12, .T.);
#4646 = DIRECTION('', (-0.306330, -0.045440, 0.950840));
#4647 = POLY_LOOP('', (#544, #672, #674));
#4648 = FACE_OUTER_BOUND('', #4647, .T.);
#4649 = ADVANCED_FACE('', (#4648), #12, .T.);
#4650 = DIRECTION('', (-0.306330, -0.045440, 0.950840));
#4651 = POLY_LOOP('', (#544, #674, #546));
#4652 = FACE_OUTER_BOUND('', #4651, .T.);
#4653 = ADVANCED_FACE('', (#4652), #12, .T.);
#4654 = DIRECTION('', (-0.300401, -0.075247, 0.950840));
#4655 = POLY_LOOP('', (#546, #674, #676));
#4656 = FACE_OUTER_BOUND('', #4655, .T.);
#4657 = ADVANCED_FACE('', (#4656), #12, .T.);
#4658 = DIRECTION('', (-0.300401, -0.075247, 0.950840));
#4659 = POLY_LOOP('', (#546, #676, #548));
#4660 = FACE_OUTER_BOUND('', #4659, .T.);
#4661 = ADVANCED_FACE('', (#4660), #12, .T.);
#4662 = DIRECTION('', (-0.291579, -0.104329, 0.950840));
#4663 = POLY_LOOP('', (#548, #676, #678));
#4664 = FACE_OUTER_BOUND('', #4663, .T.);
#4665 = ADVANCED_FACE('', (#4664), #12, .T.);
#4666 = DIRECTION('', (-0.291579, -0.104329, 0.950840));
#4667 = POLY_LOOP('', (#548, #678, #550));
#4668 = FACE_OUTER_BOUND('', #4667, .T.);
#4669 = ADVANCED_FACE('', (#4668), #12, .T.);
#4670 = DIRECTION('', (-0.279949, -0.132406, 0.950840));
#4671 = POLY_LOOP('', (#550, #678, #680));
#4672 = FACE_OUTER_BOUND('', #4671, .T.);
#4673 = ADVANCED_FACE('', (#4672), #12, .T.);
#4674 = DIRECTION('', (-0.279949, -0.132406, 0.950840));
#4675 = POLY_LOOP('', (#550, #680, #552));
#4676 = FACE_OUTER_BOUND('', #4675, .T.);
#4677 = ADVANCED_FACE('', (#4676), #12, .T.);
#4678 = DIRECTION('', (-0.265623, -0.159209, 0.950840));
#4679 = POLY_LOOP('', (#552, #680, #682));
#4680 = FACE_OUTER_BOUND('', #4679, .T.);
#4681 = ADVANCED_FACE('', (#4680), #12, .T.);
#4682 = DIRECTION('', (-0.265623, -0.159209, 0.950840));
#4683 = POLY_LOOP('', (#552, #682, #554));
#4684 = FACE_OUTER_BOUND('', #4683, .T.);
#4685 = ADVANCED_FACE('', (#4684), #12, .T.);
#4686 = DIRECTION('', (-0.248739, -0.184478, 0.950840));
#4687 = POLY_LOOP('', (#554, #682, #684));
#4688 = FACE_OUTER_BOUND('', #4687, .T.);
#4689 = ADVANCED_FACE('', (#4688), #12, .T.);
#4690 = DIRECTION('', (-0.248739, -0.184478, 0.950840));
#4691 = POLY_LOOP('', (#554, #684, #556));
#4692 = FACE_OUTER_BOUND('', #4691, .T.);
#4693 = ADVANCED_FACE('', (#4692), #12, .T.);
#4694 = DIRECTION('', (-0.229459, -0.207970, 0.950840));
#4695 = POLY_LOOP('', (#556, #684, #686));
#4696 = FACE_OUTER_BOUND('', #4695, .T.);
#4697 = ADVANCED_FACE('', (#4696), #12, .T.);
#4698 = DIRECTION('', (-0.229459, -0.207970, 0.950840));
#4699 = POLY_LOOP('', (#556, #686, #558));
#4700 = FACE_OUTER_BOUND('', #4699, .T.);
#4701 = ADVANCED_FACE('', (#4700), #12, .T.);
#4702 = DIRECTION('', (-0.207970, -0.229459, 0.950840));
#4703 = POLY_LOOP('', (#558, #686, #688));
#4704 = FACE_OUTER_BOUND('', #4703, .T.);
#4705 = ADVANCED_FACE('', (#4704), #12, .T.);
#4706 = DIRECTION('', (-0.207970, -0.229459, 0.950840));
#4707 = POLY_LOOP('', (#558, #688, #560));
#4708 = FACE_OUTER_BOUND('', #4707, .T.);
#4709 = ADVANCED_FACE('', (#4708), #12, .T.);
#4710 = DIRECTION('', (-0.184478, -0.248739, 0.950840));
#4711 = POLY_LOOP('', (#560, #688, #690));
#4712 = FACE_OUTER_BOUND('', #4711, .T.);
#4713 = ADVANCED_FACE('', (#4712), #12, .T.);
#4714 = DIRECTION('', (-0.184478, -0.248739, 0.950840));
#4715 = POLY_LOOP('', (#560, #690, #562));
#4716 = FACE_OUTER_BOUND('', #4715, .T.);
#4717 = ADVANCED_FACE('', (#4716), #12, .T.);
#4718 = DIRECTION('', (-0.159209, -0.265623, 0.950840));
#4719 = POLY_LOOP('', (#562, #690, #692));
#4720 = FACE_OUTER_BOUND('', #4719, .T.);
#4721 = ADVANCED_FACE('', (#4720), #12, .T.);
#4722 = DIRECTION('', (-0.159209, -0.265623, 0.950840));
#4723 = POLY_LOOP('', (#562, #692, #564));
#4724 = FACE_OUTER_BOUND('', #4723, .T.);
#4725 = ADVANCED_FACE('', (#4724), #12, .T.);
#4726 = DIRECTION('', (-0.132406, -0.279949, 0.950840));
#4727 = POLY_LOOP('', (#564, #692, #694));
#4728 = FACE_OUTER_BOUND('', #4727, .T.);
#4729 = ADVANCED_FACE('', (#4728), #12, .T.);
#4730 = DIRECTION('', (-0.132406, -0.279949, 0.950840));
#4731 = POLY_LOOP('', (#564, #694, #566));
#4732 = FACE_OUTER_BOUND('', #4731, .T.);
#4733 = ADVANCED_FACE('', (#4732), #12, .T.);
#4734 = DIRECTION('', (-0.104329, -0.291579, 0.950840));
#4735 = POLY_LOOP('', (#566, #694, #696));
#4736 = FACE_OUTER_BOUND('', #4735, .T.);
#4737 = ADVANCED_FACE('', (#4736), #12, .T.);
#4738 = DIRECTION('', (-0.104329, -0.291579, 0.950840));
#4739 = POLY_LOOP('', (#566, #696, #568));
#4740 = FACE_OUTER_BOUND('', #4739, .T.);
#4741 = ADVANCED_FACE('', (#4740), #12, .T.);
#4742 = DIRECTION('', (-0.075247, -0.300401, 0.950840));
#4743 = POLY_LOOP('', (#568, #696, #698));
#4744 = FACE_OUTER_BOUND('', #4743, .T.);
#4745 = ADVANCED_FACE('', (#4744), #12, .T.);
#4746 = DIRECTION('', (-0.075247, -0.300401, 0.950840));
#4747 = POLY_LOOP('', (#568, #698, #570));
#4748 = FACE_OUTER_BOUND('', #4747, .T.);
#4749 = ADVANCED_FACE('', (#4748), #12, .T.);
#4750 = DIRECTION('', (-0.045440, -0.306330, 0.950840));
#4751 = POLY_LOOP('', (#570, #698, #700));
#4752 = FACE_OUTER_BOUND('', #4751, .T.);
#4753 = ADVANCED_FACE('', (#4752), #12, .T.);
#4754 = DIRECTION('', (-0.045440, -0.306330, 0.950840));
#4755 = POLY_LOOP('', (#570, #700, #572));
#4756 = FACE_OUTER_BOUND('', #4755, .T.);
#4757 = ADVANCED_FACE('', (#4756), #12, .T.);
#4758 = DIRECTION('', (-0.015195, -0.309309, 0.950840));
#4759 = POLY_LOOP('', (#572, #700, #702));
#4760 = FACE_OUTER_BOUND('', #4759, .T.);
#4761 = ADVANCED_FACE('', (#4760), #12, .T.);
#4762 = DIRECTION('', (-0.015195, -0.309309, 0.950840));
#4763 = POLY_LOOP('', (#572, #702, #574));
#4764 = FACE_OUTER_BOUND('', #4763, .T.);
#4765 = ADVANCED_FACE('', (#4764), #12, .T.);
#4766 = DIRECTION('', (0.015195, -0.309309, 0.950840));
#4767 = POLY_LOOP('', (#574, #702, #704));
#4768 = FACE_OUTER_BOUND('', #4767, .T.);
#4769 = ADVANCED_FACE('', (#4768), #12, .T.);
#4770 = DIRECTION('', (0.015195, -0.309309, 0.950840));
#4771 = POLY_LOOP('', (#574, #704, #576));
#4772 = FACE_OUTER_BOUND('', #4771, .T.);
#4773 = ADVANCED_FACE('', (#4772), #12, .T.);
#4774 = DIRECTION('', (0.045440, -0.306330, 0.950840));
#4775 = POLY_LOOP('', (#576, #704, #706));
#4776 = FACE_OUTER_BOUND('', #4775, .T.);
#4777 = ADVANCED_FACE('', (#4776), #12, .T.);
#4778 = DIRECTION('', (0.045440, -0.306330, 0.950840));
#4779 = POLY_LOOP('', (#576, #706, #578));
#4780 = FACE_OUTER_BOUND('', #4779, .T.);
#4781 = ADVANCED_FACE('', (#4780), #12, .T.);
#4782 = DIRECTION('', (0.075247, -0.300401, 0.950840));
#4783 = POLY_LOOP('', (#578, #706, #708));
#4784 = FACE_OUTER_BOUND('', #4783, .T.);
#4785 = ADVANCED_FACE('', (#4784), #12, .T.);
#4786 = DIRECTION('', (0.075247, -0.300401, 0.950840));
#4787 = POLY_LOOP('', (#578, #708, #580));
#4788 = FACE_OUTER_BOUND('', #4787, .T.);
#4789 = ADVANCED_FACE('', (#4788), #12, .T.);
#4790 = DIRECTION('', (0.104329, -0.291579, 0.950840));
#4791 = POLY_LOOP('', (#580, #708, #710));
#4792 = FACE_OUTER_BOUND('', #4791, .T.);
#4793 = ADVANCED_FACE('', (#4792), #12, .T.);
#4794 = DIRECTION('', (0.104329, -0.291579, 0.950840));
#4795 = POLY_LOOP('', (#580, #710, #582));
#4796 = FACE_OUTER_BOUND('', #4795, .T.);
#4797 = ADVANCED_FACE('', (#4796), #12, .T.);
#4798 = DIRECTION('', (0.132406, -0.279949, 0.950840));
#4799 = POLY_LOOP('', (#582, #710, #712));
#4800 = FACE_OUTER_BOUND('', #4799, .T.);
#4801 = ADVANCED_FACE('', (#4800), #12, .T.);
#4802 = DIRECTION('', (0.132406, -0.279949, 0.950840));
#4803 = POLY_LOOP('', (#582, #712, #584));
#4804 = FACE_OUTER_BOUND('', #4803, .T.);
#4805 = ADVANCED_FACE('', (#4804), #12, .T.);
#4806 = DIRECTION('', (0.159209, -0.265623, 0.950840));
#4807 = POLY_LOOP('', (#584, #712, #714));
#4808 = FACE_OUTER_BOUND('', #4807, .T.);
#4809 = ADVANCED_FACE('', (#4808), #12, .T.);
#4810 = DIRECTION('', (0.159209, -0.265623, 0.950840));
#4811 = POLY_LOOP('', (#584, #714, #586));
#4812 = FACE_OUTER_BOUND('', #4811, .T.);
#4813 = ADVANCED_FACE('', (#4812), #12, .T.);
#4814 = DIRECTION('', (0.184478, -0.248739, 0.950840));
#4815 = POLY_LOOP('', (#586, #714, #716));
#4816 = FACE_OUTER_BOUND('', #4815, .T.);
#4817 = ADVANCED_FACE('', (#4816), #12, .T.);
#4818 = DIRECTION('', (0.184478, -0.248739, 0.950840));
#4819 = POLY_LOOP('', (#586, #716, #588));
#4820 = FACE_OUTER_BOUND('', #4819, .T.);
#4821 = ADVANCED_FACE('', (#4820), #12, .T.);
#4822 = DIRECTION('', (0.207970, -0.229459, 0.950840));
#4823 = POLY_LOOP('', (#588, #716, #718));
#4824 = FACE_OUTER_BOUND('', #4823, .T.);
#4825 = ADVANCED_FACE('', (#4824), #12, .T.);
#4826 = DIRECTION('', (0.207970, -0.229459, 0.950840));
#4827 = POLY_LOOP('', (#588, #718, #590));
#4828 = FACE_OUTER_BOUND('', #4827, .T.);
#4829 = ADVANCED_FACE('', (#4828), #12, .T.);
#4830 = DIRECTION('', (0.229459, -0.207970, 0.950840));
#4831 = POLY_LOOP('', (#590, #718, #720));
#4832 = FACE_OUTER_BOUND('', #4831, .T.);
#4833 = ADVANCED_FACE('', (#4832), #12, .T.);
#4834 = DIRECTION('', (0.229459, -0.207970, 0.950840));
#4835 = POLY_LOOP('', (#590, #720, #592));
#4836 = FACE_OUTER_BOUND('', #4835, .T.);
#4837 = ADVANCED_FACE('', (#4836), #12, .T.);
#4838 = DIRECTION('', (0.248739, -0.184478, 0.950840));
#4839 = POLY_LOOP('', (#592, #720, #722));
#4840 = FACE_OUTER_BOUND('', #4839, .T.);
#4841 = ADVANCED_FACE('', (#4840), #12, .T.);
#4842 = DIRECTION('', (0.248739, -0.184478, 0.950840));
#4843 = POLY_LOOP('', (#592, #722, #594));
#4844 = FACE_OUTER_BOUND('', #4843, .T.);
#4845 = ADVANCED_FACE('', (#4844), #12, .T.);
#4846 = DIRECTION('', (0.265623, -0.159209, 0.950840));
#4847 = POLY_LOOP('', (#594, #722, #724));
#4848 = FACE_OUTER_BOUND('', #4847, .T.);
#4849 = ADVANCED_FACE('', (#4848), #12, .T.);
#4850 = DIRECTION('', (0.265623, -0.159209, 0.950840));
#4851 = POLY_LOOP('', (#594, #724, #596));
#4852 = FACE_OUTER_BOUND('', #4851, .T.);
#4853 = ADVANCED_FACE('', (#4852), #12, .T.);
#4854 = DIRECTION('', (0.279949, -0.132406, 0.950840));
#4855 = POLY_LOOP('', (#596, #724, #726));
#4856 = FACE_OUTER_BOUND('', #4855, .T.);
#4857 = ADVANCED_FACE('', (#4856), #12, .T.);
#4858 = DIRECTION('', (0.279949, -0.132406, 0.950840));
#4859 = POLY_LOOP('', (#596, #726, #598));
#4860 = FACE_OUTER_BOUND('', #4859, .T.);
#4861 = ADVANCED_FACE('', (#4860), #12, .T.);
#4862 = DIRECTION('', (0.291579, -0.104329, 0.950840));
#4863 = POLY_LOOP('', (#598, #726, #728));
#4864 = FACE_OUTER_BOUND('', #4863, .T.);
#4865 = ADVANCED_FACE('', (#4864), #12, .T.);
#4866 = DIRECTION('', (0.291579, -0.104329, 0.950840));
#4867 = POLY_LOOP('', (#598, #728, #600));
#4868 = FACE_OUTER_BOUND('', #4867, .T.);
#4869 = ADVANCED_FACE('', (#4868), #12, .T.);
#4870 = DIRECTION('', (0.300401, -0.075247, 0.950840));
#4871 = POLY_LOOP('', (#600, #728, #730));
#4872 = FACE_OUTER_BOUND('', #4871, .T.);
#4873 = ADVANCED_FACE('', (#4872), #12, .T.);
#4874 = DIRECTION('', (0.300401, -0.075247, 0.950840));
#4875 = POLY_LOOP('', (#600, #730, #602));
#4876 = FACE_OUTER_BOUND('', #4875, .T.);
#4877 = ADVANCED_FACE('', (#4876), #12, .T.);
#4878 = DIRECTION('', (0.306330, -0.045440, 0.950840));
#4879 = POLY_LOOP('', (#602, #730, #732));
#4880 = FACE_OUTER_BOUND('', #4879, .T.);
#4881 = ADVANCED_FACE('', (#4880), #12, .T.);
#4882 = DIRECTION('', (0.306330, -0.045440, 0.950840));
#4883 = POLY_LOOP('', (#602, #732, #604));
#4884 = FACE_OUTER_BOUND('', #4883, .T.);
#4885 = ADVANCED_FACE('', (#4884), #12, .T.);
#4886 = DIRECTION('', (0.309309, -0.015195, 0.950840));
#4887 = POLY_LOOP('', (#604, #732, #734));
#4888 = FACE_OUTER_BOUND('', #4887, .T.);
#4889 = ADVANCED_FACE('', (#4888), #12, .T.);
#4890 = DIRECTION('', (0.309309, -0.015195, 0.950840));
#4891 = POLY_LOOP('', (#604, #734, #606));
#4892 = FACE_OUTER_BOUND('', #4891, .T.);
#4893 = ADVANCED_FACE('', (#4892), #12, .T.);
#4894 = DIRECTION('', (0.309309, 0.015195, 0.950840));
#4895 = POLY_LOOP('', (#606, #734, #736));
#4896 = FACE_OUTER_BOUND('', #4895, .T.);
#4897 = ADVANCED_FACE('', (#4896), #12, .T.);
#4898 = DIRECTION('', (0.309309, 0.015195, 0.950840));
#4899 = POLY_LOOP('', (#606, #736, #608));
#4900 = FACE_OUTER_BOUND('', #4899, .T.);
#4901 = ADVANCED_FACE('', (#4900), #12, .T.);
#4902 = DIRECTION('', (0.306330, 0.045440, 0.950840));
#4903 = POLY_LOOP('', (#608, #736, #738));
#4904 = FACE_OUTER_BOUND('', #4903, .T.);
#4905 = ADVANCED_FACE('', (#4904), #12, .T.);
#4906 = DIRECTION('', (0.306330, 0.045440, 0.950840));
#4907 = POLY_LOOP('', (#608, #738, #610));
#4908 = FACE_OUTER_BOUND('', #4907, .T.);
#4909 = ADVANCED_FACE('', (#4908), #12, .T.);
#4910 = DIRECTION('', (0.300401, 0.075247, 0.950840));
#4911 = POLY_LOOP('', (#610, #738, #740));
#4912 = FACE_OUTER_BOUND('', #4911, .T.);
#4913 = ADVANCED_FACE('', (#4912), #12, .T.);
#4914 = DIRECTION('', (0.300401, 0.075247, 0.950840));
#4915 = POLY_LOOP('', (#610, #740, #612));
#4916 = FACE_OUTER_BOUND('', #4915, .T.);
#4917 = ADVANCED_FACE('', (#4916), #12, .T.);
#4918 = DIRECTION('', (0.291579, 0.104329, 0.950840));
#4919 = POLY_LOOP('', (#612, #740, #742));
#4920 = FACE_OUTER_BOUND('', #4919, .T.);
#4921 = ADVANCED_FACE('', (#4920), #12, .T.);
#4922 = DIRECTION('', (0.291579, 0.104329, 0.950840));
#4923 = POLY_LOOP('', (#612, #742, #614));
#4924 = FACE_OUTER_BOUND('', #4923, .T.);
#4925 = ADVANCED_FACE('', (#4924), #12, .T.);
#4926 = DIRECTION('', (0.279949, 0.132406, 0.950840));
#4927 = POLY_LOOP('', (#614, #742, #744));
#4928 = FACE_OUTER_BOUND('', #4927, .T.);
#4929 = ADVANCED_FACE('', (#4928), #12, .T.);
#4930 = DIRECTION('', (0.279949, 0.132406, 0.950840));
#4931 = POLY_LOOP('', (#614, #744, #616));
#4932 = FACE_OUTER_BOUND('', #4931, .T.);
#4933 = ADVANCED_FACE('', (#4932), #12, .T.);
#4934 = DIRECTION('', (0.265623, 0.159209, 0.950840));
#4935 = POLY_LOOP('', (#616, #744, #746));
#4936 = FACE_OUTER_BOUND('', #4935, .T.);
#4937 = ADVANCED_FACE('', (#4936), #12, .T.);
#4938 = DIRECTION('', (0.265623, 0.159209, 0.950840));
#4939 = POLY_LOOP('', (#616, #746, #618));
#4940 = FACE_OUTER_BOUND('', #4939, .T.);
#4941 = ADVANCED_FACE('', (#4940), #12, .T.);
#4942 = DIRECTION('', (0.248739, 0.184478, 0.950840));
#4943 = POLY_LOOP('', (#618, #746, #748));
#4944 = FACE_OUTER_BOUND('', #4943, .T.);
#4945 = ADVANCED_FACE('', (#4944), #12, .T.);
#4946 = DIRECTION('', (0.248739, 0.184478, 0.950840));
#4947 = POLY_LOOP('', (#618, #748, #620));
#4948 = FACE_OUTER_BOUND('', #4947, .T.);
#4949 = ADVANCED_FACE('', (#4948), #12, .T.);
#4950 = DIRECTION('', (0.229459, 0.207970, 0.950840));
#4951 = POLY_LOOP('', (#620, #748, #750));
#4952 = FACE_OUTER_BOUND('', #4951, .T.);
#4953 = ADVANCED_FACE('', (#4952), #12, .T.);
#4954 = DIRECTION('', (0.229459, 0.207970, 0.950840));
#4955 = POLY_LOOP('', (#620, #750, #622));
#4956 = FACE_OUTER_BOUND('', #4955, .T.);
#4957 = ADVANCED_FACE('', (#4956), #12, .T.);
#4958 = DIRECTION('', (0.207970, 0.229459, 0.950840));
#4959 = POLY_LOOP('', (#622, #750, #752));
#4960 = FACE_OUTER_BOUND('', #4959, .T.);
#4961 = ADVANCED_FACE('', (#4960), #12, .T.);
#4962 = DIRECTION('', (0.207970, 0.229459, 0.950840));
#4963 = POLY_LOOP('', (#622, #752, #624));
#4964 = FACE_OUTER_BOUND('', #4963, .T.);
#4965 = ADVANCED_FACE('', (#4964), #12, .T.);
#4966 = DIRECTION('', (0.184478, 0.248739, 0.950840));
#4967 = POLY_LOOP('', (#624, #752, #754));
#4968 = FACE_OUTER_BOUND('', #4967, .T.);
#4969 = ADVANCED_FACE('', (#4968), #12, .T.);
#4970 = DIRECTION('', (0.184478, 0.248739, 0.950840));
#4971 = POLY_LOOP('', (#624, #754, #626));
#4972 = FACE_OUTER_BOUND('', #4971, .T.);
#4973 = ADVANCED_FACE('', (#4972), #12, .T.);
#4974 = DIRECTION('', (0.159209, 0.265623, 0.950840));
#4975 = POLY_LOOP('', (#626, #754, #756));
#4976 = FACE_OUTER_BOUND('', #4975, .T.);
#4977 = ADVANCED_FACE('', (#4976), #12, .T.);
#4978 = DIRECTION('', (0.159209, 0.265623, 0.950840));
#4979 = POLY_LOOP('', (#626, #756, #628));
#4980 = FACE_OUTER_BOUND('', #4979, .T.);
#4981 = ADVANCED_FACE('', (#4980), #12, .T.);
#4982 = DIRECTION('', (0.132406, 0.279949, 0.950840));
#4983 = POLY_LOOP('', (#628, #756, #758));
#4984 = FACE_OUTER_BOUND('', #4983, .T.);
#4985 = ADVANCED_FACE('', (#4984), #12, .T.);
#4986 = DIRECTION('', (0.132406, 0.279949, 0.950840));
#4987 = POLY_LOOP('', (#628, #758, #630));
#4988 = FACE_OUTER_BOUND('', #4987, .T.);
#4989 = ADVANCED_FACE('', (#4988), #12, .T.);
#4990 = DIRECTION('', (0.104329, 0.291579, 0.950840));
#4991 = POLY_LOOP('', (#630, #758, #760));
#4992 = FACE_OUTER_BOUND('', #4991, .T.);
#4993 = ADVANCED_FACE('', (#4992), #12, .T.);
#4994 = DIRECTION('', (0.104329, 0.291579, 0.950840));
#4995 = POLY_LOOP('', (#630, #760, #632));
#4996 = FACE_OUTER_BOUND('', #4995, .T.);
#4997 = ADVANCED_FACE('', (#4996), #12, .T.);
#4998 = DIRECTION('', (0.075247, 0.300401, 0.950840));
#4999 = POLY_LOOP('', (#632, #760, #762));
#5000 = FACE_OUTER_BOUND('', #4999, .T.);
#5001 = ADVANCED_FACE('', (#5000), #12, .T.);
#5002 = DIRECTION('', (0.075247, 0.300401, 0.950840));
#5003 = POLY_LOOP('', (#632, #762, #634));
#5004 = FACE_OUTER_BOUND('', #5003, .T.);
#5005 = ADVANCED_FACE('', (#5004), #12, .T.);
#5006 = DIRECTION('', (0.045440, 0.306330, 0.950840));
#5007 = POLY_LOOP('', (#634, #762, #764));
#5008 = FACE_OUTER_BOUND('', #5007, .T.);
#5009 = ADVANCED_FACE('', (#5008), #12, .T.);
#5010 = DIRECTION('', (0.045440, 0.306330, 0.950840));
#5011 = POLY_LOOP('', (#634, #764, #636));
#5012 = FACE_OUTER_BOUND('', #5011, .T.);
#5013 = ADVANCED_FACE('', (#5012), #12, .T.);
#5014 = DIRECTION('', (0.015195, 0.309309, 0.950840));
#5015 = POLY_LOOP('', (#636, #764, #766));
#5016 = FACE_OUTER_BOUND('', #5015, .T.);
#5017 = ADVANCED_FACE('', (#5016), #12, .T.);
#5018 = DIRECTION('', (0.015195, 0.309309, 0.950840));
#5019 = POLY_LOOP('', (#636, #766, #638));
#5020 = FACE_OUTER_BOUND('', #5019, .T.);
#5021 = ADVANCED_FACE('', (#5020), #12, .T.);
#5022 = DIRECTION('', (-0.015195, 0.309309, 0.950840));
#5023 = POLY_LOOP('', (#638, #766, #768));
#5024 = FACE_OUTER_BOUND('', #5023, .T.);
#5025 = ADVANCED_FACE('', (#5024), #12, .T.);
#5026 = DIRECTION('', (-0.015195, 0.309309, 0.950840));
#5027 = POLY_LOOP('', (#638, #768, #640));
#5028 = FACE_OUTER_BOUND('', #5027, .T.);
#5029 = ADVANCED_FACE('', (#5028), #12, .T.);
#5030 = DIRECTION('', (-0.045440, 0.306330, 0.950840));
#5031 = POLY_LOOP('', (#640, #768, #770));
#5032 = FACE_OUTER_BOUND('', #5031, .T.);
#5033 = ADVANCED_FACE('', (#5032), #12, .T.);
#5034 = DIRECTION('', (-0.045440, 0.306330, 0.950840));
#5035 = POLY_LOOP('', (#640, #770, #642));
#5036 = FACE_OUTER_BOUND('', #5035, .T.);
#5037 = ADVANCED_FACE('', (#5036), #12, .T.);
#5038 = DIRECTION('', (-0.075247, 0.300401, 0.950840));
#5039 = POLY_LOOP('', (#642, #770, #772));
#5040 = FACE_OUTER_BOUND('', #5039, .T.);
#5041 = ADVANCED_FACE('', (#5040), #12, .T.);
#5042 = DIRECTION('', (-0.075247, 0.300401, 0.950840));
#5043 = POLY_LOOP('', (#642, #772, #644));
#5044 = FACE_OUTER_BOUND('', #5043, .T.);
#5045 = ADVANCED_FACE('', (#5044), #12, .T.);
#5046 = DIRECTION('', (-0.104329, 0.291579, 0.950840));
#5047 = POLY_LOOP('', (#644, #772, #774));
#5048 = FACE_OUTER_BOUND('', #5047, .T.);
#5049 = ADVANCED_FACE('', (#5048), #12, .T.);
#5050 = DIRECTION('', (-0.104329, 0.291579, 0.950840));
#5051 = POLY_LOOP('', (#644, #774, #646));
#5052 = FACE_OUTER_BOUND('', #5051, .T.);
#5053 = ADVANCED_FACE('', (#5052), #12, .T.);
#5054 = DIRECTION('', (-0.132406, 0.279949, 0.950840));
#5055 = POLY_LOOP('', (#646, #774, #776));
#5056 = FACE_OUTER_BOUND('', #5055, .T.);
#5057 = ADVANCED_FACE('', (#5056), #12, .T.);
#5058 = DIRECTION('', (-0.132406, 0.279949, 0.950840));
#5059 = POLY_LOOP('', (#646, #776, #648));
#5060 = FACE_OUTER_BOUND('', #5059, .T.);
#5061 = ADVANCED_FACE('', (#5060), #12, .T.);
#5062 = DIRECTION('', (-0.159209, 0.265623, 0.950840));
#5063 = POLY_LOOP('', (#648, #776, #778));
#5064 = FACE_OUTER_BOUND('', #5063, .T.);
#5065 = ADVANCED_FACE('', (#5064), #12, .T.);
#5066 = DIRECTION('', (-0.159209, 0.265623, 0.950840));
#5067 = POLY_LOOP('', (#648, #778, #650));
#5068 = FACE_OUTER_BOUND('', #5067, .T.);
#5069 = ADVANCED_FACE('', (#5068), #12, .T.);
#5070 = DIRECTION('', (-0.184478, 0.248739, 0.950840));
#5071 = POLY_LOOP('', (#650, #778, #780));
#5072 = FACE_OUTER_BOUND('', #5071, .T.);
#5073 = ADVANCED_FACE('', (#5072), #12, .T.);
#5074 = DIRECTION('', (-0.184478, 0.248739, 0.950840));
#5075 = POLY_LOOP('', (#650, #780, #652));
#5076 = FACE_OUTER_BOUND('', #5075, .T.);
#5077 = ADVANCED_FACE('', (#5076), #12, .T.);
#5078 = DIRECTION('', (-0.207970, 0.229459, 0.950840));
#5079 = POLY_LOOP('', (#652, #780, #782));
#5080 = FACE_OUTER_BOUND('', #5079, .T.);
#5081 = ADVANCED_FACE('', (#5080), #12, .T.);
#5082 = DIRECTION('', (-0.207970, 0.229459, 0.950840));
#5083 = POLY_LOOP('', (#652, #782, #654));
#5084 = FACE_OUTER_BOUND('', #5083, .T.);
#5085 = ADVANCED_FACE('', (#5084), #12, .T.);
#5086 = DIRECTION('', (-0.229459, 0.207970, 0.950840));
#5087 = POLY_LOOP('', (#654, #782, #784));
#5088 = FACE_OUTER_BOUND('', #5087, .T.);
#5089 = ADVANCED_FACE('', (#5088), #12, .T.);
#5090 = DIRECTION('', (-0.229459, 0.207970, 0.950840));
#5091 = POLY_LOOP('', (#654, #784, #656));
#5092 = FACE_OUTER_BOUND('', #5091, .T.);
#5093 = ADVANCED_FACE('', (#5092), #12, .T.);
#5094 = DIRECTION('', (-0.248739, 0.184478, 0.950840));
#5095 = POLY_LOOP('', (#656, #784, #786));
#5096 = FACE_OUTER_BOUND('', #5095, .T.);
#5097 = ADVANCED_FACE('', (#5096), #12, .T.);
#5098 = DIRECTION('', (-0.248739, 0.184478, 0.950840));
#5099 = POLY_LOOP('', (#656, #786, #658));
#5100 = FACE_OUTER_BOUND('', #5099, .T.);
#5101 = ADVANCED_FACE('', (#5100), #12, .T.);
#5102 = DIRECTION('', (-0.265623, 0.159209, 0.950840));
#5103 = POLY_LOOP('', (#658, #786, #788));
#5104 = FACE_OUTER_BOUND('', #5103, .T.);
#5105 = ADVANCED_FACE('', (#5104), #12, .T.);
#5106 = DIRECTION('', (-0.265623, 0.159209, 0.950840));
#5107 = POLY_LOOP('', (#658, #788, #660));
#5108 = FACE_OUTER_BOUND('', #5107, .T.);
#5109 = ADVANCED_FACE('', (#5108), #12, .T.);
#5110 = DIRECTION('', (-0.279949, 0.132406, 0.950840));
#5111 = POLY_LOOP('', (#660, #788, #790));
#5112 = FACE_OUTER_BOUND('', #5111, .T.);
#5113 = ADVANCED_FACE('', (#5112), #12, .T.);
#5114 = DIRECTION('', (-0.279949, 0.132406, 0.950840));
#5115 = POLY_LOOP('', (#660, #790, #662));
#5116 = FACE_OUTER_BOUND('', #5115, .T.);
#5117 = ADVANCED_FACE('', (#5116), #12, .T.);
#5118 = DIRECTION('', (-0.291579, 0.104329, 0.950840));
#5119 = POLY_LOOP('', (#662, #790, #792));
#5120 = FACE_OUTER_BOUND('', #5119, .T.);
#5121 = ADVANCED_FACE('', (#5120), #12, .T.);
#5122 = DIRECTION('', (-0.291579, 0.104329, 0.950840));
#5123 = POLY_LOOP('', (#662, #792, #664));
#5124 = FACE_OUTER_BOUND('', #5123, .T.);
#5125 = ADVANCED_FACE('', (#5124), #12, .T.);
#5126 = DIRECTION('', (-0.300401, 0.075247, 0.950840));
#5127 = POLY_LOOP('', (#664, #792, #794));
#5128 = FACE_OUTER_BOUND('', #5127, .T.);
#5129 = ADVANCED_FACE('', (#5128), #12, .T.);
#5130 = DIRECTION('', (-0.300401, 0.075247, 0.950840));
#5131 = POLY_LOOP('', (#664, #794, #666));
#5132 = FACE_OUTER_BOUND('', #5131, .T.);
#5133 = ADVANCED_FACE('', (#5132), #12, .T.);
#5134 = DIRECTION('', (-0.306330, 0.045440, 0.950840));
#5135 = POLY_LOOP('', (#666, #794, #796));
#5136 = FACE_OUTER_BOUND('', #5135, .T.);
#5137 = ADVANCED_FACE('', (#5136), #12, .T.);
#5138 = DIRECTION('', (-0.306330, 0.045440, 0.950840));
#5139 = POLY_LOOP('', (#666, #796, #668));
#5140 = FACE_OUTER_BOUND('', #5139, .T.);
#5141 = ADVANCED_FACE('', (#5140), #12, .T.);
#5142 = DIRECTION('', (-0.309309, 0.015195, 0.950840));
#5143 = POLY_LOOP('', (#668, #796, #670));
#5144 = FACE_OUTER_BOUND('', #5143, .T.);
#5145 = ADVANCED_FACE('', (#5144), #12, .T.);
#5146 = DIRECTION('', (-0.309309, 0.015195, 0.950840));
#5147 = POLY_LOOP('', (#668, #670, #542));
#5148 = FACE_OUTER_BOUND('', #5147, .T.);
#5149 = ADVANCED_FACE('', (#5148), #12, .T.);
#5150 = DIRECTION('', (-0.433660, 0.009361, 0.901028));
#5151 = POLY_LOOP('', (#670, #798, #800));
#5152 = FACE_OUTER_BOUND('', #5151, .T.);
#5153 = ADVANCED_FACE('', (#5152), #12, .T.);
#5154 = DIRECTION('', (-0.426389, -0.020947, 0.904297));
#5155 = POLY_LOOP('', (#670, #800, #672));
#5156 = FACE_OUTER_BOUND('', #5155, .T.);
#5157 = ADVANCED_FACE('', (#5156), #12, .T.);
#5158 = DIRECTION('', (-0.429103, 0.012003, 0.903176));
#5159 = POLY_LOOP('', (#672, #800, #802));
#5160 = FACE_OUTER_BOUND('', #5159, .T.);
#5161 = ADVANCED_FACE('', (#5160), #12, .T.);
#5162 = DIRECTION('', (-0.404432, -0.059992, 0.912599));
#5163 = POLY_LOOP('', (#672, #802, #674));
#5164 = FACE_OUTER_BOUND('', #5163, .T.);
#5165 = ADVANCED_FACE('', (#5164), #12, .T.);
#5166 = DIRECTION('', (-0.411046, -0.023769, 0.911305));
#5167 = POLY_LOOP('', (#674, #802, #804));
#5168 = FACE_OUTER_BOUND('', #5167, .T.);
#5169 = ADVANCED_FACE('', (#5168), #12, .T.);
#5170 = DIRECTION('', (-0.378143, -0.094720, 0.920889));
#5171 = POLY_LOOP('', (#674, #804, #676));
#5172 = FACE_OUTER_BOUND('', #5171, .T.);
#5173 = ADVANCED_FACE('', (#5172), #12, .T.);
#5174 = DIRECTION('', (-0.376557, -0.100071, 0.920973));
#5175 = POLY_LOOP('', (#676, #804, #806));
#5176 = FACE_OUTER_BOUND('', #5175, .T.);
#5177 = ADVANCED_FACE('', (#5176), #12, .T.);
#5178 = DIRECTION('', (-0.359333, -0.128571, 0.924310));
#5179 = POLY_LOOP('', (#676, #806, #678));
#5180 = FACE_OUTER_BOUND('', #5179, .T.);
#5181 = ADVANCED_FACE('', (#5180), #12, .T.);
#5182 = DIRECTION('', (-0.332020, -0.193358, 0.923242));
#5183 = POLY_LOOP('', (#678, #806, #808));
#5184 = FACE_OUTER_BOUND('', #5183, .T.);
#5185 = ADVANCED_FACE('', (#5184), #12, .T.);
#5186 = DIRECTION('', (-0.352398, -0.166672, 0.920889));
#5187 = POLY_LOOP('', (#678, #808, #680));
#5188 = FACE_OUTER_BOUND('', #5187, .T.);
#5189 = ADVANCED_FACE('', (#5188), #12, .T.);
#5190 = DIRECTION('', (-0.296059, -0.268324, 0.916707));
#5191 = POLY_LOOP('', (#680, #808, #810));
#5192 = FACE_OUTER_BOUND('', #5191, .T.);
#5193 = ADVANCED_FACE('', (#5192), #12, .T.);
#5194 = DIRECTION('', (-0.350688, -0.210194, 0.912599));
#5195 = POLY_LOOP('', (#680, #810, #682));
#5196 = FACE_OUTER_BOUND('', #5195, .T.);
#5197 = ADVANCED_FACE('', (#5196), #12, .T.);
#5198 = DIRECTION('', (-0.284715, -0.305684, 0.908568));
#5199 = POLY_LOOP('', (#682, #810, #812));
#5200 = FACE_OUTER_BOUND('', #5199, .T.);
#5201 = ADVANCED_FACE('', (#5200), #12, .T.);
#5202 = DIRECTION('', (-0.342892, -0.254306, 0.904297));
#5203 = POLY_LOOP('', (#682, #812, #684));
#5204 = FACE_OUTER_BOUND('', #5203, .T.);
#5205 = ADVANCED_FACE('', (#5204), #12, .T.);
#5206 = DIRECTION('', (-0.296390, -0.310216, 0.903283));
#5207 = POLY_LOOP('', (#684, #812, #814));
#5208 = FACE_OUTER_BOUND('', #5207, .T.);
#5209 = ADVANCED_FACE('', (#5208), #12, .T.);
#5210 = DIRECTION('', (-0.321649, -0.291526, 0.900863));
#5211 = POLY_LOOP('', (#684, #814, #686));
#5212 = FACE_OUTER_BOUND('', #5211, .T.);
#5213 = ADVANCED_FACE('', (#5212), #12, .T.);
#5214 = DIRECTION('', (-0.313263, -0.300025, 0.901028));
#5215 = POLY_LOOP('', (#686, #814, #816));
#5216 = FACE_OUTER_BOUND('', #5215, .T.);
#5217 = ADVANCED_FACE('', (#5216), #12, .T.);
#5218 = DIRECTION('', (-0.286691, -0.316315, 0.904297));
#5219 = POLY_LOOP('', (#686, #816, #688));
#5220 = FACE_OUTER_BOUND('', #5219, .T.);
#5221 = ADVANCED_FACE('', (#5220), #12, .T.);
#5222 = DIRECTION('', (-0.311909, -0.294934, 0.903176));
#5223 = POLY_LOOP('', (#688, #816, #818));
#5224 = FACE_OUTER_BOUND('', #5223, .T.);
#5225 = ADVANCED_FACE('', (#5224), #12, .T.);
#5226 = DIRECTION('', (-0.243556, -0.328397, 0.912599));
#5227 = POLY_LOOP('', (#688, #818, #690));
#5228 = FACE_OUTER_BOUND('', #5227, .T.);
#5229 = ADVANCED_FACE('', (#5228), #12, .T.);
#5230 = DIRECTION('', (-0.273847, -0.307461, 0.911305));
#5231 = POLY_LOOP('', (#690, #818, #820));
#5232 = FACE_OUTER_BOUND('', #5231, .T.);
#5233 = ADVANCED_FACE('', (#5232), #12, .T.);
#5234 = DIRECTION('', (-0.200410, -0.334365, 0.920889));
#5235 = POLY_LOOP('', (#690, #820, #692));
#5236 = FACE_OUTER_BOUND('', #5235, .T.);
#5237 = ADVANCED_FACE('', (#5236), #12, .T.);
#5238 = DIRECTION('', (-0.195505, -0.337027, 0.920973));
#5239 = POLY_LOOP('', (#692, #820, #822));
#5240 = FACE_OUTER_BOUND('', #5239, .T.);
#5241 = ADVANCED_FACE('', (#5240), #12, .T.);
#5242 = DIRECTION('', (-0.163173, -0.345000, 0.924310));
#5243 = POLY_LOOP('', (#692, #822, #694));
#5244 = FACE_OUTER_BOUND('', #5243, .T.);
#5245 = ADVANCED_FACE('', (#5244), #12, .T.);
#5246 = DIRECTION('', (-0.098049, -0.371498, 0.923242));
#5247 = POLY_LOOP('', (#694, #822, #824));
#5248 = FACE_OUTER_BOUND('', #5247, .T.);
#5249 = ADVANCED_FACE('', (#5248), #12, .T.);
#5250 = DIRECTION('', (-0.131328, -0.367038, 0.920889));
#5251 = POLY_LOOP('', (#694, #824, #696));
#5252 = FACE_OUTER_BOUND('', #5251, .T.);
#5253 = ADVANCED_FACE('', (#5252), #12, .T.);
#5254 = DIRECTION('', (-0.019612, -0.399079, 0.916707));
#5255 = POLY_LOOP('', (#696, #824, #826));
#5256 = FACE_OUTER_BOUND('', #5255, .T.);
#5257 = ADVANCED_FACE('', (#5256), #12, .T.);
#5258 = DIRECTION('', (-0.099344, -0.396604, 0.912599));
#5259 = POLY_LOOP('', (#696, #826, #698));
#5260 = FACE_OUTER_BOUND('', #5259, .T.);
#5261 = ADVANCED_FACE('', (#5260), #12, .T.);
#5262 = DIRECTION('', (0.014827, -0.417475, 0.908568));
#5263 = POLY_LOOP('', (#698, #826, #828));
#5264 = FACE_OUTER_BOUND('', #5263, .T.);
#5265 = ADVANCED_FACE('', (#5264), #12, .T.);
#5266 = DIRECTION('', (-0.062640, -0.422283, 0.904297));
#5267 = POLY_LOOP('', (#698, #828, #700));
#5268 = FACE_OUTER_BOUND('', #5267, .T.);
#5269 = ADVANCED_FACE('', (#5268), #12, .T.);
#5270 = DIRECTION('', (0.009776, -0.428935, 0.903283));
#5271 = POLY_LOOP('', (#700, #828, #830));
#5272 = FACE_OUTER_BOUND('', #5271, .T.);
#5273 = ADVANCED_FACE('', (#5272), #12, .T.);
#5274 = DIRECTION('', (-0.021300, -0.433580, 0.900863));
#5275 = POLY_LOOP('', (#700, #830, #702));
#5276 = FACE_OUTER_BOUND('', #5275, .T.);
#5277 = ADVANCED_FACE('', (#5276), #12, .T.);
#5278 = DIRECTION('', (-0.009361, -0.433660, 0.901028));
#5279 = POLY_LOOP('', (#702, #830, #832));
#5280 = FACE_OUTER_BOUND('', #5279, .T.);
#5281 = ADVANCED_FACE('', (#5280), #12, .T.);
#5282 = DIRECTION('', (0.020947, -0.426389, 0.904297));
#5283 = POLY_LOOP('', (#702, #832, #704));
#5284 = FACE_OUTER_BOUND('', #5283, .T.);
#5285 = ADVANCED_FACE('', (#5284), #12, .T.);
#5286 = DIRECTION('', (-0.012003, -0.429103, 0.903176));
#5287 = POLY_LOOP('', (#704, #832, #834));
#5288 = FACE_OUTER_BOUND('', #5287, .T.);
#5289 = ADVANCED_FACE('', (#5288), #12, .T.);
#5290 = DIRECTION('', (0.059992, -0.404432, 0.912599));
#5291 = POLY_LOOP('', (#704, #834, #706));
#5292 = FACE_OUTER_BOUND('', #5291, .T.);
#5293 = ADVANCED_FACE('', (#5292), #12, .T.);
#5294 = DIRECTION('', (0.023769, -0.411046, 0.911305));
#5295 = POLY_LOOP('', (#706, #834, #836));
#5296 = FACE_OUTER_BOUND('', #5295, .T.);
#5297 = ADVANCED_FACE('', (#5296), #12, .T.);
#5298 = DIRECTION('', (0.094720, -0.378143, 0.920889));
#5299 = POLY_LOOP('', (#706, #836, #708));
#5300 = FACE_OUTER_BOUND('', #5299, .T.);
#5301 = ADVANCED_FACE('', (#5300), #12, .T.);
#5302 = DIRECTION('', (0.100071, -0.376557, 0.920973));
#5303 = POLY_LOOP('', (#708, #836, #838));
#5304 = FACE_OUTER_BOUND('', #5303, .T.);
#5305 = ADVANCED_FACE('', (#5304), #12, .T.);
#5306 = DIRECTION('', (0.128571, -0.359333, 0.924310));
#5307 = POLY_LOOP('', (#708, #838, #710));
#5308 = FACE_OUTER_BOUND('', #5307, .T.);
#5309 = ADVANCED_FACE('', (#5308), #12, .T.);
#5310 = DIRECTION('', (0.193358, -0.332020, 0.923242));
#5311 = POLY_LOOP('', (#710, #838, #840));
#5312 = FACE_OUTER_BOUND('', #5311, .T.);
#5313 = ADVANCED_FACE('', (#5312), #12, .T.);
#5314 = DIRECTION('', (0.166672, -0.352398, 0.920889));
#5315 = POLY_LOOP('', (#710, #840, #712));
#5316 = FACE_OUTER_BOUND('', #5315, .T.);
#5317 = ADVANCED_FACE('', (#5316), #12, .T.);
#5318 = DIRECTION('', (0.268324, -0.296059, 0.916707));
#5319 = POLY_LOOP('', (#712, #840, #842));
#5320 = FACE_OUTER_BOUND('', #5319, .T.);
#5321 = ADVANCED_FACE('', (#5320), #12, .T.);
#5322 = DIRECTION('', (0.210194, -0.350688, 0.912599));
#5323 = POLY_LOOP('', (#712, #842, #714));
#5324 = FACE_OUTER_BOUND('', #5323, .T.);
#5325 = ADVANCED_FACE('', (#5324), #12, .T.);
#5326 = DIRECTION('', (0.305684, -0.284715, 0.908568));
#5327 = POLY_LOOP('', (#714, #842, #844));
#5328 = FACE_OUTER_BOUND('', #5327, .T.);
#5329 = ADVANCED_FACE('', (#5328), #12, .T.);
#5330 = DIRECTION('', (0.254306, -0.342892, 0.904297));
#5331 = POLY_LOOP('', (#714, #844, #716));
#5332 = FACE_OUTER_BOUND('', #5331, .T.);
#5333 = ADVANCED_FACE('', (#5332), #12, .T.);
#5334 = DIRECTION('', (0.310216, -0.296390, 0.903283));
#5335 = POLY_LOOP('', (#716, #844, #846));
#5336 = FACE_OUTER_BOUND('', #5335, .T.);
#5337 = ADVANCED_FACE('', (#5336), #12, .T.);
#5338 = DIRECTION('', (0.291526, -0.321649, 0.900863));
#5339 = POLY_LOOP('', (#716, #846, #718));
#5340 = FACE_OUTER_BOUND('', #5339, .T.);
#5341 = ADVANCED_FACE('', (#5340), #12, .T.);
#5342 = DIRECTION('', (0.300025, -0.313263, 0.901028));
#5343 = POLY_LOOP('', (#718, #846, #848));
#5344 = FACE_OUTER_BOUND('', #5343, .T.);
#5345 = ADVANCED_FACE('', (#5344), #12, .T.);
#5346 = DIRECTION('', (0.316315, -0.286691, 0.904297));
#5347 = POLY_LOOP('', (#718, #848, #720));
#5348 = FACE_OUTER_BOUND('', #5347, .T.);
#5349 = ADVANCED_FACE('', (#5348), #12, .T.);
#5350 = DIRECTION('', (0.294934, -0.311909, 0.903176));
#5351 = POLY_LOOP('', (#720, #848, #850));
#5352 = FACE_OUTER_BOUND('', #5351, .T.);
#5353 = ADVANCED_FACE('', (#5352), #12, .T.);
#5354 = DIRECTION('', (0.328397, -0.243556, 0.912599));
#5355 = POLY_LOOP('', (#720, #850, #722));
#5356 = FACE_OUTER_BOUND('', #5355, .T.);
#5357 = ADVANCED_FACE('', (#5356), #12, .T.);
#5358 = DIRECTION('', (0.307461, -0.273847, 0.911305));
#5359 = POLY_LOOP('', (#722, #850, #852));
#5360 = FACE_OUTER_BOUND('', #5359, .T.);
#5361 = ADVANCED_FACE('', (#5360), #12, .T.);
#5362 = DIRECTION('', (0.334365, -0.200410, 0.920889));
#5363 = POLY_LOOP('', (#722, #852, #724));
#5364 = FACE_OUTER_BOUND('', #5363, .T.);
#5365 = ADVANCED_FACE('', (#5364), #12, .T.);
#5366 = DIRECTION('', (0.337027, -0.195505, 0.920973));
#5367 = POLY_LOOP('', (#724, #852, #854));
#5368 = FACE_OUTER_BOUND('', #5367, .T.);
#5369 = ADVANCED_FACE('', (#5368), #12, .T.);
#5370 = DIRECTION('', (0.345000, -0.163173, 0.924310));
#5371 = POLY_LOOP('', (#724, #854, #726));
#5372 = FACE_OUTER_BOUND('', #5371, .T.);
#5373 = ADVANCED_FACE('', (#5372), #12, .T.);
#5374 = DIRECTION('', (0.371498, -0.098049, 0.923242));
#5375 = POLY_LOOP('', (#726, #854, #856));
#5376 = FACE_OUTER_BOUND('', #5375, .T.);
#5377 = ADVANCED_FACE('', (#5376), #12, .T.);
#5378 = DIRECTION('', (0.367038, -0.131328, 0.920889));
#5379 = POLY_LOOP('', (#726, #856, #728));
#5380 = FACE_OUTER_BOUND('', #5379, .T.);
#5381 = ADVANCED_FACE('', (#5380), #12, .T.);
#5382 = DIRECTION('', (0.399079, -0.019612, 0.916707));
#5383 = POLY_LOOP('', (#728, #856, #858));
#5384 = FACE_OUTER_BOUND('', #5383, .T.);
#5385 = ADVANCED_FACE('', (#5384), #12, .T.);
#5386 = DIRECTION('', (0.396604, -0.099344, 0.912599));
#5387 = POLY_LOOP('', (#728, #858, #730));
#5388 = FACE_OUTER_BOUND('', #5387, .T.);
#5389 = ADVANCED_FACE('', (#5388), #12, .T.);
#5390 = DIRECTION('', (0.417475, 0.014827, 0.908568));
#5391 = POLY_LOOP('', (#730, #858, #860));
#5392 = FACE_OUTER_BOUND('', #5391, .T.);
#5393 = ADVANCED_FACE('', (#5392), #12, .T.);
#5394 = DIRECTION('', (0.422283, -0.062640, 0.904297));
#5395 = POLY_LOOP('', (#730, #860, #732));
#5396 = FACE_OUTER_BOUND('', #5395, .T.);
#5397 = ADVANCED_FACE('', (#5396), #12, .T.);
#5398 = DIRECTION('', (0.428935, 0.009776, 0.903283));
#5399 = POLY_LOOP('', (#732, #860, #862));
#5400 = FACE_OUTER_BOUND('', #5399, .T.);
#5401 = ADVANCED_FACE('', (#5400), #12, .T.);
#5402 = DIRECTION('', (0.433580, -0.021300, 0.900863));
#5403 = POLY_LOOP('', (#732, #862, #734));
#5404 = FACE_OUTER_BOUND('', #5403, .T.);
#5405 = ADVANCED_FACE('', (#5404), #12, .T.);
#5406 = DIRECTION('', (0.433660, -0.009361, 0.901028));
#5407 = POLY_LOOP('', (#734, #862, #864));
#5408 = FACE_OUTER_BOUND('', #5407, .T.);
#5409 = ADVANCED_FACE('', (#5408), #12, .T.);
#5410 = DIRECTION('', (0.426389, 0.020947, 0.904297));
#5411 = POLY_LOOP('', (#734, #864, #736));
#5412 = FACE_OUTER_BOUND('', #5411, .T.);
#5413 = ADVANCED_FACE('', (#5412), #12, .T.);
#5414 = DIRECTION('', (0.429103, -0.012003, 0.903176));
#5415 = POLY_LOOP('', (#736, #864, #866));
#5416 = FACE_OUTER_BOUND('', #5415, .T.);
#5417 = ADVANCED_FACE('', (#5416), #12, .T.);
#5418 = DIRECTION('', (0.404432, 0.059992, 0.912599));
#5419 = POLY_LOOP('', (#736, #866, #738));
#5420 = FACE_OUTER_BOUND('', #5419, .T.);
#5421 = ADVANCED_FACE('', (#5420), #12, .T.);
#5422 = DIRECTION('', (0.411046, 0.023769, 0.911305));
#5423 = POLY_LOOP('', (#738, #866, #868));
#5424 = FACE_OUTER_BOUND('', #5423, .T.);
#5425 = ADVANCED_FACE('', (#5424), #12, .T.);
#5426 = DIRECTION('', (0.378143, 0.094720, 0.920889));
#5427 = POLY_LOOP('', (#738, #868, #740));
#5428 = FACE_OUTER_BOUND('', #5427, .T.);
#5429 = ADVANCED_FACE('', (#5428), #12, .T.);
#5430 = DIRECTION('', (0.376557, 0.100071, 0.920973));
#5431 = POLY_LOOP('', (#740, #868, #870));
#5432 = FACE_OUTER_BOUND('', #5431, .T.);
#5433 = ADVANCED_FACE('', (#5432), #12, .T.);
#5434 = DIRECTION('', (0.359333, 0.128571, 0.924310));
#5435 = POLY_LOOP('', (#740, #870, #742));
#5436 = FACE_OUTER_BOUND('', #5435, .T.);
#5437 = ADVANCED_FACE('', (#5436), #12, .T.);
#5438 = DIRECTION('', (0.332020, 0.193358, 0.923242));
#5439 = POLY_LOOP('', (#742, #870, #872));
#5440 = FACE_OUTER_BOUND('', #5439, .T.);
#5441 = ADVANCED_FACE('', (#5440), #12, .T.);
#5442 = DIRECTION('', (0.352398, 0.166672, 0.920889));
#5443 = POLY_LOOP('', (#742, #872, #744));
#5444 = FACE_OUTER_BOUND('', #5443, .T.);
#5445 = ADVANCED_FACE('', (#5444), #12, .T.);
#5446 = DIRECTION('', (0.296059, 0.268324, 0.916707));
#5447 = POLY_LOOP('', (#744, #872, #874));
#5448 = FACE_OUTER_BOUND('', #5447, .T.);
#5449 = ADVANCED_FACE('', (#5448), #12, .T.);
#5450 = DIRECTION('', (0.350688, 0.210194, 0.912599));
#5451 = POLY_LOOP('', (#744, #874, #746));
#5452 = FACE_OUTER_BOUND('', #5451, .T.);
#5453 = ADVANCED_FACE('', (#5452), #12, .T.);
#5454 = DIRECTION('', (0.284715, 0.305684, 0.908568));
#5455 = POLY_LOOP('', (#746, #874, #876));
#5456 = FACE_OUTER_BOUND('', #5455, .T.);
#5457 = ADVANCED_FACE('', (#5456), #12, .T.);
#5458 = DIRECTION('', (0.342892, 0.254306, 0.904297));
#5459 = POLY_LOOP('', (#746, #876, #748));
#5460 = FACE_OUTER_BOUND('', #5459, .T.);
#5461 = ADVANCED_FACE('', (#5460), #12, .T.);
#5462 = DIRECTION('', (0.296390, 0.310216, 0.903283));
#5463 = POLY_LOOP('', (#748, #876, #878));
#5464 = FACE_OUTER_BOUND('', #5463, .T.);
#5465 = ADVANCED_FACE('', (#5464), #12, .T.);
#5466 = DIRECTION('', (0.321649, 0.291526, 0.900863));
#5467 = POLY_LOOP('', (#748, #878, #750));
#5468 = FACE_OUTER_BOUND('', #5467, .T.);
#5469 = ADVANCED_FACE('', (#5468), #12, .T.);
#5470 = DIRECTION('', (0.313263, 0.300025, 0.901028));
#5471 = POLY_LOOP('', (#750, #878, #880));
#5472 = FACE_OUTER_BOUND('', #5471, .T.);
#5473 = ADVANCED_FACE('', (#5472), #12, .T.);
#5474 = DIRECTION('', (0.286691, 0.316315, 0.904297));
#5475 = POLY_LOOP('', (#750, #880, #752));
#5476 = FACE_OUTER_BOUND('', #5475, .T.);
#5477 = ADVANCED_FACE('', (#5476), #12, .T.);
#5478 = DIRECTION('', (0.311909, 0.294934, 0.903176));
#5479 = POLY_LOOP('', (#752, #880, #882));
#5480 = FACE_OUTER_BOUND('', #5479, .T.);
#5481 = ADVANCED_FACE('', (#5480), #12, .T.);
#5482 = DIRECTION('', (0.243556, 0.328397, 0.912599));
#5483 = POLY_LOOP('', (#752, #882, #754));
#5484 = FACE_OUTER_BOUND('', #5483, .T.);
#5485 = ADVANCED_FACE('', (#5484), #12, .T.);
#5486 = DIRECTION('', (0.273847, 0.307461, 0.911305));
#5487 = POLY_LOOP('', (#754, #882, #884));
#5488 = FACE_OUTER_BOUND('', #5487, .T.);
#5489 = ADVANCED_FACE('', (#5488), #12, .T.);
#5490 = DIRECTION('', (0.200410, 0.334365, 0.920889));
#5491 = POLY_LOOP('', (#754, #884, #756));
#5492 = FACE_OUTER_BOUND('', #5491, .T.);
#5493 = ADVANCED_FACE('', (#5492), #12, .T.);
#5494 = DIRECTION('', (0.195505, 0.337027, 0.920973));
#5495 = POLY_LOOP('', (#756, #884, #886));
#5496 = FACE_OUTER_BOUND('', #5495, .T.);
#5497 = ADVANCED_FACE('', (#5496), #12, .T.);
#5498 = DIRECTION('', (0.163173, 0.345000, 0.924310));
#5499 = POLY_LOOP('', (#756, #886, #758));
#5500 = FACE_OUTER_BOUND('', #5499, .T.);
#5501 = ADVANCED_FACE('', (#5500), #12, .T.);
#5502 = DIRECTION('', (0.098049, 0.371498, 0.923242));
#5503 = POLY_LOOP('', (#758, #886, #888));
#5504 = FACE_OUTER_BOUND('', #5503, .T.);
#5505 = ADVANCED_FACE('', (#5504), #12, .T.);
#5506 = DIRECTION('', (0.131328, 0.367038, 0.920889));
#5507 = POLY_LOOP('', (#758, #888, #760));
#5508 = FACE_OUTER_BOUND('', #5507, .T.);
#5509 = ADVANCED_FACE('', (#5508), #12, .T.);
#5510 = DIRECTION('', (0.019612, 0.399079, 0.916707));
#5511 = POLY_LOOP('', (#760, #888, #890));
#5512 = FACE_OUTER_BOUND('', #5511, .T.);
#5513 = ADVANCED_FACE('', (#5512), #12, .T.);
#5514 = DIRECTION('', (0.099344, 0.396604, 0.912599));
#5515 = POLY_LOOP('', (#760, #890, #762));
#5516 = FACE_OUTER_BOUND('', #5515, .T.);
#5517 = ADVANCED_FACE('', (#5516), #12, .T.);
#5518 = DIRECTION('', (-0.014827, 0.417475, 0.908568));
#5519 = POLY_LOOP('', (#762, #890, #892));
#5520 = FACE_OUTER_BOUND('', #5519, .T.);
#5521 = ADVANCED_FACE('', (#5520), #12, .T.);
#5522 = DIRECTION('', (0.062640, 0.422283, 0.904297));
#5523 = POLY_LOOP('', (#762, #892, #764));
#5524 = FACE_OUTER_BOUND('', #5523, .T.);
#5525 = ADVANCED_FACE('', (#5524), #12, .T.);
#5526 = DIRECTION('', (-0.009776, 0.428935, 0.903283));
#5527 = POLY_LOOP('', (#764, #892, #894));
#5528 = FACE_OUTER_BOUND('', #5527, .T.);
#5529 = ADVANCED_FACE('', (#5528), #12, .T.);
#5530 = DIRECTION('', (0.021300, 0.433580, 0.900863));
#5531 = POLY_LOOP('', (#764, #894, #766));
#5532 = FACE_OUTER_BOUND('', #5531, .T.);
#5533 = ADVANCED_FACE('', (#5532), #12, .T.);
#5534 = DIRECTION('', (0.009361, 0.433660, 0.901028));
#5535 = POLY_LOOP('', (#766, #894, #896));
#5536 = FACE_OUTER_BOUND('', #5535, .T.);
#5537 = ADVANCED_FACE('', (#5536), #12, .T.);
#5538 = DIRECTION('', (-0.020947, 0.426389, 0.904297));
#5539 = POLY_LOOP('', (#766, #896, #768));
#5540 = FACE_OUTER_BOUND('', #5539, .T.);
#5541 = ADVANCED_FACE('', (#5540), #12, .T.);
#5542 = DIRECTION('', (0.012003, 0.429103, 0.903176));
#5543 = POLY_LOOP('', (#768, #896, #898));
#5544 = FACE_OUTER_BOUND('', #5543, .T.);
#5545 = ADVANCED_FACE('', (#5544), #12, .T.);
#5546 = DIRECTION('', (-0.059992, 0.404432, 0.912599));
#5547 = POLY_LOOP('', (#768, #898, #770));
#5548 = FACE_OUTER_BOUND('', #5547, .T.);
#5549 = ADVANCED_FACE('', (#5548), #12, .T.);
#5550 = DIRECTION('', (-0.023769, 0.411046, 0.911305));
#5551 = POLY_LOOP('', (#770, #898, #900));
#5552 = FACE_OUTER_BOUND('', #5551, .T.);
#5553 = ADVANCED_FACE('', (#5552), #12, .T.);
#5554 = DIRECTION('', (-0.094720, 0.378143, 0.920889));
#5555 = POLY_LOOP('', (#770, #900, #772));
#5556 = FACE_OUTER_BOUND('', #5555, .T.);
#5557 = ADVANCED_FACE('', (#5556), #12, .T.);
#5558 = DIRECTION('', (-0.100071, 0.376557, 0.920973));
#5559 = POLY_LOOP('', (#772, #900, #902));
#5560 = FACE_OUTER_BOUND('', #5559, .T.);
#5561 = ADVANCED_FACE('', (#5560), #12, .T.);
#5562 = DIRECTION('', (-0.128571, 0.359333, 0.924310));
#5563 = POLY_LOOP('', (#772, #902, #774));
#5564 = FACE_OUTER_BOUND('', #5563, .T.);
#5565 = ADVANCED_FACE('', (#5564), #12, .T.);
#5566 = DIRECTION('', (-0.193358, 0.332020, 0.923242));
#5567 = POLY_LOOP('', (#774, #902, #904));
#5568 = FACE_OUTER_BOUND('', #5567, .T.);
#5569 = ADVANCED_FACE('', (#5568), #12, .T.);
#5570 = DIRECTION('', (-0.166672, 0.352398, 0.920889));
#5571 = POLY_LOOP('', (#774, #904, #776));
#5572 = FACE_OUTER_BOUND('', #5571, .T.);
#5573 = ADVANCED_FACE('', (#5572), #12, .T.);
#5574 = DIRECTION('', (-0.268324, 0.296059, 0.916707));
#5575 = POLY_LOOP('', (#776, #904, #906));
#5576 = FACE_OUTER_BOUND('', #5575, .T.);
#5577 = ADVANCED_FACE('', (#5576), #12, .T.);
#5578 = DIRECTION('', (-0.210194, 0.350688, 0.912599));
#5579 = POLY_LOOP('', (#776, #906, #778));
#5580 = FACE_OUTER_BOUND('', #5579, .T.);
#5581 = ADVANCED_FACE('', (#5580), #12, .T.);
#5582 = DIRECTION('', (-0.305684, 0.284715, 0.908568));
#5583 = POLY_LOOP('', (#778, #906, #908));
#5584 = FACE_OUTER_BOUND('', #5583, .T.);
#5585 = ADVANCED_FACE('', (#5584), #12, .T.);
#5586 = DIRECTION('', (-0.254306, 0.342892, 0.904297));
#5587 = POLY_LOOP('', (#778, #908, #780));
#5588 = FACE_OUTER_BOUND('', #5587, .T.);
#5589 = ADVANCED_FACE('', (#5588), #12, .T.);
#5590 = DIRECTION('', (-0.310216, 0.296390, 0.903283));
#5591 = POLY_LOOP('', (#780, #908, #910));
#5592 = FACE_OUTER_BOUND('', #5591, .T.);
#5593 = ADVANCED_FACE('', (#5592), #12, .T.);
#5594 = DIRECTION('', (-0.291526, 0.321649, 0.900863));
#5595 = POLY_LOOP('', (#780, #910, #782));
#5596 = FACE_OUTER_BOUND('', #5595, .T.);
#5597 = ADVANCED_FACE('', (#5596), #12, .T.);
#5598 = DIRECTION('', (-0.300025, 0.313263, 0.901028));
#5599 = POLY_LOOP('', (#782, #910, #912));
#5600 = FACE_OUTER_BOUND('', #5599, .T.);
#5601 = ADVANCED_FACE('', (#5600), #12, .T.);
#5602 = DIRECTION('', (-0.316315, 0.286691, 0.904297));
#5603 = POLY_LOOP('', (#782, #912, #784));
#5604 = FACE_OUTER_BOUND('', #5603, .T.);
#5605 = ADVANCED_FACE('', (#5604), #12, .T.);
#5606 = DIRECTION('', (-0.294934, 0.311909, 0.903176));
#5607 = POLY_LOOP('', (#784, #912, #914));
#5608 = FACE_OUTER_BOUND('', #5607, .T.);
#5609 = ADVANCED_FACE('', (#5608), #12, .T.);
#5610 = DIRECTION('', (-0.328397, 0.243556, 0.912599));
#5611 = POLY_LOOP('', (#784, #914, #786));
#5612 = FACE_OUTER_BOUND('', #5611, .T.);
#5613 = ADVANCED_FACE('', (#5612), #12, .T.);
#5614 = DIRECTION('', (-0.307461, 0.273847, 0.911305));
#5615 = POLY_LOOP('', (#786, #914, #916));
#5616 = FACE_OUTER_BOUND('', #5615, .T.);
#5617 = ADVANCED_FACE('', (#5616), #12, .T.);
#5618 = DIRECTION('', (-0.334365, 0.200410, 0.920889));
#5619 = POLY_LOOP('', (#786, #916, #788));
#5620 = FACE_OUTER_BOUND('', #5619, .T.);
#5621 = ADVANCED_FACE('', (#5620), #12, .T.);
#5622 = DIRECTION('', (-0.337027, 0.195505, 0.920973));
#5623 = POLY_LOOP('', (#788, #916, #918));
#5624 = FACE_OUTER_BOUND('', #5623, .T.);
#5625 = ADVANCED_FACE('', (#5624), #12, .T.);
#5626 = DIRECTION('', (-0.345000, 0.163173, 0.924310));
#5627 = POLY_LOOP('', (#788, #918, #790));
#5628 = FACE_OUTER_BOUND('', #5627, .T.);
#5629 = ADVANCED_FACE('', (#5628), #12, .T.);
#5630 = DIRECTION('', (-0.371498, 0.098049, 0.923242));
#5631 = POLY_LOOP('', (#790, #918, #920));
#5632 = FACE_OUTER_BOUND('', #5631, .T.);
#5633 = ADVANCED_FACE('', (#5632), #12, .T.);
#5634 = DIRECTION('', (-0.367038, 0.131328, 0.920889));
#5635 = POLY_LOOP('', (#790, #920, #792));
#5636 = FACE_OUTER_BOUND('', #5635, .T.);
#5637 = ADVANCED_FACE('', (#5636), #12, .T.);
#5638 = DIRECTION('', (-0.399079, 0.019612, 0.916707));
#5639 = POLY_LOOP('', (#792, #920, #922));
#5640 = FACE_OUTER_BOUND('', #5639, .T.);
#5641 = ADVANCED_FACE('', (#5640), #12, .T.);
#5642 = DIRECTION('', (-0.396604, 0.099344, 0.912599));
#5643 = POLY_LOOP('', (#792, #922, #794));
#5644 = FACE_OUTER_BOUND('', #5643, .T.);
#5645 = ADVANCED_FACE('', (#5644), #12, .T.);
#5646 = DIRECTION('', (-0.417475, -0.014827, 0.908568));
#5647 = POLY_LOOP('', (#794, #922, #924));
#5648 = FACE_OUTER_BOUND('', #5647, .T.);
#5649 = ADVANCED_FACE('', (#5648), #12, .T.);
#5650 = DIRECTION('', (-0.422283, 0.062640, 0.904297));
#5651 = POLY_LOOP('', (#794, #924, #796));
#5652 = FACE_OUTER_BOUND('', #5651, .T.);
#5653 = ADVANCED_FACE('', (#5652), #12, .T.);
#5654 = DIRECTION('', (-0.428935, -0.009776, 0.903283));
#5655 = POLY_LOOP('', (#796, #924, #798));
#5656 = FACE_OUTER_BOUND('', #5655, .T.);
#5657 = ADVANCED_FACE('', (#5656), #12, .T.);
#5658 = DIRECTION('', (-0.433580, 0.021300, 0.900863));
#5659 = POLY_LOOP('', (#796, #798, #670));
#5660 = FACE_OUTER_BOUND('', #5659, .T.);
#5661 = ADVANCED_FACE('', (#5660), #12, .T.);
#5662 = DIRECTION('', (0.893565, 0.043898, -0.446782));
#5663 = POLY_LOOP('', (#926, #1056, #1054));
#5664 = FACE_OUTER_BOUND('', #5663, .T.);
#5665 = ADVANCED_FACE('', (#5664), #12, .T.);
#5666 = DIRECTION('', (0.893565, 0.043898, -0.446782));
#5667 = POLY_LOOP('', (#926, #928, #1056));
#5668 = FACE_OUTER_BOUND('', #5667, .T.);
#5669 = ADVANCED_FACE('', (#5668), #12, .T.);
#5670 = DIRECTION('', (0.884959, 0.131271, -0.446782));
#5671 = POLY_LOOP('', (#928, #1058, #1056));
#5672 = FACE_OUTER_BOUND('', #5671, .T.);
#5673 = ADVANCED_FACE('', (#5672), #12, .T.);
#5674 = DIRECTION('', (0.884959, 0.131271, -0.446782));
#5675 = POLY_LOOP('', (#928, #930, #1058));
#5676 = FACE_OUTER_BOUND('', #5675, .T.);
#5677 = ADVANCED_FACE('', (#5676), #12, .T.);
#5678 = DIRECTION('', (0.867831, 0.217380, -0.446782));
#5679 = POLY_LOOP('', (#930, #1060, #1058));
#5680 = FACE_OUTER_BOUND('', #5679, .T.);
#5681 = ADVANCED_FACE('', (#5680), #12, .T.);
#5682 = DIRECTION('', (0.867831, 0.217380, -0.446782));
#5683 = POLY_LOOP('', (#930, #932, #1060));
#5684 = FACE_OUTER_BOUND('', #5683, .T.);
#5685 = ADVANCED_FACE('', (#5684), #12, .T.);
#5686 = DIRECTION('', (0.842345, 0.301396, -0.446782));
#5687 = POLY_LOOP('', (#932, #1062, #1060));
#5688 = FACE_OUTER_BOUND('', #5687, .T.);
#5689 = ADVANCED_FACE('', (#5688), #12, .T.);
#5690 = DIRECTION('', (0.842345, 0.301396, -0.446782));
#5691 = POLY_LOOP('', (#932, #934, #1062));
#5692 = FACE_OUTER_BOUND('', #5691, .T.);
#5693 = ADVANCED_FACE('', (#5692), #12, .T.);
#5694 = DIRECTION('', (0.808747, 0.382509, -0.446782));
#5695 = POLY_LOOP('', (#934, #1064, #1062));
#5696 = FACE_OUTER_BOUND('', #5695, .T.);
#5697 = ADVANCED_FACE('', (#5696), #12, .T.);
#5698 = DIRECTION('', (0.808747, 0.382509, -0.446782));
#5699 = POLY_LOOP('', (#934, #936, #1064));
#5700 = FACE_OUTER_BOUND('', #5699, .T.);
#5701 = ADVANCED_FACE('', (#5700), #12, .T.);
#5702 = DIRECTION('', (0.767361, 0.459938, -0.446782));
#5703 = POLY_LOOP('', (#936, #1066, #1064));
#5704 = FACE_OUTER_BOUND('', #5703, .T.);
#5705 = ADVANCED_FACE('', (#5704), #12, .T.);
#5706 = DIRECTION('', (0.767361, 0.459938, -0.446782));
#5707 = POLY_LOOP('', (#936, #938, #1066));
#5708 = FACE_OUTER_BOUND('', #5707, .T.);
#5709 = ADVANCED_FACE('', (#5708), #12, .T.);
#5710 = DIRECTION('', (0.718584, 0.532938, -0.446782));
#5711 = POLY_LOOP('', (#938, #1068, #1066));
#5712 = FACE_OUTER_BOUND('', #5711, .T.);
#5713 = ADVANCED_FACE('', (#5712), #12, .T.);
#5714 = DIRECTION('', (0.718584, 0.532938, -0.446782));
#5715 = POLY_LOOP('', (#938, #940, #1068));
#5716 = FACE_OUTER_BOUND('', #5715, .T.);
#5717 = ADVANCED_FACE('', (#5716), #12, .T.);
#5718 = DIRECTION('', (0.662886, 0.600805, -0.446782));
#5719 = POLY_LOOP('', (#940, #1070, #1068));
#5720 = FACE_OUTER_BOUND('', #5719, .T.);
#5721 = ADVANCED_FACE('', (#5720), #12, .T.);
#5722 = DIRECTION('', (0.662886, 0.600805, -0.446782));
#5723 = POLY_LOOP('', (#940, #942, #1070));
#5724 = FACE_OUTER_BOUND('', #5723, .T.);
#5725 = ADVANCED_FACE('', (#5724), #12, .T.);
#5726 = DIRECTION('', (0.600805, 0.662886, -0.446782));
#5727 = POLY_LOOP('', (#942, #1072, #1070));
#5728 = FACE_OUTER_BOUND('', #5727, .T.);
#5729 = ADVANCED_FACE('', (#5728), #12, .T.);
#5730 = DIRECTION('', (0.600805, 0.662886, -0.446782));
#5731 = POLY_LOOP('', (#942, #944, #1072));
#5732 = FACE_OUTER_BOUND('', #5731, .T.);
#5733 = ADVANCED_FACE('', (#5732), #12, .T.);
#5734 = DIRECTION('', (0.532938, 0.718584, -0.446782));
#5735 = POLY_LOOP('', (#944, #1074, #1072));
#5736 = FACE_OUTER_BOUND('', #5735, .T.);
#5737 = ADVANCED_FACE('', (#5736), #12, .T.);
#5738 = DIRECTION('', (0.532938, 0.718584, -0.446782));
#5739 = POLY_LOOP('', (#944, #946, #1074));
#5740 = FACE_OUTER_BOUND('', #5739, .T.);
#5741 = ADVANCED_FACE('', (#5740), #12, .T.);
#5742 = DIRECTION('', (0.459938, 0.767361, -0.446782));
#5743 = POLY_LOOP('', (#946, #1076, #1074));
#5744 = FACE_OUTER_BOUND('', #5743, .T.);
#5745 = ADVANCED_FACE('', (#5744), #12, .T.);
#5746 = DIRECTION('', (0.459938, 0.767361, -0.446782));
#5747 = POLY_LOOP('', (#946, #948, #1076));
#5748 = FACE_OUTER_BOUND('', #5747, .T.);
#5749 = ADVANCED_FACE('', (#5748), #12, .T.);
#5750 = DIRECTION('', (0.382509, 0.808747, -0.446782));
#5751 = POLY_LOOP('', (#948, #1078, #1076));
#5752 = FACE_OUTER_BOUND('', #5751, .T.);
#5753 = ADVANCED_FACE('', (#5752), #12, .T.);
#5754 = DIRECTION('', (0.382509, 0.808747, -0.446782));
#5755 = POLY_LOOP('', (#948, #950, #1078));
#5756 = FACE_OUTER_BOUND('', #5755, .T.);
#5757 = ADVANCED_FACE('', (#5756), #12, .T.);
#5758 = DIRECTION('', (0.301396, 0.842345, -0.446782));
#5759 = POLY_LOOP('', (#950, #1080, #1078));
#5760 = FACE_OUTER_BOUND('', #5759, .T.);
#5761 = ADVANCED_FACE('', (#5760), #12, .T.);
#5762 = DIRECTION('', (0.301396, 0.842345, -0.446782));
#5763 = POLY_LOOP('', (#950, #952, #1080));
#5764 = FACE_OUTER_BOUND('', #5763, .T.);
#5765 = ADVANCED_FACE('', (#5764), #12, .T.);
#5766 = DIRECTION('', (0.217380, 0.867831, -0.446782));
#5767 = POLY_LOOP('', (#952, #1082, #1080));
#5768 = FACE_OUTER_BOUND('', #5767, .T.);
#5769 = ADVANCED_FACE('', (#5768), #12, .T.);
#5770 = DIRECTION('', (0.217380, 0.867831, -0.446782));
#5771 = POLY_LOOP('', (#952, #954, #1082));
#5772 = FACE_OUTER_BOUND('', #5771, .T.);
#5773 = ADVANCED_FACE('', (#5772), #12, .T.);
#5774 = DIRECTION('', (0.131271, 0.884959, -0.446782));
#5775 = POLY_LOOP('', (#954, #1084, #1082));
#5776 = FACE_OUTER_BOUND('', #5775, .T.);
#5777 = ADVANCED_FACE('', (#5776), #12, .T.);
#5778 = DIRECTION('', (0.131271, 0.884959, -0.446782));
#5779 = POLY_LOOP('', (#954, #956, #1084));
#5780 = FACE_OUTER_BOUND('', #5779, .T.);
#5781 = ADVANCED_FACE('', (#5780), #12, .T.);
#5782 = DIRECTION('', (0.043898, 0.893565, -0.446782));
#5783 = POLY_LOOP('', (#956, #1086, #1084));
#5784 = FACE_OUTER_BOUND('', #5783, .T.);
#5785 = ADVANCED_FACE('', (#5784), #12, .T.);
#5786 = DIRECTION('', (0.043898, 0.893565, -0.446782));
#5787 = POLY_LOOP('', (#956, #958, #1086));
#5788 = FACE_OUTER_BOUND('', #5787, .T.);
#5789 = ADVANCED_FACE('', (#5788), #12, .T.);
#5790 = DIRECTION('', (-0.043898, 0.893565, -0.446782));
#5791 = POLY_LOOP('', (#958, #1088, #1086));
#5792 = FACE_OUTER_BOUND('', #5791, .T.);
#5793 = ADVANCED_FACE('', (#5792), #12, .T.);
#5794 = DIRECTION('', (-0.043898, 0.893565, -0.446782));
#5795 = POLY_LOOP('', (#958, #960, #1088));
#5796 = FACE_OUTER_BOUND('', #5795, .T.);
#5797 = ADVANCED_FACE('', (#5796), #12, .T.);
#5798 = DIRECTION('', (-0.131271, 0.884959, -0.446782));
#5799 = POLY_LOOP('', (#960, #1090, #1088));
#5800 = FACE_OUTER_BOUND('', #5799, .T.);
#5801 = ADVANCED_FACE('', (#5800), #12, .T.);
#5802 = DIRECTION('', (-0.131271, 0.884959, -0.446782));
#5803 = POLY_LOOP('', (#960, #962, #1090));
#5804 = FACE_OUTER_BOUND('', #5803, .T.);
#5805 = ADVANCED_FACE('', (#5804), #12, .T.);
#5806 = DIRECTION('', (-0.217380, 0.867831, -0.446782));
#5807 = POLY_LOOP('', (#962, #1092, #1090));
#5808 = FACE_OUTER_BOUND('', #5807, .T.);
#5809 = ADVANCED_FACE('', (#5808), #12, .T.);
#5810 = DIRECTION('', (-0.217380, 0.867831, -0.446782));
#5811 = POLY_LOOP('', (#962, #964, #1092));
#5812 = FACE_OUTER_BOUND('', #5811, .T.);
#5813 = ADVANCED_FACE('', (#5812), #12, .T.);
#5814 = DIRECTION('', (-0.301396, 0.842345, -0.446782));
#5815 = POLY_LOOP('', (#964, #1094, #1092));
#5816 = FACE_OUTER_BOUND('', #5815, .T.);
#5817 = ADVANCED_FACE('', (#5816), #12, .T.);
#5818 = DIRECTION('', (-0.301396, 0.842345, -0.446782));
#5819 = POLY_LOOP('', (#964, #966, #1094));
#5820 = FACE_OUTER_BOUND('', #5819, .T.);
#5821 = ADVANCED_FACE('', (#5820), #12, .T.);
#5822 = DIRECTION('', (-0.382509, 0.808747, -0.446782));
#5823 = POLY_LOOP('', (#966, #1096, #1094));
#5824 = FACE_OUTER_BOUND('', #5823, .T.);
#5825 = ADVANCED_FACE('', (#5824), #12, .T.);
#5826 = DIRECTION('', (-0.382509, 0.808747, -0.446782));
#5827 = POLY_LOOP('', (#966, #968, #1096));
#5828 = FACE_OUTER_BOUND('', #5827, .T.);
#5829 = ADVANCED_FACE('', (#5828), #12, .T.);
#5830 = DIRECTION('', (-0.459938, 0.767361, -0.446782));
#5831 = POLY_LOOP('', (#968, #1098, #1096));
#5832 = FACE_OUTER_BOUND('', #5831, .T.);
#5833 = ADVANCED_FACE('', (#5832), #12, .T.);
#5834 = DIRECTION('', (-0.459938, 0.767361, -0.446782));
#5835 = POLY_LOOP('', (#968, #970, #1098));
#5836 = FACE_OUTER_BOUND('', #5835, .T.);
#5837 = ADVANCED_FACE('', (#5836), #12, .T.);
#5838 = DIRECTION('', (-0.532938, 0.718584, -0.446782));
#5839 = POLY_LOOP('', (#970, #1100, #1098));
#5840 = FACE_OUTER_BOUND('', #5839, .T.);
#5841 = ADVANCED_FACE('', (#5840), #12, .T.);
#5842 = DIRECTION('', (-0.532938, 0.718584, -0.446782));
#5843 = POLY_LOOP('', (#970, #972, #1100));
#5844 = FACE_OUTER_BOUND('', #5843, .T.);
#5845 = ADVANCED_FACE('', (#5844), #12, .T.);
#5846 = DIRECTION('', (-0.600805, 0.662886, -0.446782));
#5847 = POLY_LOOP('', (#972, #1102, #1100));
#5848 = FACE_OUTER_BOUND('', #5847, .T.);
#5849 = ADVANCED_FACE('', (#5848), #12, .T.);
#5850 = DIRECTION('', (-0.600805, 0.662886, -0.446782));
#5851 = POLY_LOOP('', (#972, #974, #1102));
#5852 = FACE_OUTER_BOUND('', #5851, .T.);
#5853 = ADVANCED_FACE('', (#5852), #12, .T.);
#5854 = DIRECTION('', (-0.662886, 0.600805, -0.446782));
#5855 = POLY_LOOP('', (#974, #1104, #1102));
#5856 = FACE_OUTER_BOUND('', #5855, .T.);
#5857 = ADVANCED_FACE('', (#5856), #12, .T.);
#5858 = DIRECTION('', (-0.662886, 0.600805, -0.446782));
#5859 = POLY_LOOP('', (#974, #976, #1104));
#5860 = FACE_OUTER_BOUND('', #5859, .T.);
#5861 = ADVANCED_FACE('', (#5860), #12, .T.);
#5862 = DIRECTION('', (-0.718584, 0.532938, -0.446782));
#5863 = POLY_LOOP('', (#976, #1106, #1104));
#5864 = FACE_OUTER_BOUND('', #5863, .T.);
#5865 = ADVANCED_FACE('', (#5864), #12, .T.);
#5866 = DIRECTION('', (-0.718584, 0.532938, -0.446782));
#5867 = POLY_LOOP('', (#976, #978, #1106));
#5868 = FACE_OUTER_BOUND('', #5867, .T.);
#5869 = ADVANCED_FACE('', (#5868), #12, .T.);
#5870 = DIRECTION('', (-0.767361, 0.459938, -0.446782));
#5871 = POLY_LOOP('', (#978, #1108, #1106));
#5872 = FACE_OUTER_BOUND('', #5871, .T.);
#5873 = ADVANCED_FACE('', (#5872), #12, .T.);
#5874 = DIRECTION('', (-0.767361, 0.459938, -0.446782));
#5875 = POLY_LOOP('', (#978, #980, #1108));
#5876 = FACE_OUTER_BOUND('', #5875, .T.);
#5877 = ADVANCED_FACE('', (#5876), #12, .T.);
#5878 = DIRECTION('', (-0.808747, 0.382509, -0.446782));
#5879 = POLY_LOOP('', (#980, #1110, #1108));
#5880 = FACE_OUTER_BOUND('', #5879, .T.);
#5881 = ADVANCED_FACE('', (#5880), #12, .T.);
#5882 = DIRECTION('', (-0.808747, 0.382509, -0.446782));
#5883 = POLY_LOOP('', (#980, #982, #1110));
#5884 = FACE_OUTER_BOUND('', #5883, .T.);
#5885 = ADVANCED_FACE('', (#5884), #12, .T.);
#5886 = DIRECTION('', (-0.842345, 0.301396, -0.446782));
#5887 = POLY_LOOP('', (#982, #1112, #1110));
#5888 = FACE_OUTER_BOUND('', #5887, .T.);
#5889 = ADVANCED_FACE('', (#5888), #12, .T.);
#5890 = DIRECTION('', (-0.842345, 0.301396, -0.446782));
#5891 = POLY_LOOP('', (#982, #984, #1112));
#5892 = FACE_OUTER_BOUND('', #5891, .T.);
#5893 = ADVANCED_FACE('', (#5892), #12, .T.);
#5894 = DIRECTION('', (-0.867831, 0.217380, -0.446782));
#5895 = POLY_LOOP('', (#984, #1114, #1112));
#5896 = FACE_OUTER_BOUND('', #5895, .T.);
#5897 = ADVANCED_FACE('', (#5896), #12, .T.);
#5898 = DIRECTION('', (-0.867831, 0.217380, -0.446782));
#5899 = POLY_LOOP('', (#984, #986, #1114));
#5900 = FACE_OUTER_BOUND('', #5899, .T.);
#5901 = ADVANCED_FACE('', (#5900), #12, .T.);
#5902 = DIRECTION('', (-0.884959, 0.131271, -0.446782));
#5903 = POLY_LOOP('', (#986, #1116, #1114));
#5904 = FACE_OUTER_BOUND('', #5903, .T.);
#5905 = ADVANCED_FACE('', (#5904), #12, .T.);
#5906 = DIRECTION('', (-0.884959, 0.131271, -0.446782));
#5907 = POLY_LOOP('', (#986, #988, #1116));
#5908 = FACE_OUTER_BOUND('', #5907, .T.);
#5909 = ADVANCED_FACE('', (#5908), #12, .T.);
#5910 = DIRECTION('', (-0.893565, 0.043898, -0.446782));
#5911 = POLY_LOOP('', (#988, #1118, #1116));
#5912 = FACE_OUTER_BOUND('', #5911, .T.);
#5913 = ADVANCED_FACE('', (#5912), #12, .T.);
#5914 = DIRECTION('', (-0.893565, 0.043898, -0.446782));
#5915 = POLY_LOOP('', (#988, #990, #1118));
#5916 = FACE_OUTER_BOUND('', #5915, .T.);
#5917 = ADVANCED_FACE('', (#5916), #12, .T.);
#5918 = DIRECTION('', (-0.893565, -0.043898, -0.446782));
#5919 = POLY_LOOP('', (#990, #1120, #1118));
#5920 = FACE_OUTER_BOUND('', #5919, .T.);
#5921 = ADVANCED_FACE('', (#5920), #12, .T.);
#5922 = DIRECTION('', (-0.893565, -0.043898, -0.446782));
#5923 = POLY_LOOP('', (#990, #992, #1120));
#5924 = FACE_OUTER_BOUND('', #5923, .T.);
#5925 = ADVANCED_FACE('', (#5924), #12, .T.);
#5926 = DIRECTION('', (-0.884959, -0.131271, -0.446782));
#5927 = POLY_LOOP('', (#992, #1122, #1120));
#5928 = FACE_OUTER_BOUND('', #5927, .T.);
#5929 = ADVANCED_FACE('', (#5928), #12, .T.);
#5930 = DIRECTION('', (-0.884959, -0.131271, -0.446782));
#5931 = POLY_LOOP('', (#992, #994, #1122));
#5932 = FACE_OUTER_BOUND('', #5931, .T.);
#5933 = ADVANCED_FACE('', (#5932), #12, .T.);
#5934 = DIRECTION('', (-0.867831, -0.217380, -0.446782));
#5935 = POLY_LOOP('', (#994, #1124, #1122));
#5936 = FACE_OUTER_BOUND('', #5935, .T.);
#5937 = ADVANCED_FACE('', (#5936), #12, .T.);
#5938 = DIRECTION('', (-0.867831, -0.217380, -0.446782));
#5939 = POLY_LOOP('', (#994, #996, #1124));
#5940 = FACE_OUTER_BOUND('', #5939, .T.);
#5941 = ADVANCED_FACE('', (#5940), #12, .T.);
#5942 = DIRECTION('', (-0.842345, -0.301396, -0.446782));
#5943 = POLY_LOOP('', (#996, #1126, #1124));
#5944 = FACE_OUTER_BOUND('', #5943, .T.);
#5945 = ADVANCED_FACE('', (#5944), #12, .T.);
#5946 = DIRECTION('', (-0.842345, -0.301396, -0.446782));
#5947 = POLY_LOOP('', (#996, #998, #1126));
#5948 = FACE_OUTER_BOUND('', #5947, .T.);
#5949 = ADVANCED_FACE('', (#5948), #12, .T.);
#5950 = DIRECTION('', (-0.808747, -0.382509, -0.446782));
#5951 = POLY_LOOP('', (#998, #1128, #1126));
#5952 = FACE_OUTER_BOUND('', #5951, .T.);
#5953 = ADVANCED_FACE('', (#5952), #12, .T.);
#5954 = DIRECTION('', (-0.808747, -0.382509, -0.446782));
#5955 = POLY_LOOP('', (#998, #1000, #1128));
#5956 = FACE_OUTER_BOUND('', #5955, .T.);
#5957 = ADVANCED_FACE('', (#5956), #12, .T.);
#5958 = DIRECTION('', (-0.767361, -0.459938, -0.446782));
#5959 = POLY_LOOP('', (#1000, #1130, #1128));
#5960 = FACE_OUTER_BOUND('', #5959, .T.);
#5961 = ADVANCED_FACE('', (#5960), #12, .T.);
#5962 = DIRECTION('', (-0.767361, -0.459938, -0.446782));
#5963 = POLY_LOOP('', (#1000, #1002, #1130));
#5964 = FACE_OUTER_BOUND('', #5963, .T.);
#5965 = ADVANCED_FACE('', (#5964), #12, .T.);
#5966 = DIRECTION('', (-0.718584, -0.532938, -0.446782));
#5967 = POLY_LOOP('', (#1002, #1132, #1130));
#5968 = FACE_OUTER_BOUND('', #5967, .T.);
#5969 = ADVANCED_FACE('', (#5968), #12, .T.);
#5970 = DIRECTION('', (-0.718584, -0.532938, -0.446782));
#5971 = POLY_LOOP('', (#1002, #1004, #1132));
#5972 = FACE_OUTER_BOUND('', #5971, .T.);
#5973 = ADVANCED_FACE('', (#5972), #12, .T.);
#5974 = DIRECTION('', (-0.662886, -0.600805, -0.446782));
#5975 = POLY_LOOP('', (#1004, #1134, #1132));
#5976 = FACE_OUTER_BOUND('', #5975, .T.);
#5977 = ADVANCED_FACE('', (#5976), #12, .T.);
#5978 = DIRECTION('', (-0.662886, -0.600805, -0.446782));
#5979 = POLY_LOOP('', (#1004, #1006, #1134));
#5980 = FACE_OUTER_BOUND('', #5979, .T.);
#5981 = ADVANCED_FACE('', (#5980), #12, .T.);
#5982 = DIRECTION('', (-0.600805, -0.662886, -0.446782));
#5983 = POLY_LOOP('', (#1006, #1136, #1134));
#5984 = FACE_OUTER_BOUND('', #5983, .T.);
#5985 = ADVANCED_FACE('', (#5984), #12, .T.);
#5986 = DIRECTION('', (-0.600805, -0.662886, -0.446782));
#5987 = POLY_LOOP('', (#1006, #1008, #1136));
#5988 = FACE_OUTER_BOUND('', #5987, .T.);
#5989 = ADVANCED_FACE('', (#5988), #12, .T.);
#5990 = DIRECTION('', (-0.532938, -0.718584, -0.446782));
#5991 = POLY_LOOP('', (#1008, #1138, #1136));
#5992 = FACE_OUTER_BOUND('', #5991, .T.);
#5993 = ADVANCED_FACE('', (#5992), #12, .T.);
#5994 = DIRECTION('', (-0.532938, -0.718584, -0.446782));
#5995 = POLY_LOOP('', (#1008, #1010, #1138));
#5996 = FACE_OUTER_BOUND('', #5995, .T.);
#5997 = ADVANCED_FACE('', (#5996), #12, .T.);
#5998 = DIRECTION('', (-0.459938, -0.767361, -0.446782));
#5999 = POLY_LOOP('', (#1010, #1140, #1138));
#6000 = FACE_OUTER_BOUND('', #5999, .T.);
#6001 = ADVANCED_FACE('', (#6000), #12, .T.);
#6002 = DIRECTION('', (-0.459938, -0.767361, -0.446782));
#6003 = POLY_LOOP('', (#1010, #1012, #1140));
#6004 = FACE_OUTER_BOUND('', #6003, .T.);
#6005 = ADVANCED_FACE('', (#6004), #12, .T.);
#6006 = DIRECTION('', (-0.382509, -0.808747, -0.446782));
#6007 = POLY_LOOP('', (#1012, #1142, #1140));
#6008 = FACE_OUTER_BOUND('', #6007, .T.);
#6009 = ADVANCED_FACE('', (#6008), #12, .T.);
#6010 = DIRECTION('', (-0.382509, -0.808747, -0.446782));
#6011 = POLY_LOOP('', (#1012, #1014, #1142));
#6012 = FACE_OUTER_BOUND('', #6011, .T.);
#6013 = ADVANCED_FACE('', (#6012), #12, .T.);
#6014 = DIRECTION('', (-0.301396, -0.842345, -0.446782));
#6015 = POLY_LOOP('', (#1014, #1144, #1142));
#6016 = FACE_OUTER_BOUND('', #6015, .T.);
#6017 = ADVANCED_FACE('', (#6016), #12, .T.);
#6018 = DIRECTION('', (-0.301396, -0.842345, -0.446782));
#6019 = POLY_LOOP('', (#1014, #1016, #1144));
#6020 = FACE_OUTER_BOUND('', #6019, .T.);
#6021 = ADVANCED_FACE('', (#6020), #12, .T.);
#6022 = DIRECTION('', (-0.217380, -0.867831, -0.446782));
#6023 = POLY_LOOP('', (#1016, #1146, #1144));
#6024 = FACE_OUTER_BOUND('', #6023, .T.);
#6025 = ADVANCED_FACE('', (#6024), #12, .T.);
#6026 = DIRECTION('', (-0.217380, -0.867831, -0.446782));
#6027 = POLY_LOOP('', (#1016, #1018, #1146));
#6028 = FACE_OUTER_BOUND('', #6027, .T.);
#6029 = ADVANCED_FACE('', (#6028), #12, .T.);
#6030 = DIRECTION('', (-0.131271, -0.884959, -0.446782));
#6031 = POLY_LOOP('', (#1018, #1148, #1146));
#6032 = FACE_OUTER_BOUND('', #6031, .T.);
#6033 = ADVANCED_FACE('', (#6032), #12, .T.);
#6034 = DIRECTION('', (-0.131271, -0.884959, -0.446782));
#6035 = POLY_LOOP('', (#1018, #1020, #1148));
#6036 = FACE_OUTER_BOUND('', #6035, .T.);
#6037 = ADVANCED_FACE('', (#6036), #12, .T.);
#6038 = DIRECTION('', (-0.043898, -0.893565, -0.446782));
#6039 = POLY_LOOP('', (#1020, #1150, #1148));
#6040 = FACE_OUTER_BOUND('', #6039, .T.);
#6041 = ADVANCED_FACE('', (#6040), #12, .T.);
#6042 = DIRECTION('', (-0.043898, -0.893565, -0.446782));
#6043 = POLY_LOOP('', (#1020, #1022, #1150));
#6044 = FACE_OUTER_BOUND('', #6043, .T.);
#6045 = ADVANCED_FACE('', (#6044), #12, .T.);
#6046 = DIRECTION('', (0.043898, -0.893565, -0.446782));
#6047 = POLY_LOOP('', (#1022, #1152, #1150));
#6048 = FACE_OUTER_BOUND('', #6047, .T.);
#6049 = ADVANCED_FACE('', (#6048), #12, .T.);
#6050 = DIRECTION('', (0.043898, -0.893565, -0.446782));
#6051 = POLY_LOOP('', (#1022, #1024, #1152));
#6052 = FACE_OUTER_BOUND('', #6051, .T.);
#6053 = ADVANCED_FACE('', (#6052), #12, .T.);
#6054 = DIRECTION('', (0.131271, -0.884959, -0.446782));
#6055 = POLY_LOOP('', (#1024, #1154, #1152));
#6056 = FACE_OUTER_BOUND('', #6055, .T.);
#6057 = ADVANCED_FACE('', (#6056), #12, .T.);
#6058 = DIRECTION('', (0.131271, -0.884959, -0.446782));
#6059 = POLY_LOOP('', (#1024, #1026, #1154));
#6060 = FACE_OUTER_BOUND('', #6059, .T.);
#6061 = ADVANCED_FACE('', (#6060), #12, .T.);
#6062 = DIRECTION('', (0.217380, -0.867831, -0.446782));
#6063 = POLY_LOOP('', (#1026, #1156, #1154));
#6064 = FACE_OUTER_BOUND('', #6063, .T.);
#6065 = ADVANCED_FACE('', (#6064), #12, .T.);
#6066 = DIRECTION('', (0.217380, -0.867831, -0.446782));
#6067 = POLY_LOOP('', (#1026, #1028, #1156));
#6068 = FACE_OUTER_BOUND('', #6067, .T.);
#6069 = ADVANCED_FACE('', (#6068), #12, .T.);
#6070 = DIRECTION('', (0.301396, -0.842345, -0.446782));
#6071 = POLY_LOOP('', (#1028, #1158, #1156));
#6072 = FACE_OUTER_BOUND('', #6071, .T.);
#6073 = ADVANCED_FACE('', (#6072), #12, .T.);
#6074 = DIRECTION('', (0.301396, -0.842345, -0.446782));
#6075 = POLY_LOOP('', (#1028, #1030, #1158));
#6076 = FACE_OUTER_BOUND('', #6075, .T.);
#6077 = ADVANCED_FACE('', (#6076), #12, .T.);
#6078 = DIRECTION('', (0.382509, -0.808747, -0.446782));
#6079 = POLY_LOOP('', (#1030, #1160, #1158));
#6080 = FACE_OUTER_BOUND('', #6079, .T.);
#6081 = ADVANCED_FACE('', (#6080), #12, .T.);
#6082 = DIRECTION('', (0.382509, -0.808747, -0.446782));
#6083 = POLY_LOOP('', (#1030, #1032, #1160));
#6084 = FACE_OUTER_BOUND('', #6083, .T.);
#6085 = ADVANCED_FACE('', (#6084), #12, .T.);
#6086 = DIRECTION('', (0.459938, -0.767361, -0.446782));
#6087 = POLY_LOOP('', (#1032, #1162, #1160));
#6088 = FACE_OUTER_BOUND('', #6087, .T.);
#6089 = ADVANCED_FACE('', (#6088), #12, .T.);
#6090 = DIRECTION('', (0.459938, -0.767361, -0.446782));
#6091 = POLY_LOOP('', (#1032, #1034, #1162));
#6092 = FACE_OUTER_BOUND('', #6091, .T.);
#6093 = ADVANCED_FACE('', (#6092), #12, .T.);
#6094 = DIRECTION('', (0.532938, -0.718584, -0.446782));
#6095 = POLY_LOOP('', (#1034, #1164, #1162));
#6096 = FACE_OUTER_BOUND('', #6095, .T.);
#6097 = ADVANCED_FACE('', (#6096), #12, .T.);
#6098 = DIRECTION('', (0.532938, -0.718584, -0.446782));
#6099 = POLY_LOOP('', (#1034, #1036, #1164));
#6100 = FACE_OUTER_BOUND('', #6099, .T.);
#6101 = ADVANCED_FACE('', (#6100), #12, .T.);
#6102 = DIRECTION('', (0.600805, -0.662886, -0.446782));
#6103 = POLY_LOOP('', (#1036, #1166, #1164));
#6104 = FACE_OUTER_BOUND('', #6103, .T.);
#6105 = ADVANCED_FACE('', (#6104), #12, .T.);
#6106 = DIRECTION('', (0.600805, -0.662886, -0.446782));
#6107 = POLY_LOOP('', (#1036, #1038, #1166));
#6108 = FACE_OUTER_BOUND('', #6107, .T.);
#6109 = ADVANCED_FACE('', (#6108), #12, .T.);
#6110 = DIRECTION('', (0.662886, -0.600805, -0.446782));
#6111 = POLY_LOOP('', (#1038, #1168, #1166));
#6112 = FACE_OUTER_BOUND('', #6111, .T.);
#6113 = ADVANCED_FACE('', (#6112), #12, .T.);
#6114 = DIRECTION('', (0.662886, -0.600805, -0.446782));
#6115 = POLY_LOOP('', (#1038, #1040, #1168));
#6116 = FACE_OUTER_BOUND('', #6115, .T.);
#6117 = ADVANCED_FACE('', (#6116), #12, .T.);
#6118 = DIRECTION('', (0.718584, -0.532938, -0.446782));
#6119 = POLY_LOOP('', (#1040, #1170, #1168));
#6120 = FACE_OUTER_BOUND('', #6119, .T.);
#6121 = ADVANCED_FACE('', (#6120), #12, .T.);
#6122 = DIRECTION('', (0.718584, -0.532938, -0.446782));
#6123 = POLY_LOOP('', (#1040, #1042, #1170));
#6124 = FACE_OUTER_BOUND('', #6123, .T.);
#6125 = ADVANCED_FACE('', (#6124), #12, .T.);
#6126 = DIRECTION('', (0.767361, -0.459938, -0.446782));
#6127 = POLY_LOOP('', (#1042, #1172, #1170));
#6128 = FACE_OUTER_BOUND('', #6127, .T.);
#6129 = ADVANCED_FACE('', (#6128), #12, .T.);
#6130 = DIRECTION('', (0.767361, -0.459938, -0.446782));
#6131 = POLY_LOOP('', (#1042, #1044, #1172));
#6132 = FACE_OUTER_BOUND('', #6131, .T.);
#6133 = ADVANCED_FACE('', (#6132), #12, .T.);
#6134 = DIRECTION('', (0.808747, -0.382509, -0.446782));
#6135 = POLY_LOOP('', (#1044, #1174, #1172));
#6136 = FACE_OUTER_BOUND('', #6135, .T.);
#6137 = ADVANCED_FACE('', (#6136), #12, .T.);
#6138 = DIRECTION('', (0.808747, -0.382509, -0.446782));
#6139 = POLY_LOOP('', (#1044, #1046, #1174));
#6140 = FACE_OUTER_BOUND('', #6139, .T.);
#6141 = ADVANCED_FACE('', (#6140), #12, .T.);
#6142 = DIRECTION('', (0.842345, -0.301396, -0.446782));
#6143 = POLY_LOOP('', (#1046, #1176, #1174));
#6144 = FACE_OUTER_BOUND('', #6143, .T.);
#6145 = ADVANCED_FACE('', (#6144), #12, .T.);
#6146 = DIRECTION('', (0.842345, -0.301396, -0.446782));
#6147 = POLY_LOOP('', (#1046, #1048, #1176));
#6148 = FACE_OUTER_BOUND('', #6147, .T.);
#6149 = ADVANCED_FACE('', (#6148), #12, .T.);
#6150 = DIRECTION('', (0.867831, -0.217380, -0.446782));
#6151 = POLY_LOOP('', (#1048, #1178, #1176));
#6152 = FACE_OUTER_BOUND('', #6151, .T.);
#6153 = ADVANCED_FACE('', (#6152), #12, .T.);
#6154 = DIRECTION('', (0.867831, -0.217380, -0.446782));
#6155 = POLY_LOOP('', (#1048, #1050, #1178));
#6156 = FACE_OUTER_BOUND('', #6155, .T.);
#6157 = ADVANCED_FACE('', (#6156), #12, .T.);
#6158 = DIRECTION('', (0.884959, -0.131271, -0.446782));
#6159 = POLY_LOOP('', (#1050, #1180, #1178));
#6160 = FACE_OUTER_BOUND('', #6159, .T.);
#6161 = ADVANCED_FACE('', (#6160), #12, .T.);
#6162 = DIRECTION('', (0.884959, -0.131271, -0.446782));
#6163 = POLY_LOOP('', (#1050, #1052, #1180));
#6164 = FACE_OUTER_BOUND('', #6163, .T.);
#6165 = ADVANCED_FACE('', (#6164), #12, .T.);
#6166 = DIRECTION('', (0.893565, -0.043898, -0.446782));
#6167 = POLY_LOOP('', (#1052, #1054, #1180));
#6168 = FACE_OUTER_BOUND('', #6167, .T.);
#6169 = ADVANCED_FACE('', (#6168), #12, .T.);
#6170 = DIRECTION('', (0.893565, -0.043898, -0.446782));
#6171 = POLY_LOOP('', (#1052, #926, #1054));
#6172 = FACE_OUTER_BOUND('', #6171, .T.);
#6173 = ADVANCED_FACE('', (#6172), #12, .T.);
#6174 = DIRECTION('', (0.704655, 0.034617, -0.708705));
#6175 = POLY_LOOP('', (#1054, #1184, #1182));
#6176 = FACE_OUTER_BOUND('', #6175, .T.);
#6177 = ADVANCED_FACE('', (#6176), #12, .T.);
#6178 = DIRECTION('', (0.704655, 0.034617, -0.708705));
#6179 = POLY_LOOP('', (#1054, #1056, #1184));
#6180 = FACE_OUTER_BOUND('', #6179, .T.);
#6181 = ADVANCED_FACE('', (#6180), #12, .T.);
#6182 = DIRECTION('', (0.697869, 0.103519, -0.708705));
#6183 = POLY_LOOP('', (#1056, #1186, #1184));
#6184 = FACE_OUTER_BOUND('', #6183, .T.);
#6185 = ADVANCED_FACE('', (#6184), #12, .T.);
#6186 = DIRECTION('', (0.697869, 0.103519, -0.708705));
#6187 = POLY_LOOP('', (#1056, #1058, #1186));
#6188 = FACE_OUTER_BOUND('', #6187, .T.);
#6189 = ADVANCED_FACE('', (#6188), #12, .T.);
#6190 = DIRECTION('', (0.684362, 0.171424, -0.708705));
#6191 = POLY_LOOP('', (#1058, #1188, #1186));
#6192 = FACE_OUTER_BOUND('', #6191, .T.);
#6193 = ADVANCED_FACE('', (#6192), #12, .T.);
#6194 = DIRECTION('', (0.684362, 0.171424, -0.708705));
#6195 = POLY_LOOP('', (#1058, #1060, #1188));
#6196 = FACE_OUTER_BOUND('', #6195, .T.);
#6197 = ADVANCED_FACE('', (#6196), #12, .T.);
#6198 = DIRECTION('', (0.664264, 0.237677, -0.708705));
#6199 = POLY_LOOP('', (#1060, #1190, #1188));
#6200 = FACE_OUTER_BOUND('', #6199, .T.);
#6201 = ADVANCED_FACE('', (#6200), #12, .T.);
#6202 = DIRECTION('', (0.664264, 0.237677, -0.708705));
#6203 = POLY_LOOP('', (#1060, #1062, #1190));
#6204 = FACE_OUTER_BOUND('', #6203, .T.);
#6205 = ADVANCED_FACE('', (#6204), #12, .T.);
#6206 = DIRECTION('', (0.637769, 0.301642, -0.708705));
#6207 = POLY_LOOP('', (#1062, #1192, #1190));
#6208 = FACE_OUTER_BOUND('', #6207, .T.);
#6209 = ADVANCED_FACE('', (#6208), #12, .T.);
#6210 = DIRECTION('', (0.637769, 0.301642, -0.708705));
#6211 = POLY_LOOP('', (#1062, #1064, #1192));
#6212 = FACE_OUTER_BOUND('', #6211, .T.);
#6213 = ADVANCED_FACE('', (#6212), #12, .T.);
#6214 = DIRECTION('', (0.605132, 0.362702, -0.708705));
#6215 = POLY_LOOP('', (#1064, #1194, #1192));
#6216 = FACE_OUTER_BOUND('', #6215, .T.);
#6217 = ADVANCED_FACE('', (#6216), #12, .T.);
#6218 = DIRECTION('', (0.605132, 0.362702, -0.708705));
#6219 = POLY_LOOP('', (#1064, #1066, #1194));
#6220 = FACE_OUTER_BOUND('', #6219, .T.);
#6221 = ADVANCED_FACE('', (#6220), #12, .T.);
#6222 = DIRECTION('', (0.566667, 0.420269, -0.708705));
#6223 = POLY_LOOP('', (#1066, #1196, #1194));
#6224 = FACE_OUTER_BOUND('', #6223, .T.);
#6225 = ADVANCED_FACE('', (#6224), #12, .T.);
#6226 = DIRECTION('', (0.566667, 0.420269, -0.708705));
#6227 = POLY_LOOP('', (#1066, #1068, #1196));
#6228 = FACE_OUTER_BOUND('', #6227, .T.);
#6229 = ADVANCED_FACE('', (#6228), #12, .T.);
#6230 = DIRECTION('', (0.522745, 0.473788, -0.708705));
#6231 = POLY_LOOP('', (#1068, #1198, #1196));
#6232 = FACE_OUTER_BOUND('', #6231, .T.);
#6233 = ADVANCED_FACE('', (#6232), #12, .T.);
#6234 = DIRECTION('', (0.522745, 0.473788, -0.708705));
#6235 = POLY_LOOP('', (#1068, #1070, #1198));
#6236 = FACE_OUTER_BOUND('', #6235, .T.);
#6237 = ADVANCED_FACE('', (#6236), #12, .T.);
#6238 = DIRECTION('', (0.473788, 0.522745, -0.708705));
#6239 = POLY_LOOP('', (#1070, #1200, #1198));
#6240 = FACE_OUTER_BOUND('', #6239, .T.);
#6241 = ADVANCED_FACE('', (#6240), #12, .T.);
#6242 = DIRECTION('', (0.473788, 0.522745, -0.708705));
#6243 = POLY_LOOP('', (#1070, #1072, #1200));
#6244 = FACE_OUTER_BOUND('', #6243, .T.);
#6245 = ADVANCED_FACE('', (#6244), #12, .T.);
#6246 = DIRECTION('', (0.420269, 0.566667, -0.708705));
#6247 = POLY_LOOP('', (#1072, #1202, #1200));
#6248 = FACE_OUTER_BOUND('', #6247, .T.);
#6249 = ADVANCED_FACE('', (#6248), #12, .T.);
#6250 = DIRECTION('', (0.420269, 0.566667, -0.708705));
#6251 = POLY_LOOP('', (#1072, #1074, #1202));
#6252 = FACE_OUTER_BOUND('', #6251, .T.);
#6253 = ADVANCED_FACE('', (#6252), #12, .T.);
#6254 = DIRECTION('', (0.362702, 0.605132, -0.708705));
#6255 = POLY_LOOP('', (#1074, #1204, #1202));
#6256 = FACE_OUTER_BOUND('', #6255, .T.);
#6257 = ADVANCED_FACE('', (#6256), #12, .T.);
#6258 = DIRECTION('', (0.362702, 0.605132, -0.708705));
#6259 = POLY_LOOP('', (#1074, #1076, #1204));
#6260 = FACE_OUTER_BOUND('', #6259, .T.);
#6261 = ADVANCED_FACE('', (#6260), #12, .T.);
#6262 = DIRECTION('', (0.301642, 0.637769, -0.708705));
#6263 = POLY_LOOP('', (#1076, #1206, #1204));
#6264 = FACE_OUTER_BOUND('', #6263, .T.);
#6265 = ADVANCED_FACE('', (#6264), #12, .T.);
#6266 = DIRECTION('', (0.301642, 0.637769, -0.708705));
#6267 = POLY_LOOP('', (#1076, #1078, #1206));
#6268 = FACE_OUTER_BOUND('', #6267, .T.);
#6269 = ADVANCED_FACE('', (#6268), #12, .T.);
#6270 = DIRECTION('', (0.237677, 0.664264, -0.708705));
#6271 = POLY_LOOP('', (#1078, #1208, #1206));
#6272 = FACE_OUTER_BOUND('', #6271, .T.);
#6273 = ADVANCED_FACE('', (#6272), #12, .T.);
#6274 = DIRECTION('', (0.237677, 0.664264, -0.708705));
#6275 = POLY_LOOP('', (#1078, #1080, #1208));
#6276 = FACE_OUTER_BOUND('', #6275, .T.);
#6277 = ADVANCED_FACE('', (#6276), #12, .T.);
#6278 = DIRECTION('', (0.171424, 0.684362, -0.708705));
#6279 = POLY_LOOP('', (#1080, #1210, #1208));
#6280 = FACE_OUTER_BOUND('', #6279, .T.);
#6281 = ADVANCED_FACE('', (#6280), #12, .T.);
#6282 = DIRECTION('', (0.171424, 0.684362, -0.708705));
#6283 = POLY_LOOP('', (#1080, #1082, #1210));
#6284 = FACE_OUTER_BOUND('', #6283, .T.);
#6285 = ADVANCED_FACE('', (#6284), #12, .T.);
#6286 = DIRECTION('', (0.103519, 0.697869, -0.708705));
#6287 = POLY_LOOP('', (#1082, #1212, #1210));
#6288 = FACE_OUTER_BOUND('', #6287, .T.);
#6289 = ADVANCED_FACE('', (#6288), #12, .T.);
#6290 = DIRECTION('', (0.103519, 0.697869, -0.708705));
#6291 = POLY_LOOP('', (#1082, #1084, #1212));
#6292 = FACE_OUTER_BOUND('', #6291, .T.);
#6293 = ADVANCED_FACE('', (#6292), #12, .T.);
#6294 = DIRECTION('', (0.034617, 0.704655, -0.708705));
#6295 = POLY_LOOP('', (#1084, #1214, #1212));
#6296 = FACE_OUTER_BOUND('', #6295, .T.);
#6297 = ADVANCED_FACE('', (#6296), #12, .T.);
#6298 = DIRECTION('', (0.034617, 0.704655, -0.708705));
#6299 = POLY_LOOP('', (#1084, #1086, #1214));
#6300 = FACE_OUTER_BOUND('', #6299, .T.);
#6301 = ADVANCED_FACE('', (#6300), #12, .T.);
#6302 = DIRECTION('', (-0.034617, 0.704655, -0.708705));
#6303 = POLY_LOOP('', (#1086, #1216, #1214));
#6304 = FACE_OUTER_BOUND('', #6303, .T.);
#6305 = ADVANCED_FACE('', (#6304), #12, .T.);
#6306 = DIRECTION('', (-0.034617, 0.704655, -0.708705));
#6307 = POLY_LOOP('', (#1086, #1088, #1216));
#6308 = FACE_OUTER_BOUND('', #6307, .T.);
#6309 = ADVANCED_FACE('', (#6308), #12, .T.);
#6310 = DIRECTION('', (-0.103519, 0.697869, -0.708705));
#6311 = POLY_LOOP('', (#1088, #1218, #1216));
#6312 = FACE_OUTER_BOUND('', #6311, .T.);
#6313 = ADVANCED_FACE('', (#6312), #12, .T.);
#6314 = DIRECTION('', (-0.103519, 0.697869, -0.708705));
#6315 = POLY_LOOP('', (#1088, #1090, #1218));
#6316 = FACE_OUTER_BOUND('', #6315, .T.);
#6317 = ADVANCED_FACE('', (#6316), #12, .T.);
#6318 = DIRECTION('', (-0.171424, 0.684362, -0.708705));
#6319 = POLY_LOOP('', (#1090, #1220, #1218));
#6320 = FACE_OUTER_BOUND('', #6319, .T.);
#6321 = ADVANCED_FACE('', (#6320), #12, .T.);
#6322 = DIRECTION('', (-0.171424, 0.684362, -0.708705));
#6323 = POLY_LOOP('', (#1090, #1092, #1220));
#6324 = FACE_OUTER_BOUND('', #6323, .T.);
#6325 = ADVANCED_FACE('', (#6324), #12, .T.);
#6326 = DIRECTION('', (-0.237677, 0.664264, -0.708705));
#6327 = POLY_LOOP('', (#1092, #1222, #1220));
#6328 = FACE_OUTER_BOUND('', #6327, .T.);
#6329 = ADVANCED_FACE('', (#6328), #12, .T.);
#6330 = DIRECTION('', (-0.237677, 0.664264, -0.708705));
#6331 = POLY_LOOP('', (#1092, #1094, #1222));
#6332 = FACE_OUTER_BOUND('', #6331, .T.);
#6333 = ADVANCED_FACE('', (#6332), #12, .T.);
#6334 = DIRECTION('', (-0.301642, 0.637769, -0.708705));
#6335 = POLY_LOOP('', (#1094, #1224, #1222));
#6336 = FACE_OUTER_BOUND('', #6335, .T.);
#6337 = ADVANCED_FACE('', (#6336), #12, .T.);
#6338 = DIRECTION('', (-0.301642, 0.637769, -0.708705));
#6339 = POLY_LOOP('', (#1094, #1096, #1224));
#6340 = FACE_OUTER_BOUND('', #6339, .T.);
#6341 = ADVANCED_FACE('', (#6340), #12, .T.);
#6342 = DIRECTION('', (-0.362702, 0.605132, -0.708705));
#6343 = POLY_LOOP('', (#1096, #1226, #1224));
#6344 = FACE_OUTER_BOUND('', #6343, .T.);
#6345 = ADVANCED_FACE('', (#6344), #12, .T.);
#6346 = DIRECTION('', (-0.362702, 0.605132, -0.708705));
#6347 = POLY_LOOP('', (#1096, #1098, #1226));
#6348 = FACE_OUTER_BOUND('', #6347, .T.);
#6349 = ADVANCED_FACE('', (#6348), #12, .T.);
#6350 = DIRECTION('', (-0.420269, 0.566667, -0.708705));
#6351 = POLY_LOOP('', (#1098, #1228, #1226));
#6352 = FACE_OUTER_BOUND('', #6351, .T.);
#6353 = ADVANCED_FACE('', (#6352), #12, .T.);
#6354 = DIRECTION('', (-0.420269, 0.566667, -0.708705));
#6355 = POLY_LOOP('', (#1098, #1100, #1228));
#6356 = FACE_OUTER_BOUND('', #6355, .T.);
#6357 = ADVANCED_FACE('', (#6356), #12, .T.);
#6358 = DIRECTION('', (-0.473788, 0.522745, -0.708705));
#6359 = POLY_LOOP('', (#1100, #1230, #1228));
#6360 = FACE_OUTER_BOUND('', #6359, .T.);
#6361 = ADVANCED_FACE('', (#6360), #12, .T.);
#6362 = DIRECTION('', (-0.473788, 0.522745, -0.708705));
#6363 = POLY_LOOP('', (#1100, #1102, #1230));
#6364 = FACE_OUTER_BOUND('', #6363, .T.);
#6365 = ADVANCED_FACE('', (#6364), #12, .T.);
#6366 = DIRECTION('', (-0.522745, 0.473788, -0.708705));
#6367 = POLY_LOOP('', (#1102, #1232, #1230));
#6368 = FACE_OUTER_BOUND('', #6367, .T.);
#6369 = ADVANCED_FACE('', (#6368), #12, .T.);
#6370 = DIRECTION('', (-0.522745, 0.473788, -0.708705));
#6371 = POLY_LOOP('', (#1102, #1104, #1232));
#6372 = FACE_OUTER_BOUND('', #6371, .T.);
#6373 = ADVANCED_FACE('', (#6372), #12, .T.);
#6374 = DIRECTION('', (-0.566667, 0.420269, -0.708705));
#6375 = POLY_LOOP('', (#1104, #1234, #1232));
#6376 = FACE_OUTER_BOUND('', #6375, .T.);
#6377 = ADVANCED_FACE('', (#6376), #12, .T.);
#6378 = DIRECTION('', (-0.566667, 0.420269, -0.708705));
#6379 = POLY_LOOP('', (#1104, #1106, #1234));
#6380 = FACE_OUTER_BOUND('', #6379, .T.);
#6381 = ADVANCED_FACE('', (#6380), #12, .T.);
#6382 = DIRECTION('', (-0.605132, 0.362702, -0.708705));
#6383 = POLY_LOOP('', (#1106, #1236, #1234));
#6384 = FACE_OUTER_BOUND('', #6383, .T.);
#6385 = ADVANCED_FACE('', (#6384), #12, .T.);
#6386 = DIRECTION('', (-0.605132, 0.362702, -0.708705));
#6387 = POLY_LOOP('', (#1106, #1108, #1236));
#6388 = FACE_OUTER_BOUND('', #6387, .T.);
#6389 = ADVANCED_FACE('', (#6388), #12, .T.);
#6390 = DIRECTION('', (-0.637769, 0.301642, -0.708705));
#6391 = POLY_LOOP('', (#1108, #1238, #1236));
#6392 = FACE_OUTER_BOUND('', #6391, .T.);
#6393 = ADVANCED_FACE('', (#6392), #12, .T.);
#6394 = DIRECTION('', (-0.637769, 0.301642, -0.708705));
#6395 = POLY_LOOP('', (#1108, #1110, #1238));
#6396 = FACE_OUTER_BOUND('', #6395, .T.);
#6397 = ADVANCED_FACE('', (#6396), #12, .T.);
#6398 = DIRECTION('', (-0.664264, 0.237677, -0.708705));
#6399 = POLY_LOOP('', (#1110, #1240, #1238));
#6400 = FACE_OUTER_BOUND('', #6399, .T.);
#6401 = ADVANCED_FACE('', (#6400), #12, .T.);
#6402 = DIRECTION('', (-0.664264, 0.237677, -0.708705));
#6403 = POLY_LOOP('', (#1110, #1112, #1240));
#6404 = FACE_OUTER_BOUND('', #6403, .T.);
#6405 = ADVANCED_FACE('', (#6404), #12, .T.);
#6406 = DIRECTION('', (-0.684362, 0.171424, -0.708705));
#6407 = POLY_LOOP('', (#1112, #1242, #1240));
#6408 = FACE_OUTER_BOUND('', #6407, .T.);
#6409 = ADVANCED_FACE('', (#6408), #12, .T.);
#6410 = DIRECTION('', (-0.684362, 0.171424, -0.708705));
#6411 = POLY_LOOP('', (#1112, #1114, #1242));
#6412 = FACE_OUTER_BOUND('', #6411, .T.);
#6413 = ADVANCED_FACE('', (#6412), #12, .T.);
#6414 = DIRECTION('', (-0.697869, 0.103519, -0.708705));
#6415 = POLY_LOOP('', (#1114, #1244, #1242));
#6416 = FACE_OUTER_BOUND('', #6415, .T.);
#6417 = ADVANCED_FACE('', (#6416), #12, .T.);
#6418 = DIRECTION('', (-0.697869, 0.103519, -0.708705));
#6419 = POLY_LOOP('', (#1114, #1116, #1244));
#6420 = FACE_OUTER_BOUND('', #6419, .T.);
#6421 = ADVANCED_FACE('', (#6420), #12, .T.);
#6422 = DIRECTION('', (-0.704655, 0.034617, -0.708705));
#6423 = POLY_LOOP('', (#1116, #1246, #1244));
#6424 = FACE_OUTER_BOUND('', #6423, .T.);
#6425 = ADVANCED_FACE('', (#6424), #12, .T.);
#6426 = DIRECTION('', (-0.704655, 0.034617, -0.708705));
#6427 = POLY_LOOP('', (#1116, #1118, #1246));
#6428 = FACE_OUTER_BOUND('', #6427, .T.);
#6429 = ADVANCED_FACE('', (#6428), #12, .T.);
#6430 = DIRECTION('', (-0.704655, -0.034617, -0.708705));
#6431 = POLY_LOOP('', (#1118, #1248, #1246));
#6432 = FACE_OUTER_BOUND('', #6431, .T.);
#6433 = ADVANCED_FACE('', (#6432), #12, .T.);
#6434 = DIRECTION('', (-0.704655, -0.034617, -0.708705));
#6435 = POLY_LOOP('', (#1118, #1120, #1248));
#6436 = FACE_OUTER_BOUND('', #6435, .T.);
#6437 = ADVANCED_FACE('', (#6436), #12, .T.);
#6438 = DIRECTION('', (-0.697869, -0.103519, -0.708705));
#6439 = POLY_LOOP('', (#1120, #1250, #1248));
#6440 = FACE_OUTER_BOUND('', #6439, .T.);
#6441 = ADVANCED_FACE('', (#6440), #12, .T.);
#6442 = DIRECTION('', (-0.697869, -0.103519, -0.708705));
#6443 = POLY_LOOP('', (#1120, #1122, #1250));
#6444 = FACE_OUTER_BOUND('', #6443, .T.);
#6445 = ADVANCED_FACE('', (#6444), #12, .T.);
#6446 = DIRECTION('', (-0.684362, -0.171424, -0.708705));
#6447 = POLY_LOOP('', (#1122, #1252, #1250));
#6448 = FACE_OUTER_BOUND('', #6447, .T.);
#6449 = ADVANCED_FACE('', (#6448), #12, .T.);
#6450 = DIRECTION('', (-0.684362, -0.171424, -0.708705));
#6451 = POLY_LOOP('', (#1122, #1124, #1252));
#6452 = FACE_OUTER_BOUND('', #6451, .T.);
#6453 = ADVANCED_FACE('', (#6452), #12, .T.);
#6454 = DIRECTION('', (-0.664264, -0.237677, -0.708705));
#6455 = POLY_LOOP('', (#1124, #1254, #1252));
#6456 = FACE_OUTER_BOUND('', #6455, .T.);
#6457 = ADVANCED_FACE('', (#6456), #12, .T.);
#6458 = DIRECTION('', (-0.664264, -0.237677, -0.708705));
#6459 = POLY_LOOP('', (#1124, #1126, #1254));
#6460 = FACE_OUTER_BOUND('', #6459, .T.);
#6461 = ADVANCED_FACE('', (#6460), #12, .T.);
#6462 = DIRECTION('', (-0.637769, -0.301642, -0.708705));
#6463 = POLY_LOOP('', (#1126, #1256, #1254));
#6464 = FACE_OUTER_BOUND('', #6463, .T.);
#6465 = ADVANCED_FACE('', (#6464), #12, .T.);
#6466 = DIRECTION('', (-0.637769, -0.301642, -0.708705));
#6467 = POLY_LOOP('', (#1126, #1128, #1256));
#6468 = FACE_OUTER_BOUND('', #6467, .T.);
#6469 = ADVANCED_FACE('', (#6468), #12, .T.);
#6470 = DIRECTION('', (-0.605132, -0.362702, -0.708705));
#6471 = POLY_LOOP('', (#1128, #1258, #1256));
#6472 = FACE_OUTER_BOUND('', #6471, .T.);
#6473 = ADVANCED_FACE('', (#6472), #12, .T.);
#6474 = DIRECTION('', (-0.605132, -0.362702, -0.708705));
#6475 = POLY_LOOP('', (#1128, #1130, #1258));
#6476 = FACE_OUTER_BOUND('', #6475, .T.);
#6477 = ADVANCED_FACE('', (#6476), #12, .T.);
#6478 = DIRECTION('', (-0.566667, -0.420269, -0.708705));
#6479 = POLY_LOOP('', (#1130, #1260, #1258));
#6480 = FACE_OUTER_BOUND('', #6479, .T.);
#6481 = ADVANCED_FACE('', (#6480), #12, .T.);
#6482 = DIRECTION('', (-0.566667, -0.420269, -0.708705));
#6483 = POLY_LOOP('', (#1130, #1132, #1260));
#6484 = FACE_OUTER_BOUND('', #6483, .T.);
#6485 = ADVANCED_FACE('', (#6484), #12, .T.);
#6486 = DIRECTION('', (-0.522745, -0.473788, -0.708705));
#6487 = POLY_LOOP('', (#1132, #1262, #1260));
#6488 = FACE_OUTER_BOUND('', #6487, .T.);
#6489 = ADVANCED_FACE('', (#6488), #12, .T.);
#6490 = DIRECTION('', (-0.522745, -0.473788, -0.708705));
#6491 = POLY_LOOP('', (#1132, #1134, #1262));
#6492 = FACE_OUTER_BOUND('', #6491, .T.);
#6493 = ADVANCED_FACE('', (#6492), #12, .T.);
#6494 = DIRECTION('', (-0.473788, -0.522745, -0.708705));
#6495 = POLY_LOOP('', (#1134, #1264, #1262));
#6496 = FACE_OUTER_BOUND('', #6495, .T.);
#6497 = ADVANCED_FACE('', (#6496), #12, .T.);
#6498 = DIRECTION('', (-0.473788, -0.522745, -0.708705));
#6499 = POLY_LOOP('', (#1134, #1136, #1264));
#6500 = FACE_OUTER_BOUND('', #6499, .T.);
#6501 = ADVANCED_FACE('', (#6500), #12, .T.);
#6502 = DIRECTION('', (-0.420269, -0.566667, -0.708705));
#6503 = POLY_LOOP('', (#1136, #1266, #1264));
#6504 = FACE_OUTER_BOUND('', #6503, .T.);
#6505 = ADVANCED_FACE('', (#6504), #12, .T.);
#6506 = DIRECTION('', (-0.420269, -0.566667, -0.708705));
#6507 = POLY_LOOP('', (#1136, #1138, #1266));
#6508 = FACE_OUTER_BOUND('', #6507, .T.);
#6509 = ADVANCED_FACE('', (#6508), #12, .T.);
#6510 = DIRECTION('', (-0.362702, -0.605132, -0.708705));
#6511 = POLY_LOOP('', (#1138, #1268, #1266));
#6512 = FACE_OUTER_BOUND('', #6511, .T.);
#6513 = ADVANCED_FACE('', (#6512), #12, .T.);
#6514 = DIRECTION('', (-0.362702, -0.605132, -0.708705));
#6515 = POLY_LOOP('', (#1138, #1140, #1268));
#6516 = FACE_OUTER_BOUND('', #6515, .T.);
#6517 = ADVANCED_FACE('', (#6516), #12, .T.);
#6518 = DIRECTION('', (-0.301642, -0.637769, -0.708705));
#6519 = POLY_LOOP('', (#1140, #1270, #1268));
#6520 = FACE_OUTER_BOUND('', #6519, .T.);
#6521 = ADVANCED_FACE('', (#6520), #12, .T.);
#6522 = DIRECTION('', (-0.301642, -0.637769, -0.708705));
#6523 = POLY_LOOP('', (#1140, #1142, #1270));
#6524 = FACE_OUTER_BOUND('', #6523, .T.);
#6525 = ADVANCED_FACE('', (#6524), #12, .T.);
#6526 = DIRECTION('', (-0.237677, -0.664264, -0.708705));
#6527 = POLY_LOOP('', (#1142, #1272, #1270));
#6528 = FACE_OUTER_BOUND('', #6527, .T.);
#6529 = ADVANCED_FACE('', (#6528), #12, .T.);
#6530 = DIRECTION('', (-0.237677, -0.664264, -0.708705));
#6531 = POLY_LOOP('', (#1142, #1144, #1272));
#6532 = FACE_OUTER_BOUND('', #6531, .T.);
#6533 = ADVANCED_FACE('', (#6532), #12, .T.);
#6534 = DIRECTION('', (-0.171424, -0.684362, -0.708705));
#6535 = POLY_LOOP('', (#1144, #1274, #1272));
#6536 = FACE_OUTER_BOUND('', #6535, .T.);
#6537 = ADVANCED_FACE('', (#6536), #12, .T.);
#6538 = DIRECTION('', (-0.171424, -0.684362, -0.708705));
#6539 = POLY_LOOP('', (#1144, #1146, #1274));
#6540 = FACE_OUTER_BOUND('', #6539, .T.);
#6541 = ADVANCED_FACE('', (#6540), #12, .T.);
#6542 = DIRECTION('', (-0.103519, -0.697869, -0.708705));
#6543 = POLY_LOOP('', (#1146, #1276, #1274));
#6544 = FACE_OUTER_BOUND('', #6543, .T.);
#6545 = ADVANCED_FACE('', (#6544), #12, .T.);
#6546 = DIRECTION('', (-0.103519, -0.697869, -0.708705));
#6547 = POLY_LOOP('', (#1146, #1148, #1276));
#6548 = FACE_OUTER_BOUND('', #6547, .T.);
#6549 = ADVANCED_FACE('', (#6548), #12, .T.);
#6550 = DIRECTION('', (-0.034617, -0.704655, -0.708705));
#6551 = POLY_LOOP('', (#1148, #1278, #1276));
#6552 = FACE_OUTER_BOUND('', #6551, .T.);
#6553 = ADVANCED_FACE('', (#6552), #12, .T.);
#6554 = DIRECTION('', (-0.034617, -0.704655, -0.708705));
#6555 = POLY_LOOP('', (#1148, #1150, #1278));
#6556 = FACE_OUTER_BOUND('', #6555, .T.);
#6557 = ADVANCED_FACE('', (#6556), #12, .T.);
#6558 = DIRECTION('', (0.034617, -0.704655, -0.708705));
#6559 = POLY_LOOP('', (#1150, #1280, #1278));
#6560 = FACE_OUTER_BOUND('', #6559, .T.);
#6561 = ADVANCED_FACE('', (#6560), #12, .T.);
#6562 = DIRECTION('', (0.034617, -0.704655, -0.708705));
#6563 = POLY_LOOP('', (#1150, #1152, #1280));
#6564 = FACE_OUTER_BOUND('', #6563, .T.);
#6565 = ADVANCED_FACE('', (#6564), #12, .T.);
#6566 = DIRECTION('', (0.103519, -0.697869, -0.708705));
#6567 = POLY_LOOP('', (#1152, #1282, #1280));
#6568 = FACE_OUTER_BOUND('', #6567, .T.);
#6569 = ADVANCED_FACE('', (#6568), #12, .T.);
#6570 = DIRECTION('', (0.103519, -0.697869, -0.708705));
#6571 = POLY_LOOP('', (#1152, #1154, #1282));
#6572 = FACE_OUTER_BOUND('', #6571, .T.);
#6573 = ADVANCED_FACE('', (#6572), #12, .T.);
#6574 = DIRECTION('', (0.171424, -0.684362, -0.708705));
#6575 = POLY_LOOP('', (#1154, #1284, #1282));
#6576 = FACE_OUTER_BOUND('', #6575, .T.);
#6577 = ADVANCED_FACE('', (#6576), #12, .T.);
#6578 = DIRECTION('', (0.171424, -0.684362, -0.708705));
#6579 = POLY_LOOP('', (#1154, #1156, #1284));
#6580 = FACE_OUTER_BOUND('', #6579, .T.);
#6581 = ADVANCED_FACE('', (#6580), #12, .T.);
#6582 = DIRECTION('', (0.237677, -0.664264, -0.708705));
#6583 = POLY_LOOP('', (#1156, #1286, #1284));
#6584 = FACE_OUTER_BOUND('', #6583, .T.);
#6585 = ADVANCED_FACE('', (#6584), #12, .T.);
#6586 = DIRECTION('', (0.237677, -0.664264, -0.708705));
#6587 = POLY_LOOP('', (#1156, #1158, #1286));
#6588 = FACE_OUTER_BOUND('', #6587, .T.);
#6589 = ADVANCED_FACE('', (#6588), #12, .T.);
#6590 = DIRECTION('', (0.301642, -0.637769, -0.708705));
#6591 = POLY_LOOP('', (#1158, #1288, #1286));
#6592 = FACE_OUTER_BOUND('', #6591, .T.);
#6593 = ADVANCED_FACE('', (#6592), #12, .T.);
#6594 = DIRECTION('', (0.301642, -0.637769, -0.708705));
#6595 = POLY_LOOP('', (#1158, #1160, #1288));
#6596 = FACE_OUTER_BOUND('', #6595, .T.);
#6597 = ADVANCED_FACE('', (#6596), #12, .T.);
#6598 = DIRECTION('', (0.362702, -0.605132, -0.708705));
#6599 = POLY_LOOP('', (#1160, #1290, #1288));
#6600 = FACE_OUTER_BOUND('', #6599, .T.);
#6601 = ADVANCED_FACE('', (#6600), #12, .T.);
#6602 = DIRECTION('', (0.362702, -0.605132, -0.708705));
#6603 = POLY_LOOP('', (#1160, #1162, #1290));
#6604 = FACE_OUTER_BOUND('', #6603, .T.);
#6605 = ADVANCED_FACE('', (#6604), #12, .T.);
#6606 = DIRECTION('', (0.420269, -0.566667, -0.708705));
#6607 = POLY_LOOP('', (#1162, #1292, #1290));
#6608 = FACE_OUTER_BOUND('', #6607, .T.);
#6609 = ADVANCED_FACE('', (#6608), #12, .T.);
#6610 = DIRECTION('', (0.420269, -0.566667, -0.708705));
#6611 = POLY_LOOP('', (#1162, #1164, #1292));
#6612 = FACE_OUTER_BOUND('', #6611, .T.);
#6613 = ADVANCED_FACE('', (#6612), #12, .T.);
#6614 = DIRECTION('', (0.473788, -0.522745, -0.708705));
#6615 = POLY_LOOP('', (#1164, #1294, #1292));
#6616 = FACE_OUTER_BOUND('', #6615, .T.);
#6617 = ADVANCED_FACE('', (#6616), #12, .T.);
#6618 = DIRECTION('', (0.473788, -0.522745, -0.708705));
#6619 = POLY_LOOP('', (#1164, #1166, #1294));
#6620 = FACE_OUTER_BOUND('', #6619, .T.);
#6621 = ADVANCED_FACE('', (#6620), #12, .T.);
#6622 = DIRECTION('', (0.522745, -0.473788, -0.708705));
#6623 = POLY_LOOP('', (#1166, #1296, #1294));
#6624 = FACE_OUTER_BOUND('', #6623, .T.);
#6625 = ADVANCED_FACE('', (#6624), #12, .T.);
#6626 = DIRECTION('', (0.522745, -0.473788, -0.708705));
#6627 = POLY_LOOP('', (#1166, #1168, #1296));
#6628 = FACE_OUTER_BOUND('', #6627, .T.);
#6629 = ADVANCED_FACE('', (#6628), #12, .T.);
#6630 = DIRECTION('', (0.566667, -0.420269, -0.708705));
#6631 = POLY_LOOP('', (#1168, #1298, #1296));
#6632 = FACE_OUTER_BOUND('', #6631, .T.);
#6633 = ADVANCED_FACE('', (#6632), #12, .T.);
#6634 = DIRECTION('', (0.566667, -0.420269, -0.708705));
#6635 = POLY_LOOP('', (#1168, #1170, #1298));
#6636 = FACE_OUTER_BOUND('', #6635, .T.);
#6637 = ADVANCED_FACE('', (#6636), #12, .T.);
#6638 = DIRECTION('', (0.605132, -0.362702, -0.708705));
#6639 = POLY_LOOP('', (#1170, #1300, #1298));
#6640 = FACE_OUTER_BOUND('', #6639, .T.);
#6641 = ADVANCED_FACE('', (#6640), #12, .T.);
#6642 = DIRECTION('', (0.605132, -0.362702, -0.708705));
#6643 = POLY_LOOP('', (#1170, #1172, #1300));
#6644 = FACE_OUTER_BOUND('', #6643, .T.);
#6645 = ADVANCED_FACE('', (#6644), #12, .T.);
#6646 = DIRECTION('', (0.637769, -0.301642, -0.708705));
#6647 = POLY_LOOP('', (#1172, #1302, #1300));
#6648 = FACE_OUTER_BOUND('', #6647, .T.);
#6649 = ADVANCED_FACE('', (#6648), #12, .T.);
#6650 = DIRECTION('', (0.637769, -0.301642, -0.708705));
#6651 = POLY_LOOP('', (#1172, #1174, #1302));
#6652 = FACE_OUTER_BOUND('', #6651, .T.);
#6653 = ADVANCED_FACE('', (#6652), #12, .T.);
#6654 = DIRECTION('', (0.664264, -0.237677, -0.708705));
#6655 = POLY_LOOP('', (#1174, #1304, #1302));
#6656 = FACE_OUTER_BOUND('', #6655, .T.);
#6657 = ADVANCED_FACE('', (#6656), #12, .T.);
#6658 = DIRECTION('', (0.664264, -0.237677, -0.708705));
#6659 = POLY_LOOP('', (#1174, #1176, #1304));
#6660 = FACE_OUTER_BOUND('', #6659, .T.);
#6661 = ADVANCED_FACE('', (#6660), #12, .T.);
#6662 = DIRECTION('', (0.684362, -0.171424, -0.708705));
#6663 = POLY_LOOP('', (#1176, #1306, #1304));
#6664 = FACE_OUTER_BOUND('', #6663, .T.);
#6665 = ADVANCED_FACE('', (#6664), #12, .T.);
#6666 = DIRECTION('', (0.684362, -0.171424, -0.708705));
#6667 = POLY_LOOP('', (#1176, #1178, #1306));
#6668 = FACE_OUTER_BOUND('', #6667, .T.);
#6669 = ADVANCED_FACE('', (#6668), #12, .T.);
#6670 = DIRECTION('', (0.697869, -0.103519, -0.708705));
#6671 = POLY_LOOP('', (#1178, #1308, #1306));
#6672 = FACE_OUTER_BOUND('', #6671, .T.);
#6673 = ADVANCED_FACE('', (#6672), #12, .T.);
#6674 = DIRECTION('', (0.697869, -0.103519, -0.708705));
#6675 = POLY_LOOP('', (#1178, #1180, #1308));
#6676 = FACE_OUTER_BOUND('', #6675, .T.);
#6677 = ADVANCED_FACE('', (#6676), #12, .T.);
#6678 = DIRECTION('', (0.704655, -0.034617, -0.708705));
#6679 = POLY_LOOP('', (#1180, #1182, #1308));
#6680 = FACE_OUTER_BOUND('', #6679, .T.);
#6681 = ADVANCED_FACE('', (#6680), #12, .T.);
#6682 = DIRECTION('', (0.704655, -0.034617, -0.708705));
#6683 = POLY_LOOP('', (#1180, #1054, #1182));
#6684 = FACE_OUTER_BOUND('', #6683, .T.);
#6685 = ADVANCED_FACE('', (#6684), #12, .T.);
#6686 = DIRECTION('', (0.681935, 0.033501, -0.730645));
#6687 = POLY_LOOP('', (#1182, #1312, #1310));
#6688 = FACE_OUTER_BOUND('', #6687, .T.);
#6689 = ADVANCED_FACE('', (#6688), #12, .T.);
#6690 = DIRECTION('', (0.681935, 0.033501, -0.730645));
#6691 = POLY_LOOP('', (#1182, #1184, #1312));
#6692 = FACE_OUTER_BOUND('', #6691, .T.);
#6693 = ADVANCED_FACE('', (#6692), #12, .T.);
#6694 = DIRECTION('', (0.675368, 0.100181, -0.730645));
#6695 = POLY_LOOP('', (#1184, #1314, #1312));
#6696 = FACE_OUTER_BOUND('', #6695, .T.);
#6697 = ADVANCED_FACE('', (#6696), #12, .T.);
#6698 = DIRECTION('', (0.675368, 0.100181, -0.730645));
#6699 = POLY_LOOP('', (#1184, #1186, #1314));
#6700 = FACE_OUTER_BOUND('', #6699, .T.);
#6701 = ADVANCED_FACE('', (#6700), #12, .T.);
#6702 = DIRECTION('', (0.662296, 0.165897, -0.730645));
#6703 = POLY_LOOP('', (#1186, #1316, #1314));
#6704 = FACE_OUTER_BOUND('', #6703, .T.);
#6705 = ADVANCED_FACE('', (#6704), #12, .T.);
#6706 = DIRECTION('', (0.662296, 0.165897, -0.730645));
#6707 = POLY_LOOP('', (#1186, #1188, #1316));
#6708 = FACE_OUTER_BOUND('', #6707, .T.);
#6709 = ADVANCED_FACE('', (#6708), #12, .T.);
#6710 = DIRECTION('', (0.642846, 0.230014, -0.730645));
#6711 = POLY_LOOP('', (#1188, #1318, #1316));
#6712 = FACE_OUTER_BOUND('', #6711, .T.);
#6713 = ADVANCED_FACE('', (#6712), #12, .T.);
#6714 = DIRECTION('', (0.642846, 0.230014, -0.730645));
#6715 = POLY_LOOP('', (#1188, #1190, #1318));
#6716 = FACE_OUTER_BOUND('', #6715, .T.);
#6717 = ADVANCED_FACE('', (#6716), #12, .T.);
#6718 = DIRECTION('', (0.617206, 0.291917, -0.730645));
#6719 = POLY_LOOP('', (#1190, #1320, #1318));
#6720 = FACE_OUTER_BOUND('', #6719, .T.);
#6721 = ADVANCED_FACE('', (#6720), #12, .T.);
#6722 = DIRECTION('', (0.617206, 0.291917, -0.730645));
#6723 = POLY_LOOP('', (#1190, #1192, #1320));
#6724 = FACE_OUTER_BOUND('', #6723, .T.);
#6725 = ADVANCED_FACE('', (#6724), #12, .T.);
#6726 = DIRECTION('', (0.585621, 0.351008, -0.730645));
#6727 = POLY_LOOP('', (#1192, #1322, #1320));
#6728 = FACE_OUTER_BOUND('', #6727, .T.);
#6729 = ADVANCED_FACE('', (#6728), #12, .T.);
#6730 = DIRECTION('', (0.585621, 0.351008, -0.730645));
#6731 = POLY_LOOP('', (#1192, #1194, #1322));
#6732 = FACE_OUTER_BOUND('', #6731, .T.);
#6733 = ADVANCED_FACE('', (#6732), #12, .T.);
#6734 = DIRECTION('', (0.548396, 0.406718, -0.730645));
#6735 = POLY_LOOP('', (#1194, #1324, #1322));
#6736 = FACE_OUTER_BOUND('', #6735, .T.);
#6737 = ADVANCED_FACE('', (#6736), #12, .T.);
#6738 = DIRECTION('', (0.548396, 0.406718, -0.730645));
#6739 = POLY_LOOP('', (#1194, #1196, #1324));
#6740 = FACE_OUTER_BOUND('', #6739, .T.);
#6741 = ADVANCED_FACE('', (#6740), #12, .T.);
#6742 = DIRECTION('', (0.505890, 0.458512, -0.730645));
#6743 = POLY_LOOP('', (#1196, #1326, #1324));
#6744 = FACE_OUTER_BOUND('', #6743, .T.);
#6745 = ADVANCED_FACE('', (#6744), #12, .T.);
#6746 = DIRECTION('', (0.505890, 0.458512, -0.730645));
#6747 = POLY_LOOP('', (#1196, #1198, #1326));
#6748 = FACE_OUTER_BOUND('', #6747, .T.);
#6749 = ADVANCED_FACE('', (#6748), #12, .T.);
#6750 = DIRECTION('', (0.458512, 0.505890, -0.730645));
#6751 = POLY_LOOP('', (#1198, #1328, #1326));
#6752 = FACE_OUTER_BOUND('', #6751, .T.);
#6753 = ADVANCED_FACE('', (#6752), #12, .T.);
#6754 = DIRECTION('', (0.458512, 0.505890, -0.730645));
#6755 = POLY_LOOP('', (#1198, #1200, #1328));
#6756 = FACE_OUTER_BOUND('', #6755, .T.);
#6757 = ADVANCED_FACE('', (#6756), #12, .T.);
#6758 = DIRECTION('', (0.406718, 0.548396, -0.730645));
#6759 = POLY_LOOP('', (#1200, #1330, #1328));
#6760 = FACE_OUTER_BOUND('', #6759, .T.);
#6761 = ADVANCED_FACE('', (#6760), #12, .T.);
#6762 = DIRECTION('', (0.406718, 0.548396, -0.730645));
#6763 = POLY_LOOP('', (#1200, #1202, #1330));
#6764 = FACE_OUTER_BOUND('', #6763, .T.);
#6765 = ADVANCED_FACE('', (#6764), #12, .T.);
#6766 = DIRECTION('', (0.351008, 0.585621, -0.730645));
#6767 = POLY_LOOP('', (#1202, #1332, #1330));
#6768 = FACE_OUTER_BOUND('', #6767, .T.);
#6769 = ADVANCED_FACE('', (#6768), #12, .T.);
#6770 = DIRECTION('', (0.351008, 0.585621, -0.730645));
#6771 = POLY_LOOP('', (#1202, #1204, #1332));
#6772 = FACE_OUTER_BOUND('', #6771, .T.);
#6773 = ADVANCED_FACE('', (#6772), #12, .T.);
#6774 = DIRECTION('', (0.291917, 0.617206, -0.730645));
#6775 = POLY_LOOP('', (#1204, #1334, #1332));
#6776 = FACE_OUTER_BOUND('', #6775, .T.);
#6777 = ADVANCED_FACE('', (#6776), #12, .T.);
#6778 = DIRECTION('', (0.291917, 0.617206, -0.730645));
#6779 = POLY_LOOP('', (#1204, #1206, #1334));
#6780 = FACE_OUTER_BOUND('', #6779, .T.);
#6781 = ADVANCED_FACE('', (#6780), #12, .T.);
#6782 = DIRECTION('', (0.230014, 0.642846, -0.730645));
#6783 = POLY_LOOP('', (#1206, #1336, #1334));
#6784 = FACE_OUTER_BOUND('', #6783, .T.);
#6785 = ADVANCED_FACE('', (#6784), #12, .T.);
#6786 = DIRECTION('', (0.230014, 0.642846, -0.730645));
#6787 = POLY_LOOP('', (#1206, #1208, #1336));
#6788 = FACE_OUTER_BOUND('', #6787, .T.);
#6789 = ADVANCED_FACE('', (#6788), #12, .T.);
#6790 = DIRECTION('', (0.165897, 0.662296, -0.730645));
#6791 = POLY_LOOP('', (#1208, #1338, #1336));
#6792 = FACE_OUTER_BOUND('', #6791, .T.);
#6793 = ADVANCED_FACE('', (#6792), #12, .T.);
#6794 = DIRECTION('', (0.165897, 0.662296, -0.730645));
#6795 = POLY_LOOP('', (#1208, #1210, #1338));
#6796 = FACE_OUTER_BOUND('', #6795, .T.);
#6797 = ADVANCED_FACE('', (#6796), #12, .T.);
#6798 = DIRECTION('', (0.100181, 0.675368, -0.730645));
#6799 = POLY_LOOP('', (#1210, #1340, #1338));
#6800 = FACE_OUTER_BOUND('', #6799, .T.);
#6801 = ADVANCED_FACE('', (#6800), #12, .T.);
#6802 = DIRECTION('', (0.100181, 0.675368, -0.730645));
#6803 = POLY_LOOP('', (#1210, #1212, #1340));
#6804 = FACE_OUTER_BOUND('', #6803, .T.);
#6805 = ADVANCED_FACE('', (#6804), #12, .T.);
#6806 = DIRECTION('', (0.033501, 0.681935, -0.730645));
#6807 = POLY_LOOP('', (#1212, #1342, #1340));
#6808 = FACE_OUTER_BOUND('', #6807, .T.);
#6809 = ADVANCED_FACE('', (#6808), #12, .T.);
#6810 = DIRECTION('', (0.033501, 0.681935, -0.730645));
#6811 = POLY_LOOP('', (#1212, #1214, #1342));
#6812 = FACE_OUTER_BOUND('', #6811, .T.);
#6813 = ADVANCED_FACE('', (#6812), #12, .T.);
#6814 = DIRECTION('', (-0.033501, 0.681935, -0.730645));
#6815 = POLY_LOOP('', (#1214, #1344, #1342));
#6816 = FACE_OUTER_BOUND('', #6815, .T.);
#6817 = ADVANCED_FACE('', (#6816), #12, .T.);
#6818 = DIRECTION('', (-0.033501, 0.681935, -0.730645));
#6819 = POLY_LOOP('', (#1214, #1216, #1344));
#6820 = FACE_OUTER_BOUND('', #6819, .T.);
#6821 = ADVANCED_FACE('', (#6820), #12, .T.);
#6822 = DIRECTION('', (-0.100181, 0.675368, -0.730645));
#6823 = POLY_LOOP('', (#1216, #1346, #1344));
#6824 = FACE_OUTER_BOUND('', #6823, .T.);
#6825 = ADVANCED_FACE('', (#6824), #12, .T.);
#6826 = DIRECTION('', (-0.100181, 0.675368, -0.730645));
#6827 = POLY_LOOP('', (#1216, #1218, #1346));
#6828 = FACE_OUTER_BOUND('', #6827, .T.);
#6829 = ADVANCED_FACE('', (#6828), #12, .T.);
#6830 = DIRECTION('', (-0.165897, 0.662296, -0.730645));
#6831 = POLY_LOOP('', (#1218, #1348, #1346));
#6832 = FACE_OUTER_BOUND('', #6831, .T.);
#6833 = ADVANCED_FACE('', (#6832), #12, .T.);
#6834 = DIRECTION('', (-0.165897, 0.662296, -0.730645));
#6835 = POLY_LOOP('', (#1218, #1220, #1348));
#6836 = FACE_OUTER_BOUND('', #6835, .T.);
#6837 = ADVANCED_FACE('', (#6836), #12, .T.);
#6838 = DIRECTION('', (-0.230014, 0.642846, -0.730645));
#6839 = POLY_LOOP('', (#1220, #1350, #1348));
#6840 = FACE_OUTER_BOUND('', #6839, .T.);
#6841 = ADVANCED_FACE('', (#6840), #12, .T.);
#6842 = DIRECTION('', (-0.230014, 0.642846, -0.730645));
#6843 = POLY_LOOP('', (#1220, #1222, #1350));
#6844 = FACE_OUTER_BOUND('', #6843, .T.);
#6845 = ADVANCED_FACE('', (#6844), #12, .T.);
#6846 = DIRECTION('', (-0.291917, 0.617206, -0.730645));
#6847 = POLY_LOOP('', (#1222, #1352, #1350));
#6848 = FACE_OUTER_BOUND('', #6847, .T.);
#6849 = ADVANCED_FACE('', (#6848), #12, .T.);
#6850 = DIRECTION('', (-0.291917, 0.617206, -0.730645));
#6851 = POLY_LOOP('', (#1222, #1224, #1352));
#6852 = FACE_OUTER_BOUND('', #6851, .T.);
#6853 = ADVANCED_FACE('', (#6852), #12, .T.);
#6854 = DIRECTION('', (-0.351008, 0.585621, -0.730645));
#6855 = POLY_LOOP('', (#1224, #1354, #1352));
#6856 = FACE_OUTER_BOUND('', #6855, .T.);
#6857 = ADVANCED_FACE('', (#6856), #12, .T.);
#6858 = DIRECTION('', (-0.351008, 0.585621, -0.730645));
#6859 = POLY_LOOP('', (#1224, #1226, #1354));
#6860 = FACE_OUTER_BOUND('', #6859, .T.);
#6861 = ADVANCED_FACE('', (#6860), #12, .T.);
#6862 = DIRECTION('', (-0.406718, 0.548396, -0.730645));
#6863 = POLY_LOOP('', (#1226, #1356, #1354));
#6864 = FACE_OUTER_BOUND('', #6863, .T.);
#6865 = ADVANCED_FACE('', (#6864), #12, .T.);
#6866 = DIRECTION('', (-0.406718, 0.548396, -0.730645));
#6867 = POLY_LOOP('', (#1226, #1228, #1356));
#6868 = FACE_OUTER_BOUND('', #6867, .T.);
#6869 = ADVANCED_FACE('', (#6868), #12, .T.);
#6870 = DIRECTION('', (-0.458512, 0.505890, -0.730645));
#6871 = POLY_LOOP('', (#1228, #1358, #1356));
#6872 = FACE_OUTER_BOUND('', #6871, .T.);
#6873 = ADVANCED_FACE('', (#6872), #12, .T.);
#6874 = DIRECTION('', (-0.458512, 0.505890, -0.730645));
#6875 = POLY_LOOP('', (#1228, #1230, #1358));
#6876 = FACE_OUTER_BOUND('', #6875, .T.);
#6877 = ADVANCED_FACE('', (#6876), #12, .T.);
#6878 = DIRECTION('', (-0.505890, 0.458512, -0.730645));
#6879 = POLY_LOOP('', (#1230, #1360, #1358));
#6880 = FACE_OUTER_BOUND('', #6879, .T.);
#6881 = ADVANCED_FACE('', (#6880), #12, .T.);
#6882 = DIRECTION('', (-0.505890, 0.458512, -0.730645));
#6883 = POLY_LOOP('', (#1230, #1232, #1360));
#6884 = FACE_OUTER_BOUND('', #6883, .T.);
#6885 = ADVANCED_FACE('', (#6884), #12, .T.);
#6886 = DIRECTION('', (-0.548396, 0.406718, -0.730645));
#6887 = POLY_LOOP('', (#1232, #1362, #1360));
#6888 = FACE_OUTER_BOUND('', #6887, .T.);
#6889 = ADVANCED_FACE('', (#6888), #12, .T.);
#6890 = DIRECTION('', (-0.548396, 0.406718, -0.730645));
#6891 = POLY_LOOP('', (#1232, #1234, #1362));
#6892 = FACE_OUTER_BOUND('', #6891, .T.);
#6893 = ADVANCED_FACE('', (#6892), #12, .T.);
#6894 = DIRECTION('', (-0.585621, 0.351008, -0.730645));
#6895 = POLY_LOOP('', (#1234, #1364, #1362));
#6896 = FACE_OUTER_BOUND('', #6895, .T.);
#6897 = ADVANCED_FACE('', (#6896), #12, .T.);
#6898 = DIRECTION('', (-0.585621, 0.351008, -0.730645));
#6899 = POLY_LOOP('', (#1234, #1236, #1364));
#6900 = FACE_OUTER_BOUND('', #6899, .T.);
#6901 = ADVANCED_FACE('', (#6900), #12, .T.);
#6902 = DIRECTION('', (-0.617206, 0.291917, -0.730645));
#6903 = POLY_LOOP('', (#1236, #1366, #1364));
#6904 = FACE_OUTER_BOUND('', #6903, .T.);
#6905 = ADVANCED_FACE('', (#6904), #12, .T.);
#6906 = DIRECTION('', (-0.617206, 0.291917, -0.730645));
#6907 = POLY_LOOP('', (#1236, #1238, #1366));
#6908 = FACE_OUTER_BOUND('', #6907, .T.);
#6909 = ADVANCED_FACE('', (#6908), #12, .T.);
#6910 = DIRECTION('', (-0.642846, 0.230014, -0.730645));
#6911 = POLY_LOOP('', (#1238, #1368, #1366));
#6912 = FACE_OUTER_BOUND('', #6911, .T.);
#6913 = ADVANCED_FACE('', (#6912), #12, .T.);
#6914 = DIRECTION('', (-0.642846, 0.230014, -0.730645));
#6915 = POLY_LOOP('', (#1238, #1240, #1368));
#6916 = FACE_OUTER_BOUND('', #6915, .T.);
#6917 = ADVANCED_FACE('', (#6916), #12, .T.);
#6918 = DIRECTION('', (-0.662296, 0.165897, -0.730645));
#6919 = POLY_LOOP('', (#1240, #1370, #1368));
#6920 = FACE_OUTER_BOUND('', #6919, .T.);
#6921 = ADVANCED_FACE('', (#6920), #12, .T.);
#6922 = DIRECTION('', (-0.662296, 0.165897, -0.730645));
#6923 = POLY_LOOP('', (#1240, #1242, #1370));
#6924 = FACE_OUTER_BOUND('', #6923, .T.);
#6925 = ADVANCED_FACE('', (#6924), #12, .T.);
#6926 = DIRECTION('', (-0.675368, 0.100181, -0.730645));
#6927 = POLY_LOOP('', (#1242, #1372, #1370));
#6928 = FACE_OUTER_BOUND('', #6927, .T.);
#6929 = ADVANCED_FACE('', (#6928), #12, .T.);
#6930 = DIRECTION('', (-0.675368, 0.100181, -0.730645));
#6931 = POLY_LOOP('', (#1242, #1244, #1372));
#6932 = FACE_OUTER_BOUND('', #6931, .T.);
#6933 = ADVANCED_FACE('', (#6932), #12, .T.);
#6934 = DIRECTION('', (-0.681935, 0.033501, -0.730645));
#6935 = POLY_LOOP('', (#1244, #1374, #1372));
#6936 = FACE_OUTER_BOUND('', #6935, .T.);
#6937 = ADVANCED_FACE('', (#6936), #12, .T.);
#6938 = DIRECTION('', (-0.681935, 0.033501, -0.730645));
#6939 = POLY_LOOP('', (#1244, #1246, #1374));
#6940 = FACE_OUTER_BOUND('', #6939, .T.);
#6941 = ADVANCED_FACE('', (#6940), #12, .T.);
#6942 = DIRECTION('', (-0.681935, -0.033501, -0.730645));
#6943 = POLY_LOOP('', (#1246, #1376, #1374));
#6944 = FACE_OUTER_BOUND('', #6943, .T.);
#6945 = ADVANCED_FACE('', (#6944), #12, .T.);
#6946 = DIRECTION('', (-0.681935, -0.033501, -0.730645));
#6947 = POLY_LOOP('', (#1246, #1248, #1376));
#6948 = FACE_OUTER_BOUND('', #6947, .T.);
#6949 = ADVANCED_FACE('', (#6948), #12, .T.);
#6950 = DIRECTION('', (-0.675368, -0.100181, -0.730645));
#6951 = POLY_LOOP('', (#1248, #1378, #1376));
#6952 = FACE_OUTER_BOUND('', #6951, .T.);
#6953 = ADVANCED_FACE('', (#6952), #12, .T.);
#6954 = DIRECTION('', (-0.675368, -0.100181, -0.730645));
#6955 = POLY_LOOP('', (#1248, #1250, #1378));
#6956 = FACE_OUTER_BOUND('', #6955, .T.);
#6957 = ADVANCED_FACE('', (#6956), #12, .T.);
#6958 = DIRECTION('', (-0.662296, -0.165897, -0.730645));
#6959 = POLY_LOOP('', (#1250, #1380, #1378));
#6960 = FACE_OUTER_BOUND('', #6959, .T.);
#6961 = ADVANCED_FACE('', (#6960), #12, .T.);
#6962 = DIRECTION('', (-0.662296, -0.165897, -0.730645));
#6963 = POLY_LOOP('', (#1250, #1252, #1380));
#6964 = FACE_OUTER_BOUND('', #6963, .T.);
#6965 = ADVANCED_FACE('', (#6964), #12, .T.);
#6966 = DIRECTION('', (-0.642846, -0.230014, -0.730645));
#6967 = POLY_LOOP('', (#1252, #1382, #1380));
#6968 = FACE_OUTER_BOUND('', #6967, .T.);
#6969 = ADVANCED_FACE('', (#6968), #12, .T.);
#6970 = DIRECTION('', (-0.642846, -0.230014, -0.730645));
#6971 = POLY_LOOP('', (#1252, #1254, #1382));
#6972 = FACE_OUTER_BOUND('', #6971, .T.);
#6973 = ADVANCED_FACE('', (#6972), #12, .T.);
#6974 = DIRECTION('', (-0.617206, -0.291917, -0.730645));
#6975 = POLY_LOOP('', (#1254, #1384, #1382));
#6976 = FACE_OUTER_BOUND('', #6975, .T.);
#6977 = ADVANCED_FACE('', (#6976), #12, .T.);
#6978 = DIRECTION('', (-0.617206, -0.291917, -0.730645));
#6979 = POLY_LOOP('', (#1254, #1256, #1384));
#6980 = FACE_OUTER_BOUND('', #6979, .T.);
#6981 = ADVANCED_FACE('', (#6980), #12, .T.);
#6982 = DIRECTION('', (-0.585621, -0.351008, -0.730645));
#6983 = POLY_LOOP('', (#1256, #1386, #1384));
#6984 = FACE_OUTER_BOUND('', #6983, .T.);
#6985 = ADVANCED_FACE('', (#6984), #12, .T.);
#6986 = DIRECTION('', (-0.585621, -0.351008, -0.730645));
#6987 = POLY_LOOP('', (#1256, #1258, #1386));
#6988 = FACE_OUTER_BOUND('', #6987, .T.);
#6989 = ADVANCED_FACE('', (#6988), #12, .T.);
#6990 = DIRECTION('', (-0.548396, -0.406718, -0.730645));
#6991 = POLY_LOOP('', (#1258, #1388, #1386));
#6992 = FACE_OUTER_BOUND('', #6991, .T.);
#6993 = ADVANCED_FACE('', (#6992), #12, .T.);
#6994 = DIRECTION('', (-0.548396, -0.406718, -0.730645));
#6995 = POLY_LOOP('', (#1258, #1260, #1388));
#6996 = FACE_OUTER_BOUND('', #6995, .T.);
#6997 = ADVANCED_FACE('', (#6996), #12, .T.);
#6998 = DIRECTION('', (-0.505890, -0.458512, -0.730645));
#6999 = POLY_LOOP('', (#1260, #1390, #1388));
#7000 = FACE_OUTER_BOUND('', #6999, .T.);
#7001 = ADVANCED_FACE('', (#7000), #12, .T.);
#7002 = DIRECTION('', (-0.505890, -0.458512, -0.730645));
#7003 = POLY_LOOP('', (#1260, #1262, #1390));
#7004 = FACE_OUTER_BOUND('', #7003, .T.);
#7005 = ADVANCED_FACE('', (#7004), #12, .T.);
#7006 = DIRECTION('', (-0.458512, -0.505890, -0.730645));
#7007 = POLY_LOOP('', (#1262, #1392, #1390));
#7008 = FACE_OUTER_BOUND('', #7007, .T.);
#7009 = ADVANCED_FACE('', (#7008), #12, .T.);
#7010 = DIRECTION('', (-0.458512, -0.505890, -0.730645));
#7011 = POLY_LOOP('', (#1262, #1264, #1392));
#7012 = FACE_OUTER_BOUND('', #7011, .T.);
#7013 = ADVANCED_FACE('', (#7012), #12, .T.);
#7014 = DIRECTION('', (-0.406718, -0.548396, -0.730645));
#7015 = POLY_LOOP('', (#1264, #1394, #1392));
#7016 = FACE_OUTER_BOUND('', #7015, .T.);
#7017 = ADVANCED_FACE('', (#7016), #12, .T.);
#7018 = DIRECTION('', (-0.406718, -0.548396, -0.730645));
#7019 = POLY_LOOP('', (#1264, #1266, #1394));
#7020 = FACE_OUTER_BOUND('', #7019, .T.);
#7021 = ADVANCED_FACE('', (#7020), #12, .T.);
#7022 = DIRECTION('', (-0.351008, -0.585621, -0.730645));
#7023 = POLY_LOOP('', (#1266, #1396, #1394));
#7024 = FACE_OUTER_BOUND('', #7023, .T.);
#7025 = ADVANCED_FACE('', (#7024), #12, .T.);
#7026 = DIRECTION('', (-0.351008, -0.585621, -0.730645));
#7027 = POLY_LOOP('', (#1266, #1268, #1396));
#7028 = FACE_OUTER_BOUND('', #7027, .T.);
#7029 = ADVANCED_FACE('', (#7028), #12, .T.);
#7030 = DIRECTION('', (-0.291917, -0.617206, -0.730645));
#7031 = POLY_LOOP('', (#1268, #1398, #1396));
#7032 = FACE_OUTER_BOUND('', #7031, .T.);
#7033 = ADVANCED_FACE('', (#7032), #12, .T.);
#7034 = DIRECTION('', (-0.291917, -0.617206, -0.730645));
#7035 = POLY_LOOP('', (#1268, #1270, #1398));
#7036 = FACE_OUTER_BOUND('', #7035, .T.);
#7037 = ADVANCED_FACE('', (#7036), #12, .T.);
#7038 = DIRECTION('', (-0.230014, -0.642846, -0.730645));
#7039 = POLY_LOOP('', (#1270, #1400, #1398));
#7040 = FACE_OUTER_BOUND('', #7039, .T.);
#7041 = ADVANCED_FACE('', (#7040), #12, .T.);
#7042 = DIRECTION('', (-0.230014, -0.642846, -0.730645));
#7043 = POLY_LOOP('', (#1270, #1272, #1400));
#7044 = FACE_OUTER_BOUND('', #7043, .T.);
#7045 = ADVANCED_FACE('', (#7044), #12, .T.);
#7046 = DIRECTION('', (-0.165897, -0.662296, -0.730645));
#7047 = POLY_LOOP('', (#1272, #1402, #1400));
#7048 = FACE_OUTER_BOUND('', #7047, .T.);
#7049 = ADVANCED_FACE('', (#7048), #12, .T.);
#7050 = DIRECTION('', (-0.165897, -0.662296, -0.730645));
#7051 = POLY_LOOP('', (#1272, #1274, #1402));
#7052 = FACE_OUTER_BOUND('', #7051, .T.);
#7053 = ADVANCED_FACE('', (#7052), #12, .T.);
#7054 = DIRECTION('', (-0.100181, -0.675368, -0.730645));
#7055 = POLY_LOOP('', (#1274, #1404, #1402));
#7056 = FACE_OUTER_BOUND('', #7055, .T.);
#7057 = ADVANCED_FACE('', (#7056), #12, .T.);
#7058 = DIRECTION('', (-0.100181, -0.675368, -0.730645));
#7059 = POLY_LOOP('', (#1274, #1276, #1404));
#7060 = FACE_OUTER_BOUND('', #7059, .T.);
#7061 = ADVANCED_FACE('', (#7060), #12, .T.);
#7062 = DIRECTION('', (-0.033501, -0.681935, -0.730645));
#7063 = POLY_LOOP('', (#1276, #1406, #1404));
#7064 = FACE_OUTER_BOUND('', #7063, .T.);
#7065 = ADVANCED_FACE('', (#7064), #12, .T.);
#7066 = DIRECTION('', (-0.033501, -0.681935, -0.730645));
#7067 = POLY_LOOP('', (#1276, #1278, #1406));
#7068 = FACE_OUTER_BOUND('', #7067, .T.);
#7069 = ADVANCED_FACE('', (#7068), #12, .T.);
#7070 = DIRECTION('', (0.033501, -0.681935, -0.730645));
#7071 = POLY_LOOP('', (#1278, #1408, #1406));
#7072 = FACE_OUTER_BOUND('', #7071, .T.);
#7073 = ADVANCED_FACE('', (#7072), #12, .T.);
#7074 = DIRECTION('', (0.033501, -0.681935, -0.730645));
#7075 = POLY_LOOP('', (#1278, #1280, #1408));
#7076 = FACE_OUTER_BOUND('', #7075, .T.);
#7077 = ADVANCED_FACE('', (#7076), #12, .T.);
#7078 = DIRECTION('', (0.100181, -0.675368, -0.730645));
#7079 = POLY_LOOP('', (#1280, #1410, #1408));
#7080 = FACE_OUTER_BOUND('', #7079, .T.);
#7081 = ADVANCED_FACE('', (#7080), #12, .T.);
#7082 = DIRECTION('', (0.100181, -0.675368, -0.730645));
#7083 = POLY_LOOP('', (#1280, #1282, #1410));
#7084 = FACE_OUTER_BOUND('', #7083, .T.);
#7085 = ADVANCED_FACE('', (#7084), #12, .T.);
#7086 = DIRECTION('', (0.165897, -0.662296, -0.730645));
#7087 = POLY_LOOP('', (#1282, #1412, #1410));
#7088 = FACE_OUTER_BOUND('', #7087, .T.);
#7089 = ADVANCED_FACE('', (#7088), #12, .T.);
#7090 = DIRECTION('', (0.165897, -0.662296, -0.730645));
#7091 = POLY_LOOP('', (#1282, #1284, #1412));
#7092 = FACE_OUTER_BOUND('', #7091, .T.);
#7093 = ADVANCED_FACE('', (#7092), #12, .T.);
#7094 = DIRECTION('', (0.230014, -0.642846, -0.730645));
#7095 = POLY_LOOP('', (#1284, #1414, #1412));
#7096 = FACE_OUTER_BOUND('', #7095, .T.);
#7097 = ADVANCED_FACE('', (#7096), #12, .T.);
#7098 = DIRECTION('', (0.230014, -0.642846, -0.730645));
#7099 = POLY_LOOP('', (#1284, #1286, #1414));
#7100 = FACE_OUTER_BOUND('', #7099, .T.);
#7101 = ADVANCED_FACE('', (#7100), #12, .T.);
#7102 = DIRECTION('', (0.291917, -0.617206, -0.730645));
#7103 = POLY_LOOP('', (#1286, #1416, #1414));
#7104 = FACE_OUTER_BOUND('', #7103, .T.);
#7105 = ADVANCED_FACE('', (#7104), #12, .T.);
#7106 = DIRECTION('', (0.291917, -0.617206, -0.730645));
#7107 = POLY_LOOP('', (#1286, #1288, #1416));
#7108 = FACE_OUTER_BOUND('', #7107, .T.);
#7109 = ADVANCED_FACE('', (#7108), #12, .T.);
#7110 = DIRECTION('', (0.351008, -0.585621, -0.730645));
#7111 = POLY_LOOP('', (#1288, #1418, #1416));
#7112 = FACE_OUTER_BOUND('', #7111, .T.);
#7113 = ADVANCED_FACE('', (#7112), #12, .T.);
#7114 = DIRECTION('', (0.351008, -0.585621, -0.730645));
#7115 = POLY_LOOP('', (#1288, #1290, #1418));
#7116 = FACE_OUTER_BOUND('', #7115, .T.);
#7117 = ADVANCED_FACE('', (#7116), #12, .T.);
#7118 = DIRECTION('', (0.406718, -0.548396, -0.730645));
#7119 = POLY_LOOP('', (#1290, #1420, #1418));
#7120 = FACE_OUTER_BOUND('', #7119, .T.);
#7121 = ADVANCED_FACE('', (#7120), #12, .T.);
#7122 = DIRECTION('', (0.406718, -0.548396, -0.730645));
#7123 = POLY_LOOP('', (#1290, #1292, #1420));
#7124 = FACE_OUTER_BOUND('', #7123, .T.);
#7125 = ADVANCED_FACE('', (#7124), #12, .T.);
#7126 = DIRECTION('', (0.458512, -0.505890, -0.730645));
#7127 = POLY_LOOP('', (#1292, #1422, #1420));
#7128 = FACE_OUTER_BOUND('', #7127, .T.);
#7129 = ADVANCED_FACE('', (#7128), #12, .T.);
#7130 = DIRECTION('', (0.458512, -0.505890, -0.730645));
#7131 = POLY_LOOP('', (#1292, #1294, #1422));
#7132 = FACE_OUTER_BOUND('', #7131, .T.);
#7133 = ADVANCED_FACE('', (#7132), #12, .T.);
#7134 = DIRECTION('', (0.505890, -0.458512, -0.730645));
#7135 = POLY_LOOP('', (#1294, #1424, #1422));
#7136 = FACE_OUTER_BOUND('', #7135, .T.);
#7137 = ADVANCED_FACE('', (#7136), #12, .T.);
#7138 = DIRECTION('', (0.505890, -0.458512, -0.730645));
#7139 = POLY_LOOP('', (#1294, #1296, #1424));
#7140 = FACE_OUTER_BOUND('', #7139, .T.);
#7141 = ADVANCED_FACE('', (#7140), #12, .T.);
#7142 = DIRECTION('', (0.548396, -0.406718, -0.730645));
#7143 = POLY_LOOP('', (#1296, #1426, #1424));
#7144 = FACE_OUTER_BOUND('', #7143, .T.);
#7145 = ADVANCED_FACE('', (#7144), #12, .T.);
#7146 = DIRECTION('', (0.548396, -0.406718, -0.730645));
#7147 = POLY_LOOP('', (#1296, #1298, #1426));
#7148 = FACE_OUTER_BOUND('', #7147, .T.);
#7149 = ADVANCED_FACE('', (#7148), #12, .T.);
#7150 = DIRECTION('', (0.585621, -0.351008, -0.730645));
#7151 = POLY_LOOP('', (#1298, #1428, #1426));
#7152 = FACE_OUTER_BOUND('', #7151, .T.);
#7153 = ADVANCED_FACE('', (#7152), #12, .T.);
#7154 = DIRECTION('', (0.585621, -0.351008, -0.730645));
#7155 = POLY_LOOP('', (#1298, #1300, #1428));
#7156 = FACE_OUTER_BOUND('', #7155, .T.);
#7157 = ADVANCED_FACE('', (#7156), #12, .T.);
#7158 = DIRECTION('', (0.617206, -0.291917, -0.730645));
#7159 = POLY_LOOP('', (#1300, #1430, #1428));
#7160 = FACE_OUTER_BOUND('', #7159, .T.);
#7161 = ADVANCED_FACE('', (#7160), #12, .T.);
#7162 = DIRECTION('', (0.617206, -0.291917, -0.730645));
#7163 = POLY_LOOP('', (#1300, #1302, #1430));
#7164 = FACE_OUTER_BOUND('', #7163, .T.);
#7165 = ADVANCED_FACE('', (#7164), #12, .T.);
#7166 = DIRECTION('', (0.642846, -0.230014, -0.730645));
#7167 = POLY_LOOP('', (#1302, #1432, #1430));
#7168 = FACE_OUTER_BOUND('', #7167, .T.);
#7169 = ADVANCED_FACE('', (#7168), #12, .T.);
#7170 = DIRECTION('', (0.642846, -0.230014, -0.730645));
#7171 = POLY_LOOP('', (#1302, #1304, #1432));
#7172 = FACE_OUTER_BOUND('', #7171, .T.);
#7173 = ADVANCED_FACE('', (#7172), #12, .T.);
#7174 = DIRECTION('', (0.662296, -0.165897, -0.730645));
#7175 = POLY_LOOP('', (#1304, #1434, #1432));
#7176 = FACE_OUTER_BOUND('', #7175, .T.);
#7177 = ADVANCED_FACE('', (#7176), #12, .T.);
#7178 = DIRECTION('', (0.662296, -0.165897, -0.730645));
#7179 = POLY_LOOP('', (#1304, #1306, #1434));
#7180 = FACE_OUTER_BOUND('', #7179, .T.);
#7181 = ADVANCED_FACE('', (#7180), #12, .T.);
#7182 = DIRECTION('', (0.675368, -0.100181, -0.730645));
#7183 = POLY_LOOP('', (#1306, #1436, #1434));
#7184 = FACE_OUTER_BOUND('', #7183, .T.);
#7185 = ADVANCED_FACE('', (#7184), #12, .T.);
#7186 = DIRECTION('', (0.675368, -0.100181, -0.730645));
#7187 = POLY_LOOP('', (#1306, #1308, #1436));
#7188 = FACE_OUTER_BOUND('', #7187, .T.);
#7189 = ADVANCED_FACE('', (#7188), #12, .T.);
#7190 = DIRECTION('', (0.681935, -0.033501, -0.730645));
#7191 = POLY_LOOP('', (#1308, #1310, #1436));
#7192 = FACE_OUTER_BOUND('', #7191, .T.);
#7193 = ADVANCED_FACE('', (#7192), #12, .T.);
#7194 = DIRECTION('', (0.681935, -0.033501, -0.730645));
#7195 = POLY_LOOP('', (#1308, #1182, #1310));
#7196 = FACE_OUTER_BOUND('', #7195, .T.);
#7197 = ADVANCED_FACE('', (#7196), #12, .T.);
#7198 = DIRECTION('', (0.421342, 0.020699, -0.906666));
#7199 = POLY_LOOP('', (#1310, #1440, #1438));
#7200 = FACE_OUTER_BOUND('', #7199, .T.);
#7201 = ADVANCED_FACE('', (#7200), #12, .T.);
#7202 = DIRECTION('', (0.421342, 0.020699, -0.906666));
#7203 = POLY_LOOP('', (#1310, #1312, #1440));
#7204 = FACE_OUTER_BOUND('', #7203, .T.);
#7205 = ADVANCED_FACE('', (#7204), #12, .T.);
#7206 = DIRECTION('', (0.417284, 0.061898, -0.906666));
#7207 = POLY_LOOP('', (#1312, #1442, #1440));
#7208 = FACE_OUTER_BOUND('', #7207, .T.);
#7209 = ADVANCED_FACE('', (#7208), #12, .T.);
#7210 = DIRECTION('', (0.417284, 0.061898, -0.906666));
#7211 = POLY_LOOP('', (#1312, #1314, #1442));
#7212 = FACE_OUTER_BOUND('', #7211, .T.);
#7213 = ADVANCED_FACE('', (#7212), #12, .T.);
#7214 = DIRECTION('', (0.409208, 0.102501, -0.906666));
#7215 = POLY_LOOP('', (#1314, #1444, #1442));
#7216 = FACE_OUTER_BOUND('', #7215, .T.);
#7217 = ADVANCED_FACE('', (#7216), #12, .T.);
#7218 = DIRECTION('', (0.409208, 0.102501, -0.906666));
#7219 = POLY_LOOP('', (#1314, #1316, #1444));
#7220 = FACE_OUTER_BOUND('', #7219, .T.);
#7221 = ADVANCED_FACE('', (#7220), #12, .T.);
#7222 = DIRECTION('', (0.397190, 0.142117, -0.906666));
#7223 = POLY_LOOP('', (#1316, #1446, #1444));
#7224 = FACE_OUTER_BOUND('', #7223, .T.);
#7225 = ADVANCED_FACE('', (#7224), #12, .T.);
#7226 = DIRECTION('', (0.397190, 0.142117, -0.906666));
#7227 = POLY_LOOP('', (#1316, #1318, #1446));
#7228 = FACE_OUTER_BOUND('', #7227, .T.);
#7229 = ADVANCED_FACE('', (#7228), #12, .T.);
#7230 = DIRECTION('', (0.381348, 0.180364, -0.906666));
#7231 = POLY_LOOP('', (#1318, #1448, #1446));
#7232 = FACE_OUTER_BOUND('', #7231, .T.);
#7233 = ADVANCED_FACE('', (#7232), #12, .T.);
#7234 = DIRECTION('', (0.381348, 0.180364, -0.906666));
#7235 = POLY_LOOP('', (#1318, #1320, #1448));
#7236 = FACE_OUTER_BOUND('', #7235, .T.);
#7237 = ADVANCED_FACE('', (#7236), #12, .T.);
#7238 = DIRECTION('', (0.361833, 0.216874, -0.906666));
#7239 = POLY_LOOP('', (#1320, #1450, #1448));
#7240 = FACE_OUTER_BOUND('', #7239, .T.);
#7241 = ADVANCED_FACE('', (#7240), #12, .T.);
#7242 = DIRECTION('', (0.361833, 0.216874, -0.906666));
#7243 = POLY_LOOP('', (#1320, #1322, #1450));
#7244 = FACE_OUTER_BOUND('', #7243, .T.);
#7245 = ADVANCED_FACE('', (#7244), #12, .T.);
#7246 = DIRECTION('', (0.338833, 0.251296, -0.906666));
#7247 = POLY_LOOP('', (#1322, #1452, #1450));
#7248 = FACE_OUTER_BOUND('', #7247, .T.);
#7249 = ADVANCED_FACE('', (#7248), #12, .T.);
#7250 = DIRECTION('', (0.338833, 0.251296, -0.906666));
#7251 = POLY_LOOP('', (#1322, #1324, #1452));
#7252 = FACE_OUTER_BOUND('', #7251, .T.);
#7253 = ADVANCED_FACE('', (#7252), #12, .T.);
#7254 = DIRECTION('', (0.312570, 0.283297, -0.906666));
#7255 = POLY_LOOP('', (#1324, #1454, #1452));
#7256 = FACE_OUTER_BOUND('', #7255, .T.);
#7257 = ADVANCED_FACE('', (#7256), #12, .T.);
#7258 = DIRECTION('', (0.312570, 0.283297, -0.906666));
#7259 = POLY_LOOP('', (#1324, #1326, #1454));
#7260 = FACE_OUTER_BOUND('', #7259, .T.);
#7261 = ADVANCED_FACE('', (#7260), #12, .T.);
#7262 = DIRECTION('', (0.283297, 0.312570, -0.906666));
#7263 = POLY_LOOP('', (#1326, #1456, #1454));
#7264 = FACE_OUTER_BOUND('', #7263, .T.);
#7265 = ADVANCED_FACE('', (#7264), #12, .T.);
#7266 = DIRECTION('', (0.283297, 0.312570, -0.906666));
#7267 = POLY_LOOP('', (#1326, #1328, #1456));
#7268 = FACE_OUTER_BOUND('', #7267, .T.);
#7269 = ADVANCED_FACE('', (#7268), #12, .T.);
#7270 = DIRECTION('', (0.251296, 0.338833, -0.906666));
#7271 = POLY_LOOP('', (#1328, #1458, #1456));
#7272 = FACE_OUTER_BOUND('', #7271, .T.);
#7273 = ADVANCED_FACE('', (#7272), #12, .T.);
#7274 = DIRECTION('', (0.251296, 0.338833, -0.906666));
#7275 = POLY_LOOP('', (#1328, #1330, #1458));
#7276 = FACE_OUTER_BOUND('', #7275, .T.);
#7277 = ADVANCED_FACE('', (#7276), #12, .T.);
#7278 = DIRECTION('', (0.216874, 0.361833, -0.906666));
#7279 = POLY_LOOP('', (#1330, #1460, #1458));
#7280 = FACE_OUTER_BOUND('', #7279, .T.);
#7281 = ADVANCED_FACE('', (#7280), #12, .T.);
#7282 = DIRECTION('', (0.216874, 0.361833, -0.906666));
#7283 = POLY_LOOP('', (#1330, #1332, #1460));
#7284 = FACE_OUTER_BOUND('', #7283, .T.);
#7285 = ADVANCED_FACE('', (#7284), #12, .T.);
#7286 = DIRECTION('', (0.180364, 0.381348, -0.906666));
#7287 = POLY_LOOP('', (#1332, #1462, #1460));
#7288 = FACE_OUTER_BOUND('', #7287, .T.);
#7289 = ADVANCED_FACE('', (#7288), #12, .T.);
#7290 = DIRECTION('', (0.180364, 0.381348, -0.906666));
#7291 = POLY_LOOP('', (#1332, #1334, #1462));
#7292 = FACE_OUTER_BOUND('', #7291, .T.);
#7293 = ADVANCED_FACE('', (#7292), #12, .T.);
#7294 = DIRECTION('', (0.142117, 0.397190, -0.906666));
#7295 = POLY_LOOP('', (#1334, #1464, #1462));
#7296 = FACE_OUTER_BOUND('', #7295, .T.);
#7297 = ADVANCED_FACE('', (#7296), #12, .T.);
#7298 = DIRECTION('', (0.142117, 0.397190, -0.906666));
#7299 = POLY_LOOP('', (#1334, #1336, #1464));
#7300 = FACE_OUTER_BOUND('', #7299, .T.);
#7301 = ADVANCED_FACE('', (#7300), #12, .T.);
#7302 = DIRECTION('', (0.102501, 0.409208, -0.906666));
#7303 = POLY_LOOP('', (#1336, #1466, #1464));
#7304 = FACE_OUTER_BOUND('', #7303, .T.);
#7305 = ADVANCED_FACE('', (#7304), #12, .T.);
#7306 = DIRECTION('', (0.102501, 0.409208, -0.906666));
#7307 = POLY_LOOP('', (#1336, #1338, #1466));
#7308 = FACE_OUTER_BOUND('', #7307, .T.);
#7309 = ADVANCED_FACE('', (#7308), #12, .T.);
#7310 = DIRECTION('', (0.061898, 0.417284, -0.906666));
#7311 = POLY_LOOP('', (#1338, #1468, #1466));
#7312 = FACE_OUTER_BOUND('', #7311, .T.);
#7313 = ADVANCED_FACE('', (#7312), #12, .T.);
#7314 = DIRECTION('', (0.061898, 0.417284, -0.906666));
#7315 = POLY_LOOP('', (#1338, #1340, #1468));
#7316 = FACE_OUTER_BOUND('', #7315, .T.);
#7317 = ADVANCED_FACE('', (#7316), #12, .T.);
#7318 = DIRECTION('', (0.020699, 0.421342, -0.906666));
#7319 = POLY_LOOP('', (#1340, #1470, #1468));
#7320 = FACE_OUTER_BOUND('', #7319, .T.);
#7321 = ADVANCED_FACE('', (#7320), #12, .T.);
#7322 = DIRECTION('', (0.020699, 0.421342, -0.906666));
#7323 = POLY_LOOP('', (#1340, #1342, #1470));
#7324 = FACE_OUTER_BOUND('', #7323, .T.);
#7325 = ADVANCED_FACE('', (#7324), #12, .T.);
#7326 = DIRECTION('', (-0.020699, 0.421342, -0.906666));
#7327 = POLY_LOOP('', (#1342, #1472, #1470));
#7328 = FACE_OUTER_BOUND('', #7327, .T.);
#7329 = ADVANCED_FACE('', (#7328), #12, .T.);
#7330 = DIRECTION('', (-0.020699, 0.421342, -0.906666));
#7331 = POLY_LOOP('', (#1342, #1344, #1472));
#7332 = FACE_OUTER_BOUND('', #7331, .T.);
#7333 = ADVANCED_FACE('', (#7332), #12, .T.);
#7334 = DIRECTION('', (-0.061898, 0.417284, -0.906666));
#7335 = POLY_LOOP('', (#1344, #1474, #1472));
#7336 = FACE_OUTER_BOUND('', #7335, .T.);
#7337 = ADVANCED_FACE('', (#7336), #12, .T.);
#7338 = DIRECTION('', (-0.061898, 0.417284, -0.906666));
#7339 = POLY_LOOP('', (#1344, #1346, #1474));
#7340 = FACE_OUTER_BOUND('', #7339, .T.);
#7341 = ADVANCED_FACE('', (#7340), #12, .T.);
#7342 = DIRECTION('', (-0.102501, 0.409208, -0.906666));
#7343 = POLY_LOOP('', (#1346, #1476, #1474));
#7344 = FACE_OUTER_BOUND('', #7343, .T.);
#7345 = ADVANCED_FACE('', (#7344), #12, .T.);
#7346 = DIRECTION('', (-0.102501, 0.409208, -0.906666));
#7347 = POLY_LOOP('', (#1346, #1348, #1476));
#7348 = FACE_OUTER_BOUND('', #7347, .T.);
#7349 = ADVANCED_FACE('', (#7348), #12, .T.);
#7350 = DIRECTION('', (-0.142117, 0.397190, -0.906666));
#7351 = POLY_LOOP('', (#1348, #1478, #1476));
#7352 = FACE_OUTER_BOUND('', #7351, .T.);
#7353 = ADVANCED_FACE('', (#7352), #12, .T.);
#7354 = DIRECTION('', (-0.142117, 0.397190, -0.906666));
#7355 = POLY_LOOP('', (#1348, #1350, #1478));
#7356 = FACE_OUTER_BOUND('', #7355, .T.);
#7357 = ADVANCED_FACE('', (#7356), #12, .T.);
#7358 = DIRECTION('', (-0.180364, 0.381348, -0.906666));
#7359 = POLY_LOOP('', (#1350, #1480, #1478));
#7360 = FACE_OUTER_BOUND('', #7359, .T.);
#7361 = ADVANCED_FACE('', (#7360), #12, .T.);
#7362 = DIRECTION('', (-0.180364, 0.381348, -0.906666));
#7363 = POLY_LOOP('', (#1350, #1352, #1480));
#7364 = FACE_OUTER_BOUND('', #7363, .T.);
#7365 = ADVANCED_FACE('', (#7364), #12, .T.);
#7366 = DIRECTION('', (-0.216874, 0.361833, -0.906666));
#7367 = POLY_LOOP('', (#1352, #1482, #1480));
#7368 = FACE_OUTER_BOUND('', #7367, .T.);
#7369 = ADVANCED_FACE('', (#7368), #12, .T.);
#7370 = DIRECTION('', (-0.216874, 0.361833, -0.906666));
#7371 = POLY_LOOP('', (#1352, #1354, #1482));
#7372 = FACE_OUTER_BOUND('', #7371, .T.);
#7373 = ADVANCED_FACE('', (#7372), #12, .T.);
#7374 = DIRECTION('', (-0.251296, 0.338833, -0.906666));
#7375 = POLY_LOOP('', (#1354, #1484, #1482));
#7376 = FACE_OUTER_BOUND('', #7375, .T.);
#7377 = ADVANCED_FACE('', (#7376), #12, .T.);
#7378 = DIRECTION('', (-0.251296, 0.338833, -0.906666));
#7379 = POLY_LOOP('', (#1354, #1356, #1484));
#7380 = FACE_OUTER_BOUND('', #7379, .T.);
#7381 = ADVANCED_FACE('', (#7380), #12, .T.);
#7382 = DIRECTION('', (-0.283297, 0.312570, -0.906666));
#7383 = POLY_LOOP('', (#1356, #1486, #1484));
#7384 = FACE_OUTER_BOUND('', #7383, .T.);
#7385 = ADVANCED_FACE('', (#7384), #12, .T.);
#7386 = DIRECTION('', (-0.283297, 0.312570, -0.906666));
#7387 = POLY_LOOP('', (#1356, #1358, #1486));
#7388 = FACE_OUTER_BOUND('', #7387, .T.);
#7389 = ADVANCED_FACE('', (#7388), #12, .T.);
#7390 = DIRECTION('', (-0.312570, 0.283297, -0.906666));
#7391 = POLY_LOOP('', (#1358, #1488, #1486));
#7392 = FACE_OUTER_BOUND('', #7391, .T.);
#7393 = ADVANCED_FACE('', (#7392), #12, .T.);
#7394 = DIRECTION('', (-0.312570, 0.283297, -0.906666));
#7395 = POLY_LOOP('', (#1358, #1360, #1488));
#7396 = FACE_OUTER_BOUND('', #7395, .T.);
#7397 = ADVANCED_FACE('', (#7396), #12, .T.);
#7398 = DIRECTION('', (-0.338833, 0.251296, -0.906666));
#7399 = POLY_LOOP('', (#1360, #1490, #1488));
#7400 = FACE_OUTER_BOUND('', #7399, .T.);
#7401 = ADVANCED_FACE('', (#7400), #12, .T.);
#7402 = DIRECTION('', (-0.338833, 0.251296, -0.906666));
#7403 = POLY_LOOP('', (#1360, #1362, #1490));
#7404 = FACE_OUTER_BOUND('', #7403, .T.);
#7405 = ADVANCED_FACE('', (#7404), #12, .T.);
#7406 = DIRECTION('', (-0.361833, 0.216874, -0.906666));
#7407 = POLY_LOOP('', (#1362, #1492, #1490));
#7408 = FACE_OUTER_BOUND('', #7407, .T.);
#7409 = ADVANCED_FACE('', (#7408), #12, .T.);
#7410 = DIRECTION('', (-0.361833, 0.216874, -0.906666));
#7411 = POLY_LOOP('', (#1362, #1364, #1492));
#7412 = FACE_OUTER_BOUND('', #7411, .T.);
#7413 = ADVANCED_FACE('', (#7412), #12, .T.);
#7414 = DIRECTION('', (-0.381348, 0.180364, -0.906666));
#7415 = POLY_LOOP('', (#1364, #1494, #1492));
#7416 = FACE_OUTER_BOUND('', #7415, .T.);
#7417 = ADVANCED_FACE('', (#7416), #12, .T.);
#7418 = DIRECTION('', (-0.381348, 0.180364, -0.906666));
#7419 = POLY_LOOP('', (#1364, #1366, #1494));
#7420 = FACE_OUTER_BOUND('', #7419, .T.);
#7421 = ADVANCED_FACE('', (#7420), #12, .T.);
#7422 = DIRECTION('', (-0.397190, 0.142117, -0.906666));
#7423 = POLY_LOOP('', (#1366, #1496, #1494));
#7424 = FACE_OUTER_BOUND('', #7423, .T.);
#7425 = ADVANCED_FACE('', (#7424), #12, .T.);
#7426 = DIRECTION('', (-0.397190, 0.142117, -0.906666));
#7427 = POLY_LOOP('', (#1366, #1368, #1496));
#7428 = FACE_OUTER_BOUND('', #7427, .T.);
#7429 = ADVANCED_FACE('', (#7428), #12, .T.);
#7430 = DIRECTION('', (-0.409208, 0.102501, -0.906666));
#7431 = POLY_LOOP('', (#1368, #1498, #1496));
#7432 = FACE_OUTER_BOUND('', #7431, .T.);
#7433 = ADVANCED_FACE('', (#7432), #12, .T.);
#7434 = DIRECTION('', (-0.409208, 0.102501, -0.906666));
#7435 = POLY_LOOP('', (#1368, #1370, #1498));
#7436 = FACE_OUTER_BOUND('', #7435, .T.);
#7437 = ADVANCED_FACE('', (#7436), #12, .T.);
#7438 = DIRECTION('', (-0.417284, 0.061898, -0.906666));
#7439 = POLY_LOOP('', (#1370, #1500, #1498));
#7440 = FACE_OUTER_BOUND('', #7439, .T.);
#7441 = ADVANCED_FACE('', (#7440), #12, .T.);
#7442 = DIRECTION('', (-0.417284, 0.061898, -0.906666));
#7443 = POLY_LOOP('', (#1370, #1372, #1500));
#7444 = FACE_OUTER_BOUND('', #7443, .T.);
#7445 = ADVANCED_FACE('', (#7444), #12, .T.);
#7446 = DIRECTION('', (-0.421342, 0.020699, -0.906666));
#7447 = POLY_LOOP('', (#1372, #1502, #1500));
#7448 = FACE_OUTER_BOUND('', #7447, .T.);
#7449 = ADVANCED_FACE('', (#7448), #12, .T.);
#7450 = DIRECTION('', (-0.421342, 0.020699, -0.906666));
#7451 = POLY_LOOP('', (#1372, #1374, #1502));
#7452 = FACE_OUTER_BOUND('', #7451, .T.);
#7453 = ADVANCED_FACE('', (#7452), #12, .T.);
#7454 = DIRECTION('', (-0.421342, -0.020699, -0.906666));
#7455 = POLY_LOOP('', (#1374, #1504, #1502));
#7456 = FACE_OUTER_BOUND('', #7455, .T.);
#7457 = ADVANCED_FACE('', (#7456), #12, .T.);
#7458 = DIRECTION('', (-0.421342, -0.020699, -0.906666));
#7459 = POLY_LOOP('', (#1374, #1376, #1504));
#7460 = FACE_OUTER_BOUND('', #7459, .T.);
#7461 = ADVANCED_FACE('', (#7460), #12, .T.);
#7462 = DIRECTION('', (-0.417284, -0.061898, -0.906666));
#7463 = POLY_LOOP('', (#1376, #1506, #1504));
#7464 = FACE_OUTER_BOUND('', #7463, .T.);
#7465 = ADVANCED_FACE('', (#7464), #12, .T.);
#7466 = DIRECTION('', (-0.417284, -0.061898, -0.906666));
#7467 = POLY_LOOP('', (#1376, #1378, #1506));
#7468 = FACE_OUTER_BOUND('', #7467, .T.);
#7469 = ADVANCED_FACE('', (#7468), #12, .T.);
#7470 = DIRECTION('', (-0.409208, -0.102501, -0.906666));
#7471 = POLY_LOOP('', (#1378, #1508, #1506));
#7472 = FACE_OUTER_BOUND('', #7471, .T.);
#7473 = ADVANCED_FACE('', (#7472), #12, .T.);
#7474 = DIRECTION('', (-0.409208, -0.102501, -0.906666));
#7475 = POLY_LOOP('', (#1378, #1380, #1508));
#7476 = FACE_OUTER_BOUND('', #7475, .T.);
#7477 = ADVANCED_FACE('', (#7476), #12, .T.);
#7478 = DIRECTION('', (-0.397190, -0.142117, -0.906666));
#7479 = POLY_LOOP('', (#1380, #1510, #1508));
#7480 = FACE_OUTER_BOUND('', #7479, .T.);
#7481 = ADVANCED_FACE('', (#7480), #12, .T.);
#7482 = DIRECTION('', (-0.397190, -0.142117, -0.906666));
#7483 = POLY_LOOP('', (#1380, #1382, #1510));
#7484 = FACE_OUTER_BOUND('', #7483, .T.);
#7485 = ADVANCED_FACE('', (#7484), #12, .T.);
#7486 = DIRECTION('', (-0.381348, -0.180364, -0.906666));
#7487 = POLY_LOOP('', (#1382, #1512, #1510));
#7488 = FACE_OUTER_BOUND('', #7487, .T.);
#7489 = ADVANCED_FACE('', (#7488), #12, .T.);
#7490 = DIRECTION('', (-0.381348, -0.180364, -0.906666));
#7491 = POLY_LOOP('', (#1382, #1384, #1512));
#7492 = FACE_OUTER_BOUND('', #7491, .T.);
#7493 = ADVANCED_FACE('', (#7492), #12, .T.);
#7494 = DIRECTION('', (-0.361833, -0.216874, -0.906666));
#7495 = POLY_LOOP('', (#1384, #1514, #1512));
#7496 = FACE_OUTER_BOUND('', #7495, .T.);
#7497 = ADVANCED_FACE('', (#7496), #12, .T.);
#7498 = DIRECTION('', (-0.361833, -0.216874, -0.906666));
#7499 = POLY_LOOP('', (#1384, #1386, #1514));
#7500 = FACE_OUTER_BOUND('', #7499, .T.);
#7501 = ADVANCED_FACE('', (#7500), #12, .T.);
#7502 = DIRECTION('', (-0.338833, -0.251296, -0.906666));
#7503 = POLY_LOOP('', (#1386, #1516, #1514));
#7504 = FACE_OUTER_BOUND('', #7503, .T.);
#7505 = ADVANCED_FACE('', (#7504), #12, .T.);
#7506 = DIRECTION('', (-0.338833, -0.251296, -0.906666));
#7507 = POLY_LOOP('', (#1386, #1388, #1516));
#7508 = FACE_OUTER_BOUND('', #7507, .T.);
#7509 = ADVANCED_FACE('', (#7508), #12, .T.);
#7510 = DIRECTION('', (-0.312570, -0.283297, -0.906666));
#7511 = POLY_LOOP('', (#1388, #1518, #1516));
#7512 = FACE_OUTER_BOUND('', #7511, .T.);
#7513 = ADVANCED_FACE('', (#7512), #12, .T.);
#7514 = DIRECTION('', (-0.312570, -0.283297, -0.906666));
#7515 = POLY_LOOP('', (#1388, #1390, #1518));
#7516 = FACE_OUTER_BOUND('', #7515, .T.);
#7517 = ADVANCED_FACE('', (#7516), #12, .T.);
#7518 = DIRECTION('', (-0.283297, -0.312570, -0.906666));
#7519 = POLY_LOOP('', (#1390, #1520, #1518));
#7520 = FACE_OUTER_BOUND('', #7519, .T.);
#7521 = ADVANCED_FACE('', (#7520), #12, .T.);
#7522 = DIRECTION('', (-0.283297, -0.312570, -0.906666));
#7523 = POLY_LOOP('', (#1390, #1392, #1520));
#7524 = FACE_OUTER_BOUND('', #7523, .T.);
#7525 = ADVANCED_FACE('', (#7524), #12, .T.);
#7526 = DIRECTION('', (-0.251296, -0.338833, -0.906666));
#7527 = POLY_LOOP('', (#1392, #1522, #1520));
#7528 = FACE_OUTER_BOUND('', #7527, .T.);
#7529 = ADVANCED_FACE('', (#7528), #12, .T.);
#7530 = DIRECTION('', (-0.251296, -0.338833, -0.906666));
#7531 = POLY_LOOP('', (#1392, #1394, #1522));
#7532 = FACE_OUTER_BOUND('', #7531, .T.);
#7533 = ADVANCED_FACE('', (#7532), #12, .T.);
#7534 = DIRECTION('', (-0.216874, -0.361833, -0.906666));
#7535 = POLY_LOOP('', (#1394, #1524, #1522));
#7536 = FACE_OUTER_BOUND('', #7535, .T.);
#7537 = ADVANCED_FACE('', (#7536), #12, .T.);
#7538 = DIRECTION('', (-0.216874, -0.361833, -0.906666));
#7539 = POLY_LOOP('', (#1394, #1396, #1524));
#7540 = FACE_OUTER_BOUND('', #7539, .T.);
#7541 = ADVANCED_FACE('', (#7540), #12, .T.);
#7542 = DIRECTION('', (-0.180364, -0.381348, -0.906666));
#7543 = POLY_LOOP('', (#1396, #1526, #1524));
#7544 = FACE_OUTER_BOUND('', #7543, .T.);
#7545 = ADVANCED_FACE('', (#7544), #12, .T.);
#7546 = DIRECTION('', (-0.180364, -0.381348, -0.906666));
#7547 = POLY_LOOP('', (#1396, #1398, #1526));
#7548 = FACE_OUTER_BOUND('', #7547, .T.);
#7549 = ADVANCED_FACE('', (#7548), #12, .T.);
#7550 = DIRECTION('', (-0.142117, -0.397190, -0.906666));
#7551 = POLY_LOOP('', (#1398, #1528, #1526));
#7552 = FACE_OUTER_BOUND('', #7551, .T.);
#7553 = ADVANCED_FACE('', (#7552), #12, .T.);
#7554 = DIRECTION('', (-0.142117, -0.397190, -0.906666));
#7555 = POLY_LOOP('', (#1398, #1400, #1528));
#7556 = FACE_OUTER_BOUND('', #7555, .T.);
#7557 = ADVANCED_FACE('', (#7556), #12, .T.);
#7558 = DIRECTION('', (-0.102501, -0.409208, -0.906666));
#7559 = POLY_LOOP('', (#1400, #1530, #1528));
#7560 = FACE_OUTER_BOUND('', #7559, .T.);
#7561 = ADVANCED_FACE('', (#7560), #12, .T.);
#7562 = DIRECTION('', (-0.102501, -0.409208, -0.906666));
#7563 = POLY_LOOP('', (#1400, #1402, #1530));
#7564 = FACE_OUTER_BOUND('', #7563, .T.);
#7565 = ADVANCED_FACE('', (#7564), #12, .T.);
#7566 = DIRECTION('', (-0.061898, -0.417284, -0.906666));
#7567 = POLY_LOOP('', (#1402, #1532, #1530));
#7568 = FACE_OUTER_BOUND('', #7567, .T.);
#7569 = ADVANCED_FACE('', (#7568), #12, .T.);
#7570 = DIRECTION('', (-0.061898, -0.417284, -0.906666));
#7571 = POLY_LOOP('', (#1402, #1404, #1532));
#7572 = FACE_OUTER_BOUND('', #7571, .T.);
#7573 = ADVANCED_FACE('', (#7572), #12, .T.);
#7574 = DIRECTION('', (-0.020699, -0.421342, -0.906666));
#7575 = POLY_LOOP('', (#1404, #1534, #1532));
#7576 = FACE_OUTER_BOUND('', #7575, .T.);
#7577 = ADVANCED_FACE('', (#7576), #12, .T.);
#7578 = DIRECTION('', (-0.020699, -0.421342, -0.906666));
#7579 = POLY_LOOP('', (#1404, #1406, #1534));
#7580 = FACE_OUTER_BOUND('', #7579, .T.);
#7581 = ADVANCED_FACE('', (#7580), #12, .T.);
#7582 = DIRECTION('', (0.020699, -0.421342, -0.906666));
#7583 = POLY_LOOP('', (#1406, #1536, #1534));
#7584 = FACE_OUTER_BOUND('', #7583, .T.);
#7585 = ADVANCED_FACE('', (#7584), #12, .T.);
#7586 = DIRECTION('', (0.020699, -0.421342, -0.906666));
#7587 = POLY_LOOP('', (#1406, #1408, #1536));
#7588 = FACE_OUTER_BOUND('', #7587, .T.);
#7589 = ADVANCED_FACE('', (#7588), #12, .T.);
#7590 = DIRECTION('', (0.061898, -0.417284, -0.906666));
#7591 = POLY_LOOP('', (#1408, #1538, #1536));
#7592 = FACE_OUTER_BOUND('', #7591, .T.);
#7593 = ADVANCED_FACE('', (#7592), #12, .T.);
#7594 = DIRECTION('', (0.061898, -0.417284, -0.906666));
#7595 = POLY_LOOP('', (#1408, #1410, #1538));
#7596 = FACE_OUTER_BOUND('', #7595, .T.);
#7597 = ADVANCED_FACE('', (#7596), #12, .T.);
#7598 = DIRECTION('', (0.102501, -0.409208, -0.906666));
#7599 = POLY_LOOP('', (#1410, #1540, #1538));
#7600 = FACE_OUTER_BOUND('', #7599, .T.);
#7601 = ADVANCED_FACE('', (#7600), #12, .T.);
#7602 = DIRECTION('', (0.102501, -0.409208, -0.906666));
#7603 = POLY_LOOP('', (#1410, #1412, #1540));
#7604 = FACE_OUTER_BOUND('', #7603, .T.);
#7605 = ADVANCED_FACE('', (#7604), #12, .T.);
#7606 = DIRECTION('', (0.142117, -0.397190, -0.906666));
#7607 = POLY_LOOP('', (#1412, #1542, #1540));
#7608 = FACE_OUTER_BOUND('', #7607, .T.);
#7609 = ADVANCED_FACE('', (#7608), #12, .T.);
#7610 = DIRECTION('', (0.142117, -0.397190, -0.906666));
#7611 = POLY_LOOP('', (#1412, #1414, #1542));
#7612 = FACE_OUTER_BOUND('', #7611, .T.);
#7613 = ADVANCED_FACE('', (#7612), #12, .T.);
#7614 = DIRECTION('', (0.180364, -0.381348, -0.906666));
#7615 = POLY_LOOP('', (#1414, #1544, #1542));
#7616 = FACE_OUTER_BOUND('', #7615, .T.);
#7617 = ADVANCED_FACE('', (#7616), #12, .T.);
#7618 = DIRECTION('', (0.180364, -0.381348, -0.906666));
#7619 = POLY_LOOP('', (#1414, #1416, #1544));
#7620 = FACE_OUTER_BOUND('', #7619, .T.);
#7621 = ADVANCED_FACE('', (#7620), #12, .T.);
#7622 = DIRECTION('', (0.216874, -0.361833, -0.906666));
#7623 = POLY_LOOP('', (#1416, #1546, #1544));
#7624 = FACE_OUTER_BOUND('', #7623, .T.);
#7625 = ADVANCED_FACE('', (#7624), #12, .T.);
#7626 = DIRECTION('', (0.216874, -0.361833, -0.906666));
#7627 = POLY_LOOP('', (#1416, #1418, #1546));
#7628 = FACE_OUTER_BOUND('', #7627, .T.);
#7629 = ADVANCED_FACE('', (#7628), #12, .T.);
#7630 = DIRECTION('', (0.251296, -0.338833, -0.906666));
#7631 = POLY_LOOP('', (#1418, #1548, #1546));
#7632 = FACE_OUTER_BOUND('', #7631, .T.);
#7633 = ADVANCED_FACE('', (#7632), #12, .T.);
#7634 = DIRECTION('', (0.251296, -0.338833, -0.906666));
#7635 = POLY_LOOP('', (#1418, #1420, #1548));
#7636 = FACE_OUTER_BOUND('', #7635, .T.);
#7637 = ADVANCED_FACE('', (#7636), #12, .T.);
#7638 = DIRECTION('', (0.283297, -0.312570, -0.906666));
#7639 = POLY_LOOP('', (#1420, #1550, #1548));
#7640 = FACE_OUTER_BOUND('', #7639, .T.);
#7641 = ADVANCED_FACE('', (#7640), #12, .T.);
#7642 = DIRECTION('', (0.283297, -0.312570, -0.906666));
#7643 = POLY_LOOP('', (#1420, #1422, #1550));
#7644 = FACE_OUTER_BOUND('', #7643, .T.);
#7645 = ADVANCED_FACE('', (#7644), #12, .T.);
#7646 = DIRECTION('', (0.312570, -0.283297, -0.906666));
#7647 = POLY_LOOP('', (#1422, #1552, #1550));
#7648 = FACE_OUTER_BOUND('', #7647, .T.);
#7649 = ADVANCED_FACE('', (#7648), #12, .T.);
#7650 = DIRECTION('', (0.312570, -0.283297, -0.906666));
#7651 = POLY_LOOP('', (#1422, #1424, #1552));
#7652 = FACE_OUTER_BOUND('', #7651, .T.);
#7653 = ADVANCED_FACE('', (#7652), #12, .T.);
#7654 = DIRECTION('', (0.338833, -0.251296, -0.906666));
#7655 = POLY_LOOP('', (#1424, #1554, #1552));
#7656 = FACE_OUTER_BOUND('', #7655, .T.);
#7657 = ADVANCED_FACE('', (#7656), #12, .T.);
#7658 = DIRECTION('', (0.338833, -0.251296, -0.906666));
#7659 = POLY_LOOP('', (#1424, #1426, #1554));
#7660 = FACE_OUTER_BOUND('', #7659, .T.);
#7661 = ADVANCED_FACE('', (#7660), #12, .T.);
#7662 = DIRECTION('', (0.361833, -0.216874, -0.906666));
#7663 = POLY_LOOP('', (#1426, #1556, #1554));
#7664 = FACE_OUTER_BOUND('', #7663, .T.);
#7665 = ADVANCED_FACE('', (#7664), #12, .T.);
#7666 = DIRECTION('', (0.361833, -0.216874, -0.906666));
#7667 = POLY_LOOP('', (#1426, #1428, #1556));
#7668 = FACE_OUTER_BOUND('', #7667, .T.);
#7669 = ADVANCED_FACE('', (#7668), #12, .T.);
#7670 = DIRECTION('', (0.381348, -0.180364, -0.906666));
#7671 = POLY_LOOP('', (#1428, #1558, #1556));
#7672 = FACE_OUTER_BOUND('', #7671, .T.);
#7673 = ADVANCED_FACE('', (#7672), #12, .T.);
#7674 = DIRECTION('', (0.381348, -0.180364, -0.906666));
#7675 = POLY_LOOP('', (#1428, #1430, #1558));
#7676 = FACE_OUTER_BOUND('', #7675, .T.);
#7677 = ADVANCED_FACE('', (#7676), #12, .T.);
#7678 = DIRECTION('', (0.397190, -0.142117, -0.906666));
#7679 = POLY_LOOP('', (#1430, #1560, #1558));
#7680 = FACE_OUTER_BOUND('', #7679, .T.);
#7681 = ADVANCED_FACE('', (#7680), #12, .T.);
#7682 = DIRECTION('', (0.397190, -0.142117, -0.906666));
#7683 = POLY_LOOP('', (#1430, #1432, #1560));
#7684 = FACE_OUTER_BOUND('', #7683, .T.);
#7685 = ADVANCED_FACE('', (#7684), #12, .T.);
#7686 = DIRECTION('', (0.409208, -0.102501, -0.906666));
#7687 = POLY_LOOP('', (#1432, #1562, #1560));
#7688 = FACE_OUTER_BOUND('', #7687, .T.);
#7689 = ADVANCED_FACE('', (#7688), #12, .T.);
#7690 = DIRECTION('', (0.409208, -0.102501, -0.906666));
#7691 = POLY_LOOP('', (#1432, #1434, #1562));
#7692 = FACE_OUTER_BOUND('', #7691, .T.);
#7693 = ADVANCED_FACE('', (#7692), #12, .T.);
#7694 = DIRECTION('', (0.417284, -0.061898, -0.906666));
#7695 = POLY_LOOP('', (#1434, #1564, #1562));
#7696 = FACE_OUTER_BOUND('', #7695, .T.);
#7697 = ADVANCED_FACE('', (#7696), #12, .T.);
#7698 = DIRECTION('', (0.417284, -0.061898, -0.906666));
#7699 = POLY_LOOP('', (#1434, #1436, #1564));
#7700 = FACE_OUTER_BOUND('', #7699, .T.);
#7701 = ADVANCED_FACE('', (#7700), #12, .T.);
#7702 = DIRECTION('', (0.421342, -0.020699, -0.906666));
#7703 = POLY_LOOP('', (#1436, #1438, #1564));
#7704 = FACE_OUTER_BOUND('', #7703, .T.);
#7705 = ADVANCED_FACE('', (#7704), #12, .T.);
#7706 = DIRECTION('', (0.421342, -0.020699, -0.906666));
#7707 = POLY_LOOP('', (#1436, #1310, #1438));
#7708 = FACE_OUTER_BOUND('', #7707, .T.);
#7709 = ADVANCED_FACE('', (#7708), #12, .T.);
#7710 = DIRECTION('', (0.309309, 0.015195, -0.950840));
#7711 = POLY_LOOP('', (#1438, #1568, #1566));
#7712 = FACE_OUTER_BOUND('', #7711, .T.);
#7713 = ADVANCED_FACE('', (#7712), #12, .T.);
#7714 = DIRECTION('', (0.309309, 0.015195, -0.950840));
#7715 = POLY_LOOP('', (#1438, #1440, #1568));
#7716 = FACE_OUTER_BOUND('', #7715, .T.);
#7717 = ADVANCED_FACE('', (#7716), #12, .T.);
#7718 = DIRECTION('', (0.306330, 0.045440, -0.950840));
#7719 = POLY_LOOP('', (#1440, #1570, #1568));
#7720 = FACE_OUTER_BOUND('', #7719, .T.);
#7721 = ADVANCED_FACE('', (#7720), #12, .T.);
#7722 = DIRECTION('', (0.306330, 0.045440, -0.950840));
#7723 = POLY_LOOP('', (#1440, #1442, #1570));
#7724 = FACE_OUTER_BOUND('', #7723, .T.);
#7725 = ADVANCED_FACE('', (#7724), #12, .T.);
#7726 = DIRECTION('', (0.300401, 0.075247, -0.950840));
#7727 = POLY_LOOP('', (#1442, #1572, #1570));
#7728 = FACE_OUTER_BOUND('', #7727, .T.);
#7729 = ADVANCED_FACE('', (#7728), #12, .T.);
#7730 = DIRECTION('', (0.300401, 0.075247, -0.950840));
#7731 = POLY_LOOP('', (#1442, #1444, #1572));
#7732 = FACE_OUTER_BOUND('', #7731, .T.);
#7733 = ADVANCED_FACE('', (#7732), #12, .T.);
#7734 = DIRECTION('', (0.291579, 0.104329, -0.950840));
#7735 = POLY_LOOP('', (#1444, #1574, #1572));
#7736 = FACE_OUTER_BOUND('', #7735, .T.);
#7737 = ADVANCED_FACE('', (#7736), #12, .T.);
#7738 = DIRECTION('', (0.291579, 0.104329, -0.950840));
#7739 = POLY_LOOP('', (#1444, #1446, #1574));
#7740 = FACE_OUTER_BOUND('', #7739, .T.);
#7741 = ADVANCED_FACE('', (#7740), #12, .T.);
#7742 = DIRECTION('', (0.279949, 0.132406, -0.950840));
#7743 = POLY_LOOP('', (#1446, #1576, #1574));
#7744 = FACE_OUTER_BOUND('', #7743, .T.);
#7745 = ADVANCED_FACE('', (#7744), #12, .T.);
#7746 = DIRECTION('', (0.279949, 0.132406, -0.950840));
#7747 = POLY_LOOP('', (#1446, #1448, #1576));
#7748 = FACE_OUTER_BOUND('', #7747, .T.);
#7749 = ADVANCED_FACE('', (#7748), #12, .T.);
#7750 = DIRECTION('', (0.265623, 0.159209, -0.950840));
#7751 = POLY_LOOP('', (#1448, #1578, #1576));
#7752 = FACE_OUTER_BOUND('', #7751, .T.);
#7753 = ADVANCED_FACE('', (#7752), #12, .T.);
#7754 = DIRECTION('', (0.265623, 0.159209, -0.950840));
#7755 = POLY_LOOP('', (#1448, #1450, #1578));
#7756 = FACE_OUTER_BOUND('', #7755, .T.);
#7757 = ADVANCED_FACE('', (#7756), #12, .T.);
#7758 = DIRECTION('', (0.248739, 0.184478, -0.950840));
#7759 = POLY_LOOP('', (#1450, #1580, #1578));
#7760 = FACE_OUTER_BOUND('', #7759, .T.);
#7761 = ADVANCED_FACE('', (#7760), #12, .T.);
#7762 = DIRECTION('', (0.248739, 0.184478, -0.950840));
#7763 = POLY_LOOP('', (#1450, #1452, #1580));
#7764 = FACE_OUTER_BOUND('', #7763, .T.);
#7765 = ADVANCED_FACE('', (#7764), #12, .T.);
#7766 = DIRECTION('', (0.229459, 0.207970, -0.950840));
#7767 = POLY_LOOP('', (#1452, #1582, #1580));
#7768 = FACE_OUTER_BOUND('', #7767, .T.);
#7769 = ADVANCED_FACE('', (#7768), #12, .T.);
#7770 = DIRECTION('', (0.229459, 0.207970, -0.950840));
#7771 = POLY_LOOP('', (#1452, #1454, #1582));
#7772 = FACE_OUTER_BOUND('', #7771, .T.);
#7773 = ADVANCED_FACE('', (#7772), #12, .T.);
#7774 = DIRECTION('', (0.207970, 0.229459, -0.950840));
#7775 = POLY_LOOP('', (#1454, #1584, #1582));
#7776 = FACE_OUTER_BOUND('', #7775, .T.);
#7777 = ADVANCED_FACE('', (#7776), #12, .T.);
#7778 = DIRECTION('', (0.207970, 0.229459, -0.950840));
#7779 = POLY_LOOP('', (#1454, #1456, #1584));
#7780 = FACE_OUTER_BOUND('', #7779, .T.);
#7781 = ADVANCED_FACE('', (#7780), #12, .T.);
#7782 = DIRECTION('', (0.184478, 0.248739, -0.950840));
#7783 = POLY_LOOP('', (#1456, #1586, #1584));
#7784 = FACE_OUTER_BOUND('', #7783, .T.);
#7785 = ADVANCED_FACE('', (#7784), #12, .T.);
#7786 = DIRECTION('', (0.184478, 0.248739, -0.950840));
#7787 = POLY_LOOP('', (#1456, #1458, #1586));
#7788 = FACE_OUTER_BOUND('', #7787, .T.);
#7789 = ADVANCED_FACE('', (#7788), #12, .T.);
#7790 = DIRECTION('', (0.159209, 0.265623, -0.950840));
#7791 = POLY_LOOP('', (#1458, #1588, #1586));
#7792 = FACE_OUTER_BOUND('', #7791, .T.);
#7793 = ADVANCED_FACE('', (#7792), #12, .T.);
#7794 = DIRECTION('', (0.159209, 0.265623, -0.950840));
#7795 = POLY_LOOP('', (#1458, #1460, #1588));
#7796 = FACE_OUTER_BOUND('', #7795, .T.);
#7797 = ADVANCED_FACE('', (#7796), #12, .T.);
#7798 = DIRECTION('', (0.132406, 0.279949, -0.950840));
#7799 = POLY_LOOP('', (#1460, #1590, #1588));
#7800 = FACE_OUTER_BOUND('', #7799, .T.);
#7801 = ADVANCED_FACE('', (#7800), #12, .T.);
#7802 = DIRECTION('', (0.132406, 0.279949, -0.950840));
#7803 = POLY_LOOP('', (#1460, #1462, #1590));
#7804 = FACE_OUTER_BOUND('', #7803, .T.);
#7805 = ADVANCED_FACE('', (#7804), #12, .T.);
#7806 = DIRECTION('', (0.104329, 0.291579, -0.950840));
#7807 = POLY_LOOP('', (#1462, #1592, #1590));
#7808 = FACE_OUTER_BOUND('', #7807, .T.);
#7809 = ADVANCED_FACE('', (#7808), #12, .T.);
#7810 = DIRECTION('', (0.104329, 0.291579, -0.950840));
#7811 = POLY_LOOP('', (#1462, #1464, #1592));
#7812 = FACE_OUTER_BOUND('', #7811, .T.);
#7813 = ADVANCED_FACE('', (#7812), #12, .T.);
#7814 = DIRECTION('', (0.075247, 0.300401, -0.950840));
#7815 = POLY_LOOP('', (#1464, #1594, #1592));
#7816 = FACE_OUTER_BOUND('', #7815, .T.);
#7817 = ADVANCED_FACE('', (#7816), #12, .T.);
#7818 = DIRECTION('', (0.075247, 0.300401, -0.950840));
#7819 = POLY_LOOP('', (#1464, #1466, #1594));
#7820 = FACE_OUTER_BOUND('', #7819, .T.);
#7821 = ADVANCED_FACE('', (#7820), #12, .T.);
#7822 = DIRECTION('', (0.045440, 0.306330, -0.950840));
#7823 = POLY_LOOP('', (#1466, #1596, #1594));
#7824 = FACE_OUTER_BOUND('', #7823, .T.);
#7825 = ADVANCED_FACE('', (#7824), #12, .T.);
#7826 = DIRECTION('', (0.045440, 0.306330, -0.950840));
#7827 = POLY_LOOP('', (#1466, #1468, #1596));
#7828 = FACE_OUTER_BOUND('', #7827, .T.);
#7829 = ADVANCED_FACE('', (#7828), #12, .T.);
#7830 = DIRECTION('', (0.015195, 0.309309, -0.950840));
#7831 = POLY_LOOP('', (#1468, #1598, #1596));
#7832 = FACE_OUTER_BOUND('', #7831, .T.);
#7833 = ADVANCED_FACE('', (#7832), #12, .T.);
#7834 = DIRECTION('', (0.015195, 0.309309, -0.950840));
#7835 = POLY_LOOP('', (#1468, #1470, #1598));
#7836 = FACE_OUTER_BOUND('', #7835, .T.);
#7837 = ADVANCED_FACE('', (#7836), #12, .T.);
#7838 = DIRECTION('', (-0.015195, 0.309309, -0.950840));
#7839 = POLY_LOOP('', (#1470, #1600, #1598));
#7840 = FACE_OUTER_BOUND('', #7839, .T.);
#7841 = ADVANCED_FACE('', (#7840), #12, .T.);
#7842 = DIRECTION('', (-0.015195, 0.309309, -0.950840));
#7843 = POLY_LOOP('', (#1470, #1472, #1600));
#7844 = FACE_OUTER_BOUND('', #7843, .T.);
#7845 = ADVANCED_FACE('', (#7844), #12, .T.);
#7846 = DIRECTION('', (-0.045440, 0.306330, -0.950840));
#7847 = POLY_LOOP('', (#1472, #1602, #1600));
#7848 = FACE_OUTER_BOUND('', #7847, .T.);
#7849 = ADVANCED_FACE('', (#7848), #12, .T.);
#7850 = DIRECTION('', (-0.045440, 0.306330, -0.950840));
#7851 = POLY_LOOP('', (#1472, #1474, #1602));
#7852 = FACE_OUTER_BOUND('', #7851, .T.);
#7853 = ADVANCED_FACE('', (#7852), #12, .T.);
#7854 = DIRECTION('', (-0.075247, 0.300401, -0.950840));
#7855 = POLY_LOOP('', (#1474, #1604, #1602));
#7856 = FACE_OUTER_BOUND('', #7855, .T.);
#7857 = ADVANCED_FACE('', (#7856), #12, .T.);
#7858 = DIRECTION('', (-0.075247, 0.300401, -0.950840));
#7859 = POLY_LOOP('', (#1474, #1476, #1604));
#7860 = FACE_OUTER_BOUND('', #7859, .T.);
#7861 = ADVANCED_FACE('', (#7860), #12, .T.);
#7862 = DIRECTION('', (-0.104329, 0.291579, -0.950840));
#7863 = POLY_LOOP('', (#1476, #1606, #1604));
#7864 = FACE_OUTER_BOUND('', #7863, .T.);
#7865 = ADVANCED_FACE('', (#7864), #12, .T.);
#7866 = DIRECTION('', (-0.104329, 0.291579, -0.950840));
#7867 = POLY_LOOP('', (#1476, #1478, #1606));
#7868 = FACE_OUTER_BOUND('', #7867, .T.);
#7869 = ADVANCED_FACE('', (#7868), #12, .T.);
#7870 = DIRECTION('', (-0.132406, 0.279949, -0.950840));
#7871 = POLY_LOOP('', (#1478, #1608, #1606));
#7872 = FACE_OUTER_BOUND('', #7871, .T.);
#7873 = ADVANCED_FACE('', (#7872), #12, .T.);
#7874 = DIRECTION('', (-0.132406, 0.279949, -0.950840));
#7875 = POLY_LOOP('', (#1478, #1480, #1608));
#7876 = FACE_OUTER_BOUND('', #7875, .T.);
#7877 = ADVANCED_FACE('', (#7876), #12, .T.);
#7878 = DIRECTION('', (-0.159209, 0.265623, -0.950840));
#7879 = POLY_LOOP('', (#1480, #1610, #1608));
#7880 = FACE_OUTER_BOUND('', #7879, .T.);
#7881 = ADVANCED_FACE('', (#7880), #12, .T.);
#7882 = DIRECTION('', (-0.159209, 0.265623, -0.950840));
#7883 = POLY_LOOP('', (#1480, #1482, #1610));
#7884 = FACE_OUTER_BOUND('', #7883, .T.);
#7885 = ADVANCED_FACE('', (#7884), #12, .T.);
#7886 = DIRECTION('', (-0.184478, 0.248739, -0.950840));
#7887 = POLY_LOOP('', (#1482, #1612, #1610));
#7888 = FACE_OUTER_BOUND('', #7887, .T.);
#7889 = ADVANCED_FACE('', (#7888), #12, .T.);
#7890 = DIRECTION('', (-0.184478, 0.248739, -0.950840));
#7891 = POLY_LOOP('', (#1482, #1484, #1612));
#7892 = FACE_OUTER_BOUND('', #7891, .T.);
#7893 = ADVANCED_FACE('', (#7892), #12, .T.);
#7894 = DIRECTION('', (-0.207970, 0.229459, -0.950840));
#7895 = POLY_LOOP('', (#1484, #1614, #1612));
#7896 = FACE_OUTER_BOUND('', #7895, .T.);
#7897 = ADVANCED_FACE('', (#7896), #12, .T.);
#7898 = DIRECTION('', (-0.207970, 0.229459, -0.950840));
#7899 = POLY_LOOP('', (#1484, #1486, #1614));
#7900 = FACE_OUTER_BOUND('', #7899, .T.);
#7901 = ADVANCED_FACE('', (#7900), #12, .T.);
#7902 = DIRECTION('', (-0.229459, 0.207970, -0.950840));
#7903 = POLY_LOOP('', (#1486, #1616, #1614));
#7904 = FACE_OUTER_BOUND('', #7903, .T.);
#7905 = ADVANCED_FACE('', (#7904), #12, .T.);
#7906 = DIRECTION('', (-0.229459, 0.207970, -0.950840));
#7907 = POLY_LOOP('', (#1486, #1488, #1616));
#7908 = FACE_OUTER_BOUND('', #7907, .T.);
#7909 = ADVANCED_FACE('', (#7908), #12, .T.);
#7910 = DIRECTION('', (-0.248739, 0.184478, -0.950840));
#7911 = POLY_LOOP('', (#1488, #1618, #1616));
#7912 = FACE_OUTER_BOUND('', #7911, .T.);
#7913 = ADVANCED_FACE('', (#7912), #12, .T.);
#7914 = DIRECTION('', (-0.248739, 0.184478, -0.950840));
#7915 = POLY_LOOP('', (#1488, #1490, #1618));
#7916 = FACE_OUTER_BOUND('', #7915, .T.);
#7917 = ADVANCED_FACE('', (#7916), #12, .T.);
#7918 = DIRECTION('', (-0.265623, 0.159209, -0.950840));
#7919 = POLY_LOOP('', (#1490, #1620, #1618));
#7920 = FACE_OUTER_BOUND('', #7919, .T.);
#7921 = ADVANCED_FACE('', (#7920), #12, .T.);
#7922 = DIRECTION('', (-0.265623, 0.159209, -0.950840));
#7923 = POLY_LOOP('', (#1490, #1492, #1620));
#7924 = FACE_OUTER_BOUND('', #7923, .T.);
#7925 = ADVANCED_FACE('', (#7924), #12, .T.);
#7926 = DIRECTION('', (-0.279949, 0.132406, -0.950840));
#7927 = POLY_LOOP('', (#1492, #1622, #1620));
#7928 = FACE_OUTER_BOUND('', #7927, .T.);
#7929 = ADVANCED_FACE('', (#7928), #12, .T.);
#7930 = DIRECTION('', (-0.279949, 0.132406, -0.950840));
#7931 = POLY_LOOP('', (#1492, #1494, #1622));
#7932 = FACE_OUTER_BOUND('', #7931, .T.);
#7933 = ADVANCED_FACE('', (#7932), #12, .T.);
#7934 = DIRECTION('', (-0.291579, 0.104329, -0.950840));
#7935 = POLY_LOOP('', (#1494, #1624, #1622));
#7936 = FACE_OUTER_BOUND('', #7935, .T.);
#7937 = ADVANCED_FACE('', (#7936), #12, .T.);
#7938 = DIRECTION('', (-0.291579, 0.104329, -0.950840));
#7939 = POLY_LOOP('', (#1494, #1496, #1624));
#7940 = FACE_OUTER_BOUND('', #7939, .T.);
#7941 = ADVANCED_FACE('', (#7940), #12, .T.);
#7942 = DIRECTION('', (-0.300401, 0.075247, -0.950840));
#7943 = POLY_LOOP('', (#1496, #1626, #1624));
#7944 = FACE_OUTER_BOUND('', #7943, .T.);
#7945 = ADVANCED_FACE('', (#7944), #12, .T.);
#7946 = DIRECTION('', (-0.300401, 0.075247, -0.950840));
#7947 = POLY_LOOP('', (#1496, #1498, #1626));
#7948 = FACE_OUTER_BOUND('', #7947, .T.);
#7949 = ADVANCED_FACE('', (#7948), #12, .T.);
#7950 = DIRECTION('', (-0.306330, 0.045440, -0.950840));
#7951 = POLY_LOOP('', (#1498, #1628, #1626));
#7952 = FACE_OUTER_BOUND('', #7951, .T.);
#7953 = ADVANCED_FACE('', (#7952), #12, .T.);
#7954 = DIRECTION('', (-0.306330, 0.045440, -0.950840));
#7955 = POLY_LOOP('', (#1498, #1500, #1628));
#7956 = FACE_OUTER_BOUND('', #7955, .T.);
#7957 = ADVANCED_FACE('', (#7956), #12, .T.);
#7958 = DIRECTION('', (-0.309309, 0.015195, -0.950840));
#7959 = POLY_LOOP('', (#1500, #1630, #1628));
#7960 = FACE_OUTER_BOUND('', #7959, .T.);
#7961 = ADVANCED_FACE('', (#7960), #12, .T.);
#7962 = DIRECTION('', (-0.309309, 0.015195, -0.950840));
#7963 = POLY_LOOP('', (#1500, #1502, #1630));
#7964 = FACE_OUTER_BOUND('', #7963, .T.);
#7965 = ADVANCED_FACE('', (#7964), #12, .T.);
#7966 = DIRECTION('', (-0.309309, -0.015195, -0.950840));
#7967 = POLY_LOOP('', (#1502, #1632, #1630));
#7968 = FACE_OUTER_BOUND('', #7967, .T.);
#7969 = ADVANCED_FACE('', (#7968), #12, .T.);
#7970 = DIRECTION('', (-0.309309, -0.015195, -0.950840));
#7971 = POLY_LOOP('', (#1502, #1504, #1632));
#7972 = FACE_OUTER_BOUND('', #7971, .T.);
#7973 = ADVANCED_FACE('', (#7972), #12, .T.);
#7974 = DIRECTION('', (-0.306330, -0.045440, -0.950840));
#7975 = POLY_LOOP('', (#1504, #1634, #1632));
#7976 = FACE_OUTER_BOUND('', #7975, .T.);
#7977 = ADVANCED_FACE('', (#7976), #12, .T.);
#7978 = DIRECTION('', (-0.306330, -0.045440, -0.950840));
#7979 = POLY_LOOP('', (#1504, #1506, #1634));
#7980 = FACE_OUTER_BOUND('', #7979, .T.);
#7981 = ADVANCED_FACE('', (#7980), #12, .T.);
#7982 = DIRECTION('', (-0.300401, -0.075247, -0.950840));
#7983 = POLY_LOOP('', (#1506, #1636, #1634));
#7984 = FACE_OUTER_BOUND('', #7983, .T.);
#7985 = ADVANCED_FACE('', (#7984), #12, .T.);
#7986 = DIRECTION('', (-0.300401, -0.075247, -0.950840));
#7987 = POLY_LOOP('', (#1506, #1508, #1636));
#7988 = FACE_OUTER_BOUND('', #7987, .T.);
#7989 = ADVANCED_FACE('', (#7988), #12, .T.);
#7990 = DIRECTION('', (-0.291579, -0.104329, -0.950840));
#7991 = POLY_LOOP('', (#1508, #1638, #1636));
#7992 = FACE_OUTER_BOUND('', #7991, .T.);
#7993 = ADVANCED_FACE('', (#7992), #12, .T.);
#7994 = DIRECTION('', (-0.291579, -0.104329, -0.950840));
#7995 = POLY_LOOP('', (#1508, #1510, #1638));
#7996 = FACE_OUTER_BOUND('', #7995, .T.);
#7997 = ADVANCED_FACE('', (#7996), #12, .T.);
#7998 = DIRECTION('', (-0.279949, -0.132406, -0.950840));
#7999 = POLY_LOOP('', (#1510, #1640, #1638));
#8000 = FACE_OUTER_BOUND('', #7999, .T.);
#8001 = ADVANCED_FACE('', (#8000), #12, .T.);
#8002 = DIRECTION('', (-0.279949, -0.132406, -0.950840));
#8003 = POLY_LOOP('', (#1510, #1512, #1640));
#8004 = FACE_OUTER_BOUND('', #8003, .T.);
#8005 = ADVANCED_FACE('', (#8004), #12, .T.);
#8006 = DIRECTION('', (-0.265623, -0.159209, -0.950840));
#8007 = POLY_LOOP('', (#1512, #1642, #1640));
#8008 = FACE_OUTER_BOUND('', #8007, .T.);
#8009 = ADVANCED_FACE('', (#8008), #12, .T.);
#8010 = DIRECTION('', (-0.265623, -0.159209, -0.950840));
#8011 = POLY_LOOP('', (#1512, #1514, #1642));
#8012 = FACE_OUTER_BOUND('', #8011, .T.);
#8013 = ADVANCED_FACE('', (#8012), #12, .T.);
#8014 = DIRECTION('', (-0.248739, -0.184478, -0.950840));
#8015 = POLY_LOOP('', (#1514, #1644, #1642));
#8016 = FACE_OUTER_BOUND('', #8015, .T.);
#8017 = ADVANCED_FACE('', (#8016), #12, .T.);
#8018 = DIRECTION('', (-0.248739, -0.184478, -0.950840));
#8019 = POLY_LOOP('', (#1514, #1516, #1644));
#8020 = FACE_OUTER_BOUND('', #8019, .T.);
#8021 = ADVANCED_FACE('', (#8020), #12, .T.);
#8022 = DIRECTION('', (-0.229459, -0.207970, -0.950840));
#8023 = POLY_LOOP('', (#1516, #1646, #1644));
#8024 = FACE_OUTER_BOUND('', #8023, .T.);
#8025 = ADVANCED_FACE('', (#8024), #12, .T.);
#8026 = DIRECTION('', (-0.229459, -0.207970, -0.950840));
#8027 = POLY_LOOP('', (#1516, #1518, #1646));
#8028 = FACE_OUTER_BOUND('', #8027, .T.);
#8029 = ADVANCED_FACE('', (#8028), #12, .T.);
#8030 = DIRECTION('', (-0.207970, -0.229459, -0.950840));
#8031 = POLY_LOOP('', (#1518, #1648, #1646));
#8032 = FACE_OUTER_BOUND('', #8031, .T.);
#8033 = ADVANCED_FACE('', (#8032), #12, .T.);
#8034 = DIRECTION('', (-0.207970, -0.229459, -0.950840));
#8035 = POLY_LOOP('', (#1518, #1520, #1648));
#8036 = FACE_OUTER_BOUND('', #8035, .T.);
#8037 = ADVANCED_FACE('', (#8036), #12, .T.);
#8038 = DIRECTION('', (-0.184478, -0.248739, -0.950840));
#8039 = POLY_LOOP('', (#1520, #1650, #1648));
#8040 = FACE_OUTER_BOUND('', #8039, .T.);
#8041 = ADVANCED_FACE('', (#8040), #12, .T.);
#8042 = DIRECTION('', (-0.184478, -0.248739, -0.950840));
#8043 = POLY_LOOP('', (#1520, #1522, #1650));
#8044 = FACE_OUTER_BOUND('', #8043, .T.);
#8045 = ADVANCED_FACE('', (#8044), #12, .T.);
#8046 = DIRECTION('', (-0.159209, -0.265623, -0.950840));
#8047 = POLY_LOOP('', (#1522, #1652, #1650));
#8048 = FACE_OUTER_BOUND('', #8047, .T.);
#8049 = ADVANCED_FACE('', (#8048), #12, .T.);
#8050 = DIRECTION('', (-0.159209, -0.265623, -0.950840));
#8051 = POLY_LOOP('', (#1522, #1524, #1652));
#8052 = FACE_OUTER_BOUND('', #8051, .T.);
#8053 = ADVANCED_FACE('', (#8052), #12, .T.);
#8054 = DIRECTION('', (-0.132406, -0.279949, -0.950840));
#8055 = POLY_LOOP('', (#1524, #1654, #1652));
#8056 = FACE_OUTER_BOUND('', #8055, .T.);
#8057 = ADVANCED_FACE('', (#8056), #12, .T.);
#8058 = DIRECTION('', (-0.132406, -0.279949, -0.950840));
#8059 = POLY_LOOP('', (#1524, #1526, #1654));
#8060 = FACE_OUTER_BOUND('', #8059, .T.);
#8061 = ADVANCED_FACE('', (#8060), #12, .T.);
#8062 = DIRECTION('', (-0.104329, -0.291579, -0.950840));
#8063 = POLY_LOOP('', (#1526, #1656, #1654));
#8064 = FACE_OUTER_BOUND('', #8063, .T.);
#8065 = ADVANCED_FACE('', (#8064), #12, .T.);
#8066 = DIRECTION('', (-0.104329, -0.291579, -0.950840));
#8067 = POLY_LOOP('', (#1526, #1528, #1656));
#8068 = FACE_OUTER_BOUND('', #8067, .T.);
#8069 = ADVANCED_FACE('', (#8068), #12, .T.);
#8070 = DIRECTION('', (-0.075247, -0.300401, -0.950840));
#8071 = POLY_LOOP('', (#1528, #1658, #1656));
#8072 = FACE_OUTER_BOUND('', #8071, .T.);
#8073 = ADVANCED_FACE('', (#8072), #12, .T.);
#8074 = DIRECTION('', (-0.075247, -0.300401, -0.950840));
#8075 = POLY_LOOP('', (#1528, #1530, #1658));
#8076 = FACE_OUTER_BOUND('', #8075, .T.);
#8077 = ADVANCED_FACE('', (#8076), #12, .T.);
#8078 = DIRECTION('', (-0.045440, -0.306330, -0.950840));
#8079 = POLY_LOOP('', (#1530, #1660, #1658));
#8080 = FACE_OUTER_BOUND('', #8079, .T.);
#8081 = ADVANCED_FACE('', (#8080), #12, .T.);
#8082 = DIRECTION('', (-0.045440, -0.306330, -0.950840));
#8083 = POLY_LOOP('', (#1530, #1532, #1660));
#8084 = FACE_OUTER_BOUND('', #8083, .T.);
#8085 = ADVANCED_FACE('', (#8084), #12, .T.);
#8086 = DIRECTION('', (-0.015195, -0.309309, -0.950840));
#8087 = POLY_LOOP('', (#1532, #1662, #1660));
#8088 = FACE_OUTER_BOUND('', #8087, .T.);
#8089 = ADVANCED_FACE('', (#8088), #12, .T.);
#8090 = DIRECTION('', (-0.015195, -0.309309, -0.950840));
#8091 = POLY_LOOP('', (#1532, #1534, #1662));
#8092 = FACE_OUTER_BOUND('', #8091, .T.);
#8093 = ADVANCED_FACE('', (#8092), #12, .T.);
#8094 = DIRECTION('', (0.015195, -0.309309, -0.950840));
#8095 = POLY_LOOP('', (#1534, #1664, #1662));
#8096 = FACE_OUTER_BOUND('', #8095, .T.);
#8097 = ADVANCED_FACE('', (#8096), #12, .T.);
#8098 = DIRECTION('', (0.015195, -0.309309, -0.950840));
#8099 = POLY_LOOP('', (#1534, #1536, #1664));
#8100 = FACE_OUTER_BOUND('', #8099, .T.);
#8101 = ADVANCED_FACE('', (#8100), #12, .T.);
#8102 = DIRECTION('', (0.045440, -0.306330, -0.950840));
#8103 = POLY_LOOP('', (#1536, #1666, #1664));
#8104 = FACE_OUTER_BOUND('', #8103, .T.);
#8105 = ADVANCED_FACE('', (#8104), #12, .T.);
#8106 = DIRECTION('', (0.045440, -0.306330, -0.950840));
#8107 = POLY_LOOP('', (#1536, #1538, #1666));
#8108 = FACE_OUTER_BOUND('', #8107, .T.);
#8109 = ADVANCED_FACE('', (#8108), #12, .T.);
#8110 = DIRECTION('', (0.075247, -0.300401, -0.950840));
#8111 = POLY_LOOP('', (#1538, #1668, #1666));
#8112 = FACE_OUTER_BOUND('', #8111, .T.);
#8113 = ADVANCED_FACE('', (#8112), #12, .T.);
#8114 = DIRECTION('', (0.075247, -0.300401, -0.950840));
#8115 = POLY_LOOP('', (#1538, #1540, #1668));
#8116 = FACE_OUTER_BOUND('', #8115, .T.);
#8117 = ADVANCED_FACE('', (#8116), #12, .T.);
#8118 = DIRECTION('', (0.104329, -0.291579, -0.950840));
#8119 = POLY_LOOP('', (#1540, #1670, #1668));
#8120 = FACE_OUTER_BOUND('', #8119, .T.);
#8121 = ADVANCED_FACE('', (#8120), #12, .T.);
#8122 = DIRECTION('', (0.104329, -0.291579, -0.950840));
#8123 = POLY_LOOP('', (#1540, #1542, #1670));
#8124 = FACE_OUTER_BOUND('', #8123, .T.);
#8125 = ADVANCED_FACE('', (#8124), #12, .T.);
#8126 = DIRECTION('', (0.132406, -0.279949, -0.950840));
#8127 = POLY_LOOP('', (#1542, #1672, #1670));
#8128 = FACE_OUTER_BOUND('', #8127, .T.);
#8129 = ADVANCED_FACE('', (#8128), #12, .T.);
#8130 = DIRECTION('', (0.132406, -0.279949, -0.950840));
#8131 = POLY_LOOP('', (#1542, #1544, #1672));
#8132 = FACE_OUTER_BOUND('', #8131, .T.);
#8133 = ADVANCED_FACE('', (#8132), #12, .T.);
#8134 = DIRECTION('', (0.159209, -0.265623, -0.950840));
#8135 = POLY_LOOP('', (#1544, #1674, #1672));
#8136 = FACE_OUTER_BOUND('', #8135, .T.);
#8137 = ADVANCED_FACE('', (#8136), #12, .T.);
#8138 = DIRECTION('', (0.159209, -0.265623, -0.950840));
#8139 = POLY_LOOP('', (#1544, #1546, #1674));
#8140 = FACE_OUTER_BOUND('', #8139, .T.);
#8141 = ADVANCED_FACE('', (#8140), #12, .T.);
#8142 = DIRECTION('', (0.184478, -0.248739, -0.950840));
#8143 = POLY_LOOP('', (#1546, #1676, #1674));
#8144 = FACE_OUTER_BOUND('', #8143, .T.);
#8145 = ADVANCED_FACE('', (#8144), #12, .T.);
#8146 = DIRECTION('', (0.184478, -0.248739, -0.950840));
#8147 = POLY_LOOP('', (#1546, #1548, #1676));
#8148 = FACE_OUTER_BOUND('', #8147, .T.);
#8149 = ADVANCED_FACE('', (#8148), #12, .T.);
#8150 = DIRECTION('', (0.207970, -0.229459, -0.950840));
#8151 = POLY_LOOP('', (#1548, #1678, #1676));
#8152 = FACE_OUTER_BOUND('', #8151, .T.);
#8153 = ADVANCED_FACE('', (#8152), #12, .T.);
#8154 = DIRECTION('', (0.207970, -0.229459, -0.950840));
#8155 = POLY_LOOP('', (#1548, #1550, #1678));
#8156 = FACE_OUTER_BOUND('', #8155, .T.);
#8157 = ADVANCED_FACE('', (#8156), #12, .T.);
#8158 = DIRECTION('', (0.229459, -0.207970, -0.950840));
#8159 = POLY_LOOP('', (#1550, #1680, #1678));
#8160 = FACE_OUTER_BOUND('', #8159, .T.);
#8161 = ADVANCED_FACE('', (#8160), #12, .T.);
#8162 = DIRECTION('', (0.229459, -0.207970, -0.950840));
#8163 = POLY_LOOP('', (#1550, #1552, #1680));
#8164 = FACE_OUTER_BOUND('', #8163, .T.);
#8165 = ADVANCED_FACE('', (#8164), #12, .T.);
#8166 = DIRECTION('', (0.248739, -0.184478, -0.950840));
#8167 = POLY_LOOP('', (#1552, #1682, #1680));
#8168 = FACE_OUTER_BOUND('', #8167, .T.);
#8169 = ADVANCED_FACE('', (#8168), #12, .T.);
#8170 = DIRECTION('', (0.248739, -0.184478, -0.950840));
#8171 = POLY_LOOP('', (#1552, #1554, #1682));
#8172 = FACE_OUTER_BOUND('', #8171, .T.);
#8173 = ADVANCED_FACE('', (#8172), #12, .T.);
#8174 = DIRECTION('', (0.265623, -0.159209, -0.950840));
#8175 = POLY_LOOP('', (#1554, #1684, #1682));
#8176 = FACE_OUTER_BOUND('', #8175, .T.);
#8177 = ADVANCED_FACE('', (#8176), #12, .T.);
#8178 = DIRECTION('', (0.265623, -0.159209, -0.950840));
#8179 = POLY_LOOP('', (#1554, #1556, #1684));
#8180 = FACE_OUTER_BOUND('', #8179, .T.);
#8181 = ADVANCED_FACE('', (#8180), #12, .T.);
#8182 = DIRECTION('', (0.279949, -0.132406, -0.950840));
#8183 = POLY_LOOP('', (#1556, #1686, #1684));
#8184 = FACE_OUTER_BOUND('', #8183, .T.);
#8185 = ADVANCED_FACE('', (#8184), #12, .T.);
#8186 = DIRECTION('', (0.279949, -0.132406, -0.950840));
#8187 = POLY_LOOP('', (#1556, #1558, #1686));
#8188 = FACE_OUTER_BOUND('', #8187, .T.);
#8189 = ADVANCED_FACE('', (#8188), #12, .T.);
#8190 = DIRECTION('', (0.291579, -0.104329, -0.950840));
#8191 = POLY_LOOP('', (#1558, #1688, #1686));
#8192 = FACE_OUTER_BOUND('', #8191, .T.);
#8193 = ADVANCED_FACE('', (#8192), #12, .T.);
#8194 = DIRECTION('', (0.291579, -0.104329, -0.950840));
#8195 = POLY_LOOP('', (#1558, #1560, #1688));
#8196 = FACE_OUTER_BOUND('', #8195, .T.);
#8197 = ADVANCED_FACE('', (#8196), #12, .T.);
#8198 = DIRECTION('', (0.300401, -0.075247, -0.950840));
#8199 = POLY_LOOP('', (#1560, #1690, #1688));
#8200 = FACE_OUTER_BOUND('', #8199, .T.);
#8201 = ADVANCED_FACE('', (#8200), #12, .T.);
#8202 = DIRECTION('', (0.300401, -0.075247, -0.950840));
#8203 = POLY_LOOP('', (#1560, #1562, #1690));
#8204 = FACE_OUTER_BOUND('', #8203, .T.);
#8205 = ADVANCED_FACE('', (#8204), #12, .T.);
#8206 = DIRECTION('', (0.306330, -0.045440, -0.950840));
#8207 = POLY_LOOP('', (#1562, #1692, #1690));
#8208 = FACE_OUTER_BOUND('', #8207, .T.);
#8209 = ADVANCED_FACE('', (#8208), #12, .T.);
#8210 = DIRECTION('', (0.306330, -0.045440, -0.950840));
#8211 = POLY_LOOP('', (#1562, #1564, #1692));
#8212 = FACE_OUTER_BOUND('', #8211, .T.);
#8213 = ADVANCED_FACE('', (#8212), #12, .T.);
#8214 = DIRECTION('', (0.309309, -0.015195, -0.950840));
#8215 = POLY_LOOP('', (#1564, #1566, #1692));
#8216 = FACE_OUTER_BOUND('', #8215, .T.);
#8217 = ADVANCED_FACE('', (#8216), #12, .T.);
#8218 = DIRECTION('', (0.309309, -0.015195, -0.950840));
#8219 = POLY_LOOP('', (#1564, #1438, #1566));
#8220 = FACE_OUTER_BOUND('', #8219, .T.);
#8221 = ADVANCED_FACE('', (#8220), #12, .T.);
#8222 = DIRECTION('', (0.433659, -0.009505, -0.901027));
#8223 = POLY_LOOP('', (#1566, #1696, #1694));
#8224 = FACE_OUTER_BOUND('', #8223, .T.);
#8225 = ADVANCED_FACE('', (#8224), #12, .T.);
#8226 = DIRECTION('', (0.426389, 0.020947, -0.904297));
#8227 = POLY_LOOP('', (#1566, #1568, #1696));
#8228 = FACE_OUTER_BOUND('', #8227, .T.);
#8229 = ADVANCED_FACE('', (#8228), #12, .T.);
#8230 = DIRECTION('', (0.429130, -0.012356, -0.903158));
#8231 = POLY_LOOP('', (#1568, #1698, #1696));
#8232 = FACE_OUTER_BOUND('', #8231, .T.);
#8233 = ADVANCED_FACE('', (#8232), #12, .T.);
#8234 = DIRECTION('', (0.404432, 0.059992, -0.912599));
#8235 = POLY_LOOP('', (#1568, #1570, #1698));
#8236 = FACE_OUTER_BOUND('', #8235, .T.);
#8237 = ADVANCED_FACE('', (#8236), #12, .T.);
#8238 = DIRECTION('', (0.411109, 0.023410, -0.911286));
#8239 = POLY_LOOP('', (#1570, #1700, #1698));
#8240 = FACE_OUTER_BOUND('', #8239, .T.);
#8241 = ADVANCED_FACE('', (#8240), #12, .T.);
#8242 = DIRECTION('', (0.378143, 0.094720, -0.920889));
#8243 = POLY_LOOP('', (#1570, #1572, #1700));
#8244 = FACE_OUTER_BOUND('', #8243, .T.);
#8245 = ADVANCED_FACE('', (#8244), #12, .T.);
#8246 = DIRECTION('', (0.376601, 0.099922, -0.920971));
#8247 = POLY_LOOP('', (#1572, #1702, #1700));
#8248 = FACE_OUTER_BOUND('', #8247, .T.);
#8249 = ADVANCED_FACE('', (#8248), #12, .T.);
#8250 = DIRECTION('', (0.359333, 0.128571, -0.924310));
#8251 = POLY_LOOP('', (#1572, #1574, #1702));
#8252 = FACE_OUTER_BOUND('', #8251, .T.);
#8253 = ADVANCED_FACE('', (#8252), #12, .T.);
#8254 = DIRECTION('', (0.331958, 0.193500, -0.923234));
#8255 = POLY_LOOP('', (#1574, #1704, #1702));
#8256 = FACE_OUTER_BOUND('', #8255, .T.);
#8257 = ADVANCED_FACE('', (#8256), #12, .T.);
#8258 = DIRECTION('', (0.352398, 0.166672, -0.920889));
#8259 = POLY_LOOP('', (#1574, #1576, #1704));
#8260 = FACE_OUTER_BOUND('', #8259, .T.);
#8261 = ADVANCED_FACE('', (#8260), #12, .T.);
#8262 = DIRECTION('', (0.295875, 0.268640, -0.916674));
#8263 = POLY_LOOP('', (#1576, #1706, #1704));
#8264 = FACE_OUTER_BOUND('', #8263, .T.);
#8265 = ADVANCED_FACE('', (#8264), #12, .T.);
#8266 = DIRECTION('', (0.350688, 0.210194, -0.912599));
#8267 = POLY_LOOP('', (#1576, #1578, #1706));
#8268 = FACE_OUTER_BOUND('', #8267, .T.);
#8269 = ADVANCED_FACE('', (#8268), #12, .T.);
#8270 = DIRECTION('', (0.284506, 0.305971, -0.908536));
#8271 = POLY_LOOP('', (#1578, #1708, #1706));
#8272 = FACE_OUTER_BOUND('', #8271, .T.);
#8273 = ADVANCED_FACE('', (#8272), #12, .T.);
#8274 = DIRECTION('', (0.342892, 0.254306, -0.904297));
#8275 = POLY_LOOP('', (#1578, #1580, #1708));
#8276 = FACE_OUTER_BOUND('', #8275, .T.);
#8277 = ADVANCED_FACE('', (#8276), #12, .T.);
#8278 = DIRECTION('', (0.296296, 0.310325, -0.903276));
#8279 = POLY_LOOP('', (#1580, #1710, #1708));
#8280 = FACE_OUTER_BOUND('', #8279, .T.);
#8281 = ADVANCED_FACE('', (#8280), #12, .T.);
#8282 = DIRECTION('', (0.321649, 0.291526, -0.900863));
#8283 = POLY_LOOP('', (#1580, #1582, #1710));
#8284 = FACE_OUTER_BOUND('', #8283, .T.);
#8285 = ADVANCED_FACE('', (#8284), #12, .T.);
#8286 = DIRECTION('', (0.313364, 0.299922, -0.901027));
#8287 = POLY_LOOP('', (#1582, #1712, #1710));
#8288 = FACE_OUTER_BOUND('', #8287, .T.);
#8289 = ADVANCED_FACE('', (#8288), #12, .T.);
#8290 = DIRECTION('', (0.286691, 0.316315, -0.904297));
#8291 = POLY_LOOP('', (#1582, #1584, #1712));
#8292 = FACE_OUTER_BOUND('', #8291, .T.);
#8293 = ADVANCED_FACE('', (#8292), #12, .T.);
#8294 = DIRECTION('', (0.312177, 0.294704, -0.903158));
#8295 = POLY_LOOP('', (#1584, #1714, #1712));
#8296 = FACE_OUTER_BOUND('', #8295, .T.);
#8297 = ADVANCED_FACE('', (#8296), #12, .T.);
#8298 = DIRECTION('', (0.243556, 0.328397, -0.912599));
#8299 = POLY_LOOP('', (#1584, #1586, #1714));
#8300 = FACE_OUTER_BOUND('', #8299, .T.);
#8301 = ADVANCED_FACE('', (#8300), #12, .T.);
#8302 = DIRECTION('', (0.274145, 0.307251, -0.911286));
#8303 = POLY_LOOP('', (#1586, #1716, #1714));
#8304 = FACE_OUTER_BOUND('', #8303, .T.);
#8305 = ADVANCED_FACE('', (#8304), #12, .T.);
#8306 = DIRECTION('', (0.200410, 0.334365, -0.920889));
#8307 = POLY_LOOP('', (#1586, #1588, #1716));
#8308 = FACE_OUTER_BOUND('', #8307, .T.);
#8309 = ADVANCED_FACE('', (#8308), #12, .T.);
#8310 = DIRECTION('', (0.195642, 0.336953, -0.920971));
#8311 = POLY_LOOP('', (#1588, #1718, #1716));
#8312 = FACE_OUTER_BOUND('', #8311, .T.);
#8313 = ADVANCED_FACE('', (#8312), #12, .T.);
#8314 = DIRECTION('', (0.163173, 0.345000, -0.924310));
#8315 = POLY_LOOP('', (#1588, #1590, #1718));
#8316 = FACE_OUTER_BOUND('', #8315, .T.);
#8317 = ADVANCED_FACE('', (#8316), #12, .T.);
#8318 = DIRECTION('', (0.097904, 0.371555, -0.923234));
#8319 = POLY_LOOP('', (#1590, #1720, #1718));
#8320 = FACE_OUTER_BOUND('', #8319, .T.);
#8321 = ADVANCED_FACE('', (#8320), #12, .T.);
#8322 = DIRECTION('', (0.131328, 0.367038, -0.920889));
#8323 = POLY_LOOP('', (#1590, #1592, #1720));
#8324 = FACE_OUTER_BOUND('', #8323, .T.);
#8325 = ADVANCED_FACE('', (#8324), #12, .T.);
#8326 = DIRECTION('', (0.019258, 0.399172, -0.916674));
#8327 = POLY_LOOP('', (#1592, #1722, #1720));
#8328 = FACE_OUTER_BOUND('', #8327, .T.);
#8329 = ADVANCED_FACE('', (#8328), #12, .T.);
#8330 = DIRECTION('', (0.099344, 0.396604, -0.912599));
#8331 = POLY_LOOP('', (#1592, #1594, #1722));
#8332 = FACE_OUTER_BOUND('', #8331, .T.);
#8333 = ADVANCED_FACE('', (#8332), #12, .T.);
#8334 = DIRECTION('', (-0.015178, 0.417530, -0.908536));
#8335 = POLY_LOOP('', (#1594, #1724, #1722));
#8336 = FACE_OUTER_BOUND('', #8335, .T.);
#8337 = ADVANCED_FACE('', (#8336), #12, .T.);
#8338 = DIRECTION('', (0.062640, 0.422283, -0.904297));
#8339 = POLY_LOOP('', (#1594, #1596, #1724));
#8340 = FACE_OUTER_BOUND('', #8339, .T.);
#8341 = ADVANCED_FACE('', (#8340), #12, .T.);
#8342 = DIRECTION('', (-0.009921, 0.428946, -0.903276));
#8343 = POLY_LOOP('', (#1596, #1726, #1724));
#8344 = FACE_OUTER_BOUND('', #8343, .T.);
#8345 = ADVANCED_FACE('', (#8344), #12, .T.);
#8346 = DIRECTION('', (0.021300, 0.433580, -0.900863));
#8347 = POLY_LOOP('', (#1596, #1598, #1726));
#8348 = FACE_OUTER_BOUND('', #8347, .T.);
#8349 = ADVANCED_FACE('', (#8348), #12, .T.);
#8350 = DIRECTION('', (0.009505, 0.433659, -0.901027));
#8351 = POLY_LOOP('', (#1598, #1728, #1726));
#8352 = FACE_OUTER_BOUND('', #8351, .T.);
#8353 = ADVANCED_FACE('', (#8352), #12, .T.);
#8354 = DIRECTION('', (-0.020947, 0.426389, -0.904297));
#8355 = POLY_LOOP('', (#1598, #1600, #1728));
#8356 = FACE_OUTER_BOUND('', #8355, .T.);
#8357 = ADVANCED_FACE('', (#8356), #12, .T.);
#8358 = DIRECTION('', (0.012356, 0.429130, -0.903158));
#8359 = POLY_LOOP('', (#1600, #1730, #1728));
#8360 = FACE_OUTER_BOUND('', #8359, .T.);
#8361 = ADVANCED_FACE('', (#8360), #12, .T.);
#8362 = DIRECTION('', (-0.059992, 0.404432, -0.912599));
#8363 = POLY_LOOP('', (#1600, #1602, #1730));
#8364 = FACE_OUTER_BOUND('', #8363, .T.);
#8365 = ADVANCED_FACE('', (#8364), #12, .T.);
#8366 = DIRECTION('', (-0.023410, 0.411109, -0.911286));
#8367 = POLY_LOOP('', (#1602, #1732, #1730));
#8368 = FACE_OUTER_BOUND('', #8367, .T.);
#8369 = ADVANCED_FACE('', (#8368), #12, .T.);
#8370 = DIRECTION('', (-0.094720, 0.378143, -0.920889));
#8371 = POLY_LOOP('', (#1602, #1604, #1732));
#8372 = FACE_OUTER_BOUND('', #8371, .T.);
#8373 = ADVANCED_FACE('', (#8372), #12, .T.);
#8374 = DIRECTION('', (-0.099922, 0.376601, -0.920971));
#8375 = POLY_LOOP('', (#1604, #1734, #1732));
#8376 = FACE_OUTER_BOUND('', #8375, .T.);
#8377 = ADVANCED_FACE('', (#8376), #12, .T.);
#8378 = DIRECTION('', (-0.128571, 0.359333, -0.924310));
#8379 = POLY_LOOP('', (#1604, #1606, #1734));
#8380 = FACE_OUTER_BOUND('', #8379, .T.);
#8381 = ADVANCED_FACE('', (#8380), #12, .T.);
#8382 = DIRECTION('', (-0.193500, 0.331958, -0.923234));
#8383 = POLY_LOOP('', (#1606, #1736, #1734));
#8384 = FACE_OUTER_BOUND('', #8383, .T.);
#8385 = ADVANCED_FACE('', (#8384), #12, .T.);
#8386 = DIRECTION('', (-0.166672, 0.352398, -0.920889));
#8387 = POLY_LOOP('', (#1606, #1608, #1736));
#8388 = FACE_OUTER_BOUND('', #8387, .T.);
#8389 = ADVANCED_FACE('', (#8388), #12, .T.);
#8390 = DIRECTION('', (-0.268640, 0.295875, -0.916674));
#8391 = POLY_LOOP('', (#1608, #1738, #1736));
#8392 = FACE_OUTER_BOUND('', #8391, .T.);
#8393 = ADVANCED_FACE('', (#8392), #12, .T.);
#8394 = DIRECTION('', (-0.210194, 0.350688, -0.912599));
#8395 = POLY_LOOP('', (#1608, #1610, #1738));
#8396 = FACE_OUTER_BOUND('', #8395, .T.);
#8397 = ADVANCED_FACE('', (#8396), #12, .T.);
#8398 = DIRECTION('', (-0.305971, 0.284506, -0.908536));
#8399 = POLY_LOOP('', (#1610, #1740, #1738));
#8400 = FACE_OUTER_BOUND('', #8399, .T.);
#8401 = ADVANCED_FACE('', (#8400), #12, .T.);
#8402 = DIRECTION('', (-0.254306, 0.342892, -0.904297));
#8403 = POLY_LOOP('', (#1610, #1612, #1740));
#8404 = FACE_OUTER_BOUND('', #8403, .T.);
#8405 = ADVANCED_FACE('', (#8404), #12, .T.);
#8406 = DIRECTION('', (-0.310325, 0.296296, -0.903276));
#8407 = POLY_LOOP('', (#1612, #1742, #1740));
#8408 = FACE_OUTER_BOUND('', #8407, .T.);
#8409 = ADVANCED_FACE('', (#8408), #12, .T.);
#8410 = DIRECTION('', (-0.291526, 0.321649, -0.900863));
#8411 = POLY_LOOP('', (#1612, #1614, #1742));
#8412 = FACE_OUTER_BOUND('', #8411, .T.);
#8413 = ADVANCED_FACE('', (#8412), #12, .T.);
#8414 = DIRECTION('', (-0.299922, 0.313364, -0.901027));
#8415 = POLY_LOOP('', (#1614, #1744, #1742));
#8416 = FACE_OUTER_BOUND('', #8415, .T.);
#8417 = ADVANCED_FACE('', (#8416), #12, .T.);
#8418 = DIRECTION('', (-0.316315, 0.286691, -0.904297));
#8419 = POLY_LOOP('', (#1614, #1616, #1744));
#8420 = FACE_OUTER_BOUND('', #8419, .T.);
#8421 = ADVANCED_FACE('', (#8420), #12, .T.);
#8422 = DIRECTION('', (-0.294704, 0.312177, -0.903158));
#8423 = POLY_LOOP('', (#1616, #1746, #1744));
#8424 = FACE_OUTER_BOUND('', #8423, .T.);
#8425 = ADVANCED_FACE('', (#8424), #12, .T.);
#8426 = DIRECTION('', (-0.328397, 0.243556, -0.912599));
#8427 = POLY_LOOP('', (#1616, #1618, #1746));
#8428 = FACE_OUTER_BOUND('', #8427, .T.);
#8429 = ADVANCED_FACE('', (#8428), #12, .T.);
#8430 = DIRECTION('', (-0.307251, 0.274145, -0.911286));
#8431 = POLY_LOOP('', (#1618, #1748, #1746));
#8432 = FACE_OUTER_BOUND('', #8431, .T.);
#8433 = ADVANCED_FACE('', (#8432), #12, .T.);
#8434 = DIRECTION('', (-0.334365, 0.200410, -0.920889));
#8435 = POLY_LOOP('', (#1618, #1620, #1748));
#8436 = FACE_OUTER_BOUND('', #8435, .T.);
#8437 = ADVANCED_FACE('', (#8436), #12, .T.);
#8438 = DIRECTION('', (-0.336953, 0.195642, -0.920971));
#8439 = POLY_LOOP('', (#1620, #1750, #1748));
#8440 = FACE_OUTER_BOUND('', #8439, .T.);
#8441 = ADVANCED_FACE('', (#8440), #12, .T.);
#8442 = DIRECTION('', (-0.345000, 0.163173, -0.924310));
#8443 = POLY_LOOP('', (#1620, #1622, #1750));
#8444 = FACE_OUTER_BOUND('', #8443, .T.);
#8445 = ADVANCED_FACE('', (#8444), #12, .T.);
#8446 = DIRECTION('', (-0.371555, 0.097904, -0.923234));
#8447 = POLY_LOOP('', (#1622, #1752, #1750));
#8448 = FACE_OUTER_BOUND('', #8447, .T.);
#8449 = ADVANCED_FACE('', (#8448), #12, .T.);
#8450 = DIRECTION('', (-0.367038, 0.131328, -0.920889));
#8451 = POLY_LOOP('', (#1622, #1624, #1752));
#8452 = FACE_OUTER_BOUND('', #8451, .T.);
#8453 = ADVANCED_FACE('', (#8452), #12, .T.);
#8454 = DIRECTION('', (-0.399172, 0.019258, -0.916674));
#8455 = POLY_LOOP('', (#1624, #1754, #1752));
#8456 = FACE_OUTER_BOUND('', #8455, .T.);
#8457 = ADVANCED_FACE('', (#8456), #12, .T.);
#8458 = DIRECTION('', (-0.396604, 0.099344, -0.912599));
#8459 = POLY_LOOP('', (#1624, #1626, #1754));
#8460 = FACE_OUTER_BOUND('', #8459, .T.);
#8461 = ADVANCED_FACE('', (#8460), #12, .T.);
#8462 = DIRECTION('', (-0.417530, -0.015178, -0.908536));
#8463 = POLY_LOOP('', (#1626, #1756, #1754));
#8464 = FACE_OUTER_BOUND('', #8463, .T.);
#8465 = ADVANCED_FACE('', (#8464), #12, .T.);
#8466 = DIRECTION('', (-0.422283, 0.062640, -0.904297));
#8467 = POLY_LOOP('', (#1626, #1628, #1756));
#8468 = FACE_OUTER_BOUND('', #8467, .T.);
#8469 = ADVANCED_FACE('', (#8468), #12, .T.);
#8470 = DIRECTION('', (-0.428946, -0.009921, -0.903276));
#8471 = POLY_LOOP('', (#1628, #1758, #1756));
#8472 = FACE_OUTER_BOUND('', #8471, .T.);
#8473 = ADVANCED_FACE('', (#8472), #12, .T.);
#8474 = DIRECTION('', (-0.433580, 0.021300, -0.900863));
#8475 = POLY_LOOP('', (#1628, #1630, #1758));
#8476 = FACE_OUTER_BOUND('', #8475, .T.);
#8477 = ADVANCED_FACE('', (#8476), #12, .T.);
#8478 = DIRECTION('', (-0.433659, 0.009505, -0.901027));
#8479 = POLY_LOOP('', (#1630, #1760, #1758));
#8480 = FACE_OUTER_BOUND('', #8479, .T.);
#8481 = ADVANCED_FACE('', (#8480), #12, .T.);
#8482 = DIRECTION('', (-0.426389, -0.020947, -0.904297));
#8483 = POLY_LOOP('', (#1630, #1632, #1760));
#8484 = FACE_OUTER_BOUND('', #8483, .T.);
#8485 = ADVANCED_FACE('', (#8484), #12, .T.);
#8486 = DIRECTION('', (-0.429130, 0.012356, -0.903158));
#8487 = POLY_LOOP('', (#1632, #1762, #1760));
#8488 = FACE_OUTER_BOUND('', #8487, .T.);
#8489 = ADVANCED_FACE('', (#8488), #12, .T.);
#8490 = DIRECTION('', (-0.404432, -0.059992, -0.912599));
#8491 = POLY_LOOP('', (#1632, #1634, #1762));
#8492 = FACE_OUTER_BOUND('', #8491, .T.);
#8493 = ADVANCED_FACE('', (#8492), #12, .T.);
#8494 = DIRECTION('', (-0.411109, -0.023410, -0.911286));
#8495 = POLY_LOOP('', (#1634, #1764, #1762));
#8496 = FACE_OUTER_BOUND('', #8495, .T.);
#8497 = ADVANCED_FACE('', (#8496), #12, .T.);
#8498 = DIRECTION('', (-0.378143, -0.094720, -0.920889));
#8499 = POLY_LOOP('', (#1634, #1636, #1764));
#8500 = FACE_OUTER_BOUND('', #8499, .T.);
#8501 = ADVANCED_FACE('', (#8500), #12, .T.);
#8502 = DIRECTION('', (-0.376601, -0.099922, -0.920971));
#8503 = POLY_LOOP('', (#1636, #1766, #1764));
#8504 = FACE_OUTER_BOUND('', #8503, .T.);
#8505 = ADVANCED_FACE('', (#8504), #12, .T.);
#8506 = DIRECTION('', (-0.359333, -0.128571, -0.924310));
#8507 = POLY_LOOP('', (#1636, #1638, #1766));
#8508 = FACE_OUTER_BOUND('', #8507, .T.);
#8509 = ADVANCED_FACE('', (#8508), #12, .T.);
#8510 = DIRECTION('', (-0.331958, -0.193500, -0.923234));
#8511 = POLY_LOOP('', (#1638, #1768, #1766));
#8512 = FACE_OUTER_BOUND('', #8511, .T.);
#8513 = ADVANCED_FACE('', (#8512), #12, .T.);
#8514 = DIRECTION('', (-0.352398, -0.166672, -0.920889));
#8515 = POLY_LOOP('', (#1638, #1640, #1768));
#8516 = FACE_OUTER_BOUND('', #8515, .T.);
#8517 = ADVANCED_FACE('', (#8516), #12, .T.);
#8518 = DIRECTION('', (-0.295875, -0.268640, -0.916674));
#8519 = POLY_LOOP('', (#1640, #1770, #1768));
#8520 = FACE_OUTER_BOUND('', #8519, .T.);
#8521 = ADVANCED_FACE('', (#8520), #12, .T.);
#8522 = DIRECTION('', (-0.350688, -0.210194, -0.912599));
#8523 = POLY_LOOP('', (#1640, #1642, #1770));
#8524 = FACE_OUTER_BOUND('', #8523, .T.);
#8525 = ADVANCED_FACE('', (#8524), #12, .T.);
#8526 = DIRECTION('', (-0.284506, -0.305971, -0.908536));
#8527 = POLY_LOOP('', (#1642, #1772, #1770));
#8528 = FACE_OUTER_BOUND('', #8527, .T.);
#8529 = ADVANCED_FACE('', (#8528), #12, .T.);
#8530 = DIRECTION('', (-0.342892, -0.254306, -0.904297));
#8531 = POLY_LOOP('', (#1642, #1644, #1772));
#8532 = FACE_OUTER_BOUND('', #8531, .T.);
#8533 = ADVANCED_FACE('', (#8532), #12, .T.);
#8534 = DIRECTION('', (-0.296296, -0.310325, -0.903276));
#8535 = POLY_LOOP('', (#1644, #1774, #1772));
#8536 = FACE_OUTER_BOUND('', #8535, .T.);
#8537 = ADVANCED_FACE('', (#8536), #12, .T.);
#8538 = DIRECTION('', (-0.321649, -0.291526, -0.900863));
#8539 = POLY_LOOP('', (#1644, #1646, #1774));
#8540 = FACE_OUTER_BOUND('', #8539, .T.);
#8541 = ADVANCED_FACE('', (#8540), #12, .T.);
#8542 = DIRECTION('', (-0.313364, -0.299922, -0.901027));
#8543 = POLY_LOOP('', (#1646, #1776, #1774));
#8544 = FACE_OUTER_BOUND('', #8543, .T.);
#8545 = ADVANCED_FACE('', (#8544), #12, .T.);
#8546 = DIRECTION('', (-0.286691, -0.316315, -0.904297));
#8547 = POLY_LOOP('', (#1646, #1648, #1776));
#8548 = FACE_OUTER_BOUND('', #8547, .T.);
#8549 = ADVANCED_FACE('', (#8548), #12, .T.);
#8550 = DIRECTION('', (-0.312177, -0.294704, -0.903158));
#8551 = POLY_LOOP('', (#1648, #1778, #1776));
#8552 = FACE_OUTER_BOUND('', #8551, .T.);
#8553 = ADVANCED_FACE('', (#8552), #12, .T.);
#8554 = DIRECTION('', (-0.243556, -0.328397, -0.912599));
#8555 = POLY_LOOP('', (#1648, #1650, #1778));
#8556 = FACE_OUTER_BOUND('', #8555, .T.);
#8557 = ADVANCED_FACE('', (#8556), #12, .T.);
#8558 = DIRECTION('', (-0.274145, -0.307251, -0.911286));
#8559 = POLY_LOOP('', (#1650, #1780, #1778));
#8560 = FACE_OUTER_BOUND('', #8559, .T.);
#8561 = ADVANCED_FACE('', (#8560), #12, .T.);
#8562 = DIRECTION('', (-0.200410, -0.334365, -0.920889));
#8563 = POLY_LOOP('', (#1650, #1652, #1780));
#8564 = FACE_OUTER_BOUND('', #8563, .T.);
#8565 = ADVANCED_FACE('', (#8564), #12, .T.);
#8566 = DIRECTION('', (-0.195642, -0.336953, -0.920971));
#8567 = POLY_LOOP('', (#1652, #1782, #1780));
#8568 = FACE_OUTER_BOUND('', #8567, .T.);
#8569 = ADVANCED_FACE('', (#8568), #12, .T.);
#8570 = DIRECTION('', (-0.163173, -0.345000, -0.924310));
#8571 = POLY_LOOP('', (#1652, #1654, #1782));
#8572 = FACE_OUTER_BOUND('', #8571, .T.);
#8573 = ADVANCED_FACE('', (#8572), #12, .T.);
#8574 = DIRECTION('', (-0.097904, -0.371555, -0.923234));
#8575 = POLY_LOOP('', (#1654, #1784, #1782));
#8576 = FACE_OUTER_BOUND('', #8575, .T.);
#8577 = ADVANCED_FACE('', (#8576), #12, .T.);
#8578 = DIRECTION('', (-0.131328, -0.367038, -0.920889));
#8579 = POLY_LOOP('', (#1654, #1656, #1784));
#8580 = FACE_OUTER_BOUND('', #8579, .T.);
#8581 = ADVANCED_FACE('', (#8580), #12, .T.);
#8582 = DIRECTION('', (-0.019258, -0.399172, -0.916674));
#8583 = POLY_LOOP('', (#1656, #1786, #1784));
#8584 = FACE_OUTER_BOUND('', #8583, .T.);
#8585 = ADVANCED_FACE('', (#8584), #12, .T.);
#8586 = DIRECTION('', (-0.099344, -0.396604, -0.912599));
#8587 = POLY_LOOP('', (#1656, #1658, #1786));
#8588 = FACE_OUTER_BOUND('', #8587, .T.);
#8589 = ADVANCED_FACE('', (#8588), #12, .T.);
#8590 = DIRECTION('', (0.015178, -0.417530, -0.908536));
#8591 = POLY_LOOP('', (#1658, #1788, #1786));
#8592 = FACE_OUTER_BOUND('', #8591, .T.);
#8593 = ADVANCED_FACE('', (#8592), #12, .T.);
#8594 = DIRECTION('', (-0.062640, -0.422283, -0.904297));
#8595 = POLY_LOOP('', (#1658, #1660, #1788));
#8596 = FACE_OUTER_BOUND('', #8595, .T.);
#8597 = ADVANCED_FACE('', (#8596), #12, .T.);
#8598 = DIRECTION('', (0.009921, -0.428946, -0.903276));
#8599 = POLY_LOOP('', (#1660, #1790, #1788));
#8600 = FACE_OUTER_BOUND('', #8599, .T.);
#8601 = ADVANCED_FACE('', (#8600), #12, .T.);
#8602 = DIRECTION('', (-0.021300, -0.433580, -0.900863));
#8603 = POLY_LOOP('', (#1660, #1662, #1790));
#8604 = FACE_OUTER_BOUND('', #8603, .T.);
#8605 = ADVANCED_FACE('', (#8604), #12, .T.);
#8606 = DIRECTION('', (-0.009505, -0.433659, -0.901027));
#8607 = POLY_LOOP('', (#1662, #1792, #1790));
#8608 = FACE_OUTER_BOUND('', #8607, .T.);
#8609 = ADVANCED_FACE('', (#8608), #12, .T.);
#8610 = DIRECTION('', (0.020947, -0.426389, -0.904297));
#8611 = POLY_LOOP('', (#1662, #1664, #1792));
#8612 = FACE_OUTER_BOUND('', #8611, .T.);
#8613 = ADVANCED_FACE('', (#8612), #12, .T.);
#8614 = DIRECTION('', (-0.012356, -0.429130, -0.903158));
#8615 = POLY_LOOP('', (#1664, #1794, #1792));
#8616 = FACE_OUTER_BOUND('', #8615, .T.);
#8617 = ADVANCED_FACE('', (#8616), #12, .T.);
#8618 = DIRECTION('', (0.059992, -0.404432, -0.912599));
#8619 = POLY_LOOP('', (#1664, #1666, #1794));
#8620 = FACE_OUTER_BOUND('', #8619, .T.);
#8621 = ADVANCED_FACE('', (#8620), #12, .T.);
#8622 = DIRECTION('', (0.023410, -0.411109, -0.911286));
#8623 = POLY_LOOP('', (#1666, #1796, #1794));
#8624 = FACE_OUTER_BOUND('', #8623, .T.);
#8625 = ADVANCED_FACE('', (#8624), #12, .T.);
#8626 = DIRECTION('', (0.094720, -0.378143, -0.920889));
#8627 = POLY_LOOP('', (#1666, #1668, #1796));
#8628 = FACE_OUTER_BOUND('', #8627, .T.);
#8629 = ADVANCED_FACE('', (#8628), #12, .T.);
#8630 = DIRECTION('', (0.099922, -0.376601, -0.920971));
#8631 = POLY_LOOP('', (#1668, #1798, #1796));
#8632 = FACE_OUTER_BOUND('', #8631, .T.);
#8633 = ADVANCED_FACE('', (#8632), #12, .T.);
#8634 = DIRECTION('', (0.128571, -0.359333, -0.924310));
#8635 = POLY_LOOP('', (#1668, #1670, #1798));
#8636 = FACE_OUTER_BOUND('', #8635, .T.);
#8637 = ADVANCED_FACE('', (#8636), #12, .T.);
#8638 = DIRECTION('', (0.193500, -0.331958, -0.923234));
#8639 = POLY_LOOP('', (#1670, #1800, #1798));
#8640 = FACE_OUTER_BOUND('', #8639, .T.);
#8641 = ADVANCED_FACE('', (#8640), #12, .T.);
#8642 = DIRECTION('', (0.166672, -0.352398, -0.920889));
#8643 = POLY_LOOP('', (#1670, #1672, #1800));
#8644 = FACE_OUTER_BOUND('', #8643, .T.);
#8645 = ADVANCED_FACE('', (#8644), #12, .T.);
#8646 = DIRECTION('', (0.268640, -0.295875, -0.916674));
#8647 = POLY_LOOP('', (#1672, #1802, #1800));
#8648 = FACE_OUTER_BOUND('', #8647, .T.);
#8649 = ADVANCED_FACE('', (#8648), #12, .T.);
#8650 = DIRECTION('', (0.210194, -0.350688, -0.912599));
#8651 = POLY_LOOP('', (#1672, #1674, #1802));
#8652 = FACE_OUTER_BOUND('', #8651, .T.);
#8653 = ADVANCED_FACE('', (#8652), #12, .T.);
#8654 = DIRECTION('', (0.305971, -0.284506, -0.908536));
#8655 = POLY_LOOP('', (#1674, #1804, #1802));
#8656 = FACE_OUTER_BOUND('', #8655, .T.);
#8657 = ADVANCED_FACE('', (#8656), #12, .T.);
#8658 = DIRECTION('', (0.254306, -0.342892, -0.904297));
#8659 = POLY_LOOP('', (#1674, #1676, #1804));
#8660 = FACE_OUTER_BOUND('', #8659, .T.);
#8661 = ADVANCED_FACE('', (#8660), #12, .T.);
#8662 = DIRECTION('', (0.310325, -0.296296, -0.903276));
#8663 = POLY_LOOP('', (#1676, #1806, #1804));
#8664 = FACE_OUTER_BOUND('', #8663, .T.);
#8665 = ADVANCED_FACE('', (#8664), #12, .T.);
#8666 = DIRECTION('', (0.291526, -0.321649, -0.900863));
#8667 = POLY_LOOP('', (#1676, #1678, #1806));
#8668 = FACE_OUTER_BOUND('', #8667, .T.);
#8669 = ADVANCED_FACE('', (#8668), #12, .T.);
#8670 = DIRECTION('', (0.299922, -0.313364, -0.901027));
#8671 = POLY_LOOP('', (#1678, #1808, #1806));
#8672 = FACE_OUTER_BOUND('', #8671, .T.);
#8673 = ADVANCED_FACE('', (#8672), #12, .T.);
#8674 = DIRECTION('', (0.316315, -0.286691, -0.904297));
#8675 = POLY_LOOP('', (#1678, #1680, #1808));
#8676 = FACE_OUTER_BOUND('', #8675, .T.);
#8677 = ADVANCED_FACE('', (#8676), #12, .T.);
#8678 = DIRECTION('', (0.294704, -0.312177, -0.903158));
#8679 = POLY_LOOP('', (#1680, #1810, #1808));
#8680 = FACE_OUTER_BOUND('', #8679, .T.);
#8681 = ADVANCED_FACE('', (#8680), #12, .T.);
#8682 = DIRECTION('', (0.328397, -0.243556, -0.912599));
#8683 = POLY_LOOP('', (#1680, #1682, #1810));
#8684 = FACE_OUTER_BOUND('', #8683, .T.);
#8685 = ADVANCED_FACE('', (#8684), #12, .T.);
#8686 = DIRECTION('', (0.307251, -0.274145, -0.911286));
#8687 = POLY_LOOP('', (#1682, #1812, #1810));
#8688 = FACE_OUTER_BOUND('', #8687, .T.);
#8689 = ADVANCED_FACE('', (#8688), #12, .T.);
#8690 = DIRECTION('', (0.334365, -0.200410, -0.920889));
#8691 = POLY_LOOP('', (#1682, #1684, #1812));
#8692 = FACE_OUTER_BOUND('', #8691, .T.);
#8693 = ADVANCED_FACE('', (#8692), #12, .T.);
#8694 = DIRECTION('', (0.336953, -0.195642, -0.920971));
#8695 = POLY_LOOP('', (#1684, #1814, #1812));
#8696 = FACE_OUTER_BOUND('', #8695, .T.);
#8697 = ADVANCED_FACE('', (#8696), #12, .T.);
#8698 = DIRECTION('', (0.345000, -0.163173, -0.924310));
#8699 = POLY_LOOP('', (#1684, #1686, #1814));
#8700 = FACE_OUTER_BOUND('', #8699, .T.);
#8701 = ADVANCED_FACE('', (#8700), #12, .T.);
#8702 = DIRECTION('', (0.371555, -0.097904, -0.923234));
#8703 = POLY_LOOP('', (#1686, #1816, #1814));
#8704 = FACE_OUTER_BOUND('', #8703, .T.);
#8705 = ADVANCED_FACE('', (#8704), #12, .T.);
#8706 = DIRECTION('', (0.367038, -0.131328, -0.920889));
#8707 = POLY_LOOP('', (#1686, #1688, #1816));
#8708 = FACE_OUTER_BOUND('', #8707, .T.);
#8709 = ADVANCED_FACE('', (#8708), #12, .T.);
#8710 = DIRECTION('', (0.399172, -0.019258, -0.916674));
#8711 = POLY_LOOP('', (#1688, #1818, #1816));
#8712 = FACE_OUTER_BOUND('', #8711, .T.);
#8713 = ADVANCED_FACE('', (#8712), #12, .T.);
#8714 = DIRECTION('', (0.396604, -0.099344, -0.912599));
#8715 = POLY_LOOP('', (#1688, #1690, #1818));
#8716 = FACE_OUTER_BOUND('', #8715, .T.);
#8717 = ADVANCED_FACE('', (#8716), #12, .T.);
#8718 = DIRECTION('', (0.417530, 0.015178, -0.908536));
#8719 = POLY_LOOP('', (#1690, #1820, #1818));
#8720 = FACE_OUTER_BOUND('', #8719, .T.);
#8721 = ADVANCED_FACE('', (#8720), #12, .T.);
#8722 = DIRECTION('', (0.422283, -0.062640, -0.904297));
#8723 = POLY_LOOP('', (#1690, #1692, #1820));
#8724 = FACE_OUTER_BOUND('', #8723, .T.);
#8725 = ADVANCED_FACE('', (#8724), #12, .T.);
#8726 = DIRECTION('', (0.428946, 0.009921, -0.903276));
#8727 = POLY_LOOP('', (#1692, #1694, #1820));
#8728 = FACE_OUTER_BOUND('', #8727, .T.);
#8729 = ADVANCED_FACE('', (#8728), #12, .T.);
#8730 = DIRECTION('', (0.433580, -0.021300, -0.900863));
#8731 = POLY_LOOP('', (#1692, #1566, #1694));
#8732 = FACE_OUTER_BOUND('', #8731, .T.);
#8733 = ADVANCED_FACE('', (#8732), #12, .T.);
#8734 = DIRECTION('', (-0.707844, -0.017503, 0.706152));
#8735 = POLY_LOOP('', (#798, #800, #1696));
#8736 = FACE_OUTER_BOUND('', #8735, .T.);
#8737 = ADVANCED_FACE('', (#8736), #12, .T.);
#8738 = DIRECTION('', (-0.707001, -0.017329, 0.707001));
#8739 = POLY_LOOP('', (#798, #1696, #1694));
#8740 = FACE_OUTER_BOUND('', #8739, .T.);
#8741 = ADVANCED_FACE('', (#8740), #12, .T.);
#8742 = DIRECTION('', (-0.706390, -0.062673, 0.705043));
#8743 = POLY_LOOP('', (#800, #802, #1698));
#8744 = FACE_OUTER_BOUND('', #8743, .T.);
#8745 = ADVANCED_FACE('', (#8744), #12, .T.);
#8746 = DIRECTION('', (-0.704414, -0.061873, 0.707087));
#8747 = POLY_LOOP('', (#800, #1698, #1696));
#8748 = FACE_OUTER_BOUND('', #8747, .T.);
#8749 = ADVANCED_FACE('', (#8748), #12, .T.);
#8750 = DIRECTION('', (-0.696888, -0.131433, 0.705033));
#8751 = POLY_LOOP('', (#802, #804, #1700));
#8752 = FACE_OUTER_BOUND('', #8751, .T.);
#8753 = ADVANCED_FACE('', (#8752), #12, .T.);
#8754 = DIRECTION('', (-0.694993, -0.130437, 0.707086));
#8755 = POLY_LOOP('', (#802, #1700, #1698));
#8756 = FACE_OUTER_BOUND('', #8755, .T.);
#8757 = ADVANCED_FACE('', (#8756), #12, .T.);
#8758 = DIRECTION('', (-0.672347, -0.222055, 0.706145));
#8759 = POLY_LOOP('', (#804, #806, #1702));
#8760 = FACE_OUTER_BOUND('', #8759, .T.);
#8761 = ADVANCED_FACE('', (#8760), #12, .T.);
#8762 = DIRECTION('', (-0.671583, -0.221637, 0.707003));
#8763 = POLY_LOOP('', (#804, #1702, #1700));
#8764 = FACE_OUTER_BOUND('', #8763, .T.);
#8765 = ADVANCED_FACE('', (#8764), #12, .T.);
#8766 = DIRECTION('', (-0.631640, -0.318086, 0.707002));
#8767 = POLY_LOOP('', (#806, #808, #1704));
#8768 = FACE_OUTER_BOUND('', #8767, .T.);
#8769 = ADVANCED_FACE('', (#8768), #12, .T.);
#8770 = DIRECTION('', (-0.632404, -0.318480, 0.706142));
#8771 = POLY_LOOP('', (#806, #1704, #1702));
#8772 = FACE_OUTER_BOUND('', #8771, .T.);
#8773 = ADVANCED_FACE('', (#8772), #12, .T.);
#8774 = DIRECTION('', (-0.583779, -0.399036, 0.707087));
#8775 = POLY_LOOP('', (#808, #810, #1706));
#8776 = FACE_OUTER_BOUND('', #8775, .T.);
#8777 = ADVANCED_FACE('', (#8776), #12, .T.);
#8778 = DIRECTION('', (-0.585609, -0.400006, 0.705023));
#8779 = POLY_LOOP('', (#808, #1706, #1704));
#8780 = FACE_OUTER_BOUND('', #8779, .T.);
#8781 = ADVANCED_FACE('', (#8780), #12, .T.);
#8782 = DIRECTION('', (-0.541974, -0.454193, 0.707088));
#8783 = POLY_LOOP('', (#810, #812, #1708));
#8784 = FACE_OUTER_BOUND('', #8783, .T.);
#8785 = ADVANCED_FACE('', (#8784), #12, .T.);
#8786 = DIRECTION('', (-0.543692, -0.455333, 0.705033));
#8787 = POLY_LOOP('', (#810, #1708, #1706));
#8788 = FACE_OUTER_BOUND('', #8787, .T.);
#8789 = ADVANCED_FACE('', (#8788), #12, .T.);
#8790 = DIRECTION('', (-0.512235, -0.487613, 0.707000));
#8791 = POLY_LOOP('', (#812, #814, #1710));
#8792 = FACE_OUTER_BOUND('', #8791, .T.);
#8793 = ADVANCED_FACE('', (#8792), #12, .T.);
#8794 = DIRECTION('', (-0.512845, -0.488205, 0.706149));
#8795 = POLY_LOOP('', (#812, #1710, #1708));
#8796 = FACE_OUTER_BOUND('', #8795, .T.);
#8797 = ADVANCED_FACE('', (#8796), #12, .T.);
#8798 = DIRECTION('', (-0.488145, -0.512898, 0.706152));
#8799 = POLY_LOOP('', (#814, #816, #1712));
#8800 = FACE_OUTER_BOUND('', #8799, .T.);
#8801 = ADVANCED_FACE('', (#8800), #12, .T.);
#8802 = DIRECTION('', (-0.487672, -0.512178, 0.707001));
#8803 = POLY_LOOP('', (#814, #1712, #1710));
#8804 = FACE_OUTER_BOUND('', #8803, .T.);
#8805 = ADVANCED_FACE('', (#8804), #12, .T.);
#8806 = DIRECTION('', (-0.455177, -0.543809, 0.705043));
#8807 = POLY_LOOP('', (#816, #818, #1714));
#8808 = FACE_OUTER_BOUND('', #8807, .T.);
#8809 = ADVANCED_FACE('', (#8808), #12, .T.);
#8810 = DIRECTION('', (-0.454346, -0.541847, 0.707087));
#8811 = POLY_LOOP('', (#816, #1714, #1712));
#8812 = FACE_OUTER_BOUND('', #8811, .T.);
#8813 = ADVANCED_FACE('', (#8812), #12, .T.);
#8814 = DIRECTION('', (-0.399837, -0.585712, 0.705033));
#8815 = POLY_LOOP('', (#818, #820, #1716));
#8816 = FACE_OUTER_BOUND('', #8815, .T.);
#8817 = ADVANCED_FACE('', (#8816), #12, .T.);
#8818 = DIRECTION('', (-0.399202, -0.583667, 0.707086));
#8819 = POLY_LOOP('', (#818, #1716, #1714));
#8820 = FACE_OUTER_BOUND('', #8819, .T.);
#8821 = ADVANCED_FACE('', (#8820), #12, .T.);
#8822 = DIRECTION('', (-0.318405, -0.632438, 0.706145));
#8823 = POLY_LOOP('', (#820, #822, #1718));
#8824 = FACE_OUTER_BOUND('', #8823, .T.);
#8825 = ADVANCED_FACE('', (#8824), #12, .T.);
#8826 = DIRECTION('', (-0.318160, -0.631602, 0.707003));
#8827 = POLY_LOOP('', (#820, #1718, #1716));
#8828 = FACE_OUTER_BOUND('', #8827, .T.);
#8829 = ADVANCED_FACE('', (#8828), #12, .T.);
#8830 = DIRECTION('', (-0.221716, -0.671558, 0.707002));
#8831 = POLY_LOOP('', (#822, #824, #1720));
#8832 = FACE_OUTER_BOUND('', #8831, .T.);
#8833 = ADVANCED_FACE('', (#8832), #12, .T.);
#8834 = DIRECTION('', (-0.221978, -0.672376, 0.706142));
#8835 = POLY_LOOP('', (#822, #1720, #1718));
#8836 = FACE_OUTER_BOUND('', #8835, .T.);
#8837 = ADVANCED_FACE('', (#8836), #12, .T.);
#8838 = DIRECTION('', (-0.130634, -0.694955, 0.707087));
#8839 = POLY_LOOP('', (#824, #826, #1722));
#8840 = FACE_OUTER_BOUND('', #8839, .T.);
#8841 = ADVANCED_FACE('', (#8840), #12, .T.);
#8842 = DIRECTION('', (-0.131242, -0.696935, 0.705023));
#8843 = POLY_LOOP('', (#824, #1722, #1720));
#8844 = FACE_OUTER_BOUND('', #8843, .T.);
#8845 = ADVANCED_FACE('', (#8844), #12, .T.);
#8846 = DIRECTION('', (-0.062070, -0.704396, 0.707088));
#8847 = POLY_LOOP('', (#826, #828, #1724));
#8848 = FACE_OUTER_BOUND('', #8847, .T.);
#8849 = ADVANCED_FACE('', (#8848), #12, .T.);
#8850 = DIRECTION('', (-0.062479, -0.706417, 0.705033));
#8851 = POLY_LOOP('', (#826, #1724, #1722));
#8852 = FACE_OUTER_BOUND('', #8851, .T.);
#8853 = ADVANCED_FACE('', (#8852), #12, .T.);
#8854 = DIRECTION('', (-0.017410, -0.707000, 0.707000));
#8855 = POLY_LOOP('', (#828, #830, #1726));
#8856 = FACE_OUTER_BOUND('', #8855, .T.);
#8857 = ADVANCED_FACE('', (#8856), #12, .T.);
#8858 = DIRECTION('', (-0.017423, -0.707849, 0.706149));
#8859 = POLY_LOOP('', (#828, #1726, #1724));
#8860 = FACE_OUTER_BOUND('', #8859, .T.);
#8861 = ADVANCED_FACE('', (#8860), #12, .T.);
#8862 = DIRECTION('', (0.017503, -0.707844, 0.706152));
#8863 = POLY_LOOP('', (#830, #832, #1728));
#8864 = FACE_OUTER_BOUND('', #8863, .T.);
#8865 = ADVANCED_FACE('', (#8864), #12, .T.);
#8866 = DIRECTION('', (0.017329, -0.707001, 0.707001));
#8867 = POLY_LOOP('', (#830, #1728, #1726));
#8868 = FACE_OUTER_BOUND('', #8867, .T.);
#8869 = ADVANCED_FACE('', (#8868), #12, .T.);
#8870 = DIRECTION('', (0.062673, -0.706390, 0.705043));
#8871 = POLY_LOOP('', (#832, #834, #1730));
#8872 = FACE_OUTER_BOUND('', #8871, .T.);
#8873 = ADVANCED_FACE('', (#8872), #12, .T.);
#8874 = DIRECTION('', (0.061873, -0.704414, 0.707087));
#8875 = POLY_LOOP('', (#832, #1730, #1728));
#8876 = FACE_OUTER_BOUND('', #8875, .T.);
#8877 = ADVANCED_FACE('', (#8876), #12, .T.);
#8878 = DIRECTION('', (0.131433, -0.696888, 0.705033));
#8879 = POLY_LOOP('', (#834, #836, #1732));
#8880 = FACE_OUTER_BOUND('', #8879, .T.);
#8881 = ADVANCED_FACE('', (#8880), #12, .T.);
#8882 = DIRECTION('', (0.130437, -0.694993, 0.707086));
#8883 = POLY_LOOP('', (#834, #1732, #1730));
#8884 = FACE_OUTER_BOUND('', #8883, .T.);
#8885 = ADVANCED_FACE('', (#8884), #12, .T.);
#8886 = DIRECTION('', (0.222055, -0.672347, 0.706145));
#8887 = POLY_LOOP('', (#836, #838, #1734));
#8888 = FACE_OUTER_BOUND('', #8887, .T.);
#8889 = ADVANCED_FACE('', (#8888), #12, .T.);
#8890 = DIRECTION('', (0.221637, -0.671583, 0.707003));
#8891 = POLY_LOOP('', (#836, #1734, #1732));
#8892 = FACE_OUTER_BOUND('', #8891, .T.);
#8893 = ADVANCED_FACE('', (#8892), #12, .T.);
#8894 = DIRECTION('', (0.318086, -0.631640, 0.707002));
#8895 = POLY_LOOP('', (#838, #840, #1736));
#8896 = FACE_OUTER_BOUND('', #8895, .T.);
#8897 = ADVANCED_FACE('', (#8896), #12, .T.);
#8898 = DIRECTION('', (0.318480, -0.632404, 0.706142));
#8899 = POLY_LOOP('', (#838, #1736, #1734));
#8900 = FACE_OUTER_BOUND('', #8899, .T.);
#8901 = ADVANCED_FACE('', (#8900), #12, .T.);
#8902 = DIRECTION('', (0.399036, -0.583779, 0.707087));
#8903 = POLY_LOOP('', (#840, #842, #1738));
#8904 = FACE_OUTER_BOUND('', #8903, .T.);
#8905 = ADVANCED_FACE('', (#8904), #12, .T.);
#8906 = DIRECTION('', (0.400006, -0.585609, 0.705023));
#8907 = POLY_LOOP('', (#840, #1738, #1736));
#8908 = FACE_OUTER_BOUND('', #8907, .T.);
#8909 = ADVANCED_FACE('', (#8908), #12, .T.);
#8910 = DIRECTION('', (0.454193, -0.541974, 0.707088));
#8911 = POLY_LOOP('', (#842, #844, #1740));
#8912 = FACE_OUTER_BOUND('', #8911, .T.);
#8913 = ADVANCED_FACE('', (#8912), #12, .T.);
#8914 = DIRECTION('', (0.455333, -0.543692, 0.705033));
#8915 = POLY_LOOP('', (#842, #1740, #1738));
#8916 = FACE_OUTER_BOUND('', #8915, .T.);
#8917 = ADVANCED_FACE('', (#8916), #12, .T.);
#8918 = DIRECTION('', (0.487613, -0.512235, 0.707000));
#8919 = POLY_LOOP('', (#844, #846, #1742));
#8920 = FACE_OUTER_BOUND('', #8919, .T.);
#8921 = ADVANCED_FACE('', (#8920), #12, .T.);
#8922 = DIRECTION('', (0.488205, -0.512845, 0.706149));
#8923 = POLY_LOOP('', (#844, #1742, #1740));
#8924 = FACE_OUTER_BOUND('', #8923, .T.);
#8925 = ADVANCED_FACE('', (#8924), #12, .T.);
#8926 = DIRECTION('', (0.512898, -0.488145, 0.706152));
#8927 = POLY_LOOP('', (#846, #848, #1744));
#8928 = FACE_OUTER_BOUND('', #8927, .T.);
#8929 = ADVANCED_FACE('', (#8928), #12, .T.);
#8930 = DIRECTION('', (0.512178, -0.487672, 0.707001));
#8931 = POLY_LOOP('', (#846, #1744, #1742));
#8932 = FACE_OUTER_BOUND('', #8931, .T.);
#8933 = ADVANCED_FACE('', (#8932), #12, .T.);
#8934 = DIRECTION('', (0.543809, -0.455177, 0.705043));
#8935 = POLY_LOOP('', (#848, #850, #1746));
#8936 = FACE_OUTER_BOUND('', #8935, .T.);
#8937 = ADVANCED_FACE('', (#8936), #12, .T.);
#8938 = DIRECTION('', (0.541847, -0.454346, 0.707087));
#8939 = POLY_LOOP('', (#848, #1746, #1744));
#8940 = FACE_OUTER_BOUND('', #8939, .T.);
#8941 = ADVANCED_FACE('', (#8940), #12, .T.);
#8942 = DIRECTION('', (0.585712, -0.399837, 0.705033));
#8943 = POLY_LOOP('', (#850, #852, #1748));
#8944 = FACE_OUTER_BOUND('', #8943, .T.);
#8945 = ADVANCED_FACE('', (#8944), #12, .T.);
#8946 = DIRECTION('', (0.583667, -0.399202, 0.707086));
#8947 = POLY_LOOP('', (#850, #1748, #1746));
#8948 = FACE_OUTER_BOUND('', #8947, .T.);
#8949 = ADVANCED_FACE('', (#8948), #12, .T.);
#8950 = DIRECTION('', (0.632438, -0.318405, 0.706145));
#8951 = POLY_LOOP('', (#852, #854, #1750));
#8952 = FACE_OUTER_BOUND('', #8951, .T.);
#8953 = ADVANCED_FACE('', (#8952), #12, .T.);
#8954 = DIRECTION('', (0.631602, -0.318160, 0.707003));
#8955 = POLY_LOOP('', (#852, #1750, #1748));
#8956 = FACE_OUTER_BOUND('', #8955, .T.);
#8957 = ADVANCED_FACE('', (#8956), #12, .T.);
#8958 = DIRECTION('', (0.671558, -0.221716, 0.707002));
#8959 = POLY_LOOP('', (#854, #856, #1752));
#8960 = FACE_OUTER_BOUND('', #8959, .T.);
#8961 = ADVANCED_FACE('', (#8960), #12, .T.);
#8962 = DIRECTION('', (0.672376, -0.221978, 0.706142));
#8963 = POLY_LOOP('', (#854, #1752, #1750));
#8964 = FACE_OUTER_BOUND('', #8963, .T.);
#8965 = ADVANCED_FACE('', (#8964), #12, .T.);
#8966 = DIRECTION('', (0.694955, -0.130634, 0.707087));
#8967 = POLY_LOOP('', (#856, #858, #1754));
#8968 = FACE_OUTER_BOUND('', #8967, .T.);
#8969 = ADVANCED_FACE('', (#8968), #12, .T.);
#8970 = DIRECTION('', (0.696935, -0.131242, 0.705023));
#8971 = POLY_LOOP('', (#856, #1754, #1752));
#8972 = FACE_OUTER_BOUND('', #8971, .T.);
#8973 = ADVANCED_FACE('', (#8972), #12, .T.);
#8974 = DIRECTION('', (0.704396, -0.062070, 0.707088));
#8975 = POLY_LOOP('', (#858, #860, #1756));
#8976 = FACE_OUTER_BOUND('', #8975, .T.);
#8977 = ADVANCED_FACE('', (#8976), #12, .T.);
#8978 = DIRECTION('', (0.706417, -0.062479, 0.705033));
#8979 = POLY_LOOP('', (#858, #1756, #1754));
#8980 = FACE_OUTER_BOUND('', #8979, .T.);
#8981 = ADVANCED_FACE('', (#8980), #12, .T.);
#8982 = DIRECTION('', (0.707000, -0.017410, 0.707000));
#8983 = POLY_LOOP('', (#860, #862, #1758));
#8984 = FACE_OUTER_BOUND('', #8983, .T.);
#8985 = ADVANCED_FACE('', (#8984), #12, .T.);
#8986 = DIRECTION('', (0.707849, -0.017423, 0.706149));
#8987 = POLY_LOOP('', (#860, #1758, #1756));
#8988 = FACE_OUTER_BOUND('', #8987, .T.);
#8989 = ADVANCED_FACE('', (#8988), #12, .T.);
#8990 = DIRECTION('', (0.707844, 0.017503, 0.706152));
#8991 = POLY_LOOP('', (#862, #864, #1760));
#8992 = FACE_OUTER_BOUND('', #8991, .T.);
#8993 = ADVANCED_FACE('', (#8992), #12, .T.);
#8994 = DIRECTION('', (0.707001, 0.017329, 0.707001));
#8995 = POLY_LOOP('', (#862, #1760, #1758));
#8996 = FACE_OUTER_BOUND('', #8995, .T.);
#8997 = ADVANCED_FACE('', (#8996), #12, .T.);
#8998 = DIRECTION('', (0.706390, 0.062673, 0.705043));
#8999 = POLY_LOOP('', (#864, #866, #1762));
#9000 = FACE_OUTER_BOUND('', #8999, .T.);
#9001 = ADVANCED_FACE('', (#9000), #12, .T.);
#9002 = DIRECTION('', (0.704414, 0.061873, 0.707087));
#9003 = POLY_LOOP('', (#864, #1762, #1760));
#9004 = FACE_OUTER_BOUND('', #9003, .T.);
#9005 = ADVANCED_FACE('', (#9004), #12, .T.);
#9006 = DIRECTION('', (0.696888, 0.131433, 0.705033));
#9007 = POLY_LOOP('', (#866, #868, #1764));
#9008 = FACE_OUTER_BOUND('', #9007, .T.);
#9009 = ADVANCED_FACE('', (#9008), #12, .T.);
#9010 = DIRECTION('', (0.694993, 0.130437, 0.707086));
#9011 = POLY_LOOP('', (#866, #1764, #1762));
#9012 = FACE_OUTER_BOUND('', #9011, .T.);
#9013 = ADVANCED_FACE('', (#9012), #12, .T.);
#9014 = DIRECTION('', (0.672347, 0.222055, 0.706145));
#9015 = POLY_LOOP('', (#868, #870, #1766));
#9016 = FACE_OUTER_BOUND('', #9015, .T.);
#9017 = ADVANCED_FACE('', (#9016), #12, .T.);
#9018 = DIRECTION('', (0.671583, 0.221637, 0.707003));
#9019 = POLY_LOOP('', (#868, #1766, #1764));
#9020 = FACE_OUTER_BOUND('', #9019, .T.);
#9021 = ADVANCED_FACE('', (#9020), #12, .T.);
#9022 = DIRECTION('', (0.631640, 0.318086, 0.707002));
#9023 = POLY_LOOP('', (#870, #872, #1768));
#9024 = FACE_OUTER_BOUND('', #9023, .T.);
#9025 = ADVANCED_FACE('', (#9024), #12, .T.);
#9026 = DIRECTION('', (0.632404, 0.318480, 0.706142));
#9027 = POLY_LOOP('', (#870, #1768, #1766));
#9028 = FACE_OUTER_BOUND('', #9027, .T.);
#9029 = ADVANCED_FACE('', (#9028), #12, .T.);
#9030 = DIRECTION('', (0.583779, 0.399036, 0.707087));
#9031 = POLY_LOOP('', (#872, #874, #1770));
#9032 = FACE_OUTER_BOUND('', #9031, .T.);
#9033 = ADVANCED_FACE('', (#9032), #12, .T.);
#9034 = DIRECTION('', (0.585609, 0.400006, 0.705023));
#9035 = POLY_LOOP('', (#872, #1770, #1768));
#9036 = FACE_OUTER_BOUND('', #9035, .T.);
#9037 = ADVANCED_FACE('', (#9036), #12, .T.);
#9038 = DIRECTION('', (0.541974, 0.454193, 0.707088));
#9039 = POLY_LOOP('', (#874, #876, #1772));
#9040 = FACE_OUTER_BOUND('', #9039, .T.);
#9041 = ADVANCED_FACE('', (#9040), #12, .T.);
#9042 = DIRECTION('', (0.543692, 0.455333, 0.705033));
#9043 = POLY_LOOP('', (#874, #1772, #1770));
#9044 = FACE_OUTER_BOUND('', #9043, .T.);
#9045 = ADVANCED_FACE('', (#9044), #12, .T.);
#9046 = DIRECTION('', (0.512235, 0.487613, 0.707000));
#9047 = POLY_LOOP('', (#876, #878, #1774));
#9048 = FACE_OUTER_BOUND('', #9047, .T.);
#9049 = ADVANCED_FACE('', (#9048), #12, .T.);
#9050 = DIRECTION('', (0.512845, 0.488205, 0.706149));
#9051 = POLY_LOOP('', (#876, #1774, #1772));
#9052 = FACE_OUTER_BOUND('', #9051, .T.);
#9053 = ADVANCED_FACE('', (#9052), #12, .T.);
#9054 = DIRECTION('', (0.488145, 0.512898, 0.706152));
#9055 = POLY_LOOP('', (#878, #880, #1776));
#9056 = FACE_OUTER_BOUND('', #9055, .T.);
#9057 = ADVANCED_FACE('', (#9056), #12, .T.);
#9058 = DIRECTION('', (0.487672, 0.512178, 0.707001));
#9059 = POLY_LOOP('', (#878, #1776, #1774));
#9060 = FACE_OUTER_BOUND('', #9059, .T.);
#9061 = ADVANCED_FACE('', (#9060), #12, .T.);
#9062 = DIRECTION('', (0.455177, 0.543809, 0.705043));
#9063 = POLY_LOOP('', (#880, #882, #1778));
#9064 = FACE_OUTER_BOUND('', #9063, .T.);
#9065 = ADVANCED_FACE('', (#9064), #12, .T.);
#9066 = DIRECTION('', (0.454346, 0.541847, 0.707087));
#9067 = POLY_LOOP('', (#880, #1778, #1776));
#9068 = FACE_OUTER_BOUND('', #9067, .T.);
#9069 = ADVANCED_FACE('', (#9068), #12, .T.);
#9070 = DIRECTION('', (0.399837, 0.585712, 0.705033));
#9071 = POLY_LOOP('', (#882, #884, #1780));
#9072 = FACE_OUTER_BOUND('', #9071, .T.);
#9073 = ADVANCED_FACE('', (#9072), #12, .T.);
#9074 = DIRECTION('', (0.399202, 0.583667, 0.707086));
#9075 = POLY_LOOP('', (#882, #1780, #1778));
#9076 = FACE_OUTER_BOUND('', #9075, .T.);
#9077 = ADVANCED_FACE('', (#9076), #12, .T.);
#9078 = DIRECTION('', (0.318405, 0.632438, 0.706145));
#9079 = POLY_LOOP('', (#884, #886, #1782));
#9080 = FACE_OUTER_BOUND('', #9079, .T.);
#9081 = ADVANCED_FACE('', (#9080), #12, .T.);
#9082 = DIRECTION('', (0.318160, 0.631602, 0.707003));
#9083 = POLY_LOOP('', (#884, #1782, #1780));
#9084 = FACE_OUTER_BOUND('', #9083, .T.);
#9085 = ADVANCED_FACE('', (#9084), #12, .T.);
#9086 = DIRECTION('', (0.221716, 0.671558, 0.707002));
#9087 = POLY_LOOP('', (#886, #888, #1784));
#9088 = FACE_OUTER_BOUND('', #9087, .T.);
#9089 = ADVANCED_FACE('', (#9088), #12, .T.);
#9090 = DIRECTION('', (0.221978, 0.672376, 0.706142));
#9091 = POLY_LOOP('', (#886, #1784, #1782));
#9092 = FACE_OUTER_BOUND('', #9091, .T.);
#9093 = ADVANCED_FACE('', (#9092), #12, .T.);
#9094 = DIRECTION('', (0.130634, 0.694955, 0.707087));
#9095 = POLY_LOOP('', (#888, #890, #1786));
#9096 = FACE_OUTER_BOUND('', #9095, .T.);
#9097 = ADVANCED_FACE('', (#9096), #12, .T.);
#9098 = DIRECTION('', (0.131242, 0.696935, 0.705023));
#9099 = POLY_LOOP('', (#888, #1786, #1784));
#9100 = FACE_OUTER_BOUND('', #9099, .T.);
#9101 = ADVANCED_FACE('', (#9100), #12, .T.);
#9102 = DIRECTION('', (0.062070, 0.704396, 0.707088));
#9103 = POLY_LOOP('', (#890, #892, #1788));
#9104 = FACE_OUTER_BOUND('', #9103, .T.);
#9105 = ADVANCED_FACE('', (#9104), #12, .T.);
#9106 = DIRECTION('', (0.062479, 0.706417, 0.705033));
#9107 = POLY_LOOP('', (#890, #1788, #1786));
#9108 = FACE_OUTER_BOUND('', #9107, .T.);
#9109 = ADVANCED_FACE('', (#9108), #12, .T.);
#9110 = DIRECTION('', (0.017410, 0.707000, 0.707000));
#9111 = POLY_LOOP('', (#892, #894, #1790));
#9112 = FACE_OUTER_BOUND('', #9111, .T.);
#9113 = ADVANCED_FACE('', (#9112), #12, .T.);
#9114 = DIRECTION('', (0.017423, 0.707849, 0.706149));
#9115 = POLY_LOOP('', (#892, #1790, #1788));
#9116 = FACE_OUTER_BOUND('', #9115, .T.);
#9117 = ADVANCED_FACE('', (#9116), #12, .T.);
#9118 = DIRECTION('', (-0.017503, 0.707844, 0.706152));
#9119 = POLY_LOOP('', (#894, #896, #1792));
#9120 = FACE_OUTER_BOUND('', #9119, .T.);
#9121 = ADVANCED_FACE('', (#9120), #12, .T.);
#9122 = DIRECTION('', (-0.017329, 0.707001, 0.707001));
#9123 = POLY_LOOP('', (#894, #1792, #1790));
#9124 = FACE_OUTER_BOUND('', #9123, .T.);
#9125 = ADVANCED_FACE('', (#9124), #12, .T.);
#9126 = DIRECTION('', (-0.062673, 0.706390, 0.705043));
#9127 = POLY_LOOP('', (#896, #898, #1794));
#9128 = FACE_OUTER_BOUND('', #9127, .T.);
#9129 = ADVANCED_FACE('', (#9128), #12, .T.);
#9130 = DIRECTION('', (-0.061873, 0.704414, 0.707087));
#9131 = POLY_LOOP('', (#896, #1794, #1792));
#9132 = FACE_OUTER_BOUND('', #9131, .T.);
#9133 = ADVANCED_FACE('', (#9132), #12, .T.);
#9134 = DIRECTION('', (-0.131433, 0.696888, 0.705033));
#9135 = POLY_LOOP('', (#898, #900, #1796));
#9136 = FACE_OUTER_BOUND('', #9135, .T.);
#9137 = ADVANCED_FACE('', (#9136), #12, .T.);
#9138 = DIRECTION('', (-0.130437, 0.694993, 0.707086));
#9139 = POLY_LOOP('', (#898, #1796, #1794));
#9140 = FACE_OUTER_BOUND('', #9139, .T.);
#9141 = ADVANCED_FACE('', (#9140), #12, .T.);
#9142 = DIRECTION('', (-0.222055, 0.672347, 0.706145));
#9143 = POLY_LOOP('', (#900, #902, #1798));
#9144 = FACE_OUTER_BOUND('', #9143, .T.);
#9145 = ADVANCED_FACE('', (#9144), #12, .T.);
#9146 = DIRECTION('', (-0.221637, 0.671583, 0.707003));
#9147 = POLY_LOOP('', (#900, #1798, #1796));
#9148 = FACE_OUTER_BOUND('', #9147, .T.);
#9149 = ADVANCED_FACE('', (#9148), #12, .T.);
#9150 = DIRECTION('', (-0.318086, 0.631640, 0.707002));
#9151 = POLY_LOOP('', (#902, #904, #1800));
#9152 = FACE_OUTER_BOUND('', #9151, .T.);
#9153 = ADVANCED_FACE('', (#9152), #12, .T.);
#9154 = DIRECTION('', (-0.318480, 0.632404, 0.706142));
#9155 = POLY_LOOP('', (#902, #1800, #1798));
#9156 = FACE_OUTER_BOUND('', #9155, .T.);
#9157 = ADVANCED_FACE('', (#9156), #12, .T.);
#9158 = DIRECTION('', (-0.399036, 0.583779, 0.707087));
#9159 = POLY_LOOP('', (#904, #906, #1802));
#9160 = FACE_OUTER_BOUND('', #9159, .T.);
#9161 = ADVANCED_FACE('', (#9160), #12, .T.);
#9162 = DIRECTION('', (-0.400006, 0.585609, 0.705023));
#9163 = POLY_LOOP('', (#904, #1802, #1800));
#9164 = FACE_OUTER_BOUND('', #9163, .T.);
#9165 = ADVANCED_FACE('', (#9164), #12, .T.);
#9166 = DIRECTION('', (-0.454193, 0.541974, 0.707088));
#9167 = POLY_LOOP('', (#906, #908, #1804));
#9168 = FACE_OUTER_BOUND('', #9167, .T.);
#9169 = ADVANCED_FACE('', (#9168), #12, .T.);
#9170 = DIRECTION('', (-0.455333, 0.543692, 0.705033));
#9171 = POLY_LOOP('', (#906, #1804, #1802));
#9172 = FACE_OUTER_BOUND('', #9171, .T.);
#9173 = ADVANCED_FACE('', (#9172), #12, .T.);
#9174 = DIRECTION('', (-0.487613, 0.512235, 0.707000));
#9175 = POLY_LOOP('', (#908, #910, #1806));
#9176 = FACE_OUTER_BOUND('', #9175, .T.);
#9177 = ADVANCED_FACE('', (#9176), #12, .T.);
#9178 = DIRECTION('', (-0.488205, 0.512845, 0.706149));
#9179 = POLY_LOOP('', (#908, #1806, #1804));
#9180 = FACE_OUTER_BOUND('', #9179, .T.);
#9181 = ADVANCED_FACE('', (#9180), #12, .T.);
#9182 = DIRECTION('', (-0.512898, 0.488145, 0.706152));
#9183 = POLY_LOOP('', (#910, #912, #1808));
#9184 = FACE_OUTER_BOUND('', #9183, .T.);
#9185 = ADVANCED_FACE('', (#9184), #12, .T.);
#9186 = DIRECTION('', (-0.512178, 0.487672, 0.707001));
#9187 = POLY_LOOP('', (#910, #1808, #1806));
#9188 = FACE_OUTER_BOUND('', #9187, .T.);
#9189 = ADVANCED_FACE('', (#9188), #12, .T.);
#9190 = DIRECTION('', (-0.543809, 0.455177, 0.705043));
#9191 = POLY_LOOP('', (#912, #914, #1810));
#9192 = FACE_OUTER_BOUND('', #9191, .T.);
#9193 = ADVANCED_FACE('', (#9192), #12, .T.);
#9194 = DIRECTION('', (-0.541847, 0.454346, 0.707087));
#9195 = POLY_LOOP('', (#912, #1810, #1808));
#9196 = FACE_OUTER_BOUND('', #9195, .T.);
#9197 = ADVANCED_FACE('', (#9196), #12, .T.);
#9198 = DIRECTION('', (-0.585712, 0.399837, 0.705033));
#9199 = POLY_LOOP('', (#914, #916, #1812));
#9200 = FACE_OUTER_BOUND('', #9199, .T.);
#9201 = ADVANCED_FACE('', (#9200), #12, .T.);
#9202 = DIRECTION('', (-0.583667, 0.399202, 0.707086));
#9203 = POLY_LOOP('', (#914, #1812, #1810));
#9204 = FACE_OUTER_BOUND('', #9203, .T.);
#9205 = ADVANCED_FACE('', (#9204), #12, .T.);
#9206 = DIRECTION('', (-0.632438, 0.318405, 0.706145));
#9207 = POLY_LOOP('', (#916, #918, #1814));
#9208 = FACE_OUTER_BOUND('', #9207, .T.);
#9209 = ADVANCED_FACE('', (#9208), #12, .T.);
#9210 = DIRECTION('', (-0.631602, 0.318160, 0.707003));
#9211 = POLY_LOOP('', (#916, #1814, #1812));
#9212 = FACE_OUTER_BOUND('', #9211, .T.);
#9213 = ADVANCED_FACE('', (#9212), #12, .T.);
#9214 = DIRECTION('', (-0.671558, 0.221716, 0.707002));
#9215 = POLY_LOOP('', (#918, #920, #1816));
#9216 = FACE_OUTER_BOUND('', #9215, .T.);
#9217 = ADVANCED_FACE('', (#9216), #12, .T.);
#9218 = DIRECTION('', (-0.672376, 0.221978, 0.706142));
#9219 = POLY_LOOP('', (#918, #1816, #1814));
#9220 = FACE_OUTER_BOUND('', #9219, .T.);
#9221 = ADVANCED_FACE('', (#9220), #12, .T.);
#9222 = DIRECTION('', (-0.694955, 0.130634, 0.707087));
#9223 = POLY_LOOP('', (#920, #922, #1818));
#9224 = FACE_OUTER_BOUND('', #9223, .T.);
#9225 = ADVANCED_FACE('', (#9224), #12, .T.);
#9226 = DIRECTION('', (-0.696935, 0.131242, 0.705023));
#9227 = POLY_LOOP('', (#920, #1818, #1816));
#9228 = FACE_OUTER_BOUND('', #9227, .T.);
#9229 = ADVANCED_FACE('', (#9228), #12, .T.);
#9230 = DIRECTION('', (-0.704396, 0.062070, 0.707088));
#9231 = POLY_LOOP('', (#922, #924, #1820));
#9232 = FACE_OUTER_BOUND('', #9231, .T.);
#9233 = ADVANCED_FACE('', (#9232), #12, .T.);
#9234 = DIRECTION('', (-0.706417, 0.062479, 0.705033));
#9235 = POLY_LOOP('', (#922, #1820, #1818));
#9236 = FACE_OUTER_BOUND('', #9235, .T.);
#9237 = ADVANCED_FACE('', (#9236), #12, .T.);
#9238 = DIRECTION('', (-0.707000, 0.017410, 0.707000));
#9239 = POLY_LOOP('', (#924, #798, #1694));
#9240 = FACE_OUTER_BOUND('', #9239, .T.);
#9241 = ADVANCED_FACE('', (#9240), #12, .T.);
#9242 = DIRECTION('', (-0.707849, 0.017423, 0.706149));
#9243 = POLY_LOOP('', (#924, #1694, #1820));
#9244 = FACE_OUTER_BOUND('', #9243, .T.);
#9245 = ADVANCED_FACE('', (#9244), #12, .T.);
#9246 = DIRECTION('', (0.706681, 0.034717, -0.706681));
#9247 = POLY_LOOP('', (#30, #926, #928));
#9248 = FACE_OUTER_BOUND('', #9247, .T.);
#9249 = ADVANCED_FACE('', (#9248), #12, .T.);
#9250 = DIRECTION('', (0.706681, 0.034717, -0.706681));
#9251 = POLY_LOOP('', (#30, #928, #32));
#9252 = FACE_OUTER_BOUND('', #9251, .T.);
#9253 = ADVANCED_FACE('', (#9252), #12, .T.);
#9254 = DIRECTION('', (0.699875, 0.103817, -0.706681));
#9255 = POLY_LOOP('', (#32, #928, #930));
#9256 = FACE_OUTER_BOUND('', #9255, .T.);
#9257 = ADVANCED_FACE('', (#9256), #12, .T.);
#9258 = DIRECTION('', (0.699875, 0.103817, -0.706681));
#9259 = POLY_LOOP('', (#32, #930, #34));
#9260 = FACE_OUTER_BOUND('', #9259, .T.);
#9261 = ADVANCED_FACE('', (#9260), #12, .T.);
#9262 = DIRECTION('', (0.686329, 0.171916, -0.706681));
#9263 = POLY_LOOP('', (#34, #930, #932));
#9264 = FACE_OUTER_BOUND('', #9263, .T.);
#9265 = ADVANCED_FACE('', (#9264), #12, .T.);
#9266 = DIRECTION('', (0.686329, 0.171916, -0.706681));
#9267 = POLY_LOOP('', (#34, #932, #36));
#9268 = FACE_OUTER_BOUND('', #9267, .T.);
#9269 = ADVANCED_FACE('', (#9268), #12, .T.);
#9270 = DIRECTION('', (0.666173, 0.238361, -0.706681));
#9271 = POLY_LOOP('', (#36, #932, #934));
#9272 = FACE_OUTER_BOUND('', #9271, .T.);
#9273 = ADVANCED_FACE('', (#9272), #12, .T.);
#9274 = DIRECTION('', (0.666173, 0.238361, -0.706681));
#9275 = POLY_LOOP('', (#36, #934, #38));
#9276 = FACE_OUTER_BOUND('', #9275, .T.);
#9277 = ADVANCED_FACE('', (#9276), #12, .T.);
#9278 = DIRECTION('', (0.639602, 0.302509, -0.706681));
#9279 = POLY_LOOP('', (#38, #934, #936));
#9280 = FACE_OUTER_BOUND('', #9279, .T.);
#9281 = ADVANCED_FACE('', (#9280), #12, .T.);
#9282 = DIRECTION('', (0.639602, 0.302509, -0.706681));
#9283 = POLY_LOOP('', (#38, #936, #40));
#9284 = FACE_OUTER_BOUND('', #9283, .T.);
#9285 = ADVANCED_FACE('', (#9284), #12, .T.);
#9286 = DIRECTION('', (0.606871, 0.363745, -0.706681));
#9287 = POLY_LOOP('', (#40, #936, #938));
#9288 = FACE_OUTER_BOUND('', #9287, .T.);
#9289 = ADVANCED_FACE('', (#9288), #12, .T.);
#9290 = DIRECTION('', (0.606871, 0.363745, -0.706681));
#9291 = POLY_LOOP('', (#40, #938, #42));
#9292 = FACE_OUTER_BOUND('', #9291, .T.);
#9293 = ADVANCED_FACE('', (#9292), #12, .T.);
#9294 = DIRECTION('', (0.568296, 0.421477, -0.706681));
#9295 = POLY_LOOP('', (#42, #938, #940));
#9296 = FACE_OUTER_BOUND('', #9295, .T.);
#9297 = ADVANCED_FACE('', (#9296), #12, .T.);
#9298 = DIRECTION('', (0.568296, 0.421477, -0.706681));
#9299 = POLY_LOOP('', (#42, #940, #44));
#9300 = FACE_OUTER_BOUND('', #9299, .T.);
#9301 = ADVANCED_FACE('', (#9300), #12, .T.);
#9302 = DIRECTION('', (0.524247, 0.475150, -0.706681));
#9303 = POLY_LOOP('', (#44, #940, #942));
#9304 = FACE_OUTER_BOUND('', #9303, .T.);
#9305 = ADVANCED_FACE('', (#9304), #12, .T.);
#9306 = DIRECTION('', (0.524247, 0.475150, -0.706681));
#9307 = POLY_LOOP('', (#44, #942, #46));
#9308 = FACE_OUTER_BOUND('', #9307, .T.);
#9309 = ADVANCED_FACE('', (#9308), #12, .T.);
#9310 = DIRECTION('', (0.475150, 0.524247, -0.706681));
#9311 = POLY_LOOP('', (#46, #942, #944));
#9312 = FACE_OUTER_BOUND('', #9311, .T.);
#9313 = ADVANCED_FACE('', (#9312), #12, .T.);
#9314 = DIRECTION('', (0.475150, 0.524247, -0.706681));
#9315 = POLY_LOOP('', (#46, #944, #48));
#9316 = FACE_OUTER_BOUND('', #9315, .T.);
#9317 = ADVANCED_FACE('', (#9316), #12, .T.);
#9318 = DIRECTION('', (0.421477, 0.568296, -0.706681));
#9319 = POLY_LOOP('', (#48, #944, #946));
#9320 = FACE_OUTER_BOUND('', #9319, .T.);
#9321 = ADVANCED_FACE('', (#9320), #12, .T.);
#9322 = DIRECTION('', (0.421477, 0.568296, -0.706681));
#9323 = POLY_LOOP('', (#48, #946, #50));
#9324 = FACE_OUTER_BOUND('', #9323, .T.);
#9325 = ADVANCED_FACE('', (#9324), #12, .T.);
#9326 = DIRECTION('', (0.363745, 0.606871, -0.706681));
#9327 = POLY_LOOP('', (#50, #946, #948));
#9328 = FACE_OUTER_BOUND('', #9327, .T.);
#9329 = ADVANCED_FACE('', (#9328), #12, .T.);
#9330 = DIRECTION('', (0.363745, 0.606871, -0.706681));
#9331 = POLY_LOOP('', (#50, #948, #52));
#9332 = FACE_OUTER_BOUND('', #9331, .T.);
#9333 = ADVANCED_FACE('', (#9332), #12, .T.);
#9334 = DIRECTION('', (0.302509, 0.639602, -0.706681));
#9335 = POLY_LOOP('', (#52, #948, #950));
#9336 = FACE_OUTER_BOUND('', #9335, .T.);
#9337 = ADVANCED_FACE('', (#9336), #12, .T.);
#9338 = DIRECTION('', (0.302509, 0.639602, -0.706681));
#9339 = POLY_LOOP('', (#52, #950, #54));
#9340 = FACE_OUTER_BOUND('', #9339, .T.);
#9341 = ADVANCED_FACE('', (#9340), #12, .T.);
#9342 = DIRECTION('', (0.238361, 0.666173, -0.706681));
#9343 = POLY_LOOP('', (#54, #950, #952));
#9344 = FACE_OUTER_BOUND('', #9343, .T.);
#9345 = ADVANCED_FACE('', (#9344), #12, .T.);
#9346 = DIRECTION('', (0.238361, 0.666173, -0.706681));
#9347 = POLY_LOOP('', (#54, #952, #56));
#9348 = FACE_OUTER_BOUND('', #9347, .T.);
#9349 = ADVANCED_FACE('', (#9348), #12, .T.);
#9350 = DIRECTION('', (0.171916, 0.686329, -0.706681));
#9351 = POLY_LOOP('', (#56, #952, #954));
#9352 = FACE_OUTER_BOUND('', #9351, .T.);
#9353 = ADVANCED_FACE('', (#9352), #12, .T.);
#9354 = DIRECTION('', (0.171916, 0.686329, -0.706681));
#9355 = POLY_LOOP('', (#56, #954, #58));
#9356 = FACE_OUTER_BOUND('', #9355, .T.);
#9357 = ADVANCED_FACE('', (#9356), #12, .T.);
#9358 = DIRECTION('', (0.103817, 0.699875, -0.706681));
#9359 = POLY_LOOP('', (#58, #954, #956));
#9360 = FACE_OUTER_BOUND('', #9359, .T.);
#9361 = ADVANCED_FACE('', (#9360), #12, .T.);
#9362 = DIRECTION('', (0.103817, 0.699875, -0.706681));
#9363 = POLY_LOOP('', (#58, #956, #60));
#9364 = FACE_OUTER_BOUND('', #9363, .T.);
#9365 = ADVANCED_FACE('', (#9364), #12, .T.);
#9366 = DIRECTION('', (0.034717, 0.706681, -0.706681));
#9367 = POLY_LOOP('', (#60, #956, #958));
#9368 = FACE_OUTER_BOUND('', #9367, .T.);
#9369 = ADVANCED_FACE('', (#9368), #12, .T.);
#9370 = DIRECTION('', (0.034717, 0.706681, -0.706681));
#9371 = POLY_LOOP('', (#60, #958, #62));
#9372 = FACE_OUTER_BOUND('', #9371, .T.);
#9373 = ADVANCED_FACE('', (#9372), #12, .T.);
#9374 = DIRECTION('', (-0.034717, 0.706681, -0.706681));
#9375 = POLY_LOOP('', (#62, #958, #960));
#9376 = FACE_OUTER_BOUND('', #9375, .T.);
#9377 = ADVANCED_FACE('', (#9376), #12, .T.);
#9378 = DIRECTION('', (-0.034717, 0.706681, -0.706681));
#9379 = POLY_LOOP('', (#62, #960, #64));
#9380 = FACE_OUTER_BOUND('', #9379, .T.);
#9381 = ADVANCED_FACE('', (#9380), #12, .T.);
#9382 = DIRECTION('', (-0.103817, 0.699875, -0.706681));
#9383 = POLY_LOOP('', (#64, #960, #962));
#9384 = FACE_OUTER_BOUND('', #9383, .T.);
#9385 = ADVANCED_FACE('', (#9384), #12, .T.);
#9386 = DIRECTION('', (-0.103817, 0.699875, -0.706681));
#9387 = POLY_LOOP('', (#64, #962, #66));
#9388 = FACE_OUTER_BOUND('', #9387, .T.);
#9389 = ADVANCED_FACE('', (#9388), #12, .T.);
#9390 = DIRECTION('', (-0.171916, 0.686329, -0.706681));
#9391 = POLY_LOOP('', (#66, #962, #964));
#9392 = FACE_OUTER_BOUND('', #9391, .T.);
#9393 = ADVANCED_FACE('', (#9392), #12, .T.);
#9394 = DIRECTION('', (-0.171916, 0.686329, -0.706681));
#9395 = POLY_LOOP('', (#66, #964, #68));
#9396 = FACE_OUTER_BOUND('', #9395, .T.);
#9397 = ADVANCED_FACE('', (#9396), #12, .T.);
#9398 = DIRECTION('', (-0.238361, 0.666173, -0.706681));
#9399 = POLY_LOOP('', (#68, #964, #966));
#9400 = FACE_OUTER_BOUND('', #9399, .T.);
#9401 = ADVANCED_FACE('', (#9400), #12, .T.);
#9402 = DIRECTION('', (-0.238361, 0.666173, -0.706681));
#9403 = POLY_LOOP('', (#68, #966, #70));
#9404 = FACE_OUTER_BOUND('', #9403, .T.);
#9405 = ADVANCED_FACE('', (#9404), #12, .T.);
#9406 = DIRECTION('', (-0.302509, 0.639602, -0.706681));
#9407 = POLY_LOOP('', (#70, #966, #968));
#9408 = FACE_OUTER_BOUND('', #9407, .T.);
#9409 = ADVANCED_FACE('', (#9408), #12, .T.);
#9410 = DIRECTION('', (-0.302509, 0.639602, -0.706681));
#9411 = POLY_LOOP('', (#70, #968, #72));
#9412 = FACE_OUTER_BOUND('', #9411, .T.);
#9413 = ADVANCED_FACE('', (#9412), #12, .T.);
#9414 = DIRECTION('', (-0.363745, 0.606871, -0.706681));
#9415 = POLY_LOOP('', (#72, #968, #970));
#9416 = FACE_OUTER_BOUND('', #9415, .T.);
#9417 = ADVANCED_FACE('', (#9416), #12, .T.);
#9418 = DIRECTION('', (-0.363745, 0.606871, -0.706681));
#9419 = POLY_LOOP('', (#72, #970, #74));
#9420 = FACE_OUTER_BOUND('', #9419, .T.);
#9421 = ADVANCED_FACE('', (#9420), #12, .T.);
#9422 = DIRECTION('', (-0.421477, 0.568296, -0.706681));
#9423 = POLY_LOOP('', (#74, #970, #972));
#9424 = FACE_OUTER_BOUND('', #9423, .T.);
#9425 = ADVANCED_FACE('', (#9424), #12, .T.);
#9426 = DIRECTION('', (-0.421477, 0.568296, -0.706681));
#9427 = POLY_LOOP('', (#74, #972, #76));
#9428 = FACE_OUTER_BOUND('', #9427, .T.);
#9429 = ADVANCED_FACE('', (#9428), #12, .T.);
#9430 = DIRECTION('', (-0.475150, 0.524247, -0.706681));
#9431 = POLY_LOOP('', (#76, #972, #974));
#9432 = FACE_OUTER_BOUND('', #9431, .T.);
#9433 = ADVANCED_FACE('', (#9432), #12, .T.);
#9434 = DIRECTION('', (-0.475150, 0.524247, -0.706681));
#9435 = POLY_LOOP('', (#76, #974, #78));
#9436 = FACE_OUTER_BOUND('', #9435, .T.);
#9437 = ADVANCED_FACE('', (#9436), #12, .T.);
#9438 = DIRECTION('', (-0.524247, 0.475150, -0.706681));
#9439 = POLY_LOOP('', (#78, #974, #976));
#9440 = FACE_OUTER_BOUND('', #9439, .T.);
#9441 = ADVANCED_FACE('', (#9440), #12, .T.);
#9442 = DIRECTION('', (-0.524247, 0.475150, -0.706681));
#9443 = POLY_LOOP('', (#78, #976, #80));
#9444 = FACE_OUTER_BOUND('', #9443, .T.);
#9445 = ADVANCED_FACE('', (#9444), #12, .T.);
#9446 = DIRECTION('', (-0.568296, 0.421477, -0.706681));
#9447 = POLY_LOOP('', (#80, #976, #978));
#9448 = FACE_OUTER_BOUND('', #9447, .T.);
#9449 = ADVANCED_FACE('', (#9448), #12, .T.);
#9450 = DIRECTION('', (-0.568296, 0.421477, -0.706681));
#9451 = POLY_LOOP('', (#80, #978, #82));
#9452 = FACE_OUTER_BOUND('', #9451, .T.);
#9453 = ADVANCED_FACE('', (#9452), #12, .T.);
#9454 = DIRECTION('', (-0.606871, 0.363745, -0.706681));
#9455 = POLY_LOOP('', (#82, #978, #980));
#9456 = FACE_OUTER_BOUND('', #9455, .T.);
#9457 = ADVANCED_FACE('', (#9456), #12, .T.);
#9458 = DIRECTION('', (-0.606871, 0.363745, -0.706681));
#9459 = POLY_LOOP('', (#82, #980, #84));
#9460 = FACE_OUTER_BOUND('', #9459, .T.);
#9461 = ADVANCED_FACE('', (#9460), #12, .T.);
#9462 = DIRECTION('', (-0.639602, 0.302509, -0.706681));
#9463 = POLY_LOOP('', (#84, #980, #982));
#9464 = FACE_OUTER_BOUND('', #9463, .T.);
#9465 = ADVANCED_FACE('', (#9464), #12, .T.);
#9466 = DIRECTION('', (-0.639602, 0.302509, -0.706681));
#9467 = POLY_LOOP('', (#84, #982, #86));
#9468 = FACE_OUTER_BOUND('', #9467, .T.);
#9469 = ADVANCED_FACE('', (#9468), #12, .T.);
#9470 = DIRECTION('', (-0.666173, 0.238361, -0.706681));
#9471 = POLY_LOOP('', (#86, #982, #984));
#9472 = FACE_OUTER_BOUND('', #9471, .T.);
#9473 = ADVANCED_FACE('', (#9472), #12, .T.);
#9474 = DIRECTION('', (-0.666173, 0.238361, -0.706681));
#9475 = POLY_LOOP('', (#86, #984, #88));
#9476 = FACE_OUTER_BOUND('', #9475, .T.);
#9477 = ADVANCED_FACE('', (#9476), #12, .T.);
#9478 = DIRECTION('', (-0.686329, 0.171916, -0.706681));
#9479 = POLY_LOOP('', (#88, #984, #986));
#9480 = FACE_OUTER_BOUND('', #9479, .T.);
#9481 = ADVANCED_FACE('', (#9480), #12, .T.);
#9482 = DIRECTION('', (-0.686329, 0.171916, -0.706681));
#9483 = POLY_LOOP('', (#88, #986, #90));
#9484 = FACE_OUTER_BOUND('', #9483, .T.);
#9485 = ADVANCED_FACE('', (#9484), #12, .T.);
#9486 = DIRECTION('', (-0.699875, 0.103817, -0.706681));
#9487 = POLY_LOOP('', (#90, #986, #988));
#9488 = FACE_OUTER_BOUND('', #9487, .T.);
#9489 = ADVANCED_FACE('', (#9488), #12, .T.);
#9490 = DIRECTION('', (-0.699875, 0.103817, -0.706681));
#9491 = POLY_LOOP('', (#90, #988, #92));
#9492 = FACE_OUTER_BOUND('', #9491, .T.);
#9493 = ADVANCED_FACE('', (#9492), #12, .T.);
#9494 = DIRECTION('', (-0.706681, 0.034717, -0.706681));
#9495 = POLY_LOOP('', (#92, #988, #990));
#9496 = FACE_OUTER_BOUND('', #9495, .T.);
#9497 = ADVANCED_FACE('', (#9496), #12, .T.);
#9498 = DIRECTION('', (-0.706681, 0.034717, -0.706681));
#9499 = POLY_LOOP('', (#92, #990, #94));
#9500 = FACE_OUTER_BOUND('', #9499, .T.);
#9501 = ADVANCED_FACE('', (#9500), #12, .T.);
#9502 = DIRECTION('', (-0.706681, -0.034717, -0.706681));
#9503 = POLY_LOOP('', (#94, #990, #992));
#9504 = FACE_OUTER_BOUND('', #9503, .T.);
#9505 = ADVANCED_FACE('', (#9504), #12, .T.);
#9506 = DIRECTION('', (-0.706681, -0.034717, -0.706681));
#9507 = POLY_LOOP('', (#94, #992, #96));
#9508 = FACE_OUTER_BOUND('', #9507, .T.);
#9509 = ADVANCED_FACE('', (#9508), #12, .T.);
#9510 = DIRECTION('', (-0.699875, -0.103817, -0.706681));
#9511 = POLY_LOOP('', (#96, #992, #994));
#9512 = FACE_OUTER_BOUND('', #9511, .T.);
#9513 = ADVANCED_FACE('', (#9512), #12, .T.);
#9514 = DIRECTION('', (-0.699875, -0.103817, -0.706681));
#9515 = POLY_LOOP('', (#96, #994, #98));
#9516 = FACE_OUTER_BOUND('', #9515, .T.);
#9517 = ADVANCED_FACE('', (#9516), #12, .T.);
#9518 = DIRECTION('', (-0.686329, -0.171916, -0.706681));
#9519 = POLY_LOOP('', (#98, #994, #996));
#9520 = FACE_OUTER_BOUND('', #9519, .T.);
#9521 = ADVANCED_FACE('', (#9520), #12, .T.);
#9522 = DIRECTION('', (-0.686329, -0.171916, -0.706681));
#9523 = POLY_LOOP('', (#98, #996, #100));
#9524 = FACE_OUTER_BOUND('', #9523, .T.);
#9525 = ADVANCED_FACE('', (#9524), #12, .T.);
#9526 = DIRECTION('', (-0.666173, -0.238361, -0.706681));
#9527 = POLY_LOOP('', (#100, #996, #998));
#9528 = FACE_OUTER_BOUND('', #9527, .T.);
#9529 = ADVANCED_FACE('', (#9528), #12, .T.);
#9530 = DIRECTION('', (-0.666173, -0.238361, -0.706681));
#9531 = POLY_LOOP('', (#100, #998, #102));
#9532 = FACE_OUTER_BOUND('', #9531, .T.);
#9533 = ADVANCED_FACE('', (#9532), #12, .T.);
#9534 = DIRECTION('', (-0.639602, -0.302509, -0.706681));
#9535 = POLY_LOOP('', (#102, #998, #1000));
#9536 = FACE_OUTER_BOUND('', #9535, .T.);
#9537 = ADVANCED_FACE('', (#9536), #12, .T.);
#9538 = DIRECTION('', (-0.639602, -0.302509, -0.706681));
#9539 = POLY_LOOP('', (#102, #1000, #104));
#9540 = FACE_OUTER_BOUND('', #9539, .T.);
#9541 = ADVANCED_FACE('', (#9540), #12, .T.);
#9542 = DIRECTION('', (-0.606871, -0.363745, -0.706681));
#9543 = POLY_LOOP('', (#104, #1000, #1002));
#9544 = FACE_OUTER_BOUND('', #9543, .T.);
#9545 = ADVANCED_FACE('', (#9544), #12, .T.);
#9546 = DIRECTION('', (-0.606871, -0.363745, -0.706681));
#9547 = POLY_LOOP('', (#104, #1002, #106));
#9548 = FACE_OUTER_BOUND('', #9547, .T.);
#9549 = ADVANCED_FACE('', (#9548), #12, .T.);
#9550 = DIRECTION('', (-0.568296, -0.421477, -0.706681));
#9551 = POLY_LOOP('', (#106, #1002, #1004));
#9552 = FACE_OUTER_BOUND('', #9551, .T.);
#9553 = ADVANCED_FACE('', (#9552), #12, .T.);
#9554 = DIRECTION('', (-0.568296, -0.421477, -0.706681));
#9555 = POLY_LOOP('', (#106, #1004, #108));
#9556 = FACE_OUTER_BOUND('', #9555, .T.);
#9557 = ADVANCED_FACE('', (#9556), #12, .T.);
#9558 = DIRECTION('', (-0.524247, -0.475150, -0.706681));
#9559 = POLY_LOOP('', (#108, #1004, #1006));
#9560 = FACE_OUTER_BOUND('', #9559, .T.);
#9561 = ADVANCED_FACE('', (#9560), #12, .T.);
#9562 = DIRECTION('', (-0.524247, -0.475150, -0.706681));
#9563 = POLY_LOOP('', (#108, #1006, #110));
#9564 = FACE_OUTER_BOUND('', #9563, .T.);
#9565 = ADVANCED_FACE('', (#9564), #12, .T.);
#9566 = DIRECTION('', (-0.475150, -0.524247, -0.706681));
#9567 = POLY_LOOP('', (#110, #1006, #1008));
#9568 = FACE_OUTER_BOUND('', #9567, .T.);
#9569 = ADVANCED_FACE('', (#9568), #12, .T.);
#9570 = DIRECTION('', (-0.475150, -0.524247, -0.706681));
#9571 = POLY_LOOP('', (#110, #1008, #112));
#9572 = FACE_OUTER_BOUND('', #9571, .T.);
#9573 = ADVANCED_FACE('', (#9572), #12, .T.);
#9574 = DIRECTION('', (-0.421477, -0.568296, -0.706681));
#9575 = POLY_LOOP('', (#112, #1008, #1010));
#9576 = FACE_OUTER_BOUND('', #9575, .T.);
#9577 = ADVANCED_FACE('', (#9576), #12, .T.);
#9578 = DIRECTION('', (-0.421477, -0.568296, -0.706681));
#9579 = POLY_LOOP('', (#112, #1010, #114));
#9580 = FACE_OUTER_BOUND('', #9579, .T.);
#9581 = ADVANCED_FACE('', (#9580), #12, .T.);
#9582 = DIRECTION('', (-0.363745, -0.606871, -0.706681));
#9583 = POLY_LOOP('', (#114, #1010, #1012));
#9584 = FACE_OUTER_BOUND('', #9583, .T.);
#9585 = ADVANCED_FACE('', (#9584), #12, .T.);
#9586 = DIRECTION('', (-0.363745, -0.606871, -0.706681));
#9587 = POLY_LOOP('', (#114, #1012, #116));
#9588 = FACE_OUTER_BOUND('', #9587, .T.);
#9589 = ADVANCED_FACE('', (#9588), #12, .T.);
#9590 = DIRECTION('', (-0.302509, -0.639602, -0.706681));
#9591 = POLY_LOOP('', (#116, #1012, #1014));
#9592 = FACE_OUTER_BOUND('', #9591, .T.);
#9593 = ADVANCED_FACE('', (#9592), #12, .T.);
#9594 = DIRECTION('', (-0.302509, -0.639602, -0.706681));
#9595 = POLY_LOOP('', (#116, #1014, #118));
#9596 = FACE_OUTER_BOUND('', #9595, .T.);
#9597 = ADVANCED_FACE('', (#9596), #12, .T.);
#9598 = DIRECTION('', (-0.238361, -0.666173, -0.706681));
#9599 = POLY_LOOP('', (#118, #1014, #1016));
#9600 = FACE_OUTER_BOUND('', #9599, .T.);
#9601 = ADVANCED_FACE('', (#9600), #12, .T.);
#9602 = DIRECTION('', (-0.238361, -0.666173, -0.706681));
#9603 = POLY_LOOP('', (#118, #1016, #120));
#9604 = FACE_OUTER_BOUND('', #9603, .T.);
#9605 = ADVANCED_FACE('', (#9604), #12, .T.);
#9606 = DIRECTION('', (-0.171916, -0.686329, -0.706681));
#9607 = POLY_LOOP('', (#120, #1016, #1018));
#9608 = FACE_OUTER_BOUND('', #9607, .T.);
#9609 = ADVANCED_FACE('', (#9608), #12, .T.);
#9610 = DIRECTION('', (-0.171916, -0.686329, -0.706681));
#9611 = POLY_LOOP('', (#120, #1018, #122));
#9612 = FACE_OUTER_BOUND('', #9611, .T.);
#9613 = ADVANCED_FACE('', (#9612), #12, .T.);
#9614 = DIRECTION('', (-0.103817, -0.699875, -0.706681));
#9615 = POLY_LOOP('', (#122, #1018, #1020));
#9616 = FACE_OUTER_BOUND('', #9615, .T.);
#9617 = ADVANCED_FACE('', (#9616), #12, .T.);
#9618 = DIRECTION('', (-0.103817, -0.699875, -0.706681));
#9619 = POLY_LOOP('', (#122, #1020, #124));
#9620 = FACE_OUTER_BOUND('', #9619, .T.);
#9621 = ADVANCED_FACE('', (#9620), #12, .T.);
#9622 = DIRECTION('', (-0.034717, -0.706681, -0.706681));
#9623 = POLY_LOOP('', (#124, #1020, #1022));
#9624 = FACE_OUTER_BOUND('', #9623, .T.);
#9625 = ADVANCED_FACE('', (#9624), #12, .T.);
#9626 = DIRECTION('', (-0.034717, -0.706681, -0.706681));
#9627 = POLY_LOOP('', (#124, #1022, #126));
#9628 = FACE_OUTER_BOUND('', #9627, .T.);
#9629 = ADVANCED_FACE('', (#9628), #12, .T.);
#9630 = DIRECTION('', (0.034717, -0.706681, -0.706681));
#9631 = POLY_LOOP('', (#126, #1022, #1024));
#9632 = FACE_OUTER_BOUND('', #9631, .T.);
#9633 = ADVANCED_FACE('', (#9632), #12, .T.);
#9634 = DIRECTION('', (0.034717, -0.706681, -0.706681));
#9635 = POLY_LOOP('', (#126, #1024, #128));
#9636 = FACE_OUTER_BOUND('', #9635, .T.);
#9637 = ADVANCED_FACE('', (#9636), #12, .T.);
#9638 = DIRECTION('', (0.103817, -0.699875, -0.706681));
#9639 = POLY_LOOP('', (#128, #1024, #1026));
#9640 = FACE_OUTER_BOUND('', #9639, .T.);
#9641 = ADVANCED_FACE('', (#9640), #12, .T.);
#9642 = DIRECTION('', (0.103817, -0.699875, -0.706681));
#9643 = POLY_LOOP('', (#128, #1026, #130));
#9644 = FACE_OUTER_BOUND('', #9643, .T.);
#9645 = ADVANCED_FACE('', (#9644), #12, .T.);
#9646 = DIRECTION('', (0.171916, -0.686329, -0.706681));
#9647 = POLY_LOOP('', (#130, #1026, #1028));
#9648 = FACE_OUTER_BOUND('', #9647, .T.);
#9649 = ADVANCED_FACE('', (#9648), #12, .T.);
#9650 = DIRECTION('', (0.171916, -0.686329, -0.706681));
#9651 = POLY_LOOP('', (#130, #1028, #132));
#9652 = FACE_OUTER_BOUND('', #9651, .T.);
#9653 = ADVANCED_FACE('', (#9652), #12, .T.);
#9654 = DIRECTION('', (0.238361, -0.666173, -0.706681));
#9655 = POLY_LOOP('', (#132, #1028, #1030));
#9656 = FACE_OUTER_BOUND('', #9655, .T.);
#9657 = ADVANCED_FACE('', (#9656), #12, .T.);
#9658 = DIRECTION('', (0.238361, -0.666173, -0.706681));
#9659 = POLY_LOOP('', (#132, #1030, #134));
#9660 = FACE_OUTER_BOUND('', #9659, .T.);
#9661 = ADVANCED_FACE('', (#9660), #12, .T.);
#9662 = DIRECTION('', (0.302509, -0.639602, -0.706681));
#9663 = POLY_LOOP('', (#134, #1030, #1032));
#9664 = FACE_OUTER_BOUND('', #9663, .T.);
#9665 = ADVANCED_FACE('', (#9664), #12, .T.);
#9666 = DIRECTION('', (0.302509, -0.639602, -0.706681));
#9667 = POLY_LOOP('', (#134, #1032, #136));
#9668 = FACE_OUTER_BOUND('', #9667, .T.);
#9669 = ADVANCED_FACE('', (#9668), #12, .T.);
#9670 = DIRECTION('', (0.363745, -0.606871, -0.706681));
#9671 = POLY_LOOP('', (#136, #1032, #1034));
#9672 = FACE_OUTER_BOUND('', #9671, .T.);
#9673 = ADVANCED_FACE('', (#9672), #12, .T.);
#9674 = DIRECTION('', (0.363745, -0.606871, -0.706681));
#9675 = POLY_LOOP('', (#136, #1034, #138));
#9676 = FACE_OUTER_BOUND('', #9675, .T.);
#9677 = ADVANCED_FACE('', (#9676), #12, .T.);
#9678 = DIRECTION('', (0.421477, -0.568296, -0.706681));
#9679 = POLY_LOOP('', (#138, #1034, #1036));
#9680 = FACE_OUTER_BOUND('', #9679, .T.);
#9681 = ADVANCED_FACE('', (#9680), #12, .T.);
#9682 = DIRECTION('', (0.421477, -0.568296, -0.706681));
#9683 = POLY_LOOP('', (#138, #1036, #140));
#9684 = FACE_OUTER_BOUND('', #9683, .T.);
#9685 = ADVANCED_FACE('', (#9684), #12, .T.);
#9686 = DIRECTION('', (0.475150, -0.524247, -0.706681));
#9687 = POLY_LOOP('', (#140, #1036, #1038));
#9688 = FACE_OUTER_BOUND('', #9687, .T.);
#9689 = ADVANCED_FACE('', (#9688), #12, .T.);
#9690 = DIRECTION('', (0.475150, -0.524247, -0.706681));
#9691 = POLY_LOOP('', (#140, #1038, #142));
#9692 = FACE_OUTER_BOUND('', #9691, .T.);
#9693 = ADVANCED_FACE('', (#9692), #12, .T.);
#9694 = DIRECTION('', (0.524247, -0.475150, -0.706681));
#9695 = POLY_LOOP('', (#142, #1038, #1040));
#9696 = FACE_OUTER_BOUND('', #9695, .T.);
#9697 = ADVANCED_FACE('', (#9696), #12, .T.);
#9698 = DIRECTION('', (0.524247, -0.475150, -0.706681));
#9699 = POLY_LOOP('', (#142, #1040, #144));
#9700 = FACE_OUTER_BOUND('', #9699, .T.);
#9701 = ADVANCED_FACE('', (#9700), #12, .T.);
#9702 = DIRECTION('', (0.568296, -0.421477, -0.706681));
#9703 = POLY_LOOP('', (#144, #1040, #1042));
#9704 = FACE_OUTER_BOUND('', #9703, .T.);
#9705 = ADVANCED_FACE('', (#9704), #12, .T.);
#9706 = DIRECTION('', (0.568296, -0.421477, -0.706681));
#9707 = POLY_LOOP('', (#144, #1042, #146));
#9708 = FACE_OUTER_BOUND('', #9707, .T.);
#9709 = ADVANCED_FACE('', (#9708), #12, .T.);
#9710 = DIRECTION('', (0.606871, -0.363745, -0.706681));
#9711 = POLY_LOOP('', (#146, #1042, #1044));
#9712 = FACE_OUTER_BOUND('', #9711, .T.);
#9713 = ADVANCED_FACE('', (#9712), #12, .T.);
#9714 = DIRECTION('', (0.606871, -0.363745, -0.706681));
#9715 = POLY_LOOP('', (#146, #1044, #148));
#9716 = FACE_OUTER_BOUND('', #9715, .T.);
#9717 = ADVANCED_FACE('', (#9716), #12, .T.);
#9718 = DIRECTION('', (0.639602, -0.302509, -0.706681));
#9719 = POLY_LOOP('', (#148, #1044, #1046));
#9720 = FACE_OUTER_BOUND('', #9719, .T.);
#9721 = ADVANCED_FACE('', (#9720), #12, .T.);
#9722 = DIRECTION('', (0.639602, -0.302509, -0.706681));
#9723 = POLY_LOOP('', (#148, #1046, #150));
#9724 = FACE_OUTER_BOUND('', #9723, .T.);
#9725 = ADVANCED_FACE('', (#9724), #12, .T.);
#9726 = DIRECTION('', (0.666173, -0.238361, -0.706681));
#9727 = POLY_LOOP('', (#150, #1046, #1048));
#9728 = FACE_OUTER_BOUND('', #9727, .T.);
#9729 = ADVANCED_FACE('', (#9728), #12, .T.);
#9730 = DIRECTION('', (0.666173, -0.238361, -0.706681));
#9731 = POLY_LOOP('', (#150, #1048, #152));
#9732 = FACE_OUTER_BOUND('', #9731, .T.);
#9733 = ADVANCED_FACE('', (#9732), #12, .T.);
#9734 = DIRECTION('', (0.686329, -0.171916, -0.706681));
#9735 = POLY_LOOP('', (#152, #1048, #1050));
#9736 = FACE_OUTER_BOUND('', #9735, .T.);
#9737 = ADVANCED_FACE('', (#9736), #12, .T.);
#9738 = DIRECTION('', (0.686329, -0.171916, -0.706681));
#9739 = POLY_LOOP('', (#152, #1050, #154));
#9740 = FACE_OUTER_BOUND('', #9739, .T.);
#9741 = ADVANCED_FACE('', (#9740), #12, .T.);
#9742 = DIRECTION('', (0.699875, -0.103817, -0.706681));
#9743 = POLY_LOOP('', (#154, #1050, #1052));
#9744 = FACE_OUTER_BOUND('', #9743, .T.);
#9745 = ADVANCED_FACE('', (#9744), #12, .T.);
#9746 = DIRECTION('', (0.699875, -0.103817, -0.706681));
#9747 = POLY_LOOP('', (#154, #1052, #156));
#9748 = FACE_OUTER_BOUND('', #9747, .T.);
#9749 = ADVANCED_FACE('', (#9748), #12, .T.);
#9750 = DIRECTION('', (0.706681, -0.034717, -0.706681));
#9751 = POLY_LOOP('', (#156, #1052, #926));
#9752 = FACE_OUTER_BOUND('', #9751, .T.);
#9753 = ADVANCED_FACE('', (#9752), #12, .T.);
#9754 = DIRECTION('', (0.706681, -0.034717, -0.706681));
#9755 = POLY_LOOP('', (#156, #926, #30));
#9756 = FACE_OUTER_BOUND('', #9755, .T.);
#9757 = ADVANCED_FACE('', (#9756), #12, .T.);
#9758 = DIRECTION('', (0.000000, 0.000000, 1.000000));
#9759 = POLY_LOOP('', (#1822, #1950, #1952));
#9760 = FACE_OUTER_BOUND('', #9759, .T.);
#9761 = ADVANCED_FACE('', (#9760), #12, .T.);
#9762 = DIRECTION('', (0.000000, -0.000000, 1.000000));
#9763 = POLY_LOOP('', (#1822, #1952, #1824));
#9764 = FACE_OUTER_BOUND('', #9763, .T.);
#9765 = ADVANCED_FACE('', (#9764), #12, .T.);
#9766 = DIRECTION('', (0.000000, 0.000000, 1.000000));
#9767 = POLY_LOOP('', (#1824, #1952, #1954));
#9768 = FACE_OUTER_BOUND('', #9767, .T.);
#9769 = ADVANCED_FACE('', (#9768), #12, .T.);
#9770 = DIRECTION('', (0.000000, -0.000000, 1.000000));
#9771 = POLY_LOOP('', (#1824, #1954, #1826));
#9772 = FACE_OUTER_BOUND('', #9771, .T.);
#9773 = ADVANCED_FACE('', (#9772), #12, .T.);
#9774 = DIRECTION('', (0.000000, -0.000000, 1.000000));
#9775 = POLY_LOOP('', (#1826, #1954, #1956));
#9776 = FACE_OUTER_BOUND('', #9775, .T.);
#9777 = ADVANCED_FACE('', (#9776), #12, .T.);
#9778 = DIRECTION('', (0.000000, 0.000000, 1.000000));
#9779 = POLY_LOOP('', (#1826, #1956, #1828));
#9780 = FACE_OUTER_BOUND('', #9779, .T.);
#9781 = ADVANCED_FACE('', (#9780), #12, .T.);
#9782 = DIRECTION('', (0.000000, -0.000000, 1.000000));
#9783 = POLY_LOOP('', (#1828, #1956, #1958));
#9784 = FACE_OUTER_BOUND('', #9783, .T.);
#9785 = ADVANCED_FACE('', (#9784), #12, .T.);
#9786 = DIRECTION('', (0.000000, 0.000000, 1.000000));
#9787 = POLY_LOOP('', (#1828, #1958, #1830));
#9788 = FACE_OUTER_BOUND('', #9787, .T.);
#9789 = ADVANCED_FACE('', (#9788), #12, .T.);
#9790 = DIRECTION('', (0.000000, -0.000000, 1.000000));
#9791 = POLY_LOOP('', (#1830, #1958, #1960));
#9792 = FACE_OUTER_BOUND('', #9791, .T.);
#9793 = ADVANCED_FACE('', (#9792), #12, .T.);
#9794 = DIRECTION('', (0.000000, 0.000000, 1.000000));
#9795 = POLY_LOOP('', (#1830, #1960, #1832));
#9796 = FACE_OUTER_BOUND('', #9795, .T.);
#9797 = ADVANCED_FACE('', (#9796), #12, .T.);
#9798 = DIRECTION('', (0.000000, -0.000000, 1.000000));
#9799 = POLY_LOOP('', (#1832, #1960, #1962));
#9800 = FACE_OUTER_BOUND('', #9799, .T.);
#9801 = ADVANCED_FACE('', (#9800), #12, .T.);
#9802 = DIRECTION('', (0.000000, 0.000000, 1.000000));
#9803 = POLY_LOOP('', (#1832, #1962, #1834));
#9804 = FACE_OUTER_BOUND('', #9803, .T.);
#9805 = ADVANCED_FACE('', (#9804), #12, .T.);
#9806 = DIRECTION('', (0.000000, -0.000000, 1.000000));
#9807 = POLY_LOOP('', (#1834, #1962, #1964));
#9808 = FACE_OUTER_BOUND('', #9807, .T.);
#9809 = ADVANCED_FACE('', (#9808), #12, .T.);
#9810 = DIRECTION('', (0.000000, 0.000000, 1.000000));
#9811 = POLY_LOOP('', (#1834, #1964, #1836));
#9812 = FACE_OUTER_BOUND('', #9811, .T.);
#9813 = ADVANCED_FACE('', (#9812), #12, .T.);
#9814 = DIRECTION('', (0.000000, -0.000000, 1.000000));
#9815 = POLY_LOOP('', (#1836, #1964, #1966));
#9816 = FACE_OUTER_BOUND('', #9815, .T.);
#9817 = ADVANCED_FACE('', (#9816), #12, .T.);
#9818 = DIRECTION('', (0.000000, 0.000000, 1.000000));
#9819 = POLY_LOOP('', (#1836, #1966, #1838));
#9820 = FACE_OUTER_BOUND('', #9819, .T.);
#9821 = ADVANCED_FACE('', (#9820), #12, .T.);
#9822 = DIRECTION('', (0.000000, -0.000000, 1.000000));
#9823 = POLY_LOOP('', (#1838, #1966, #1968));
#9824 = FACE_OUTER_BOUND('', #9823, .T.);
#9825 = ADVANCED_FACE('', (#9824), #12, .T.);
#9826 = DIRECTION('', (0.000000, 0.000000, 1.000000));
#9827 = POLY_LOOP('', (#1838, #1968, #1840));
#9828 = FACE_OUTER_BOUND('', #9827, .T.);
#9829 = ADVANCED_FACE('', (#9828), #12, .T.);
#9830 = DIRECTION('', (0.000000, -0.000000, 1.000000));
#9831 = POLY_LOOP('', (#1840, #1968, #1970));
#9832 = FACE_OUTER_BOUND('', #9831, .T.);
#9833 = ADVANCED_FACE('', (#9832), #12, .T.);
#9834 = DIRECTION('', (0.000000, 0.000000, 1.000000));
#9835 = POLY_LOOP('', (#1840, #1970, #1842));
#9836 = FACE_OUTER_BOUND('', #9835, .T.);
#9837 = ADVANCED_FACE('', (#9836), #12, .T.);
#9838 = DIRECTION('', (0.000000, -0.000000, 1.000000));
#9839 = POLY_LOOP('', (#1842, #1970, #1972));
#9840 = FACE_OUTER_BOUND('', #9839, .T.);
#9841 = ADVANCED_FACE('', (#9840), #12, .T.);
#9842 = DIRECTION('', (0.000000, 0.000000, 1.000000));
#9843 = POLY_LOOP('', (#1842, #1972, #1844));
#9844 = FACE_OUTER_BOUND('', #9843, .T.);
#9845 = ADVANCED_FACE('', (#9844), #12, .T.);
#9846 = DIRECTION('', (0.000000, -0.000000, 1.000000));
#9847 = POLY_LOOP('', (#1844, #1972, #1974));
#9848 = FACE_OUTER_BOUND('', #9847, .T.);
#9849 = ADVANCED_FACE('', (#9848), #12, .T.);
#9850 = DIRECTION('', (0.000000, 0.000000, 1.000000));
#9851 = POLY_LOOP('', (#1844, #1974, #1846));
#9852 = FACE_OUTER_BOUND('', #9851, .T.);
#9853 = ADVANCED_FACE('', (#9852), #12, .T.);
#9854 = DIRECTION('', (0.000000, -0.000000, 1.000000));
#9855 = POLY_LOOP('', (#1846, #1974, #1976));
#9856 = FACE_OUTER_BOUND('', #9855, .T.);
#9857 = ADVANCED_FACE('', (#9856), #12, .T.);
#9858 = DIRECTION('', (0.000000, 0.000000, 1.000000));
#9859 = POLY_LOOP('', (#1846, #1976, #1848));
#9860 = FACE_OUTER_BOUND('', #9859, .T.);
#9861 = ADVANCED_FACE('', (#9860), #12, .T.);
#9862 = DIRECTION('', (0.000000, -0.000000, 1.000000));
#9863 = POLY_LOOP('', (#1848, #1976, #1978));
#9864 = FACE_OUTER_BOUND('', #9863, .T.);
#9865 = ADVANCED_FACE('', (#9864), #12, .T.);
#9866 = DIRECTION('', (0.000000, 0.000000, 1.000000));
#9867 = POLY_LOOP('', (#1848, #1978, #1850));
#9868 = FACE_OUTER_BOUND('', #9867, .T.);
#9869 = ADVANCED_FACE('', (#9868), #12, .T.);
#9870 = DIRECTION('', (0.000000, -0.000000, 1.000000));
#9871 = POLY_LOOP('', (#1850, #1978, #1980));
#9872 = FACE_OUTER_BOUND('', #9871, .T.);
#9873 = ADVANCED_FACE('', (#9872), #12, .T.);
#9874 = DIRECTION('', (0.000000, 0.000000, 1.000000));
#9875 = POLY_LOOP('', (#1850, #1980, #1852));
#9876 = FACE_OUTER_BOUND('', #9875, .T.);
#9877 = ADVANCED_FACE('', (#9876), #12, .T.);
#9878 = DIRECTION('', (0.000000, -0.000000, 1.000000));
#9879 = POLY_LOOP('', (#1852, #1980, #1982));
#9880 = FACE_OUTER_BOUND('', #9879, .T.);
#9881 = ADVANCED_FACE('', (#9880), #12, .T.);
#9882 = DIRECTION('', (0.000000, 0.000000, 1.000000));
#9883 = POLY_LOOP('', (#1852, #1982, #1854));
#9884 = FACE_OUTER_BOUND('', #9883, .T.);
#9885 = ADVANCED_FACE('', (#9884), #12, .T.);
#9886 = DIRECTION('', (0.000000, -0.000000, 1.000000));
#9887 = POLY_LOOP('', (#1854, #1982, #1984));
#9888 = FACE_OUTER_BOUND('', #9887, .T.);
#9889 = ADVANCED_FACE('', (#9888), #12, .T.);
#9890 = DIRECTION('', (0.000000, 0.000000, 1.000000));
#9891 = POLY_LOOP('', (#1854, #1984, #1856));
#9892 = FACE_OUTER_BOUND('', #9891, .T.);
#9893 = ADVANCED_FACE('', (#9892), #12, .T.);
#9894 = DIRECTION('', (0.000000, 0.000000, 1.000000));
#9895 = POLY_LOOP('', (#1856, #1984, #1986));
#9896 = FACE_OUTER_BOUND('', #9895, .T.);
#9897 = ADVANCED_FACE('', (#9896), #12, .T.);
#9898 = DIRECTION('', (0.000000, 0.000000, 1.000000));
#9899 = POLY_LOOP('', (#1856, #1986, #1858));
#9900 = FACE_OUTER_BOUND('', #9899, .T.);
#9901 = ADVANCED_FACE('', (#9900), #12, .T.);
#9902 = DIRECTION('', (0.000000, 0.000000, 1.000000));
#9903 = POLY_LOOP('', (#1858, #1986, #1988));
#9904 = FACE_OUTER_BOUND('', #9903, .T.);
#9905 = ADVANCED_FACE('', (#9904), #12, .T.);
#9906 = DIRECTION('', (0.000000, 0.000000, 1.000000));
#9907 = POLY_LOOP('', (#1858, #1988, #1860));
#9908 = FACE_OUTER_BOUND('', #9907, .T.);
#9909 = ADVANCED_FACE('', (#9908), #12, .T.);
#9910 = DIRECTION('', (0.000000, 0.000000, 1.000000));
#9911 = POLY_LOOP('', (#1860, #1988, #1990));
#9912 = FACE_OUTER_BOUND('', #9911, .T.);
#9913 = ADVANCED_FACE('', (#9912), #12, .T.);
#9914 = DIRECTION('', (0.000000, 0.000000, 1.000000));
#9915 = POLY_LOOP('', (#1860, #1990, #1862));
#9916 = FACE_OUTER_BOUND('', #9915, .T.);
#9917 = ADVANCED_FACE('', (#9916), #12, .T.);
#9918 = DIRECTION('', (0.000000, 0.000000, 1.000000));
#9919 = POLY_LOOP('', (#1862, #1990, #1992));
#9920 = FACE_OUTER_BOUND('', #9919, .T.);
#9921 = ADVANCED_FACE('', (#9920), #12, .T.);
#9922 = DIRECTION('', (0.000000, 0.000000, 1.000000));
#9923 = POLY_LOOP('', (#1862, #1992, #1864));
#9924 = FACE_OUTER_BOUND('', #9923, .T.);
#9925 = ADVANCED_FACE('', (#9924), #12, .T.);
#9926 = DIRECTION('', (0.000000, 0.000000, 1.000000));
#9927 = POLY_LOOP('', (#1864, #1992, #1994));
#9928 = FACE_OUTER_BOUND('', #9927, .T.);
#9929 = ADVANCED_FACE('', (#9928), #12, .T.);
#9930 = DIRECTION('', (0.000000, 0.000000, 1.000000));
#9931 = POLY_LOOP('', (#1864, #1994, #1866));
#9932 = FACE_OUTER_BOUND('', #9931, .T.);
#9933 = ADVANCED_FACE('', (#9932), #12, .T.);
#9934 = DIRECTION('', (0.000000, 0.000000, 1.000000));
#9935 = POLY_LOOP('', (#1866, #1994, #1996));
#9936 = FACE_OUTER_BOUND('', #9935, .T.);
#9937 = ADVANCED_FACE('', (#9936), #12, .T.);
#9938 = DIRECTION('', (0.000000, 0.000000, 1.000000));
#9939 = POLY_LOOP('', (#1866, #1996, #1868));
#9940 = FACE_OUTER_BOUND('', #9939, .T.);
#9941 = ADVANCED_FACE('', (#9940), #12, .T.);
#9942 = DIRECTION('', (0.000000, 0.000000, 1.000000));
#9943 = POLY_LOOP('', (#1868, #1996, #1998));
#9944 = FACE_OUTER_BOUND('', #9943, .T.);
#9945 = ADVANCED_FACE('', (#9944), #12, .T.);
#9946 = DIRECTION('', (0.000000, 0.000000, 1.000000));
#9947 = POLY_LOOP('', (#1868, #1998, #1870));
#9948 = FACE_OUTER_BOUND('', #9947, .T.);
#9949 = ADVANCED_FACE('', (#9948), #12, .T.);
#9950 = DIRECTION('', (0.000000, 0.000000, 1.000000));
#9951 = POLY_LOOP('', (#1870, #1998, #2000));
#9952 = FACE_OUTER_BOUND('', #9951, .T.);
#9953 = ADVANCED_FACE('', (#9952), #12, .T.);
#9954 = DIRECTION('', (0.000000, 0.000000, 1.000000));
#9955 = POLY_LOOP('', (#1870, #2000, #1872));
#9956 = FACE_OUTER_BOUND('', #9955, .T.);
#9957 = ADVANCED_FACE('', (#9956), #12, .T.);
#9958 = DIRECTION('', (0.000000, 0.000000, 1.000000));
#9959 = POLY_LOOP('', (#1872, #2000, #2002));
#9960 = FACE_OUTER_BOUND('', #9959, .T.);
#9961 = ADVANCED_FACE('', (#9960), #12, .T.);
#9962 = DIRECTION('', (0.000000, 0.000000, 1.000000));
#9963 = POLY_LOOP('', (#1872, #2002, #1874));
#9964 = FACE_OUTER_BOUND('', #9963, .T.);
#9965 = ADVANCED_FACE('', (#9964), #12, .T.);
#9966 = DIRECTION('', (0.000000, 0.000000, 1.000000));
#9967 = POLY_LOOP('', (#1874, #2002, #2004));
#9968 = FACE_OUTER_BOUND('', #9967, .T.);
#9969 = ADVANCED_FACE('', (#9968), #12, .T.);
#9970 = DIRECTION('', (0.000000, 0.000000, 1.000000));
#9971 = POLY_LOOP('', (#1874, #2004, #1876));
#9972 = FACE_OUTER_BOUND('', #9971, .T.);
#9973 = ADVANCED_FACE('', (#9972), #12, .T.);
#9974 = DIRECTION('', (0.000000, 0.000000, 1.000000));
#9975 = POLY_LOOP('', (#1876, #2004, #2006));
#9976 = FACE_OUTER_BOUND('', #9975, .T.);
#9977 = ADVANCED_FACE('', (#9976), #12, .T.);
#9978 = DIRECTION('', (0.000000, 0.000000, 1.000000));
#9979 = POLY_LOOP('', (#1876, #2006, #1878));
#9980 = FACE_OUTER_BOUND('', #9979, .T.);
#9981 = ADVANCED_FACE('', (#9980), #12, .T.);
#9982 = DIRECTION('', (0.000000, 0.000000, 1.000000));
#9983 = POLY_LOOP('', (#1878, #2006, #2008));
#9984 = FACE_OUTER_BOUND('', #9983, .T.);
#9985 = ADVANCED_FACE('', (#9984), #12, .T.);
#9986 = DIRECTION('', (0.000000, 0.000000, 1.000000));
#9987 = POLY_LOOP('', (#1878, #2008, #1880));
#9988 = FACE_OUTER_BOUND('', #9987, .T.);
#9989 = ADVANCED_FACE('', (#9988), #12, .T.);
#9990 = DIRECTION('', (0.000000, 0.000000, 1.000000));
#9991 = POLY_LOOP('', (#1880, #2008, #2010));
#9992 = FACE_OUTER_BOUND('', #9991, .T.);
#9993 = ADVANCED_FACE('', (#9992), #12, .T.);
#9994 = DIRECTION('', (0.000000, 0.000000, 1.000000));
#9995 = POLY_LOOP('', (#1880, #2010, #1882));
#9996 = FACE_OUTER_BOUND('', #9995, .T.);
#9997 = ADVANCED_FACE('', (#9996), #12, .T.);
#9998 = DIRECTION('', (0.000000, 0.000000, 1.000000));
#9999 = POLY_LOOP('', (#1882, #2010, #2012));
#10000 = FACE_OUTER_BOUND('', #9999, .T.);
#10001 = ADVANCED_FACE('', (#10000), #12, .T.);
#10002 = DIRECTION('', (0.000000, 0.000000, 1.000000));
#10003 = POLY_LOOP('', (#1882, #2012, #1884));
#10004 = FACE_OUTER_BOUND('', #10003, .T.);
#10005 = ADVANCED_FACE('', (#10004), #12, .T.);
#10006 = DIRECTION('', (0.000000, 0.000000, 1.000000));
#10007 = POLY_LOOP('', (#1884, #2012, #2014));
#10008 = FACE_OUTER_BOUND('', #10007, .T.);
#10009 = ADVANCED_FACE('', (#10008), #12, .T.);
#10010 = DIRECTION('', (0.000000, 0.000000, 1.000000));
#10011 = POLY_LOOP('', (#1884, #2014, #1886));
#10012 = FACE_OUTER_BOUND('', #10011, .T.);
#10013 = ADVANCED_FACE('', (#10012), #12, .T.);
#10014 = DIRECTION('', (0.000000, 0.000000, 1.000000));
#10015 = POLY_LOOP('', (#1886, #2014, #2016));
#10016 = FACE_OUTER_BOUND('', #10015, .T.);
#10017 = ADVANCED_FACE('', (#10016), #12, .T.);
#10018 = DIRECTION('', (0.000000, 0.000000, 1.000000));
#10019 = POLY_LOOP('', (#1886, #2016, #1888));
#10020 = FACE_OUTER_BOUND('', #10019, .T.);
#10021 = ADVANCED_FACE('', (#10020), #12, .T.);
#10022 = DIRECTION('', (0.000000, 0.000000, 1.000000));
#10023 = POLY_LOOP('', (#1888, #2016, #2018));
#10024 = FACE_OUTER_BOUND('', #10023, .T.);
#10025 = ADVANCED_FACE('', (#10024), #12, .T.);
#10026 = DIRECTION('', (0.000000, 0.000000, 1.000000));
#10027 = POLY_LOOP('', (#1888, #2018, #1890));
#10028 = FACE_OUTER_BOUND('', #10027, .T.);
#10029 = ADVANCED_FACE('', (#10028), #12, .T.);
#10030 = DIRECTION('', (0.000000, 0.000000, 1.000000));
#10031 = POLY_LOOP('', (#1890, #2018, #2020));
#10032 = FACE_OUTER_BOUND('', #10031, .T.);
#10033 = ADVANCED_FACE('', (#10032), #12, .T.);
#10034 = DIRECTION('', (0.000000, 0.000000, 1.000000));
#10035 = POLY_LOOP('', (#1890, #2020, #1892));
#10036 = FACE_OUTER_BOUND('', #10035, .T.);
#10037 = ADVANCED_FACE('', (#10036), #12, .T.);
#10038 = DIRECTION('', (0.000000, 0.000000, 1.000000));
#10039 = POLY_LOOP('', (#1892, #2020, #2022));
#10040 = FACE_OUTER_BOUND('', #10039, .T.);
#10041 = ADVANCED_FACE('', (#10040), #12, .T.);
#10042 = DIRECTION('', (0.000000, 0.000000, 1.000000));
#10043 = POLY_LOOP('', (#1892, #2022, #1894));
#10044 = FACE_OUTER_BOUND('', #10043, .T.);
#10045 = ADVANCED_FACE('', (#10044), #12, .T.);
#10046 = DIRECTION('', (0.000000, 0.000000, 1.000000));
#10047 = POLY_LOOP('', (#1894, #2022, #2024));
#10048 = FACE_OUTER_BOUND('', #10047, .T.);
#10049 = ADVANCED_FACE('', (#10048), #12, .T.);
#10050 = DIRECTION('', (0.000000, 0.000000, 1.000000));
#10051 = POLY_LOOP('', (#1894, #2024, #1896));
#10052 = FACE_OUTER_BOUND('', #10051, .T.);
#10053 = ADVANCED_FACE('', (#10052), #12, .T.);
#10054 = DIRECTION('', (0.000000, 0.000000, 1.000000));
#10055 = POLY_LOOP('', (#1896, #2024, #2026));
#10056 = FACE_OUTER_BOUND('', #10055, .T.);
#10057 = ADVANCED_FACE('', (#10056), #12, .T.);
#10058 = DIRECTION('', (0.000000, 0.000000, 1.000000));
#10059 = POLY_LOOP('', (#1896, #2026, #1898));
#10060 = FACE_OUTER_BOUND('', #10059, .T.);
#10061 = ADVANCED_FACE('', (#10060), #12, .T.);
#10062 = DIRECTION('', (0.000000, 0.000000, 1.000000));
#10063 = POLY_LOOP('', (#1898, #2026, #2028));
#10064 = FACE_OUTER_BOUND('', #10063, .T.);
#10065 = ADVANCED_FACE('', (#10064), #12, .T.);
#10066 = DIRECTION('', (0.000000, 0.000000, 1.000000));
#10067 = POLY_LOOP('', (#1898, #2028, #1900));
#10068 = FACE_OUTER_BOUND('', #10067, .T.);
#10069 = ADVANCED_FACE('', (#10068), #12, .T.);
#10070 = DIRECTION('', (0.000000, 0.000000, 1.000000));
#10071 = POLY_LOOP('', (#1900, #2028, #2030));
#10072 = FACE_OUTER_BOUND('', #10071, .T.);
#10073 = ADVANCED_FACE('', (#10072), #12, .T.);
#10074 = DIRECTION('', (0.000000, 0.000000, 1.000000));
#10075 = POLY_LOOP('', (#1900, #2030, #1902));
#10076 = FACE_OUTER_BOUND('', #10075, .T.);
#10077 = ADVANCED_FACE('', (#10076), #12, .T.);
#10078 = DIRECTION('', (0.000000, 0.000000, 1.000000));
#10079 = POLY_LOOP('', (#1902, #2030, #2032));
#10080 = FACE_OUTER_BOUND('', #10079, .T.);
#10081 = ADVANCED_FACE('', (#10080), #12, .T.);
#10082 = DIRECTION('', (0.000000, 0.000000, 1.000000));
#10083 = POLY_LOOP('', (#1902, #2032, #1904));
#10084 = FACE_OUTER_BOUND('', #10083, .T.);
#10085 = ADVANCED_FACE('', (#10084), #12, .T.);
#10086 = DIRECTION('', (0.000000, 0.000000, 1.000000));
#10087 = POLY_LOOP('', (#1904, #2032, #2034));
#10088 = FACE_OUTER_BOUND('', #10087, .T.);
#10089 = ADVANCED_FACE('', (#10088), #12, .T.);
#10090 = DIRECTION('', (0.000000, 0.000000, 1.000000));
#10091 = POLY_LOOP('', (#1904, #2034, #1906));
#10092 = FACE_OUTER_BOUND('', #10091, .T.);
#10093 = ADVANCED_FACE('', (#10092), #12, .T.);
#10094 = DIRECTION('', (0.000000, 0.000000, 1.000000));
#10095 = POLY_LOOP('', (#1906, #2034, #2036));
#10096 = FACE_OUTER_BOUND('', #10095, .T.);
#10097 = ADVANCED_FACE('', (#10096), #12, .T.);
#10098 = DIRECTION('', (0.000000, 0.000000, 1.000000));
#10099 = POLY_LOOP('', (#1906, #2036, #1908));
#10100 = FACE_OUTER_BOUND('', #10099, .T.);
#10101 = ADVANCED_FACE('', (#10100), #12, .T.);
#10102 = DIRECTION('', (0.000000, 0.000000, 1.000000));
#10103 = POLY_LOOP('', (#1908, #2036, #2038));
#10104 = FACE_OUTER_BOUND('', #10103, .T.);
#10105 = ADVANCED_FACE('', (#10104), #12, .T.);
#10106 = DIRECTION('', (0.000000, 0.000000, 1.000000));
#10107 = POLY_LOOP('', (#1908, #2038, #1910));
#10108 = FACE_OUTER_BOUND('', #10107, .T.);
#10109 = ADVANCED_FACE('', (#10108), #12, .T.);
#10110 = DIRECTION('', (0.000000, 0.000000, 1.000000));
#10111 = POLY_LOOP('', (#1910, #2038, #2040));
#10112 = FACE_OUTER_BOUND('', #10111, .T.);
#10113 = ADVANCED_FACE('', (#10112), #12, .T.);
#10114 = DIRECTION('', (0.000000, 0.000000, 1.000000));
#10115 = POLY_LOOP('', (#1910, #2040, #1912));
#10116 = FACE_OUTER_BOUND('', #10115, .T.);
#10117 = ADVANCED_FACE('', (#10116), #12, .T.);
#10118 = DIRECTION('', (0.000000, 0.000000, 1.000000));
#10119 = POLY_LOOP('', (#1912, #2040, #2042));
#10120 = FACE_OUTER_BOUND('', #10119, .T.);
#10121 = ADVANCED_FACE('', (#10120), #12, .T.);
#10122 = DIRECTION('', (0.000000, 0.000000, 1.000000));
#10123 = POLY_LOOP('', (#1912, #2042, #1914));
#10124 = FACE_OUTER_BOUND('', #10123, .T.);
#10125 = ADVANCED_FACE('', (#10124), #12, .T.);
#10126 = DIRECTION('', (0.000000, 0.000000, 1.000000));
#10127 = POLY_LOOP('', (#1914, #2042, #2044));
#10128 = FACE_OUTER_BOUND('', #10127, .T.);
#10129 = ADVANCED_FACE('', (#10128), #12, .T.);
#10130 = DIRECTION('', (0.000000, 0.000000, 1.000000));
#10131 = POLY_LOOP('', (#1914, #2044, #1916));
#10132 = FACE_OUTER_BOUND('', #10131, .T.);
#10133 = ADVANCED_FACE('', (#10132), #12, .T.);
#10134 = DIRECTION('', (0.000000, 0.000000, 1.000000));
#10135 = POLY_LOOP('', (#1916, #2044, #2046));
#10136 = FACE_OUTER_BOUND('', #10135, .T.);
#10137 = ADVANCED_FACE('', (#10136), #12, .T.);
#10138 = DIRECTION('', (0.000000, 0.000000, 1.000000));
#10139 = POLY_LOOP('', (#1916, #2046, #1918));
#10140 = FACE_OUTER_BOUND('', #10139, .T.);
#10141 = ADVANCED_FACE('', (#10140), #12, .T.);
#10142 = DIRECTION('', (0.000000, 0.000000, 1.000000));
#10143 = POLY_LOOP('', (#1918, #2046, #2048));
#10144 = FACE_OUTER_BOUND('', #10143, .T.);
#10145 = ADVANCED_FACE('', (#10144), #12, .T.);
#10146 = DIRECTION('', (-0.000000, 0.000000, 1.000000));
#10147 = POLY_LOOP('', (#1918, #2048, #1920));
#10148 = FACE_OUTER_BOUND('', #10147, .T.);
#10149 = ADVANCED_FACE('', (#10148), #12, .T.);
#10150 = DIRECTION('', (0.000000, 0.000000, 1.000000));
#10151 = POLY_LOOP('', (#1920, #2048, #2050));
#10152 = FACE_OUTER_BOUND('', #10151, .T.);
#10153 = ADVANCED_FACE('', (#10152), #12, .T.);
#10154 = DIRECTION('', (-0.000000, 0.000000, 1.000000));
#10155 = POLY_LOOP('', (#1920, #2050, #1922));
#10156 = FACE_OUTER_BOUND('', #10155, .T.);
#10157 = ADVANCED_FACE('', (#10156), #12, .T.);
#10158 = DIRECTION('', (-0.000000, 0.000000, 1.000000));
#10159 = POLY_LOOP('', (#1922, #2050, #2052));
#10160 = FACE_OUTER_BOUND('', #10159, .T.);
#10161 = ADVANCED_FACE('', (#10160), #12, .T.);
#10162 = DIRECTION('', (0.000000, 0.000000, 1.000000));
#10163 = POLY_LOOP('', (#1922, #2052, #1924));
#10164 = FACE_OUTER_BOUND('', #10163, .T.);
#10165 = ADVANCED_FACE('', (#10164), #12, .T.);
#10166 = DIRECTION('', (-0.000000, 0.000000, 1.000000));
#10167 = POLY_LOOP('', (#1924, #2052, #2054));
#10168 = FACE_OUTER_BOUND('', #10167, .T.);
#10169 = ADVANCED_FACE('', (#10168), #12, .T.);
#10170 = DIRECTION('', (0.000000, 0.000000, 1.000000));
#10171 = POLY_LOOP('', (#1924, #2054, #1926));
#10172 = FACE_OUTER_BOUND('', #10171, .T.);
#10173 = ADVANCED_FACE('', (#10172), #12, .T.);
#10174 = DIRECTION('', (-0.000000, 0.000000, 1.000000));
#10175 = POLY_LOOP('', (#1926, #2054, #2056));
#10176 = FACE_OUTER_BOUND('', #10175, .T.);
#10177 = ADVANCED_FACE('', (#10176), #12, .T.);
#10178 = DIRECTION('', (0.000000, 0.000000, 1.000000));
#10179 = POLY_LOOP('', (#1926, #2056, #1928));
#10180 = FACE_OUTER_BOUND('', #10179, .T.);
#10181 = ADVANCED_FACE('', (#10180), #12, .T.);
#10182 = DIRECTION('', (-0.000000, 0.000000, 1.000000));
#10183 = POLY_LOOP('', (#1928, #2056, #2058));
#10184 = FACE_OUTER_BOUND('', #10183, .T.);
#10185 = ADVANCED_FACE('', (#10184), #12, .T.);
#10186 = DIRECTION('', (0.000000, 0.000000, 1.000000));
#10187 = POLY_LOOP('', (#1928, #2058, #1930));
#10188 = FACE_OUTER_BOUND('', #10187, .T.);
#10189 = ADVANCED_FACE('', (#10188), #12, .T.);
#10190 = DIRECTION('', (-0.000000, 0.000000, 1.000000));
#10191 = POLY_LOOP('', (#1930, #2058, #2060));
#10192 = FACE_OUTER_BOUND('', #10191, .T.);
#10193 = ADVANCED_FACE('', (#10192), #12, .T.);
#10194 = DIRECTION('', (0.000000, 0.000000, 1.000000));
#10195 = POLY_LOOP('', (#1930, #2060, #1932));
#10196 = FACE_OUTER_BOUND('', #10195, .T.);
#10197 = ADVANCED_FACE('', (#10196), #12, .T.);
#10198 = DIRECTION('', (-0.000000, 0.000000, 1.000000));
#10199 = POLY_LOOP('', (#1932, #2060, #2062));
#10200 = FACE_OUTER_BOUND('', #10199, .T.);
#10201 = ADVANCED_FACE('', (#10200), #12, .T.);
#10202 = DIRECTION('', (0.000000, 0.000000, 1.000000));
#10203 = POLY_LOOP('', (#1932, #2062, #1934));
#10204 = FACE_OUTER_BOUND('', #10203, .T.);
#10205 = ADVANCED_FACE('', (#10204), #12, .T.);
#10206 = DIRECTION('', (-0.000000, 0.000000, 1.000000));
#10207 = POLY_LOOP('', (#1934, #2062, #2064));
#10208 = FACE_OUTER_BOUND('', #10207, .T.);
#10209 = ADVANCED_FACE('', (#10208), #12, .T.);
#10210 = DIRECTION('', (0.000000, 0.000000, 1.000000));
#10211 = POLY_LOOP('', (#1934, #2064, #1936));
#10212 = FACE_OUTER_BOUND('', #10211, .T.);
#10213 = ADVANCED_FACE('', (#10212), #12, .T.);
#10214 = DIRECTION('', (-0.000000, 0.000000, 1.000000));
#10215 = POLY_LOOP('', (#1936, #2064, #2066));
#10216 = FACE_OUTER_BOUND('', #10215, .T.);
#10217 = ADVANCED_FACE('', (#10216), #12, .T.);
#10218 = DIRECTION('', (0.000000, 0.000000, 1.000000));
#10219 = POLY_LOOP('', (#1936, #2066, #1938));
#10220 = FACE_OUTER_BOUND('', #10219, .T.);
#10221 = ADVANCED_FACE('', (#10220), #12, .T.);
#10222 = DIRECTION('', (-0.000000, 0.000000, 1.000000));
#10223 = POLY_LOOP('', (#1938, #2066, #2068));
#10224 = FACE_OUTER_BOUND('', #10223, .T.);
#10225 = ADVANCED_FACE('', (#10224), #12, .T.);
#10226 = DIRECTION('', (0.000000, 0.000000, 1.000000));
#10227 = POLY_LOOP('', (#1938, #2068, #1940));
#10228 = FACE_OUTER_BOUND('', #10227, .T.);
#10229 = ADVANCED_FACE('', (#10228), #12, .T.);
#10230 = DIRECTION('', (-0.000000, 0.000000, 1.000000));
#10231 = POLY_LOOP('', (#1940, #2068, #2070));
#10232 = FACE_OUTER_BOUND('', #10231, .T.);
#10233 = ADVANCED_FACE('', (#10232), #12, .T.);
#10234 = DIRECTION('', (0.000000, 0.000000, 1.000000));
#10235 = POLY_LOOP('', (#1940, #2070, #1942));
#10236 = FACE_OUTER_BOUND('', #10235, .T.);
#10237 = ADVANCED_FACE('', (#10236), #12, .T.);
#10238 = DIRECTION('', (-0.000000, 0.000000, 1.000000));
#10239 = POLY_LOOP('', (#1942, #2070, #2072));
#10240 = FACE_OUTER_BOUND('', #10239, .T.);
#10241 = ADVANCED_FACE('', (#10240), #12, .T.);
#10242 = DIRECTION('', (0.000000, 0.000000, 1.000000));
#10243 = POLY_LOOP('', (#1942, #2072, #1944));
#10244 = FACE_OUTER_BOUND('', #10243, .T.);
#10245 = ADVANCED_FACE('', (#10244), #12, .T.);
#10246 = DIRECTION('', (-0.000000, 0.000000, 1.000000));
#10247 = POLY_LOOP('', (#1944, #2072, #2074));
#10248 = FACE_OUTER_BOUND('', #10247, .T.);
#10249 = ADVANCED_FACE('', (#10248), #12, .T.);
#10250 = DIRECTION('', (0.000000, 0.000000, 1.000000));
#10251 = POLY_LOOP('', (#1944, #2074, #1946));
#10252 = FACE_OUTER_BOUND('', #10251, .T.);
#10253 = ADVANCED_FACE('', (#10252), #12, .T.);
#10254 = DIRECTION('', (-0.000000, 0.000000, 1.000000));
#10255 = POLY_LOOP('', (#1946, #2074, #2076));
#10256 = FACE_OUTER_BOUND('', #10255, .T.);
#10257 = ADVANCED_FACE('', (#10256), #12, .T.);
#10258 = DIRECTION('', (0.000000, 0.000000, 1.000000));
#10259 = POLY_LOOP('', (#1946, #2076, #1948));
#10260 = FACE_OUTER_BOUND('', #10259, .T.);
#10261 = ADVANCED_FACE('', (#10260), #12, .T.);
#10262 = DIRECTION('', (-0.000000, 0.000000, 1.000000));
#10263 = POLY_LOOP('', (#1948, #2076, #1950));
#10264 = FACE_OUTER_BOUND('', #10263, .T.);
#10265 = ADVANCED_FACE('', (#10264), #12, .T.);
#10266 = DIRECTION('', (0.000000, 0.000000, 1.000000));
#10267 = POLY_LOOP('', (#1948, #1950, #1822));
#10268 = FACE_OUTER_BOUND('', #10267, .T.);
#10269 = ADVANCED_FACE('', (#10268), #12, .T.);
#10270 = DIRECTION('', (-0.998795, -0.049068, 0.000000));
#10271 = POLY_LOOP('', (#1950, #2078, #2080));
#10272 = FACE_OUTER_BOUND('', #10271, .T.);
#10273 = ADVANCED_FACE('', (#10272), #12, .T.);
#10274 = DIRECTION('', (-0.998795, -0.049068, 0.000000));
#10275 = POLY_LOOP('', (#1950, #2080, #1952));
#10276 = FACE_OUTER_BOUND('', #10275, .T.);
#10277 = ADVANCED_FACE('', (#10276), #12, .T.);
#10278 = DIRECTION('', (-0.989177, -0.146730, 0.000000));
#10279 = POLY_LOOP('', (#1952, #2080, #2082));
#10280 = FACE_OUTER_BOUND('', #10279, .T.);
#10281 = ADVANCED_FACE('', (#10280), #12, .T.);
#10282 = DIRECTION('', (-0.989177, -0.146730, 0.000000));
#10283 = POLY_LOOP('', (#1952, #2082, #1954));
#10284 = FACE_OUTER_BOUND('', #10283, .T.);
#10285 = ADVANCED_FACE('', (#10284), #12, .T.);
#10286 = DIRECTION('', (-0.970031, -0.242980, 0.000000));
#10287 = POLY_LOOP('', (#1954, #2082, #2084));
#10288 = FACE_OUTER_BOUND('', #10287, .T.);
#10289 = ADVANCED_FACE('', (#10288), #12, .T.);
#10290 = DIRECTION('', (-0.970031, -0.242980, 0.000000));
#10291 = POLY_LOOP('', (#1954, #2084, #1956));
#10292 = FACE_OUTER_BOUND('', #10291, .T.);
#10293 = ADVANCED_FACE('', (#10292), #12, .T.);
#10294 = DIRECTION('', (-0.941544, -0.336890, 0.000000));
#10295 = POLY_LOOP('', (#1956, #2084, #2086));
#10296 = FACE_OUTER_BOUND('', #10295, .T.);
#10297 = ADVANCED_FACE('', (#10296), #12, .T.);
#10298 = DIRECTION('', (-0.941544, -0.336890, 0.000000));
#10299 = POLY_LOOP('', (#1956, #2086, #1958));
#10300 = FACE_OUTER_BOUND('', #10299, .T.);
#10301 = ADVANCED_FACE('', (#10300), #12, .T.);
#10302 = DIRECTION('', (-0.903989, -0.427555, 0.000000));
#10303 = POLY_LOOP('', (#1958, #2086, #2088));
#10304 = FACE_OUTER_BOUND('', #10303, .T.);
#10305 = ADVANCED_FACE('', (#10304), #12, .T.);
#10306 = DIRECTION('', (-0.903989, -0.427555, 0.000000));
#10307 = POLY_LOOP('', (#1958, #2088, #1960));
#10308 = FACE_OUTER_BOUND('', #10307, .T.);
#10309 = ADVANCED_FACE('', (#10308), #12, .T.);
#10310 = DIRECTION('', (-0.857729, -0.514103, 0.000000));
#10311 = POLY_LOOP('', (#1960, #2088, #2090));
#10312 = FACE_OUTER_BOUND('', #10311, .T.);
#10313 = ADVANCED_FACE('', (#10312), #12, .T.);
#10314 = DIRECTION('', (-0.857729, -0.514103, 0.000000));
#10315 = POLY_LOOP('', (#1960, #2090, #1962));
#10316 = FACE_OUTER_BOUND('', #10315, .T.);
#10317 = ADVANCED_FACE('', (#10316), #12, .T.);
#10318 = DIRECTION('', (-0.803208, -0.595699, 0.000000));
#10319 = POLY_LOOP('', (#1962, #2090, #2092));
#10320 = FACE_OUTER_BOUND('', #10319, .T.);
#10321 = ADVANCED_FACE('', (#10320), #12, .T.);
#10322 = DIRECTION('', (-0.803208, -0.595699, 0.000000));
#10323 = POLY_LOOP('', (#1962, #2092, #1964));
#10324 = FACE_OUTER_BOUND('', #10323, .T.);
#10325 = ADVANCED_FACE('', (#10324), #12, .T.);
#10326 = DIRECTION('', (-0.740951, -0.671559, 0.000000));
#10327 = POLY_LOOP('', (#1964, #2092, #2094));
#10328 = FACE_OUTER_BOUND('', #10327, .T.);
#10329 = ADVANCED_FACE('', (#10328), #12, .T.);
#10330 = DIRECTION('', (-0.740951, -0.671559, 0.000000));
#10331 = POLY_LOOP('', (#1964, #2094, #1966));
#10332 = FACE_OUTER_BOUND('', #10331, .T.);
#10333 = ADVANCED_FACE('', (#10332), #12, .T.);
#10334 = DIRECTION('', (-0.671559, -0.740951, 0.000000));
#10335 = POLY_LOOP('', (#1966, #2094, #2096));
#10336 = FACE_OUTER_BOUND('', #10335, .T.);
#10337 = ADVANCED_FACE('', (#10336), #12, .T.);
#10338 = DIRECTION('', (-0.671559, -0.740951, 0.000000));
#10339 = POLY_LOOP('', (#1966, #2096, #1968));
#10340 = FACE_OUTER_BOUND('', #10339, .T.);
#10341 = ADVANCED_FACE('', (#10340), #12, .T.);
#10342 = DIRECTION('', (-0.595699, -0.803208, 0.000000));
#10343 = POLY_LOOP('', (#1968, #2096, #2098));
#10344 = FACE_OUTER_BOUND('', #10343, .T.);
#10345 = ADVANCED_FACE('', (#10344), #12, .T.);
#10346 = DIRECTION('', (-0.595699, -0.803208, 0.000000));
#10347 = POLY_LOOP('', (#1968, #2098, #1970));
#10348 = FACE_OUTER_BOUND('', #10347, .T.);
#10349 = ADVANCED_FACE('', (#10348), #12, .T.);
#10350 = DIRECTION('', (-0.514103, -0.857729, 0.000000));
#10351 = POLY_LOOP('', (#1970, #2098, #2100));
#10352 = FACE_OUTER_BOUND('', #10351, .T.);
#10353 = ADVANCED_FACE('', (#10352), #12, .T.);
#10354 = DIRECTION('', (-0.514103, -0.857729, 0.000000));
#10355 = POLY_LOOP('', (#1970, #2100, #1972));
#10356 = FACE_OUTER_BOUND('', #10355, .T.);
#10357 = ADVANCED_FACE('', (#10356), #12, .T.);
#10358 = DIRECTION('', (-0.427555, -0.903989, 0.000000));
#10359 = POLY_LOOP('', (#1972, #2100, #2102));
#10360 = FACE_OUTER_BOUND('', #10359, .T.);
#10361 = ADVANCED_FACE('', (#10360), #12, .T.);
#10362 = DIRECTION('', (-0.427555, -0.903989, 0.000000));
#10363 = POLY_LOOP('', (#1972, #2102, #1974));
#10364 = FACE_OUTER_BOUND('', #10363, .T.);
#10365 = ADVANCED_FACE('', (#10364), #12, .T.);
#10366 = DIRECTION('', (-0.336890, -0.941544, 0.000000));
#10367 = POLY_LOOP('', (#1974, #2102, #2104));
#10368 = FACE_OUTER_BOUND('', #10367, .T.);
#10369 = ADVANCED_FACE('', (#10368), #12, .T.);
#10370 = DIRECTION('', (-0.336890, -0.941544, 0.000000));
#10371 = POLY_LOOP('', (#1974, #2104, #1976));
#10372 = FACE_OUTER_BOUND('', #10371, .T.);
#10373 = ADVANCED_FACE('', (#10372), #12, .T.);
#10374 = DIRECTION('', (-0.242980, -0.970031, 0.000000));
#10375 = POLY_LOOP('', (#1976, #2104, #2106));
#10376 = FACE_OUTER_BOUND('', #10375, .T.);
#10377 = ADVANCED_FACE('', (#10376), #12, .T.);
#10378 = DIRECTION('', (-0.242980, -0.970031, 0.000000));
#10379 = POLY_LOOP('', (#1976, #2106, #1978));
#10380 = FACE_OUTER_BOUND('', #10379, .T.);
#10381 = ADVANCED_FACE('', (#10380), #12, .T.);
#10382 = DIRECTION('', (-0.146730, -0.989177, 0.000000));
#10383 = POLY_LOOP('', (#1978, #2106, #2108));
#10384 = FACE_OUTER_BOUND('', #10383, .T.);
#10385 = ADVANCED_FACE('', (#10384), #12, .T.);
#10386 = DIRECTION('', (-0.146730, -0.989177, 0.000000));
#10387 = POLY_LOOP('', (#1978, #2108, #1980));
#10388 = FACE_OUTER_BOUND('', #10387, .T.);
#10389 = ADVANCED_FACE('', (#10388), #12, .T.);
#10390 = DIRECTION('', (-0.049068, -0.998795, 0.000000));
#10391 = POLY_LOOP('', (#1980, #2108, #2110));
#10392 = FACE_OUTER_BOUND('', #10391, .T.);
#10393 = ADVANCED_FACE('', (#10392), #12, .T.);
#10394 = DIRECTION('', (-0.049068, -0.998795, 0.000000));
#10395 = POLY_LOOP('', (#1980, #2110, #1982));
#10396 = FACE_OUTER_BOUND('', #10395, .T.);
#10397 = ADVANCED_FACE('', (#10396), #12, .T.);
#10398 = DIRECTION('', (0.049068, -0.998795, 0.000000));
#10399 = POLY_LOOP('', (#1982, #2110, #2112));
#10400 = FACE_OUTER_BOUND('', #10399, .T.);
#10401 = ADVANCED_FACE('', (#10400), #12, .T.);
#10402 = DIRECTION('', (0.049068, -0.998795, 0.000000));
#10403 = POLY_LOOP('', (#1982, #2112, #1984));
#10404 = FACE_OUTER_BOUND('', #10403, .T.);
#10405 = ADVANCED_FACE('', (#10404), #12, .T.);
#10406 = DIRECTION('', (0.146730, -0.989177, 0.000000));
#10407 = POLY_LOOP('', (#1984, #2112, #2114));
#10408 = FACE_OUTER_BOUND('', #10407, .T.);
#10409 = ADVANCED_FACE('', (#10408), #12, .T.);
#10410 = DIRECTION('', (0.146730, -0.989177, 0.000000));
#10411 = POLY_LOOP('', (#1984, #2114, #1986));
#10412 = FACE_OUTER_BOUND('', #10411, .T.);
#10413 = ADVANCED_FACE('', (#10412), #12, .T.);
#10414 = DIRECTION('', (0.242980, -0.970031, 0.000000));
#10415 = POLY_LOOP('', (#1986, #2114, #2116));
#10416 = FACE_OUTER_BOUND('', #10415, .T.);
#10417 = ADVANCED_FACE('', (#10416), #12, .T.);
#10418 = DIRECTION('', (0.242980, -0.970031, 0.000000));
#10419 = POLY_LOOP('', (#1986, #2116, #1988));
#10420 = FACE_OUTER_BOUND('', #10419, .T.);
#10421 = ADVANCED_FACE('', (#10420), #12, .T.);
#10422 = DIRECTION('', (0.336890, -0.941544, 0.000000));
#10423 = POLY_LOOP('', (#1988, #2116, #2118));
#10424 = FACE_OUTER_BOUND('', #10423, .T.);
#10425 = ADVANCED_FACE('', (#10424), #12, .T.);
#10426 = DIRECTION('', (0.336890, -0.941544, 0.000000));
#10427 = POLY_LOOP('', (#1988, #2118, #1990));
#10428 = FACE_OUTER_BOUND('', #10427, .T.);
#10429 = ADVANCED_FACE('', (#10428), #12, .T.);
#10430 = DIRECTION('', (0.427555, -0.903989, 0.000000));
#10431 = POLY_LOOP('', (#1990, #2118, #2120));
#10432 = FACE_OUTER_BOUND('', #10431, .T.);
#10433 = ADVANCED_FACE('', (#10432), #12, .T.);
#10434 = DIRECTION('', (0.427555, -0.903989, 0.000000));
#10435 = POLY_LOOP('', (#1990, #2120, #1992));
#10436 = FACE_OUTER_BOUND('', #10435, .T.);
#10437 = ADVANCED_FACE('', (#10436), #12, .T.);
#10438 = DIRECTION('', (0.514103, -0.857729, 0.000000));
#10439 = POLY_LOOP('', (#1992, #2120, #2122));
#10440 = FACE_OUTER_BOUND('', #10439, .T.);
#10441 = ADVANCED_FACE('', (#10440), #12, .T.);
#10442 = DIRECTION('', (0.514103, -0.857729, 0.000000));
#10443 = POLY_LOOP('', (#1992, #2122, #1994));
#10444 = FACE_OUTER_BOUND('', #10443, .T.);
#10445 = ADVANCED_FACE('', (#10444), #12, .T.);
#10446 = DIRECTION('', (0.595699, -0.803208, 0.000000));
#10447 = POLY_LOOP('', (#1994, #2122, #2124));
#10448 = FACE_OUTER_BOUND('', #10447, .T.);
#10449 = ADVANCED_FACE('', (#10448), #12, .T.);
#10450 = DIRECTION('', (0.595699, -0.803208, 0.000000));
#10451 = POLY_LOOP('', (#1994, #2124, #1996));
#10452 = FACE_OUTER_BOUND('', #10451, .T.);
#10453 = ADVANCED_FACE('', (#10452), #12, .T.);
#10454 = DIRECTION('', (0.671559, -0.740951, 0.000000));
#10455 = POLY_LOOP('', (#1996, #2124, #2126));
#10456 = FACE_OUTER_BOUND('', #10455, .T.);
#10457 = ADVANCED_FACE('', (#10456), #12, .T.);
#10458 = DIRECTION('', (0.671559, -0.740951, 0.000000));
#10459 = POLY_LOOP('', (#1996, #2126, #1998));
#10460 = FACE_OUTER_BOUND('', #10459, .T.);
#10461 = ADVANCED_FACE('', (#10460), #12, .T.);
#10462 = DIRECTION('', (0.740951, -0.671559, 0.000000));
#10463 = POLY_LOOP('', (#1998, #2126, #2128));
#10464 = FACE_OUTER_BOUND('', #10463, .T.);
#10465 = ADVANCED_FACE('', (#10464), #12, .T.);
#10466 = DIRECTION('', (0.740951, -0.671559, 0.000000));
#10467 = POLY_LOOP('', (#1998, #2128, #2000));
#10468 = FACE_OUTER_BOUND('', #10467, .T.);
#10469 = ADVANCED_FACE('', (#10468), #12, .T.);
#10470 = DIRECTION('', (0.803208, -0.595699, 0.000000));
#10471 = POLY_LOOP('', (#2000, #2128, #2130));
#10472 = FACE_OUTER_BOUND('', #10471, .T.);
#10473 = ADVANCED_FACE('', (#10472), #12, .T.);
#10474 = DIRECTION('', (0.803208, -0.595699, 0.000000));
#10475 = POLY_LOOP('', (#2000, #2130, #2002));
#10476 = FACE_OUTER_BOUND('', #10475, .T.);
#10477 = ADVANCED_FACE('', (#10476), #12, .T.);
#10478 = DIRECTION('', (0.857729, -0.514103, 0.000000));
#10479 = POLY_LOOP('', (#2002, #2130, #2132));
#10480 = FACE_OUTER_BOUND('', #10479, .T.);
#10481 = ADVANCED_FACE('', (#10480), #12, .T.);
#10482 = DIRECTION('', (0.857729, -0.514103, 0.000000));
#10483 = POLY_LOOP('', (#2002, #2132, #2004));
#10484 = FACE_OUTER_BOUND('', #10483, .T.);
#10485 = ADVANCED_FACE('', (#10484), #12, .T.);
#10486 = DIRECTION('', (0.903989, -0.427555, 0.000000));
#10487 = POLY_LOOP('', (#2004, #2132, #2134));
#10488 = FACE_OUTER_BOUND('', #10487, .T.);
#10489 = ADVANCED_FACE('', (#10488), #12, .T.);
#10490 = DIRECTION('', (0.903989, -0.427555, 0.000000));
#10491 = POLY_LOOP('', (#2004, #2134, #2006));
#10492 = FACE_OUTER_BOUND('', #10491, .T.);
#10493 = ADVANCED_FACE('', (#10492), #12, .T.);
#10494 = DIRECTION('', (0.941544, -0.336890, 0.000000));
#10495 = POLY_LOOP('', (#2006, #2134, #2136));
#10496 = FACE_OUTER_BOUND('', #10495, .T.);
#10497 = ADVANCED_FACE('', (#10496), #12, .T.);
#10498 = DIRECTION('', (0.941544, -0.336890, 0.000000));
#10499 = POLY_LOOP('', (#2006, #2136, #2008));
#10500 = FACE_OUTER_BOUND('', #10499, .T.);
#10501 = ADVANCED_FACE('', (#10500), #12, .T.);
#10502 = DIRECTION('', (0.970031, -0.242980, 0.000000));
#10503 = POLY_LOOP('', (#2008, #2136, #2138));
#10504 = FACE_OUTER_BOUND('', #10503, .T.);
#10505 = ADVANCED_FACE('', (#10504), #12, .T.);
#10506 = DIRECTION('', (0.970031, -0.242980, 0.000000));
#10507 = POLY_LOOP('', (#2008, #2138, #2010));
#10508 = FACE_OUTER_BOUND('', #10507, .T.);
#10509 = ADVANCED_FACE('', (#10508), #12, .T.);
#10510 = DIRECTION('', (0.989177, -0.146730, 0.000000));
#10511 = POLY_LOOP('', (#2010, #2138, #2140));
#10512 = FACE_OUTER_BOUND('', #10511, .T.);
#10513 = ADVANCED_FACE('', (#10512), #12, .T.);
#10514 = DIRECTION('', (0.989177, -0.146730, 0.000000));
#10515 = POLY_LOOP('', (#2010, #2140, #2012));
#10516 = FACE_OUTER_BOUND('', #10515, .T.);
#10517 = ADVANCED_FACE('', (#10516), #12, .T.);
#10518 = DIRECTION('', (0.998795, -0.049068, 0.000000));
#10519 = POLY_LOOP('', (#2012, #2140, #2142));
#10520 = FACE_OUTER_BOUND('', #10519, .T.);
#10521 = ADVANCED_FACE('', (#10520), #12, .T.);
#10522 = DIRECTION('', (0.998795, -0.049068, 0.000000));
#10523 = POLY_LOOP('', (#2012, #2142, #2014));
#10524 = FACE_OUTER_BOUND('', #10523, .T.);
#10525 = ADVANCED_FACE('', (#10524), #12, .T.);
#10526 = DIRECTION('', (0.998795, 0.049068, -0.000000));
#10527 = POLY_LOOP('', (#2014, #2142, #2144));
#10528 = FACE_OUTER_BOUND('', #10527, .T.);
#10529 = ADVANCED_FACE('', (#10528), #12, .T.);
#10530 = DIRECTION('', (0.998795, 0.049068, 0.000000));
#10531 = POLY_LOOP('', (#2014, #2144, #2016));
#10532 = FACE_OUTER_BOUND('', #10531, .T.);
#10533 = ADVANCED_FACE('', (#10532), #12, .T.);
#10534 = DIRECTION('', (0.989177, 0.146730, -0.000000));
#10535 = POLY_LOOP('', (#2016, #2144, #2146));
#10536 = FACE_OUTER_BOUND('', #10535, .T.);
#10537 = ADVANCED_FACE('', (#10536), #12, .T.);
#10538 = DIRECTION('', (0.989177, 0.146730, 0.000000));
#10539 = POLY_LOOP('', (#2016, #2146, #2018));
#10540 = FACE_OUTER_BOUND('', #10539, .T.);
#10541 = ADVANCED_FACE('', (#10540), #12, .T.);
#10542 = DIRECTION('', (0.970031, 0.242980, -0.000000));
#10543 = POLY_LOOP('', (#2018, #2146, #2148));
#10544 = FACE_OUTER_BOUND('', #10543, .T.);
#10545 = ADVANCED_FACE('', (#10544), #12, .T.);
#10546 = DIRECTION('', (0.970031, 0.242980, 0.000000));
#10547 = POLY_LOOP('', (#2018, #2148, #2020));
#10548 = FACE_OUTER_BOUND('', #10547, .T.);
#10549 = ADVANCED_FACE('', (#10548), #12, .T.);
#10550 = DIRECTION('', (0.941544, 0.336890, -0.000000));
#10551 = POLY_LOOP('', (#2020, #2148, #2150));
#10552 = FACE_OUTER_BOUND('', #10551, .T.);
#10553 = ADVANCED_FACE('', (#10552), #12, .T.);
#10554 = DIRECTION('', (0.941544, 0.336890, 0.000000));
#10555 = POLY_LOOP('', (#2020, #2150, #2022));
#10556 = FACE_OUTER_BOUND('', #10555, .T.);
#10557 = ADVANCED_FACE('', (#10556), #12, .T.);
#10558 = DIRECTION('', (0.903989, 0.427555, -0.000000));
#10559 = POLY_LOOP('', (#2022, #2150, #2152));
#10560 = FACE_OUTER_BOUND('', #10559, .T.);
#10561 = ADVANCED_FACE('', (#10560), #12, .T.);
#10562 = DIRECTION('', (0.903989, 0.427555, 0.000000));
#10563 = POLY_LOOP('', (#2022, #2152, #2024));
#10564 = FACE_OUTER_BOUND('', #10563, .T.);
#10565 = ADVANCED_FACE('', (#10564), #12, .T.);
#10566 = DIRECTION('', (0.857729, 0.514103, -0.000000));
#10567 = POLY_LOOP('', (#2024, #2152, #2154));
#10568 = FACE_OUTER_BOUND('', #10567, .T.);
#10569 = ADVANCED_FACE('', (#10568), #12, .T.);
#10570 = DIRECTION('', (0.857729, 0.514103, 0.000000));
#10571 = POLY_LOOP('', (#2024, #2154, #2026));
#10572 = FACE_OUTER_BOUND('', #10571, .T.);
#10573 = ADVANCED_FACE('', (#10572), #12, .T.);
#10574 = DIRECTION('', (0.803208, 0.595699, -0.000000));
#10575 = POLY_LOOP('', (#2026, #2154, #2156));
#10576 = FACE_OUTER_BOUND('', #10575, .T.);
#10577 = ADVANCED_FACE('', (#10576), #12, .T.);
#10578 = DIRECTION('', (0.803208, 0.595699, 0.000000));
#10579 = POLY_LOOP('', (#2026, #2156, #2028));
#10580 = FACE_OUTER_BOUND('', #10579, .T.);
#10581 = ADVANCED_FACE('', (#10580), #12, .T.);
#10582 = DIRECTION('', (0.740951, 0.671559, -0.000000));
#10583 = POLY_LOOP('', (#2028, #2156, #2158));
#10584 = FACE_OUTER_BOUND('', #10583, .T.);
#10585 = ADVANCED_FACE('', (#10584), #12, .T.);
#10586 = DIRECTION('', (0.740951, 0.671559, 0.000000));
#10587 = POLY_LOOP('', (#2028, #2158, #2030));
#10588 = FACE_OUTER_BOUND('', #10587, .T.);
#10589 = ADVANCED_FACE('', (#10588), #12, .T.);
#10590 = DIRECTION('', (0.671559, 0.740951, -0.000000));
#10591 = POLY_LOOP('', (#2030, #2158, #2160));
#10592 = FACE_OUTER_BOUND('', #10591, .T.);
#10593 = ADVANCED_FACE('', (#10592), #12, .T.);
#10594 = DIRECTION('', (0.671559, 0.740951, 0.000000));
#10595 = POLY_LOOP('', (#2030, #2160, #2032));
#10596 = FACE_OUTER_BOUND('', #10595, .T.);
#10597 = ADVANCED_FACE('', (#10596), #12, .T.);
#10598 = DIRECTION('', (0.595699, 0.803208, -0.000000));
#10599 = POLY_LOOP('', (#2032, #2160, #2162));
#10600 = FACE_OUTER_BOUND('', #10599, .T.);
#10601 = ADVANCED_FACE('', (#10600), #12, .T.);
#10602 = DIRECTION('', (0.595699, 0.803208, 0.000000));
#10603 = POLY_LOOP('', (#2032, #2162, #2034));
#10604 = FACE_OUTER_BOUND('', #10603, .T.);
#10605 = ADVANCED_FACE('', (#10604), #12, .T.);
#10606 = DIRECTION('', (0.514103, 0.857729, -0.000000));
#10607 = POLY_LOOP('', (#2034, #2162, #2164));
#10608 = FACE_OUTER_BOUND('', #10607, .T.);
#10609 = ADVANCED_FACE('', (#10608), #12, .T.);
#10610 = DIRECTION('', (0.514103, 0.857729, 0.000000));
#10611 = POLY_LOOP('', (#2034, #2164, #2036));
#10612 = FACE_OUTER_BOUND('', #10611, .T.);
#10613 = ADVANCED_FACE('', (#10612), #12, .T.);
#10614 = DIRECTION('', (0.427555, 0.903989, -0.000000));
#10615 = POLY_LOOP('', (#2036, #2164, #2166));
#10616 = FACE_OUTER_BOUND('', #10615, .T.);
#10617 = ADVANCED_FACE('', (#10616), #12, .T.);
#10618 = DIRECTION('', (0.427555, 0.903989, 0.000000));
#10619 = POLY_LOOP('', (#2036, #2166, #2038));
#10620 = FACE_OUTER_BOUND('', #10619, .T.);
#10621 = ADVANCED_FACE('', (#10620), #12, .T.);
#10622 = DIRECTION('', (0.336890, 0.941544, -0.000000));
#10623 = POLY_LOOP('', (#2038, #2166, #2168));
#10624 = FACE_OUTER_BOUND('', #10623, .T.);
#10625 = ADVANCED_FACE('', (#10624), #12, .T.);
#10626 = DIRECTION('', (0.336890, 0.941544, 0.000000));
#10627 = POLY_LOOP('', (#2038, #2168, #2040));
#10628 = FACE_OUTER_BOUND('', #10627, .T.);
#10629 = ADVANCED_FACE('', (#10628), #12, .T.);
#10630 = DIRECTION('', (0.242980, 0.970031, -0.000000));
#10631 = POLY_LOOP('', (#2040, #2168, #2170));
#10632 = FACE_OUTER_BOUND('', #10631, .T.);
#10633 = ADVANCED_FACE('', (#10632), #12, .T.);
#10634 = DIRECTION('', (0.242980, 0.970031, 0.000000));
#10635 = POLY_LOOP('', (#2040, #2170, #2042));
#10636 = FACE_OUTER_BOUND('', #10635, .T.);
#10637 = ADVANCED_FACE('', (#10636), #12, .T.);
#10638 = DIRECTION('', (0.146730, 0.989177, -0.000000));
#10639 = POLY_LOOP('', (#2042, #2170, #2172));
#10640 = FACE_OUTER_BOUND('', #10639, .T.);
#10641 = ADVANCED_FACE('', (#10640), #12, .T.);
#10642 = DIRECTION('', (0.146730, 0.989177, 0.000000));
#10643 = POLY_LOOP('', (#2042, #2172, #2044));
#10644 = FACE_OUTER_BOUND('', #10643, .T.);
#10645 = ADVANCED_FACE('', (#10644), #12, .T.);
#10646 = DIRECTION('', (0.049068, 0.998795, -0.000000));
#10647 = POLY_LOOP('', (#2044, #2172, #2174));
#10648 = FACE_OUTER_BOUND('', #10647, .T.);
#10649 = ADVANCED_FACE('', (#10648), #12, .T.);
#10650 = DIRECTION('', (0.049068, 0.998795, 0.000000));
#10651 = POLY_LOOP('', (#2044, #2174, #2046));
#10652 = FACE_OUTER_BOUND('', #10651, .T.);
#10653 = ADVANCED_FACE('', (#10652), #12, .T.);
#10654 = DIRECTION('', (-0.049068, 0.998795, 0.000000));
#10655 = POLY_LOOP('', (#2046, #2174, #2176));
#10656 = FACE_OUTER_BOUND('', #10655, .T.);
#10657 = ADVANCED_FACE('', (#10656), #12, .T.);
#10658 = DIRECTION('', (-0.049068, 0.998795, 0.000000));
#10659 = POLY_LOOP('', (#2046, #2176, #2048));
#10660 = FACE_OUTER_BOUND('', #10659, .T.);
#10661 = ADVANCED_FACE('', (#10660), #12, .T.);
#10662 = DIRECTION('', (-0.146730, 0.989177, 0.000000));
#10663 = POLY_LOOP('', (#2048, #2176, #2178));
#10664 = FACE_OUTER_BOUND('', #10663, .T.);
#10665 = ADVANCED_FACE('', (#10664), #12, .T.);
#10666 = DIRECTION('', (-0.146730, 0.989177, 0.000000));
#10667 = POLY_LOOP('', (#2048, #2178, #2050));
#10668 = FACE_OUTER_BOUND('', #10667, .T.);
#10669 = ADVANCED_FACE('', (#10668), #12, .T.);
#10670 = DIRECTION('', (-0.242980, 0.970031, 0.000000));
#10671 = POLY_LOOP('', (#2050, #2178, #2180));
#10672 = FACE_OUTER_BOUND('', #10671, .T.);
#10673 = ADVANCED_FACE('', (#10672), #12, .T.);
#10674 = DIRECTION('', (-0.242980, 0.970031, 0.000000));
#10675 = POLY_LOOP('', (#2050, #2180, #2052));
#10676 = FACE_OUTER_BOUND('', #10675, .T.);
#10677 = ADVANCED_FACE('', (#10676), #12, .T.);
#10678 = DIRECTION('', (-0.336890, 0.941544, 0.000000));
#10679 = POLY_LOOP('', (#2052, #2180, #2182));
#10680 = FACE_OUTER_BOUND('', #10679, .T.);
#10681 = ADVANCED_FACE('', (#10680), #12, .T.);
#10682 = DIRECTION('', (-0.336890, 0.941544, 0.000000));
#10683 = POLY_LOOP('', (#2052, #2182, #2054));
#10684 = FACE_OUTER_BOUND('', #10683, .T.);
#10685 = ADVANCED_FACE('', (#10684), #12, .T.);
#10686 = DIRECTION('', (-0.427555, 0.903989, 0.000000));
#10687 = POLY_LOOP('', (#2054, #2182, #2184));
#10688 = FACE_OUTER_BOUND('', #10687, .T.);
#10689 = ADVANCED_FACE('', (#10688), #12, .T.);
#10690 = DIRECTION('', (-0.427555, 0.903989, 0.000000));
#10691 = POLY_LOOP('', (#2054, #2184, #2056));
#10692 = FACE_OUTER_BOUND('', #10691, .T.);
#10693 = ADVANCED_FACE('', (#10692), #12, .T.);
#10694 = DIRECTION('', (-0.514103, 0.857729, 0.000000));
#10695 = POLY_LOOP('', (#2056, #2184, #2186));
#10696 = FACE_OUTER_BOUND('', #10695, .T.);
#10697 = ADVANCED_FACE('', (#10696), #12, .T.);
#10698 = DIRECTION('', (-0.514103, 0.857729, 0.000000));
#10699 = POLY_LOOP('', (#2056, #2186, #2058));
#10700 = FACE_OUTER_BOUND('', #10699, .T.);
#10701 = ADVANCED_FACE('', (#10700), #12, .T.);
#10702 = DIRECTION('', (-0.595699, 0.803208, 0.000000));
#10703 = POLY_LOOP('', (#2058, #2186, #2188));
#10704 = FACE_OUTER_BOUND('', #10703, .T.);
#10705 = ADVANCED_FACE('', (#10704), #12, .T.);
#10706 = DIRECTION('', (-0.595699, 0.803208, 0.000000));
#10707 = POLY_LOOP('', (#2058, #2188, #2060));
#10708 = FACE_OUTER_BOUND('', #10707, .T.);
#10709 = ADVANCED_FACE('', (#10708), #12, .T.);
#10710 = DIRECTION('', (-0.671559, 0.740951, 0.000000));
#10711 = POLY_LOOP('', (#2060, #2188, #2190));
#10712 = FACE_OUTER_BOUND('', #10711, .T.);
#10713 = ADVANCED_FACE('', (#10712), #12, .T.);
#10714 = DIRECTION('', (-0.671559, 0.740951, 0.000000));
#10715 = POLY_LOOP('', (#2060, #2190, #2062));
#10716 = FACE_OUTER_BOUND('', #10715, .T.);
#10717 = ADVANCED_FACE('', (#10716), #12, .T.);
#10718 = DIRECTION('', (-0.740951, 0.671559, 0.000000));
#10719 = POLY_LOOP('', (#2062, #2190, #2192));
#10720 = FACE_OUTER_BOUND('', #10719, .T.);
#10721 = ADVANCED_FACE('', (#10720), #12, .T.);
#10722 = DIRECTION('', (-0.740951, 0.671559, 0.000000));
#10723 = POLY_LOOP('', (#2062, #2192, #2064));
#10724 = FACE_OUTER_BOUND('', #10723, .T.);
#10725 = ADVANCED_FACE('', (#10724), #12, .T.);
#10726 = DIRECTION('', (-0.803208, 0.595699, 0.000000));
#10727 = POLY_LOOP('', (#2064, #2192, #2194));
#10728 = FACE_OUTER_BOUND('', #10727, .T.);
#10729 = ADVANCED_FACE('', (#10728), #12, .T.);
#10730 = DIRECTION('', (-0.803208, 0.595699, 0.000000));
#10731 = POLY_LOOP('', (#2064, #2194, #2066));
#10732 = FACE_OUTER_BOUND('', #10731, .T.);
#10733 = ADVANCED_FACE('', (#10732), #12, .T.);
#10734 = DIRECTION('', (-0.857729, 0.514103, 0.000000));
#10735 = POLY_LOOP('', (#2066, #2194, #2196));
#10736 = FACE_OUTER_BOUND('', #10735, .T.);
#10737 = ADVANCED_FACE('', (#10736), #12, .T.);
#10738 = DIRECTION('', (-0.857729, 0.514103, 0.000000));
#10739 = POLY_LOOP('', (#2066, #2196, #2068));
#10740 = FACE_OUTER_BOUND('', #10739, .T.);
#10741 = ADVANCED_FACE('', (#10740), #12, .T.);
#10742 = DIRECTION('', (-0.903989, 0.427555, 0.000000));
#10743 = POLY_LOOP('', (#2068, #2196, #2198));
#10744 = FACE_OUTER_BOUND('', #10743, .T.);
#10745 = ADVANCED_FACE('', (#10744), #12, .T.);
#10746 = DIRECTION('', (-0.903989, 0.427555, 0.000000));
#10747 = POLY_LOOP('', (#2068, #2198, #2070));
#10748 = FACE_OUTER_BOUND('', #10747, .T.);
#10749 = ADVANCED_FACE('', (#10748), #12, .T.);
#10750 = DIRECTION('', (-0.941544, 0.336890, 0.000000));
#10751 = POLY_LOOP('', (#2070, #2198, #2200));
#10752 = FACE_OUTER_BOUND('', #10751, .T.);
#10753 = ADVANCED_FACE('', (#10752), #12, .T.);
#10754 = DIRECTION('', (-0.941544, 0.336890, 0.000000));
#10755 = POLY_LOOP('', (#2070, #2200, #2072));
#10756 = FACE_OUTER_BOUND('', #10755, .T.);
#10757 = ADVANCED_FACE('', (#10756), #12, .T.);
#10758 = DIRECTION('', (-0.970031, 0.242980, 0.000000));
#10759 = POLY_LOOP('', (#2072, #2200, #2202));
#10760 = FACE_OUTER_BOUND('', #10759, .T.);
#10761 = ADVANCED_FACE('', (#10760), #12, .T.);
#10762 = DIRECTION('', (-0.970031, 0.242980, 0.000000));
#10763 = POLY_LOOP('', (#2072, #2202, #2074));
#10764 = FACE_OUTER_BOUND('', #10763, .T.);
#10765 = ADVANCED_FACE('', (#10764), #12, .T.);
#10766 = DIRECTION('', (-0.989177, 0.146730, 0.000000));
#10767 = POLY_LOOP('', (#2074, #2202, #2204));
#10768 = FACE_OUTER_BOUND('', #10767, .T.);
#10769 = ADVANCED_FACE('', (#10768), #12, .T.);
#10770 = DIRECTION('', (-0.989177, 0.146730, 0.000000));
#10771 = POLY_LOOP('', (#2074, #2204, #2076));
#10772 = FACE_OUTER_BOUND('', #10771, .T.);
#10773 = ADVANCED_FACE('', (#10772), #12, .T.);
#10774 = DIRECTION('', (-0.998795, 0.049068, 0.000000));
#10775 = POLY_LOOP('', (#2076, #2204, #2078));
#10776 = FACE_OUTER_BOUND('', #10775, .T.);
#10777 = ADVANCED_FACE('', (#10776), #12, .T.);
#10778 = DIRECTION('', (-0.998795, 0.049068, 0.000000));
#10779 = POLY_LOOP('', (#2076, #2078, #1950));
#10780 = FACE_OUTER_BOUND('', #10779, .T.);
#10781 = ADVANCED_FACE('', (#10780), #12, .T.);
#10782 = DIRECTION('', (0.000000, 0.000000, 1.000000));
#10783 = POLY_LOOP('', (#2078, #2206, #2208));
#10784 = FACE_OUTER_BOUND('', #10783, .T.);
#10785 = ADVANCED_FACE('', (#10784), #12, .T.);
#10786 = DIRECTION('', (0.000000, -0.000000, 1.000000));
#10787 = POLY_LOOP('', (#2078, #2208, #2080));
#10788 = FACE_OUTER_BOUND('', #10787, .T.);
#10789 = ADVANCED_FACE('', (#10788), #12, .T.);
#10790 = DIRECTION('', (0.000000, 0.000000, 1.000000));
#10791 = POLY_LOOP('', (#2080, #2208, #2210));
#10792 = FACE_OUTER_BOUND('', #10791, .T.);
#10793 = ADVANCED_FACE('', (#10792), #12, .T.);
#10794 = DIRECTION('', (0.000000, -0.000000, 1.000000));
#10795 = POLY_LOOP('', (#2080, #2210, #2082));
#10796 = FACE_OUTER_BOUND('', #10795, .T.);
#10797 = ADVANCED_FACE('', (#10796), #12, .T.);
#10798 = DIRECTION('', (0.000000, 0.000000, 1.000000));
#10799 = POLY_LOOP('', (#2082, #2210, #2212));
#10800 = FACE_OUTER_BOUND('', #10799, .T.);
#10801 = ADVANCED_FACE('', (#10800), #12, .T.);
#10802 = DIRECTION('', (0.000000, -0.000000, 1.000000));
#10803 = POLY_LOOP('', (#2082, #2212, #2084));
#10804 = FACE_OUTER_BOUND('', #10803, .T.);
#10805 = ADVANCED_FACE('', (#10804), #12, .T.);
#10806 = DIRECTION('', (0.000000, 0.000000, 1.000000));
#10807 = POLY_LOOP('', (#2084, #2212, #2214));
#10808 = FACE_OUTER_BOUND('', #10807, .T.);
#10809 = ADVANCED_FACE('', (#10808), #12, .T.);
#10810 = DIRECTION('', (0.000000, -0.000000, 1.000000));
#10811 = POLY_LOOP('', (#2084, #2214, #2086));
#10812 = FACE_OUTER_BOUND('', #10811, .T.);
#10813 = ADVANCED_FACE('', (#10812), #12, .T.);
#10814 = DIRECTION('', (0.000000, 0.000000, 1.000000));
#10815 = POLY_LOOP('', (#2086, #2214, #2216));
#10816 = FACE_OUTER_BOUND('', #10815, .T.);
#10817 = ADVANCED_FACE('', (#10816), #12, .T.);
#10818 = DIRECTION('', (0.000000, -0.000000, 1.000000));
#10819 = POLY_LOOP('', (#2086, #2216, #2088));
#10820 = FACE_OUTER_BOUND('', #10819, .T.);
#10821 = ADVANCED_FACE('', (#10820), #12, .T.);
#10822 = DIRECTION('', (0.000000, 0.000000, 1.000000));
#10823 = POLY_LOOP('', (#2088, #2216, #2218));
#10824 = FACE_OUTER_BOUND('', #10823, .T.);
#10825 = ADVANCED_FACE('', (#10824), #12, .T.);
#10826 = DIRECTION('', (0.000000, -0.000000, 1.000000));
#10827 = POLY_LOOP('', (#2088, #2218, #2090));
#10828 = FACE_OUTER_BOUND('', #10827, .T.);
#10829 = ADVANCED_FACE('', (#10828), #12, .T.);
#10830 = DIRECTION('', (0.000000, 0.000000, 1.000000));
#10831 = POLY_LOOP('', (#2090, #2218, #2220));
#10832 = FACE_OUTER_BOUND('', #10831, .T.);
#10833 = ADVANCED_FACE('', (#10832), #12, .T.);
#10834 = DIRECTION('', (0.000000, -0.000000, 1.000000));
#10835 = POLY_LOOP('', (#2090, #2220, #2092));
#10836 = FACE_OUTER_BOUND('', #10835, .T.);
#10837 = ADVANCED_FACE('', (#10836), #12, .T.);
#10838 = DIRECTION('', (0.000000, 0.000000, 1.000000));
#10839 = POLY_LOOP('', (#2092, #2220, #2222));
#10840 = FACE_OUTER_BOUND('', #10839, .T.);
#10841 = ADVANCED_FACE('', (#10840), #12, .T.);
#10842 = DIRECTION('', (0.000000, -0.000000, 1.000000));
#10843 = POLY_LOOP('', (#2092, #2222, #2094));
#10844 = FACE_OUTER_BOUND('', #10843, .T.);
#10845 = ADVANCED_FACE('', (#10844), #12, .T.);
#10846 = DIRECTION('', (0.000000, 0.000000, 1.000000));
#10847 = POLY_LOOP('', (#2094, #2222, #2224));
#10848 = FACE_OUTER_BOUND('', #10847, .T.);
#10849 = ADVANCED_FACE('', (#10848), #12, .T.);
#10850 = DIRECTION('', (0.000000, -0.000000, 1.000000));
#10851 = POLY_LOOP('', (#2094, #2224, #2096));
#10852 = FACE_OUTER_BOUND('', #10851, .T.);
#10853 = ADVANCED_FACE('', (#10852), #12, .T.);
#10854 = DIRECTION('', (0.000000, -0.000000, 1.000000));
#10855 = POLY_LOOP('', (#2096, #2224, #2226));
#10856 = FACE_OUTER_BOUND('', #10855, .T.);
#10857 = ADVANCED_FACE('', (#10856), #12, .T.);
#10858 = DIRECTION('', (0.000000, 0.000000, 1.000000));
#10859 = POLY_LOOP('', (#2096, #2226, #2098));
#10860 = FACE_OUTER_BOUND('', #10859, .T.);
#10861 = ADVANCED_FACE('', (#10860), #12, .T.);
#10862 = DIRECTION('', (0.000000, -0.000000, 1.000000));
#10863 = POLY_LOOP('', (#2098, #2226, #2228));
#10864 = FACE_OUTER_BOUND('', #10863, .T.);
#10865 = ADVANCED_FACE('', (#10864), #12, .T.);
#10866 = DIRECTION('', (0.000000, 0.000000, 1.000000));
#10867 = POLY_LOOP('', (#2098, #2228, #2100));
#10868 = FACE_OUTER_BOUND('', #10867, .T.);
#10869 = ADVANCED_FACE('', (#10868), #12, .T.);
#10870 = DIRECTION('', (0.000000, -0.000000, 1.000000));
#10871 = POLY_LOOP('', (#2100, #2228, #2230));
#10872 = FACE_OUTER_BOUND('', #10871, .T.);
#10873 = ADVANCED_FACE('', (#10872), #12, .T.);
#10874 = DIRECTION('', (0.000000, 0.000000, 1.000000));
#10875 = POLY_LOOP('', (#2100, #2230, #2102));
#10876 = FACE_OUTER_BOUND('', #10875, .T.);
#10877 = ADVANCED_FACE('', (#10876), #12, .T.);
#10878 = DIRECTION('', (0.000000, -0.000000, 1.000000));
#10879 = POLY_LOOP('', (#2102, #2230, #2232));
#10880 = FACE_OUTER_BOUND('', #10879, .T.);
#10881 = ADVANCED_FACE('', (#10880), #12, .T.);
#10882 = DIRECTION('', (0.000000, 0.000000, 1.000000));
#10883 = POLY_LOOP('', (#2102, #2232, #2104));
#10884 = FACE_OUTER_BOUND('', #10883, .T.);
#10885 = ADVANCED_FACE('', (#10884), #12, .T.);
#10886 = DIRECTION('', (0.000000, -0.000000, 1.000000));
#10887 = POLY_LOOP('', (#2104, #2232, #2234));
#10888 = FACE_OUTER_BOUND('', #10887, .T.);
#10889 = ADVANCED_FACE('', (#10888), #12, .T.);
#10890 = DIRECTION('', (0.000000, 0.000000, 1.000000));
#10891 = POLY_LOOP('', (#2104, #2234, #2106));
#10892 = FACE_OUTER_BOUND('', #10891, .T.);
#10893 = ADVANCED_FACE('', (#10892), #12, .T.);
#10894 = DIRECTION('', (0.000000, -0.000000, 1.000000));
#10895 = POLY_LOOP('', (#2106, #2234, #2236));
#10896 = FACE_OUTER_BOUND('', #10895, .T.);
#10897 = ADVANCED_FACE('', (#10896), #12, .T.);
#10898 = DIRECTION('', (0.000000, 0.000000, 1.000000));
#10899 = POLY_LOOP('', (#2106, #2236, #2108));
#10900 = FACE_OUTER_BOUND('', #10899, .T.);
#10901 = ADVANCED_FACE('', (#10900), #12, .T.);
#10902 = DIRECTION('', (0.000000, -0.000000, 1.000000));
#10903 = POLY_LOOP('', (#2108, #2236, #2238));
#10904 = FACE_OUTER_BOUND('', #10903, .T.);
#10905 = ADVANCED_FACE('', (#10904), #12, .T.);
#10906 = DIRECTION('', (0.000000, 0.000000, 1.000000));
#10907 = POLY_LOOP('', (#2108, #2238, #2110));
#10908 = FACE_OUTER_BOUND('', #10907, .T.);
#10909 = ADVANCED_FACE('', (#10908), #12, .T.);
#10910 = DIRECTION('', (0.000000, -0.000000, 1.000000));
#10911 = POLY_LOOP('', (#2110, #2238, #2240));
#10912 = FACE_OUTER_BOUND('', #10911, .T.);
#10913 = ADVANCED_FACE('', (#10912), #12, .T.);
#10914 = DIRECTION('', (0.000000, 0.000000, 1.000000));
#10915 = POLY_LOOP('', (#2110, #2240, #2112));
#10916 = FACE_OUTER_BOUND('', #10915, .T.);
#10917 = ADVANCED_FACE('', (#10916), #12, .T.);
#10918 = DIRECTION('', (0.000000, 0.000000, 1.000000));
#10919 = POLY_LOOP('', (#2112, #2240, #2242));
#10920 = FACE_OUTER_BOUND('', #10919, .T.);
#10921 = ADVANCED_FACE('', (#10920), #12, .T.);
#10922 = DIRECTION('', (0.000000, 0.000000, 1.000000));
#10923 = POLY_LOOP('', (#2112, #2242, #2114));
#10924 = FACE_OUTER_BOUND('', #10923, .T.);
#10925 = ADVANCED_FACE('', (#10924), #12, .T.);
#10926 = DIRECTION('', (0.000000, 0.000000, 1.000000));
#10927 = POLY_LOOP('', (#2114, #2242, #2244));
#10928 = FACE_OUTER_BOUND('', #10927, .T.);
#10929 = ADVANCED_FACE('', (#10928), #12, .T.);
#10930 = DIRECTION('', (0.000000, 0.000000, 1.000000));
#10931 = POLY_LOOP('', (#2114, #2244, #2116));
#10932 = FACE_OUTER_BOUND('', #10931, .T.);
#10933 = ADVANCED_FACE('', (#10932), #12, .T.);
#10934 = DIRECTION('', (0.000000, 0.000000, 1.000000));
#10935 = POLY_LOOP('', (#2116, #2244, #2246));
#10936 = FACE_OUTER_BOUND('', #10935, .T.);
#10937 = ADVANCED_FACE('', (#10936), #12, .T.);
#10938 = DIRECTION('', (0.000000, 0.000000, 1.000000));
#10939 = POLY_LOOP('', (#2116, #2246, #2118));
#10940 = FACE_OUTER_BOUND('', #10939, .T.);
#10941 = ADVANCED_FACE('', (#10940), #12, .T.);
#10942 = DIRECTION('', (0.000000, 0.000000, 1.000000));
#10943 = POLY_LOOP('', (#2118, #2246, #2248));
#10944 = FACE_OUTER_BOUND('', #10943, .T.);
#10945 = ADVANCED_FACE('', (#10944), #12, .T.);
#10946 = DIRECTION('', (0.000000, 0.000000, 1.000000));
#10947 = POLY_LOOP('', (#2118, #2248, #2120));
#10948 = FACE_OUTER_BOUND('', #10947, .T.);
#10949 = ADVANCED_FACE('', (#10948), #12, .T.);
#10950 = DIRECTION('', (0.000000, 0.000000, 1.000000));
#10951 = POLY_LOOP('', (#2120, #2248, #2250));
#10952 = FACE_OUTER_BOUND('', #10951, .T.);
#10953 = ADVANCED_FACE('', (#10952), #12, .T.);
#10954 = DIRECTION('', (0.000000, 0.000000, 1.000000));
#10955 = POLY_LOOP('', (#2120, #2250, #2122));
#10956 = FACE_OUTER_BOUND('', #10955, .T.);
#10957 = ADVANCED_FACE('', (#10956), #12, .T.);
#10958 = DIRECTION('', (0.000000, 0.000000, 1.000000));
#10959 = POLY_LOOP('', (#2122, #2250, #2252));
#10960 = FACE_OUTER_BOUND('', #10959, .T.);
#10961 = ADVANCED_FACE('', (#10960), #12, .T.);
#10962 = DIRECTION('', (0.000000, 0.000000, 1.000000));
#10963 = POLY_LOOP('', (#2122, #2252, #2124));
#10964 = FACE_OUTER_BOUND('', #10963, .T.);
#10965 = ADVANCED_FACE('', (#10964), #12, .T.);
#10966 = DIRECTION('', (0.000000, 0.000000, 1.000000));
#10967 = POLY_LOOP('', (#2124, #2252, #2254));
#10968 = FACE_OUTER_BOUND('', #10967, .T.);
#10969 = ADVANCED_FACE('', (#10968), #12, .T.);
#10970 = DIRECTION('', (0.000000, 0.000000, 1.000000));
#10971 = POLY_LOOP('', (#2124, #2254, #2126));
#10972 = FACE_OUTER_BOUND('', #10971, .T.);
#10973 = ADVANCED_FACE('', (#10972), #12, .T.);
#10974 = DIRECTION('', (0.000000, 0.000000, 1.000000));
#10975 = POLY_LOOP('', (#2126, #2254, #2256));
#10976 = FACE_OUTER_BOUND('', #10975, .T.);
#10977 = ADVANCED_FACE('', (#10976), #12, .T.);
#10978 = DIRECTION('', (0.000000, 0.000000, 1.000000));
#10979 = POLY_LOOP('', (#2126, #2256, #2128));
#10980 = FACE_OUTER_BOUND('', #10979, .T.);
#10981 = ADVANCED_FACE('', (#10980), #12, .T.);
#10982 = DIRECTION('', (0.000000, 0.000000, 1.000000));
#10983 = POLY_LOOP('', (#2128, #2256, #2258));
#10984 = FACE_OUTER_BOUND('', #10983, .T.);
#10985 = ADVANCED_FACE('', (#10984), #12, .T.);
#10986 = DIRECTION('', (0.000000, 0.000000, 1.000000));
#10987 = POLY_LOOP('', (#2128, #2258, #2130));
#10988 = FACE_OUTER_BOUND('', #10987, .T.);
#10989 = ADVANCED_FACE('', (#10988), #12, .T.);
#10990 = DIRECTION('', (0.000000, 0.000000, 1.000000));
#10991 = POLY_LOOP('', (#2130, #2258, #2260));
#10992 = FACE_OUTER_BOUND('', #10991, .T.);
#10993 = ADVANCED_FACE('', (#10992), #12, .T.);
#10994 = DIRECTION('', (0.000000, 0.000000, 1.000000));
#10995 = POLY_LOOP('', (#2130, #2260, #2132));
#10996 = FACE_OUTER_BOUND('', #10995, .T.);
#10997 = ADVANCED_FACE('', (#10996), #12, .T.);
#10998 = DIRECTION('', (0.000000, 0.000000, 1.000000));
#10999 = POLY_LOOP('', (#2132, #2260, #2262));
#11000 = FACE_OUTER_BOUND('', #10999, .T.);
#11001 = ADVANCED_FACE('', (#11000), #12, .T.);
#11002 = DIRECTION('', (0.000000, 0.000000, 1.000000));
#11003 = POLY_LOOP('', (#2132, #2262, #2134));
#11004 = FACE_OUTER_BOUND('', #11003, .T.);
#11005 = ADVANCED_FACE('', (#11004), #12, .T.);
#11006 = DIRECTION('', (0.000000, 0.000000, 1.000000));
#11007 = POLY_LOOP('', (#2134, #2262, #2264));
#11008 = FACE_OUTER_BOUND('', #11007, .T.);
#11009 = ADVANCED_FACE('', (#11008), #12, .T.);
#11010 = DIRECTION('', (0.000000, 0.000000, 1.000000));
#11011 = POLY_LOOP('', (#2134, #2264, #2136));
#11012 = FACE_OUTER_BOUND('', #11011, .T.);
#11013 = ADVANCED_FACE('', (#11012), #12, .T.);
#11014 = DIRECTION('', (0.000000, 0.000000, 1.000000));
#11015 = POLY_LOOP('', (#2136, #2264, #2266));
#11016 = FACE_OUTER_BOUND('', #11015, .T.);
#11017 = ADVANCED_FACE('', (#11016), #12, .T.);
#11018 = DIRECTION('', (0.000000, 0.000000, 1.000000));
#11019 = POLY_LOOP('', (#2136, #2266, #2138));
#11020 = FACE_OUTER_BOUND('', #11019, .T.);
#11021 = ADVANCED_FACE('', (#11020), #12, .T.);
#11022 = DIRECTION('', (0.000000, 0.000000, 1.000000));
#11023 = POLY_LOOP('', (#2138, #2266, #2268));
#11024 = FACE_OUTER_BOUND('', #11023, .T.);
#11025 = ADVANCED_FACE('', (#11024), #12, .T.);
#11026 = DIRECTION('', (0.000000, 0.000000, 1.000000));
#11027 = POLY_LOOP('', (#2138, #2268, #2140));
#11028 = FACE_OUTER_BOUND('', #11027, .T.);
#11029 = ADVANCED_FACE('', (#11028), #12, .T.);
#11030 = DIRECTION('', (0.000000, 0.000000, 1.000000));
#11031 = POLY_LOOP('', (#2140, #2268, #2270));
#11032 = FACE_OUTER_BOUND('', #11031, .T.);
#11033 = ADVANCED_FACE('', (#11032), #12, .T.);
#11034 = DIRECTION('', (0.000000, 0.000000, 1.000000));
#11035 = POLY_LOOP('', (#2140, #2270, #2142));
#11036 = FACE_OUTER_BOUND('', #11035, .T.);
#11037 = ADVANCED_FACE('', (#11036), #12, .T.);
#11038 = DIRECTION('', (0.000000, 0.000000, 1.000000));
#11039 = POLY_LOOP('', (#2142, #2270, #2272));
#11040 = FACE_OUTER_BOUND('', #11039, .T.);
#11041 = ADVANCED_FACE('', (#11040), #12, .T.);
#11042 = DIRECTION('', (0.000000, 0.000000, 1.000000));
#11043 = POLY_LOOP('', (#2142, #2272, #2144));
#11044 = FACE_OUTER_BOUND('', #11043, .T.);
#11045 = ADVANCED_FACE('', (#11044), #12, .T.);
#11046 = DIRECTION('', (0.000000, 0.000000, 1.000000));
#11047 = POLY_LOOP('', (#2144, #2272, #2274));
#11048 = FACE_OUTER_BOUND('', #11047, .T.);
#11049 = ADVANCED_FACE('', (#11048), #12, .T.);
#11050 = DIRECTION('', (0.000000, 0.000000, 1.000000));
#11051 = POLY_LOOP('', (#2144, #2274, #2146));
#11052 = FACE_OUTER_BOUND('', #11051, .T.);
#11053 = ADVANCED_FACE('', (#11052), #12, .T.);
#11054 = DIRECTION('', (0.000000, 0.000000, 1.000000));
#11055 = POLY_LOOP('', (#2146, #2274, #2276));
#11056 = FACE_OUTER_BOUND('', #11055, .T.);
#11057 = ADVANCED_FACE('', (#11056), #12, .T.);
#11058 = DIRECTION('', (0.000000, 0.000000, 1.000000));
#11059 = POLY_LOOP('', (#2146, #2276, #2148));
#11060 = FACE_OUTER_BOUND('', #11059, .T.);
#11061 = ADVANCED_FACE('', (#11060), #12, .T.);
#11062 = DIRECTION('', (0.000000, 0.000000, 1.000000));
#11063 = POLY_LOOP('', (#2148, #2276, #2278));
#11064 = FACE_OUTER_BOUND('', #11063, .T.);
#11065 = ADVANCED_FACE('', (#11064), #12, .T.);
#11066 = DIRECTION('', (0.000000, 0.000000, 1.000000));
#11067 = POLY_LOOP('', (#2148, #2278, #2150));
#11068 = FACE_OUTER_BOUND('', #11067, .T.);
#11069 = ADVANCED_FACE('', (#11068), #12, .T.);
#11070 = DIRECTION('', (0.000000, 0.000000, 1.000000));
#11071 = POLY_LOOP('', (#2150, #2278, #2280));
#11072 = FACE_OUTER_BOUND('', #11071, .T.);
#11073 = ADVANCED_FACE('', (#11072), #12, .T.);
#11074 = DIRECTION('', (0.000000, 0.000000, 1.000000));
#11075 = POLY_LOOP('', (#2150, #2280, #2152));
#11076 = FACE_OUTER_BOUND('', #11075, .T.);
#11077 = ADVANCED_FACE('', (#11076), #12, .T.);
#11078 = DIRECTION('', (0.000000, 0.000000, 1.000000));
#11079 = POLY_LOOP('', (#2152, #2280, #2282));
#11080 = FACE_OUTER_BOUND('', #11079, .T.);
#11081 = ADVANCED_FACE('', (#11080), #12, .T.);
#11082 = DIRECTION('', (0.000000, 0.000000, 1.000000));
#11083 = POLY_LOOP('', (#2152, #2282, #2154));
#11084 = FACE_OUTER_BOUND('', #11083, .T.);
#11085 = ADVANCED_FACE('', (#11084), #12, .T.);
#11086 = DIRECTION('', (0.000000, 0.000000, 1.000000));
#11087 = POLY_LOOP('', (#2154, #2282, #2284));
#11088 = FACE_OUTER_BOUND('', #11087, .T.);
#11089 = ADVANCED_FACE('', (#11088), #12, .T.);
#11090 = DIRECTION('', (0.000000, 0.000000, 1.000000));
#11091 = POLY_LOOP('', (#2154, #2284, #2156));
#11092 = FACE_OUTER_BOUND('', #11091, .T.);
#11093 = ADVANCED_FACE('', (#11092), #12, .T.);
#11094 = DIRECTION('', (0.000000, 0.000000, 1.000000));
#11095 = POLY_LOOP('', (#2156, #2284, #2286));
#11096 = FACE_OUTER_BOUND('', #11095, .T.);
#11097 = ADVANCED_FACE('', (#11096), #12, .T.);
#11098 = DIRECTION('', (0.000000, 0.000000, 1.000000));
#11099 = POLY_LOOP('', (#2156, #2286, #2158));
#11100 = FACE_OUTER_BOUND('', #11099, .T.);
#11101 = ADVANCED_FACE('', (#11100), #12, .T.);
#11102 = DIRECTION('', (0.000000, 0.000000, 1.000000));
#11103 = POLY_LOOP('', (#2158, #2286, #2288));
#11104 = FACE_OUTER_BOUND('', #11103, .T.);
#11105 = ADVANCED_FACE('', (#11104), #12, .T.);
#11106 = DIRECTION('', (0.000000, 0.000000, 1.000000));
#11107 = POLY_LOOP('', (#2158, #2288, #2160));
#11108 = FACE_OUTER_BOUND('', #11107, .T.);
#11109 = ADVANCED_FACE('', (#11108), #12, .T.);
#11110 = DIRECTION('', (0.000000, 0.000000, 1.000000));
#11111 = POLY_LOOP('', (#2160, #2288, #2290));
#11112 = FACE_OUTER_BOUND('', #11111, .T.);
#11113 = ADVANCED_FACE('', (#11112), #12, .T.);
#11114 = DIRECTION('', (0.000000, 0.000000, 1.000000));
#11115 = POLY_LOOP('', (#2160, #2290, #2162));
#11116 = FACE_OUTER_BOUND('', #11115, .T.);
#11117 = ADVANCED_FACE('', (#11116), #12, .T.);
#11118 = DIRECTION('', (0.000000, 0.000000, 1.000000));
#11119 = POLY_LOOP('', (#2162, #2290, #2292));
#11120 = FACE_OUTER_BOUND('', #11119, .T.);
#11121 = ADVANCED_FACE('', (#11120), #12, .T.);
#11122 = DIRECTION('', (0.000000, 0.000000, 1.000000));
#11123 = POLY_LOOP('', (#2162, #2292, #2164));
#11124 = FACE_OUTER_BOUND('', #11123, .T.);
#11125 = ADVANCED_FACE('', (#11124), #12, .T.);
#11126 = DIRECTION('', (0.000000, 0.000000, 1.000000));
#11127 = POLY_LOOP('', (#2164, #2292, #2294));
#11128 = FACE_OUTER_BOUND('', #11127, .T.);
#11129 = ADVANCED_FACE('', (#11128), #12, .T.);
#11130 = DIRECTION('', (0.000000, 0.000000, 1.000000));
#11131 = POLY_LOOP('', (#2164, #2294, #2166));
#11132 = FACE_OUTER_BOUND('', #11131, .T.);
#11133 = ADVANCED_FACE('', (#11132), #12, .T.);
#11134 = DIRECTION('', (0.000000, 0.000000, 1.000000));
#11135 = POLY_LOOP('', (#2166, #2294, #2296));
#11136 = FACE_OUTER_BOUND('', #11135, .T.);
#11137 = ADVANCED_FACE('', (#11136), #12, .T.);
#11138 = DIRECTION('', (0.000000, 0.000000, 1.000000));
#11139 = POLY_LOOP('', (#2166, #2296, #2168));
#11140 = FACE_OUTER_BOUND('', #11139, .T.);
#11141 = ADVANCED_FACE('', (#11140), #12, .T.);
#11142 = DIRECTION('', (0.000000, 0.000000, 1.000000));
#11143 = POLY_LOOP('', (#2168, #2296, #2298));
#11144 = FACE_OUTER_BOUND('', #11143, .T.);
#11145 = ADVANCED_FACE('', (#11144), #12, .T.);
#11146 = DIRECTION('', (0.000000, 0.000000, 1.000000));
#11147 = POLY_LOOP('', (#2168, #2298, #2170));
#11148 = FACE_OUTER_BOUND('', #11147, .T.);
#11149 = ADVANCED_FACE('', (#11148), #12, .T.);
#11150 = DIRECTION('', (0.000000, 0.000000, 1.000000));
#11151 = POLY_LOOP('', (#2170, #2298, #2300));
#11152 = FACE_OUTER_BOUND('', #11151, .T.);
#11153 = ADVANCED_FACE('', (#11152), #12, .T.);
#11154 = DIRECTION('', (0.000000, 0.000000, 1.000000));
#11155 = POLY_LOOP('', (#2170, #2300, #2172));
#11156 = FACE_OUTER_BOUND('', #11155, .T.);
#11157 = ADVANCED_FACE('', (#11156), #12, .T.);
#11158 = DIRECTION('', (0.000000, 0.000000, 1.000000));
#11159 = POLY_LOOP('', (#2172, #2300, #2302));
#11160 = FACE_OUTER_BOUND('', #11159, .T.);
#11161 = ADVANCED_FACE('', (#11160), #12, .T.);
#11162 = DIRECTION('', (0.000000, 0.000000, 1.000000));
#11163 = POLY_LOOP('', (#2172, #2302, #2174));
#11164 = FACE_OUTER_BOUND('', #11163, .T.);
#11165 = ADVANCED_FACE('', (#11164), #12, .T.);
#11166 = DIRECTION('', (0.000000, 0.000000, 1.000000));
#11167 = POLY_LOOP('', (#2174, #2302, #2304));
#11168 = FACE_OUTER_BOUND('', #11167, .T.);
#11169 = ADVANCED_FACE('', (#11168), #12, .T.);
#11170 = DIRECTION('', (-0.000000, 0.000000, 1.000000));
#11171 = POLY_LOOP('', (#2174, #2304, #2176));
#11172 = FACE_OUTER_BOUND('', #11171, .T.);
#11173 = ADVANCED_FACE('', (#11172), #12, .T.);
#11174 = DIRECTION('', (0.000000, 0.000000, 1.000000));
#11175 = POLY_LOOP('', (#2176, #2304, #2306));
#11176 = FACE_OUTER_BOUND('', #11175, .T.);
#11177 = ADVANCED_FACE('', (#11176), #12, .T.);
#11178 = DIRECTION('', (-0.000000, 0.000000, 1.000000));
#11179 = POLY_LOOP('', (#2176, #2306, #2178));
#11180 = FACE_OUTER_BOUND('', #11179, .T.);
#11181 = ADVANCED_FACE('', (#11180), #12, .T.);
#11182 = DIRECTION('', (0.000000, 0.000000, 1.000000));
#11183 = POLY_LOOP('', (#2178, #2306, #2308));
#11184 = FACE_OUTER_BOUND('', #11183, .T.);
#11185 = ADVANCED_FACE('', (#11184), #12, .T.);
#11186 = DIRECTION('', (-0.000000, 0.000000, 1.000000));
#11187 = POLY_LOOP('', (#2178, #2308, #2180));
#11188 = FACE_OUTER_BOUND('', #11187, .T.);
#11189 = ADVANCED_FACE('', (#11188), #12, .T.);
#11190 = DIRECTION('', (0.000000, 0.000000, 1.000000));
#11191 = POLY_LOOP('', (#2180, #2308, #2310));
#11192 = FACE_OUTER_BOUND('', #11191, .T.);
#11193 = ADVANCED_FACE('', (#11192), #12, .T.);
#11194 = DIRECTION('', (-0.000000, 0.000000, 1.000000));
#11195 = POLY_LOOP('', (#2180, #2310, #2182));
#11196 = FACE_OUTER_BOUND('', #11195, .T.);
#11197 = ADVANCED_FACE('', (#11196), #12, .T.);
#11198 = DIRECTION('', (0.000000, 0.000000, 1.000000));
#11199 = POLY_LOOP('', (#2182, #2310, #2312));
#11200 = FACE_OUTER_BOUND('', #11199, .T.);
#11201 = ADVANCED_FACE('', (#11200), #12, .T.);
#11202 = DIRECTION('', (-0.000000, 0.000000, 1.000000));
#11203 = POLY_LOOP('', (#2182, #2312, #2184));
#11204 = FACE_OUTER_BOUND('', #11203, .T.);
#11205 = ADVANCED_FACE('', (#11204), #12, .T.);
#11206 = DIRECTION('', (0.000000, 0.000000, 1.000000));
#11207 = POLY_LOOP('', (#2184, #2312, #2314));
#11208 = FACE_OUTER_BOUND('', #11207, .T.);
#11209 = ADVANCED_FACE('', (#11208), #12, .T.);
#11210 = DIRECTION('', (-0.000000, 0.000000, 1.000000));
#11211 = POLY_LOOP('', (#2184, #2314, #2186));
#11212 = FACE_OUTER_BOUND('', #11211, .T.);
#11213 = ADVANCED_FACE('', (#11212), #12, .T.);
#11214 = DIRECTION('', (0.000000, 0.000000, 1.000000));
#11215 = POLY_LOOP('', (#2186, #2314, #2316));
#11216 = FACE_OUTER_BOUND('', #11215, .T.);
#11217 = ADVANCED_FACE('', (#11216), #12, .T.);
#11218 = DIRECTION('', (-0.000000, 0.000000, 1.000000));
#11219 = POLY_LOOP('', (#2186, #2316, #2188));
#11220 = FACE_OUTER_BOUND('', #11219, .T.);
#11221 = ADVANCED_FACE('', (#11220), #12, .T.);
#11222 = DIRECTION('', (0.000000, 0.000000, 1.000000));
#11223 = POLY_LOOP('', (#2188, #2316, #2318));
#11224 = FACE_OUTER_BOUND('', #11223, .T.);
#11225 = ADVANCED_FACE('', (#11224), #12, .T.);
#11226 = DIRECTION('', (-0.000000, 0.000000, 1.000000));
#11227 = POLY_LOOP('', (#2188, #2318, #2190));
#11228 = FACE_OUTER_BOUND('', #11227, .T.);
#11229 = ADVANCED_FACE('', (#11228), #12, .T.);
#11230 = DIRECTION('', (0.000000, 0.000000, 1.000000));
#11231 = POLY_LOOP('', (#2190, #2318, #2320));
#11232 = FACE_OUTER_BOUND('', #11231, .T.);
#11233 = ADVANCED_FACE('', (#11232), #12, .T.);
#11234 = DIRECTION('', (-0.000000, 0.000000, 1.000000));
#11235 = POLY_LOOP('', (#2190, #2320, #2192));
#11236 = FACE_OUTER_BOUND('', #11235, .T.);
#11237 = ADVANCED_FACE('', (#11236), #12, .T.);
#11238 = DIRECTION('', (-0.000000, 0.000000, 1.000000));
#11239 = POLY_LOOP('', (#2192, #2320, #2322));
#11240 = FACE_OUTER_BOUND('', #11239, .T.);
#11241 = ADVANCED_FACE('', (#11240), #12, .T.);
#11242 = DIRECTION('', (0.000000, 0.000000, 1.000000));
#11243 = POLY_LOOP('', (#2192, #2322, #2194));
#11244 = FACE_OUTER_BOUND('', #11243, .T.);
#11245 = ADVANCED_FACE('', (#11244), #12, .T.);
#11246 = DIRECTION('', (-0.000000, 0.000000, 1.000000));
#11247 = POLY_LOOP('', (#2194, #2322, #2324));
#11248 = FACE_OUTER_BOUND('', #11247, .T.);
#11249 = ADVANCED_FACE('', (#11248), #12, .T.);
#11250 = DIRECTION('', (0.000000, 0.000000, 1.000000));
#11251 = POLY_LOOP('', (#2194, #2324, #2196));
#11252 = FACE_OUTER_BOUND('', #11251, .T.);
#11253 = ADVANCED_FACE('', (#11252), #12, .T.);
#11254 = DIRECTION('', (-0.000000, 0.000000, 1.000000));
#11255 = POLY_LOOP('', (#2196, #2324, #2326));
#11256 = FACE_OUTER_BOUND('', #11255, .T.);
#11257 = ADVANCED_FACE('', (#11256), #12, .T.);
#11258 = DIRECTION('', (0.000000, 0.000000, 1.000000));
#11259 = POLY_LOOP('', (#2196, #2326, #2198));
#11260 = FACE_OUTER_BOUND('', #11259, .T.);
#11261 = ADVANCED_FACE('', (#11260), #12, .T.);
#11262 = DIRECTION('', (-0.000000, 0.000000, 1.000000));
#11263 = POLY_LOOP('', (#2198, #2326, #2328));
#11264 = FACE_OUTER_BOUND('', #11263, .T.);
#11265 = ADVANCED_FACE('', (#11264), #12, .T.);
#11266 = DIRECTION('', (0.000000, 0.000000, 1.000000));
#11267 = POLY_LOOP('', (#2198, #2328, #2200));
#11268 = FACE_OUTER_BOUND('', #11267, .T.);
#11269 = ADVANCED_FACE('', (#11268), #12, .T.);
#11270 = DIRECTION('', (-0.000000, 0.000000, 1.000000));
#11271 = POLY_LOOP('', (#2200, #2328, #2330));
#11272 = FACE_OUTER_BOUND('', #11271, .T.);
#11273 = ADVANCED_FACE('', (#11272), #12, .T.);
#11274 = DIRECTION('', (0.000000, 0.000000, 1.000000));
#11275 = POLY_LOOP('', (#2200, #2330, #2202));
#11276 = FACE_OUTER_BOUND('', #11275, .T.);
#11277 = ADVANCED_FACE('', (#11276), #12, .T.);
#11278 = DIRECTION('', (-0.000000, 0.000000, 1.000000));
#11279 = POLY_LOOP('', (#2202, #2330, #2332));
#11280 = FACE_OUTER_BOUND('', #11279, .T.);
#11281 = ADVANCED_FACE('', (#11280), #12, .T.);
#11282 = DIRECTION('', (0.000000, 0.000000, 1.000000));
#11283 = POLY_LOOP('', (#2202, #2332, #2204));
#11284 = FACE_OUTER_BOUND('', #11283, .T.);
#11285 = ADVANCED_FACE('', (#11284), #12, .T.);
#11286 = DIRECTION('', (-0.000000, 0.000000, 1.000000));
#11287 = POLY_LOOP('', (#2204, #2332, #2206));
#11288 = FACE_OUTER_BOUND('', #11287, .T.);
#11289 = ADVANCED_FACE('', (#11288), #12, .T.);
#11290 = DIRECTION('', (0.000000, 0.000000, 1.000000));
#11291 = POLY_LOOP('', (#2204, #2206, #2078));
#11292 = FACE_OUTER_BOUND('', #11291, .T.);
#11293 = ADVANCED_FACE('', (#11292), #12, .T.);
#11294 = DIRECTION('', (-0.998795, -0.049068, 0.000000));
#11295 = POLY_LOOP('', (#2206, #2334, #2336));
#11296 = FACE_OUTER_BOUND('', #11295, .T.);
#11297 = ADVANCED_FACE('', (#11296), #12, .T.);
#11298 = DIRECTION('', (-0.998795, -0.049068, 0.000000));
#11299 = POLY_LOOP('', (#2206, #2336, #2208));
#11300 = FACE_OUTER_BOUND('', #11299, .T.);
#11301 = ADVANCED_FACE('', (#11300), #12, .T.);
#11302 = DIRECTION('', (-0.989177, -0.146730, 0.000000));
#11303 = POLY_LOOP('', (#2208, #2336, #2338));
#11304 = FACE_OUTER_BOUND('', #11303, .T.);
#11305 = ADVANCED_FACE('', (#11304), #12, .T.);
#11306 = DIRECTION('', (-0.989177, -0.146730, 0.000000));
#11307 = POLY_LOOP('', (#2208, #2338, #2210));
#11308 = FACE_OUTER_BOUND('', #11307, .T.);
#11309 = ADVANCED_FACE('', (#11308), #12, .T.);
#11310 = DIRECTION('', (-0.970031, -0.242980, 0.000000));
#11311 = POLY_LOOP('', (#2210, #2338, #2340));
#11312 = FACE_OUTER_BOUND('', #11311, .T.);
#11313 = ADVANCED_FACE('', (#11312), #12, .T.);
#11314 = DIRECTION('', (-0.970031, -0.242980, 0.000000));
#11315 = POLY_LOOP('', (#2210, #2340, #2212));
#11316 = FACE_OUTER_BOUND('', #11315, .T.);
#11317 = ADVANCED_FACE('', (#11316), #12, .T.);
#11318 = DIRECTION('', (-0.941544, -0.336890, 0.000000));
#11319 = POLY_LOOP('', (#2212, #2340, #2342));
#11320 = FACE_OUTER_BOUND('', #11319, .T.);
#11321 = ADVANCED_FACE('', (#11320), #12, .T.);
#11322 = DIRECTION('', (-0.941544, -0.336890, 0.000000));
#11323 = POLY_LOOP('', (#2212, #2342, #2214));
#11324 = FACE_OUTER_BOUND('', #11323, .T.);
#11325 = ADVANCED_FACE('', (#11324), #12, .T.);
#11326 = DIRECTION('', (-0.903989, -0.427555, 0.000000));
#11327 = POLY_LOOP('', (#2214, #2342, #2344));
#11328 = FACE_OUTER_BOUND('', #11327, .T.);
#11329 = ADVANCED_FACE('', (#11328), #12, .T.);
#11330 = DIRECTION('', (-0.903989, -0.427555, 0.000000));
#11331 = POLY_LOOP('', (#2214, #2344, #2216));
#11332 = FACE_OUTER_BOUND('', #11331, .T.);
#11333 = ADVANCED_FACE('', (#11332), #12, .T.);
#11334 = DIRECTION('', (-0.857729, -0.514103, 0.000000));
#11335 = POLY_LOOP('', (#2216, #2344, #2346));
#11336 = FACE_OUTER_BOUND('', #11335, .T.);
#11337 = ADVANCED_FACE('', (#11336), #12, .T.);
#11338 = DIRECTION('', (-0.857729, -0.514103, 0.000000));
#11339 = POLY_LOOP('', (#2216, #2346, #2218));
#11340 = FACE_OUTER_BOUND('', #11339, .T.);
#11341 = ADVANCED_FACE('', (#11340), #12, .T.);
#11342 = DIRECTION('', (-0.803208, -0.595699, 0.000000));
#11343 = POLY_LOOP('', (#2218, #2346, #2348));
#11344 = FACE_OUTER_BOUND('', #11343, .T.);
#11345 = ADVANCED_FACE('', (#11344), #12, .T.);
#11346 = DIRECTION('', (-0.803208, -0.595699, 0.000000));
#11347 = POLY_LOOP('', (#2218, #2348, #2220));
#11348 = FACE_OUTER_BOUND('', #11347, .T.);
#11349 = ADVANCED_FACE('', (#11348), #12, .T.);
#11350 = DIRECTION('', (-0.740951, -0.671559, 0.000000));
#11351 = POLY_LOOP('', (#2220, #2348, #2350));
#11352 = FACE_OUTER_BOUND('', #11351, .T.);
#11353 = ADVANCED_FACE('', (#11352), #12, .T.);
#11354 = DIRECTION('', (-0.740951, -0.671559, 0.000000));
#11355 = POLY_LOOP('', (#2220, #2350, #2222));
#11356 = FACE_OUTER_BOUND('', #11355, .T.);
#11357 = ADVANCED_FACE('', (#11356), #12, .T.);
#11358 = DIRECTION('', (-0.671559, -0.740951, 0.000000));
#11359 = POLY_LOOP('', (#2222, #2350, #2352));
#11360 = FACE_OUTER_BOUND('', #11359, .T.);
#11361 = ADVANCED_FACE('', (#11360), #12, .T.);
#11362 = DIRECTION('', (-0.671559, -0.740951, 0.000000));
#11363 = POLY_LOOP('', (#2222, #2352, #2224));
#11364 = FACE_OUTER_BOUND('', #11363, .T.);
#11365 = ADVANCED_FACE('', (#11364), #12, .T.);
#11366 = DIRECTION('', (-0.595699, -0.803208, 0.000000));
#11367 = POLY_LOOP('', (#2224, #2352, #2354));
#11368 = FACE_OUTER_BOUND('', #11367, .T.);
#11369 = ADVANCED_FACE('', (#11368), #12, .T.);
#11370 = DIRECTION('', (-0.595699, -0.803208, 0.000000));
#11371 = POLY_LOOP('', (#2224, #2354, #2226));
#11372 = FACE_OUTER_BOUND('', #11371, .T.);
#11373 = ADVANCED_FACE('', (#11372), #12, .T.);
#11374 = DIRECTION('', (-0.514103, -0.857729, 0.000000));
#11375 = POLY_LOOP('', (#2226, #2354, #2356));
#11376 = FACE_OUTER_BOUND('', #11375, .T.);
#11377 = ADVANCED_FACE('', (#11376), #12, .T.);
#11378 = DIRECTION('', (-0.514103, -0.857729, 0.000000));
#11379 = POLY_LOOP('', (#2226, #2356, #2228));
#11380 = FACE_OUTER_BOUND('', #11379, .T.);
#11381 = ADVANCED_FACE('', (#11380), #12, .T.);
#11382 = DIRECTION('', (-0.427555, -0.903989, 0.000000));
#11383 = POLY_LOOP('', (#2228, #2356, #2358));
#11384 = FACE_OUTER_BOUND('', #11383, .T.);
#11385 = ADVANCED_FACE('', (#11384), #12, .T.);
#11386 = DIRECTION('', (-0.427555, -0.903989, 0.000000));
#11387 = POLY_LOOP('', (#2228, #2358, #2230));
#11388 = FACE_OUTER_BOUND('', #11387, .T.);
#11389 = ADVANCED_FACE('', (#11388), #12, .T.);
#11390 = DIRECTION('', (-0.336890, -0.941544, 0.000000));
#11391 = POLY_LOOP('', (#2230, #2358, #2360));
#11392 = FACE_OUTER_BOUND('', #11391, .T.);
#11393 = ADVANCED_FACE('', (#11392), #12, .T.);
#11394 = DIRECTION('', (-0.336890, -0.941544, 0.000000));
#11395 = POLY_LOOP('', (#2230, #2360, #2232));
#11396 = FACE_OUTER_BOUND('', #11395, .T.);
#11397 = ADVANCED_FACE('', (#11396), #12, .T.);
#11398 = DIRECTION('', (-0.242980, -0.970031, 0.000000));
#11399 = POLY_LOOP('', (#2232, #2360, #2362));
#11400 = FACE_OUTER_BOUND('', #11399, .T.);
#11401 = ADVANCED_FACE('', (#11400), #12, .T.);
#11402 = DIRECTION('', (-0.242980, -0.970031, 0.000000));
#11403 = POLY_LOOP('', (#2232, #2362, #2234));
#11404 = FACE_OUTER_BOUND('', #11403, .T.);
#11405 = ADVANCED_FACE('', (#11404), #12, .T.);
#11406 = DIRECTION('', (-0.146730, -0.989177, 0.000000));
#11407 = POLY_LOOP('', (#2234, #2362, #2364));
#11408 = FACE_OUTER_BOUND('', #11407, .T.);
#11409 = ADVANCED_FACE('', (#11408), #12, .T.);
#11410 = DIRECTION('', (-0.146730, -0.989177, 0.000000));
#11411 = POLY_LOOP('', (#2234, #2364, #2236));
#11412 = FACE_OUTER_BOUND('', #11411, .T.);
#11413 = ADVANCED_FACE('', (#11412), #12, .T.);
#11414 = DIRECTION('', (-0.049068, -0.998795, 0.000000));
#11415 = POLY_LOOP('', (#2236, #2364, #2366));
#11416 = FACE_OUTER_BOUND('', #11415, .T.);
#11417 = ADVANCED_FACE('', (#11416), #12, .T.);
#11418 = DIRECTION('', (-0.049068, -0.998795, 0.000000));
#11419 = POLY_LOOP('', (#2236, #2366, #2238));
#11420 = FACE_OUTER_BOUND('', #11419, .T.);
#11421 = ADVANCED_FACE('', (#11420), #12, .T.);
#11422 = DIRECTION('', (0.049068, -0.998795, 0.000000));
#11423 = POLY_LOOP('', (#2238, #2366, #2368));
#11424 = FACE_OUTER_BOUND('', #11423, .T.);
#11425 = ADVANCED_FACE('', (#11424), #12, .T.);
#11426 = DIRECTION('', (0.049068, -0.998795, 0.000000));
#11427 = POLY_LOOP('', (#2238, #2368, #2240));
#11428 = FACE_OUTER_BOUND('', #11427, .T.);
#11429 = ADVANCED_FACE('', (#11428), #12, .T.);
#11430 = DIRECTION('', (0.146730, -0.989177, 0.000000));
#11431 = POLY_LOOP('', (#2240, #2368, #2370));
#11432 = FACE_OUTER_BOUND('', #11431, .T.);
#11433 = ADVANCED_FACE('', (#11432), #12, .T.);
#11434 = DIRECTION('', (0.146730, -0.989177, 0.000000));
#11435 = POLY_LOOP('', (#2240, #2370, #2242));
#11436 = FACE_OUTER_BOUND('', #11435, .T.);
#11437 = ADVANCED_FACE('', (#11436), #12, .T.);
#11438 = DIRECTION('', (0.242980, -0.970031, 0.000000));
#11439 = POLY_LOOP('', (#2242, #2370, #2372));
#11440 = FACE_OUTER_BOUND('', #11439, .T.);
#11441 = ADVANCED_FACE('', (#11440), #12, .T.);
#11442 = DIRECTION('', (0.242980, -0.970031, 0.000000));
#11443 = POLY_LOOP('', (#2242, #2372, #2244));
#11444 = FACE_OUTER_BOUND('', #11443, .T.);
#11445 = ADVANCED_FACE('', (#11444), #12, .T.);
#11446 = DIRECTION('', (0.336890, -0.941544, 0.000000));
#11447 = POLY_LOOP('', (#2244, #2372, #2374));
#11448 = FACE_OUTER_BOUND('', #11447, .T.);
#11449 = ADVANCED_FACE('', (#11448), #12, .T.);
#11450 = DIRECTION('', (0.336890, -0.941544, 0.000000));
#11451 = POLY_LOOP('', (#2244, #2374, #2246));
#11452 = FACE_OUTER_BOUND('', #11451, .T.);
#11453 = ADVANCED_FACE('', (#11452), #12, .T.);
#11454 = DIRECTION('', (0.427555, -0.903989, 0.000000));
#11455 = POLY_LOOP('', (#2246, #2374, #2376));
#11456 = FACE_OUTER_BOUND('', #11455, .T.);
#11457 = ADVANCED_FACE('', (#11456), #12, .T.);
#11458 = DIRECTION('', (0.427555, -0.903989, 0.000000));
#11459 = POLY_LOOP('', (#2246, #2376, #2248));
#11460 = FACE_OUTER_BOUND('', #11459, .T.);
#11461 = ADVANCED_FACE('', (#11460), #12, .T.);
#11462 = DIRECTION('', (0.514103, -0.857729, 0.000000));
#11463 = POLY_LOOP('', (#2248, #2376, #2378));
#11464 = FACE_OUTER_BOUND('', #11463, .T.);
#11465 = ADVANCED_FACE('', (#11464), #12, .T.);
#11466 = DIRECTION('', (0.514103, -0.857729, 0.000000));
#11467 = POLY_LOOP('', (#2248, #2378, #2250));
#11468 = FACE_OUTER_BOUND('', #11467, .T.);
#11469 = ADVANCED_FACE('', (#11468), #12, .T.);
#11470 = DIRECTION('', (0.595699, -0.803208, 0.000000));
#11471 = POLY_LOOP('', (#2250, #2378, #2380));
#11472 = FACE_OUTER_BOUND('', #11471, .T.);
#11473 = ADVANCED_FACE('', (#11472), #12, .T.);
#11474 = DIRECTION('', (0.595699, -0.803208, 0.000000));
#11475 = POLY_LOOP('', (#2250, #2380, #2252));
#11476 = FACE_OUTER_BOUND('', #11475, .T.);
#11477 = ADVANCED_FACE('', (#11476), #12, .T.);
#11478 = DIRECTION('', (0.671559, -0.740951, 0.000000));
#11479 = POLY_LOOP('', (#2252, #2380, #2382));
#11480 = FACE_OUTER_BOUND('', #11479, .T.);
#11481 = ADVANCED_FACE('', (#11480), #12, .T.);
#11482 = DIRECTION('', (0.671559, -0.740951, 0.000000));
#11483 = POLY_LOOP('', (#2252, #2382, #2254));
#11484 = FACE_OUTER_BOUND('', #11483, .T.);
#11485 = ADVANCED_FACE('', (#11484), #12, .T.);
#11486 = DIRECTION('', (0.740951, -0.671559, 0.000000));
#11487 = POLY_LOOP('', (#2254, #2382, #2384));
#11488 = FACE_OUTER_BOUND('', #11487, .T.);
#11489 = ADVANCED_FACE('', (#11488), #12, .T.);
#11490 = DIRECTION('', (0.740951, -0.671559, 0.000000));
#11491 = POLY_LOOP('', (#2254, #2384, #2256));
#11492 = FACE_OUTER_BOUND('', #11491, .T.);
#11493 = ADVANCED_FACE('', (#11492), #12, .T.);
#11494 = DIRECTION('', (0.803208, -0.595699, 0.000000));
#11495 = POLY_LOOP('', (#2256, #2384, #2386));
#11496 = FACE_OUTER_BOUND('', #11495, .T.);
#11497 = ADVANCED_FACE('', (#11496), #12, .T.);
#11498 = DIRECTION('', (0.803208, -0.595699, 0.000000));
#11499 = POLY_LOOP('', (#2256, #2386, #2258));
#11500 = FACE_OUTER_BOUND('', #11499, .T.);
#11501 = ADVANCED_FACE('', (#11500), #12, .T.);
#11502 = DIRECTION('', (0.857729, -0.514103, 0.000000));
#11503 = POLY_LOOP('', (#2258, #2386, #2388));
#11504 = FACE_OUTER_BOUND('', #11503, .T.);
#11505 = ADVANCED_FACE('', (#11504), #12, .T.);
#11506 = DIRECTION('', (0.857729, -0.514103, 0.000000));
#11507 = POLY_LOOP('', (#2258, #2388, #2260));
#11508 = FACE_OUTER_BOUND('', #11507, .T.);
#11509 = ADVANCED_FACE('', (#11508), #12, .T.);
#11510 = DIRECTION('', (0.903989, -0.427555, 0.000000));
#11511 = POLY_LOOP('', (#2260, #2388, #2390));
#11512 = FACE_OUTER_BOUND('', #11511, .T.);
#11513 = ADVANCED_FACE('', (#11512), #12, .T.);
#11514 = DIRECTION('', (0.903989, -0.427555, 0.000000));
#11515 = POLY_LOOP('', (#2260, #2390, #2262));
#11516 = FACE_OUTER_BOUND('', #11515, .T.);
#11517 = ADVANCED_FACE('', (#11516), #12, .T.);
#11518 = DIRECTION('', (0.941544, -0.336890, 0.000000));
#11519 = POLY_LOOP('', (#2262, #2390, #2392));
#11520 = FACE_OUTER_BOUND('', #11519, .T.);
#11521 = ADVANCED_FACE('', (#11520), #12, .T.);
#11522 = DIRECTION('', (0.941544, -0.336890, 0.000000));
#11523 = POLY_LOOP('', (#2262, #2392, #2264));
#11524 = FACE_OUTER_BOUND('', #11523, .T.);
#11525 = ADVANCED_FACE('', (#11524), #12, .T.);
#11526 = DIRECTION('', (0.970031, -0.242980, 0.000000));
#11527 = POLY_LOOP('', (#2264, #2392, #2394));
#11528 = FACE_OUTER_BOUND('', #11527, .T.);
#11529 = ADVANCED_FACE('', (#11528), #12, .T.);
#11530 = DIRECTION('', (0.970031, -0.242980, 0.000000));
#11531 = POLY_LOOP('', (#2264, #2394, #2266));
#11532 = FACE_OUTER_BOUND('', #11531, .T.);
#11533 = ADVANCED_FACE('', (#11532), #12, .T.);
#11534 = DIRECTION('', (0.989177, -0.146730, 0.000000));
#11535 = POLY_LOOP('', (#2266, #2394, #2396));
#11536 = FACE_OUTER_BOUND('', #11535, .T.);
#11537 = ADVANCED_FACE('', (#11536), #12, .T.);
#11538 = DIRECTION('', (0.989177, -0.146730, 0.000000));
#11539 = POLY_LOOP('', (#2266, #2396, #2268));
#11540 = FACE_OUTER_BOUND('', #11539, .T.);
#11541 = ADVANCED_FACE('', (#11540), #12, .T.);
#11542 = DIRECTION('', (0.998795, -0.049068, 0.000000));
#11543 = POLY_LOOP('', (#2268, #2396, #2398));
#11544 = FACE_OUTER_BOUND('', #11543, .T.);
#11545 = ADVANCED_FACE('', (#11544), #12, .T.);
#11546 = DIRECTION('', (0.998795, -0.049068, 0.000000));
#11547 = POLY_LOOP('', (#2268, #2398, #2270));
#11548 = FACE_OUTER_BOUND('', #11547, .T.);
#11549 = ADVANCED_FACE('', (#11548), #12, .T.);
#11550 = DIRECTION('', (0.998795, 0.049068, -0.000000));
#11551 = POLY_LOOP('', (#2270, #2398, #2400));
#11552 = FACE_OUTER_BOUND('', #11551, .T.);
#11553 = ADVANCED_FACE('', (#11552), #12, .T.);
#11554 = DIRECTION('', (0.998795, 0.049068, 0.000000));
#11555 = POLY_LOOP('', (#2270, #2400, #2272));
#11556 = FACE_OUTER_BOUND('', #11555, .T.);
#11557 = ADVANCED_FACE('', (#11556), #12, .T.);
#11558 = DIRECTION('', (0.989177, 0.146730, -0.000000));
#11559 = POLY_LOOP('', (#2272, #2400, #2402));
#11560 = FACE_OUTER_BOUND('', #11559, .T.);
#11561 = ADVANCED_FACE('', (#11560), #12, .T.);
#11562 = DIRECTION('', (0.989177, 0.146730, 0.000000));
#11563 = POLY_LOOP('', (#2272, #2402, #2274));
#11564 = FACE_OUTER_BOUND('', #11563, .T.);
#11565 = ADVANCED_FACE('', (#11564), #12, .T.);
#11566 = DIRECTION('', (0.970031, 0.242980, -0.000000));
#11567 = POLY_LOOP('', (#2274, #2402, #2404));
#11568 = FACE_OUTER_BOUND('', #11567, .T.);
#11569 = ADVANCED_FACE('', (#11568), #12, .T.);
#11570 = DIRECTION('', (0.970031, 0.242980, 0.000000));
#11571 = POLY_LOOP('', (#2274, #2404, #2276));
#11572 = FACE_OUTER_BOUND('', #11571, .T.);
#11573 = ADVANCED_FACE('', (#11572), #12, .T.);
#11574 = DIRECTION('', (0.941544, 0.336890, -0.000000));
#11575 = POLY_LOOP('', (#2276, #2404, #2406));
#11576 = FACE_OUTER_BOUND('', #11575, .T.);
#11577 = ADVANCED_FACE('', (#11576), #12, .T.);
#11578 = DIRECTION('', (0.941544, 0.336890, 0.000000));
#11579 = POLY_LOOP('', (#2276, #2406, #2278));
#11580 = FACE_OUTER_BOUND('', #11579, .T.);
#11581 = ADVANCED_FACE('', (#11580), #12, .T.);
#11582 = DIRECTION('', (0.903989, 0.427555, -0.000000));
#11583 = POLY_LOOP('', (#2278, #2406, #2408));
#11584 = FACE_OUTER_BOUND('', #11583, .T.);
#11585 = ADVANCED_FACE('', (#11584), #12, .T.);
#11586 = DIRECTION('', (0.903989, 0.427555, 0.000000));
#11587 = POLY_LOOP('', (#2278, #2408, #2280));
#11588 = FACE_OUTER_BOUND('', #11587, .T.);
#11589 = ADVANCED_FACE('', (#11588), #12, .T.);
#11590 = DIRECTION('', (0.857729, 0.514103, -0.000000));
#11591 = POLY_LOOP('', (#2280, #2408, #2410));
#11592 = FACE_OUTER_BOUND('', #11591, .T.);
#11593 = ADVANCED_FACE('', (#11592), #12, .T.);
#11594 = DIRECTION('', (0.857729, 0.514103, 0.000000));
#11595 = POLY_LOOP('', (#2280, #2410, #2282));
#11596 = FACE_OUTER_BOUND('', #11595, .T.);
#11597 = ADVANCED_FACE('', (#11596), #12, .T.);
#11598 = DIRECTION('', (0.803208, 0.595699, -0.000000));
#11599 = POLY_LOOP('', (#2282, #2410, #2412));
#11600 = FACE_OUTER_BOUND('', #11599, .T.);
#11601 = ADVANCED_FACE('', (#11600), #12, .T.);
#11602 = DIRECTION('', (0.803208, 0.595699, 0.000000));
#11603 = POLY_LOOP('', (#2282, #2412, #2284));
#11604 = FACE_OUTER_BOUND('', #11603, .T.);
#11605 = ADVANCED_FACE('', (#11604), #12, .T.);
#11606 = DIRECTION('', (0.740951, 0.671559, -0.000000));
#11607 = POLY_LOOP('', (#2284, #2412, #2414));
#11608 = FACE_OUTER_BOUND('', #11607, .T.);
#11609 = ADVANCED_FACE('', (#11608), #12, .T.);
#11610 = DIRECTION('', (0.740951, 0.671559, 0.000000));
#11611 = POLY_LOOP('', (#2284, #2414, #2286));
#11612 = FACE_OUTER_BOUND('', #11611, .T.);
#11613 = ADVANCED_FACE('', (#11612), #12, .T.);
#11614 = DIRECTION('', (0.671559, 0.740951, -0.000000));
#11615 = POLY_LOOP('', (#2286, #2414, #2416));
#11616 = FACE_OUTER_BOUND('', #11615, .T.);
#11617 = ADVANCED_FACE('', (#11616), #12, .T.);
#11618 = DIRECTION('', (0.671559, 0.740951, 0.000000));
#11619 = POLY_LOOP('', (#2286, #2416, #2288));
#11620 = FACE_OUTER_BOUND('', #11619, .T.);
#11621 = ADVANCED_FACE('', (#11620), #12, .T.);
#11622 = DIRECTION('', (0.595699, 0.803208, -0.000000));
#11623 = POLY_LOOP('', (#2288, #2416, #2418));
#11624 = FACE_OUTER_BOUND('', #11623, .T.);
#11625 = ADVANCED_FACE('', (#11624), #12, .T.);
#11626 = DIRECTION('', (0.595699, 0.803208, 0.000000));
#11627 = POLY_LOOP('', (#2288, #2418, #2290));
#11628 = FACE_OUTER_BOUND('', #11627, .T.);
#11629 = ADVANCED_FACE('', (#11628), #12, .T.);
#11630 = DIRECTION('', (0.514103, 0.857729, -0.000000));
#11631 = POLY_LOOP('', (#2290, #2418, #2420));
#11632 = FACE_OUTER_BOUND('', #11631, .T.);
#11633 = ADVANCED_FACE('', (#11632), #12, .T.);
#11634 = DIRECTION('', (0.514103, 0.857729, 0.000000));
#11635 = POLY_LOOP('', (#2290, #2420, #2292));
#11636 = FACE_OUTER_BOUND('', #11635, .T.);
#11637 = ADVANCED_FACE('', (#11636), #12, .T.);
#11638 = DIRECTION('', (0.427555, 0.903989, -0.000000));
#11639 = POLY_LOOP('', (#2292, #2420, #2422));
#11640 = FACE_OUTER_BOUND('', #11639, .T.);
#11641 = ADVANCED_FACE('', (#11640), #12, .T.);
#11642 = DIRECTION('', (0.427555, 0.903989, 0.000000));
#11643 = POLY_LOOP('', (#2292, #2422, #2294));
#11644 = FACE_OUTER_BOUND('', #11643, .T.);
#11645 = ADVANCED_FACE('', (#11644), #12, .T.);
#11646 = DIRECTION('', (0.336890, 0.941544, -0.000000));
#11647 = POLY_LOOP('', (#2294, #2422, #2424));
#11648 = FACE_OUTER_BOUND('', #11647, .T.);
#11649 = ADVANCED_FACE('', (#11648), #12, .T.);
#11650 = DIRECTION('', (0.336890, 0.941544, 0.000000));
#11651 = POLY_LOOP('', (#2294, #2424, #2296));
#11652 = FACE_OUTER_BOUND('', #11651, .T.);
#11653 = ADVANCED_FACE('', (#11652), #12, .T.);
#11654 = DIRECTION('', (0.242980, 0.970031, -0.000000));
#11655 = POLY_LOOP('', (#2296, #2424, #2426));
#11656 = FACE_OUTER_BOUND('', #11655, .T.);
#11657 = ADVANCED_FACE('', (#11656), #12, .T.);
#11658 = DIRECTION('', (0.242980, 0.970031, 0.000000));
#11659 = POLY_LOOP('', (#2296, #2426, #2298));
#11660 = FACE_OUTER_BOUND('', #11659, .T.);
#11661 = ADVANCED_FACE('', (#11660), #12, .T.);
#11662 = DIRECTION('', (0.146730, 0.989177, -0.000000));
#11663 = POLY_LOOP('', (#2298, #2426, #2428));
#11664 = FACE_OUTER_BOUND('', #11663, .T.);
#11665 = ADVANCED_FACE('', (#11664), #12, .T.);
#11666 = DIRECTION('', (0.146730, 0.989177, 0.000000));
#11667 = POLY_LOOP('', (#2298, #2428, #2300));
#11668 = FACE_OUTER_BOUND('', #11667, .T.);
#11669 = ADVANCED_FACE('', (#11668), #12, .T.);
#11670 = DIRECTION('', (0.049068, 0.998795, -0.000000));
#11671 = POLY_LOOP('', (#2300, #2428, #2430));
#11672 = FACE_OUTER_BOUND('', #11671, .T.);
#11673 = ADVANCED_FACE('', (#11672), #12, .T.);
#11674 = DIRECTION('', (0.049068, 0.998795, 0.000000));
#11675 = POLY_LOOP('', (#2300, #2430, #2302));
#11676 = FACE_OUTER_BOUND('', #11675, .T.);
#11677 = ADVANCED_FACE('', (#11676), #12, .T.);
#11678 = DIRECTION('', (-0.049068, 0.998795, 0.000000));
#11679 = POLY_LOOP('', (#2302, #2430, #2432));
#11680 = FACE_OUTER_BOUND('', #11679, .T.);
#11681 = ADVANCED_FACE('', (#11680), #12, .T.);
#11682 = DIRECTION('', (-0.049068, 0.998795, 0.000000));
#11683 = POLY_LOOP('', (#2302, #2432, #2304));
#11684 = FACE_OUTER_BOUND('', #11683, .T.);
#11685 = ADVANCED_FACE('', (#11684), #12, .T.);
#11686 = DIRECTION('', (-0.146730, 0.989177, 0.000000));
#11687 = POLY_LOOP('', (#2304, #2432, #2434));
#11688 = FACE_OUTER_BOUND('', #11687, .T.);
#11689 = ADVANCED_FACE('', (#11688), #12, .T.);
#11690 = DIRECTION('', (-0.146730, 0.989177, 0.000000));
#11691 = POLY_LOOP('', (#2304, #2434, #2306));
#11692 = FACE_OUTER_BOUND('', #11691, .T.);
#11693 = ADVANCED_FACE('', (#11692), #12, .T.);
#11694 = DIRECTION('', (-0.242980, 0.970031, 0.000000));
#11695 = POLY_LOOP('', (#2306, #2434, #2436));
#11696 = FACE_OUTER_BOUND('', #11695, .T.);
#11697 = ADVANCED_FACE('', (#11696), #12, .T.);
#11698 = DIRECTION('', (-0.242980, 0.970031, 0.000000));
#11699 = POLY_LOOP('', (#2306, #2436, #2308));
#11700 = FACE_OUTER_BOUND('', #11699, .T.);
#11701 = ADVANCED_FACE('', (#11700), #12, .T.);
#11702 = DIRECTION('', (-0.336890, 0.941544, 0.000000));
#11703 = POLY_LOOP('', (#2308, #2436, #2438));
#11704 = FACE_OUTER_BOUND('', #11703, .T.);
#11705 = ADVANCED_FACE('', (#11704), #12, .T.);
#11706 = DIRECTION('', (-0.336890, 0.941544, 0.000000));
#11707 = POLY_LOOP('', (#2308, #2438, #2310));
#11708 = FACE_OUTER_BOUND('', #11707, .T.);
#11709 = ADVANCED_FACE('', (#11708), #12, .T.);
#11710 = DIRECTION('', (-0.427555, 0.903989, 0.000000));
#11711 = POLY_LOOP('', (#2310, #2438, #2440));
#11712 = FACE_OUTER_BOUND('', #11711, .T.);
#11713 = ADVANCED_FACE('', (#11712), #12, .T.);
#11714 = DIRECTION('', (-0.427555, 0.903989, 0.000000));
#11715 = POLY_LOOP('', (#2310, #2440, #2312));
#11716 = FACE_OUTER_BOUND('', #11715, .T.);
#11717 = ADVANCED_FACE('', (#11716), #12, .T.);
#11718 = DIRECTION('', (-0.514103, 0.857729, 0.000000));
#11719 = POLY_LOOP('', (#2312, #2440, #2442));
#11720 = FACE_OUTER_BOUND('', #11719, .T.);
#11721 = ADVANCED_FACE('', (#11720), #12, .T.);
#11722 = DIRECTION('', (-0.514103, 0.857729, 0.000000));
#11723 = POLY_LOOP('', (#2312, #2442, #2314));
#11724 = FACE_OUTER_BOUND('', #11723, .T.);
#11725 = ADVANCED_FACE('', (#11724), #12, .T.);
#11726 = DIRECTION('', (-0.595699, 0.803208, 0.000000));
#11727 = POLY_LOOP('', (#2314, #2442, #2444));
#11728 = FACE_OUTER_BOUND('', #11727, .T.);
#11729 = ADVANCED_FACE('', (#11728), #12, .T.);
#11730 = DIRECTION('', (-0.595699, 0.803208, 0.000000));
#11731 = POLY_LOOP('', (#2314, #2444, #2316));
#11732 = FACE_OUTER_BOUND('', #11731, .T.);
#11733 = ADVANCED_FACE('', (#11732), #12, .T.);
#11734 = DIRECTION('', (-0.671559, 0.740951, 0.000000));
#11735 = POLY_LOOP('', (#2316, #2444, #2446));
#11736 = FACE_OUTER_BOUND('', #11735, .T.);
#11737 = ADVANCED_FACE('', (#11736), #12, .T.);
#11738 = DIRECTION('', (-0.671559, 0.740951, 0.000000));
#11739 = POLY_LOOP('', (#2316, #2446, #2318));
#11740 = FACE_OUTER_BOUND('', #11739, .T.);
#11741 = ADVANCED_FACE('', (#11740), #12, .T.);
#11742 = DIRECTION('', (-0.740951, 0.671559, 0.000000));
#11743 = POLY_LOOP('', (#2318, #2446, #2448));
#11744 = FACE_OUTER_BOUND('', #11743, .T.);
#11745 = ADVANCED_FACE('', (#11744), #12, .T.);
#11746 = DIRECTION('', (-0.740951, 0.671559, 0.000000));
#11747 = POLY_LOOP('', (#2318, #2448, #2320));
#11748 = FACE_OUTER_BOUND('', #11747, .T.);
#11749 = ADVANCED_FACE('', (#11748), #12, .T.);
#11750 = DIRECTION('', (-0.803208, 0.595699, 0.000000));
#11751 = POLY_LOOP('', (#2320, #2448, #2450));
#11752 = FACE_OUTER_BOUND('', #11751, .T.);
#11753 = ADVANCED_FACE('', (#11752), #12, .T.);
#11754 = DIRECTION('', (-0.803208, 0.595699, 0.000000));
#11755 = POLY_LOOP('', (#2320, #2450, #2322));
#11756 = FACE_OUTER_BOUND('', #11755, .T.);
#11757 = ADVANCED_FACE('', (#11756), #12, .T.);
#11758 = DIRECTION('', (-0.857729, 0.514103, 0.000000));
#11759 = POLY_LOOP('', (#2322, #2450, #2452));
#11760 = FACE_OUTER_BOUND('', #11759, .T.);
#11761 = ADVANCED_FACE('', (#11760), #12, .T.);
#11762 = DIRECTION('', (-0.857729, 0.514103, 0.000000));
#11763 = POLY_LOOP('', (#2322, #2452, #2324));
#11764 = FACE_OUTER_BOUND('', #11763, .T.);
#11765 = ADVANCED_FACE('', (#11764), #12, .T.);
#11766 = DIRECTION('', (-0.903989, 0.427555, 0.000000));
#11767 = POLY_LOOP('', (#2324, #2452, #2454));
#11768 = FACE_OUTER_BOUND('', #11767, .T.);
#11769 = ADVANCED_FACE('', (#11768), #12, .T.);
#11770 = DIRECTION('', (-0.903989, 0.427555, 0.000000));
#11771 = POLY_LOOP('', (#2324, #2454, #2326));
#11772 = FACE_OUTER_BOUND('', #11771, .T.);
#11773 = ADVANCED_FACE('', (#11772), #12, .T.);
#11774 = DIRECTION('', (-0.941544, 0.336890, 0.000000));
#11775 = POLY_LOOP('', (#2326, #2454, #2456));
#11776 = FACE_OUTER_BOUND('', #11775, .T.);
#11777 = ADVANCED_FACE('', (#11776), #12, .T.);
#11778 = DIRECTION('', (-0.941544, 0.336890, 0.000000));
#11779 = POLY_LOOP('', (#2326, #2456, #2328));
#11780 = FACE_OUTER_BOUND('', #11779, .T.);
#11781 = ADVANCED_FACE('', (#11780), #12, .T.);
#11782 = DIRECTION('', (-0.970031, 0.242980, 0.000000));
#11783 = POLY_LOOP('', (#2328, #2456, #2458));
#11784 = FACE_OUTER_BOUND('', #11783, .T.);
#11785 = ADVANCED_FACE('', (#11784), #12, .T.);
#11786 = DIRECTION('', (-0.970031, 0.242980, 0.000000));
#11787 = POLY_LOOP('', (#2328, #2458, #2330));
#11788 = FACE_OUTER_BOUND('', #11787, .T.);
#11789 = ADVANCED_FACE('', (#11788), #12, .T.);
#11790 = DIRECTION('', (-0.989177, 0.146730, 0.000000));
#11791 = POLY_LOOP('', (#2330, #2458, #2460));
#11792 = FACE_OUTER_BOUND('', #11791, .T.);
#11793 = ADVANCED_FACE('', (#11792), #12, .T.);
#11794 = DIRECTION('', (-0.989177, 0.146730, 0.000000));
#11795 = POLY_LOOP('', (#2330, #2460, #2332));
#11796 = FACE_OUTER_BOUND('', #11795, .T.);
#11797 = ADVANCED_FACE('', (#11796), #12, .T.);
#11798 = DIRECTION('', (-0.998795, 0.049068, 0.000000));
#11799 = POLY_LOOP('', (#2332, #2460, #2334));
#11800 = FACE_OUTER_BOUND('', #11799, .T.);
#11801 = ADVANCED_FACE('', (#11800), #12, .T.);
#11802 = DIRECTION('', (-0.998795, 0.049068, 0.000000));
#11803 = POLY_LOOP('', (#2332, #2334, #2206));
#11804 = FACE_OUTER_BOUND('', #11803, .T.);
#11805 = ADVANCED_FACE('', (#11804), #12, .T.);
#11806 = DIRECTION('', (0.000000, 0.000000, -1.000000));
#11807 = POLY_LOOP('', (#2334, #2462, #2464));
#11808 = FACE_OUTER_BOUND('', #11807, .T.);
#11809 = ADVANCED_FACE('', (#11808), #12, .T.);
#11810 = DIRECTION('', (0.000000, 0.000000, -1.000000));
#11811 = POLY_LOOP('', (#2334, #2464, #2336));
#11812 = FACE_OUTER_BOUND('', #11811, .T.);
#11813 = ADVANCED_FACE('', (#11812), #12, .T.);
#11814 = DIRECTION('', (-0.000000, 0.000000, -1.000000));
#11815 = POLY_LOOP('', (#2336, #2464, #2466));
#11816 = FACE_OUTER_BOUND('', #11815, .T.);
#11817 = ADVANCED_FACE('', (#11816), #12, .T.);
#11818 = DIRECTION('', (0.000000, 0.000000, -1.000000));
#11819 = POLY_LOOP('', (#2336, #2466, #2338));
#11820 = FACE_OUTER_BOUND('', #11819, .T.);
#11821 = ADVANCED_FACE('', (#11820), #12, .T.);
#11822 = DIRECTION('', (-0.000000, 0.000000, -1.000000));
#11823 = POLY_LOOP('', (#2338, #2466, #2468));
#11824 = FACE_OUTER_BOUND('', #11823, .T.);
#11825 = ADVANCED_FACE('', (#11824), #12, .T.);
#11826 = DIRECTION('', (0.000000, 0.000000, -1.000000));
#11827 = POLY_LOOP('', (#2338, #2468, #2340));
#11828 = FACE_OUTER_BOUND('', #11827, .T.);
#11829 = ADVANCED_FACE('', (#11828), #12, .T.);
#11830 = DIRECTION('', (-0.000000, 0.000000, -1.000000));
#11831 = POLY_LOOP('', (#2340, #2468, #2470));
#11832 = FACE_OUTER_BOUND('', #11831, .T.);
#11833 = ADVANCED_FACE('', (#11832), #12, .T.);
#11834 = DIRECTION('', (0.000000, 0.000000, -1.000000));
#11835 = POLY_LOOP('', (#2340, #2470, #2342));
#11836 = FACE_OUTER_BOUND('', #11835, .T.);
#11837 = ADVANCED_FACE('', (#11836), #12, .T.);
#11838 = DIRECTION('', (-0.000000, 0.000000, -1.000000));
#11839 = POLY_LOOP('', (#2342, #2470, #2472));
#11840 = FACE_OUTER_BOUND('', #11839, .T.);
#11841 = ADVANCED_FACE('', (#11840), #12, .T.);
#11842 = DIRECTION('', (0.000000, 0.000000, -1.000000));
#11843 = POLY_LOOP('', (#2342, #2472, #2344));
#11844 = FACE_OUTER_BOUND('', #11843, .T.);
#11845 = ADVANCED_FACE('', (#11844), #12, .T.);
#11846 = DIRECTION('', (-0.000000, 0.000000, -1.000000));
#11847 = POLY_LOOP('', (#2344, #2472, #2474));
#11848 = FACE_OUTER_BOUND('', #11847, .T.);
#11849 = ADVANCED_FACE('', (#11848), #12, .T.);
#11850 = DIRECTION('', (0.000000, 0.000000, -1.000000));
#11851 = POLY_LOOP('', (#2344, #2474, #2346));
#11852 = FACE_OUTER_BOUND('', #11851, .T.);
#11853 = ADVANCED_FACE('', (#11852), #12, .T.);
#11854 = DIRECTION('', (0.000000, 0.000000, -1.000000));
#11855 = POLY_LOOP('', (#2346, #2474, #2476));
#11856 = FACE_OUTER_BOUND('', #11855, .T.);
#11857 = ADVANCED_FACE('', (#11856), #12, .T.);
#11858 = DIRECTION('', (-0.000000, 0.000000, -1.000000));
#11859 = POLY_LOOP('', (#2346, #2476, #2348));
#11860 = FACE_OUTER_BOUND('', #11859, .T.);
#11861 = ADVANCED_FACE('', (#11860), #12, .T.);
#11862 = DIRECTION('', (0.000000, 0.000000, -1.000000));
#11863 = POLY_LOOP('', (#2348, #2476, #2478));
#11864 = FACE_OUTER_BOUND('', #11863, .T.);
#11865 = ADVANCED_FACE('', (#11864), #12, .T.);
#11866 = DIRECTION('', (-0.000000, 0.000000, -1.000000));
#11867 = POLY_LOOP('', (#2348, #2478, #2350));
#11868 = FACE_OUTER_BOUND('', #11867, .T.);
#11869 = ADVANCED_FACE('', (#11868), #12, .T.);
#11870 = DIRECTION('', (0.000000, 0.000000, -1.000000));
#11871 = POLY_LOOP('', (#2350, #2478, #2480));
#11872 = FACE_OUTER_BOUND('', #11871, .T.);
#11873 = ADVANCED_FACE('', (#11872), #12, .T.);
#11874 = DIRECTION('', (-0.000000, 0.000000, -1.000000));
#11875 = POLY_LOOP('', (#2350, #2480, #2352));
#11876 = FACE_OUTER_BOUND('', #11875, .T.);
#11877 = ADVANCED_FACE('', (#11876), #12, .T.);
#11878 = DIRECTION('', (0.000000, 0.000000, -1.000000));
#11879 = POLY_LOOP('', (#2352, #2480, #2482));
#11880 = FACE_OUTER_BOUND('', #11879, .T.);
#11881 = ADVANCED_FACE('', (#11880), #12, .T.);
#11882 = DIRECTION('', (-0.000000, 0.000000, -1.000000));
#11883 = POLY_LOOP('', (#2352, #2482, #2354));
#11884 = FACE_OUTER_BOUND('', #11883, .T.);
#11885 = ADVANCED_FACE('', (#11884), #12, .T.);
#11886 = DIRECTION('', (0.000000, 0.000000, -1.000000));
#11887 = POLY_LOOP('', (#2354, #2482, #2484));
#11888 = FACE_OUTER_BOUND('', #11887, .T.);
#11889 = ADVANCED_FACE('', (#11888), #12, .T.);
#11890 = DIRECTION('', (-0.000000, 0.000000, -1.000000));
#11891 = POLY_LOOP('', (#2354, #2484, #2356));
#11892 = FACE_OUTER_BOUND('', #11891, .T.);
#11893 = ADVANCED_FACE('', (#11892), #12, .T.);
#11894 = DIRECTION('', (0.000000, 0.000000, -1.000000));
#11895 = POLY_LOOP('', (#2356, #2484, #2486));
#11896 = FACE_OUTER_BOUND('', #11895, .T.);
#11897 = ADVANCED_FACE('', (#11896), #12, .T.);
#11898 = DIRECTION('', (-0.000000, 0.000000, -1.000000));
#11899 = POLY_LOOP('', (#2356, #2486, #2358));
#11900 = FACE_OUTER_BOUND('', #11899, .T.);
#11901 = ADVANCED_FACE('', (#11900), #12, .T.);
#11902 = DIRECTION('', (0.000000, 0.000000, -1.000000));
#11903 = POLY_LOOP('', (#2358, #2486, #2488));
#11904 = FACE_OUTER_BOUND('', #11903, .T.);
#11905 = ADVANCED_FACE('', (#11904), #12, .T.);
#11906 = DIRECTION('', (-0.000000, 0.000000, -1.000000));
#11907 = POLY_LOOP('', (#2358, #2488, #2360));
#11908 = FACE_OUTER_BOUND('', #11907, .T.);
#11909 = ADVANCED_FACE('', (#11908), #12, .T.);
#11910 = DIRECTION('', (0.000000, 0.000000, -1.000000));
#11911 = POLY_LOOP('', (#2360, #2488, #2490));
#11912 = FACE_OUTER_BOUND('', #11911, .T.);
#11913 = ADVANCED_FACE('', (#11912), #12, .T.);
#11914 = DIRECTION('', (-0.000000, 0.000000, -1.000000));
#11915 = POLY_LOOP('', (#2360, #2490, #2362));
#11916 = FACE_OUTER_BOUND('', #11915, .T.);
#11917 = ADVANCED_FACE('', (#11916), #12, .T.);
#11918 = DIRECTION('', (0.000000, 0.000000, -1.000000));
#11919 = POLY_LOOP('', (#2362, #2490, #2492));
#11920 = FACE_OUTER_BOUND('', #11919, .T.);
#11921 = ADVANCED_FACE('', (#11920), #12, .T.);
#11922 = DIRECTION('', (-0.000000, 0.000000, -1.000000));
#11923 = POLY_LOOP('', (#2362, #2492, #2364));
#11924 = FACE_OUTER_BOUND('', #11923, .T.);
#11925 = ADVANCED_FACE('', (#11924), #12, .T.);
#11926 = DIRECTION('', (0.000000, 0.000000, -1.000000));
#11927 = POLY_LOOP('', (#2364, #2492, #2494));
#11928 = FACE_OUTER_BOUND('', #11927, .T.);
#11929 = ADVANCED_FACE('', (#11928), #12, .T.);
#11930 = DIRECTION('', (-0.000000, 0.000000, -1.000000));
#11931 = POLY_LOOP('', (#2364, #2494, #2366));
#11932 = FACE_OUTER_BOUND('', #11931, .T.);
#11933 = ADVANCED_FACE('', (#11932), #12, .T.);
#11934 = DIRECTION('', (0.000000, 0.000000, -1.000000));
#11935 = POLY_LOOP('', (#2366, #2494, #2496));
#11936 = FACE_OUTER_BOUND('', #11935, .T.);
#11937 = ADVANCED_FACE('', (#11936), #12, .T.);
#11938 = DIRECTION('', (0.000000, 0.000000, -1.000000));
#11939 = POLY_LOOP('', (#2366, #2496, #2368));
#11940 = FACE_OUTER_BOUND('', #11939, .T.);
#11941 = ADVANCED_FACE('', (#11940), #12, .T.);
#11942 = DIRECTION('', (0.000000, -0.000000, -1.000000));
#11943 = POLY_LOOP('', (#2368, #2496, #2498));
#11944 = FACE_OUTER_BOUND('', #11943, .T.);
#11945 = ADVANCED_FACE('', (#11944), #12, .T.);
#11946 = DIRECTION('', (0.000000, 0.000000, -1.000000));
#11947 = POLY_LOOP('', (#2368, #2498, #2370));
#11948 = FACE_OUTER_BOUND('', #11947, .T.);
#11949 = ADVANCED_FACE('', (#11948), #12, .T.);
#11950 = DIRECTION('', (0.000000, -0.000000, -1.000000));
#11951 = POLY_LOOP('', (#2370, #2498, #2500));
#11952 = FACE_OUTER_BOUND('', #11951, .T.);
#11953 = ADVANCED_FACE('', (#11952), #12, .T.);
#11954 = DIRECTION('', (0.000000, 0.000000, -1.000000));
#11955 = POLY_LOOP('', (#2370, #2500, #2372));
#11956 = FACE_OUTER_BOUND('', #11955, .T.);
#11957 = ADVANCED_FACE('', (#11956), #12, .T.);
#11958 = DIRECTION('', (0.000000, -0.000000, -1.000000));
#11959 = POLY_LOOP('', (#2372, #2500, #2502));
#11960 = FACE_OUTER_BOUND('', #11959, .T.);
#11961 = ADVANCED_FACE('', (#11960), #12, .T.);
#11962 = DIRECTION('', (0.000000, 0.000000, -1.000000));
#11963 = POLY_LOOP('', (#2372, #2502, #2374));
#11964 = FACE_OUTER_BOUND('', #11963, .T.);
#11965 = ADVANCED_FACE('', (#11964), #12, .T.);
#11966 = DIRECTION('', (0.000000, -0.000000, -1.000000));
#11967 = POLY_LOOP('', (#2374, #2502, #2504));
#11968 = FACE_OUTER_BOUND('', #11967, .T.);
#11969 = ADVANCED_FACE('', (#11968), #12, .T.);
#11970 = DIRECTION('', (0.000000, 0.000000, -1.000000));
#11971 = POLY_LOOP('', (#2374, #2504, #2376));
#11972 = FACE_OUTER_BOUND('', #11971, .T.);
#11973 = ADVANCED_FACE('', (#11972), #12, .T.);
#11974 = DIRECTION('', (0.000000, -0.000000, -1.000000));
#11975 = POLY_LOOP('', (#2376, #2504, #2506));
#11976 = FACE_OUTER_BOUND('', #11975, .T.);
#11977 = ADVANCED_FACE('', (#11976), #12, .T.);
#11978 = DIRECTION('', (0.000000, 0.000000, -1.000000));
#11979 = POLY_LOOP('', (#2376, #2506, #2378));
#11980 = FACE_OUTER_BOUND('', #11979, .T.);
#11981 = ADVANCED_FACE('', (#11980), #12, .T.);
#11982 = DIRECTION('', (0.000000, 0.000000, -1.000000));
#11983 = POLY_LOOP('', (#2378, #2506, #2508));
#11984 = FACE_OUTER_BOUND('', #11983, .T.);
#11985 = ADVANCED_FACE('', (#11984), #12, .T.);
#11986 = DIRECTION('', (0.000000, -0.000000, -1.000000));
#11987 = POLY_LOOP('', (#2378, #2508, #2380));
#11988 = FACE_OUTER_BOUND('', #11987, .T.);
#11989 = ADVANCED_FACE('', (#11988), #12, .T.);
#11990 = DIRECTION('', (0.000000, 0.000000, -1.000000));
#11991 = POLY_LOOP('', (#2380, #2508, #2510));
#11992 = FACE_OUTER_BOUND('', #11991, .T.);
#11993 = ADVANCED_FACE('', (#11992), #12, .T.);
#11994 = DIRECTION('', (0.000000, -0.000000, -1.000000));
#11995 = POLY_LOOP('', (#2380, #2510, #2382));
#11996 = FACE_OUTER_BOUND('', #11995, .T.);
#11997 = ADVANCED_FACE('', (#11996), #12, .T.);
#11998 = DIRECTION('', (0.000000, 0.000000, -1.000000));
#11999 = POLY_LOOP('', (#2382, #2510, #2512));
#12000 = FACE_OUTER_BOUND('', #11999, .T.);
#12001 = ADVANCED_FACE('', (#12000), #12, .T.);
#12002 = DIRECTION('', (0.000000, -0.000000, -1.000000));
#12003 = POLY_LOOP('', (#2382, #2512, #2384));
#12004 = FACE_OUTER_BOUND('', #12003, .T.);
#12005 = ADVANCED_FACE('', (#12004), #12, .T.);
#12006 = DIRECTION('', (0.000000, 0.000000, -1.000000));
#12007 = POLY_LOOP('', (#2384, #2512, #2514));
#12008 = FACE_OUTER_BOUND('', #12007, .T.);
#12009 = ADVANCED_FACE('', (#12008), #12, .T.);
#12010 = DIRECTION('', (0.000000, -0.000000, -1.000000));
#12011 = POLY_LOOP('', (#2384, #2514, #2386));
#12012 = FACE_OUTER_BOUND('', #12011, .T.);
#12013 = ADVANCED_FACE('', (#12012), #12, .T.);
#12014 = DIRECTION('', (0.000000, 0.000000, -1.000000));
#12015 = POLY_LOOP('', (#2386, #2514, #2516));
#12016 = FACE_OUTER_BOUND('', #12015, .T.);
#12017 = ADVANCED_FACE('', (#12016), #12, .T.);
#12018 = DIRECTION('', (0.000000, -0.000000, -1.000000));
#12019 = POLY_LOOP('', (#2386, #2516, #2388));
#12020 = FACE_OUTER_BOUND('', #12019, .T.);
#12021 = ADVANCED_FACE('', (#12020), #12, .T.);
#12022 = DIRECTION('', (0.000000, 0.000000, -1.000000));
#12023 = POLY_LOOP('', (#2388, #2516, #2518));
#12024 = FACE_OUTER_BOUND('', #12023, .T.);
#12025 = ADVANCED_FACE('', (#12024), #12, .T.);
#12026 = DIRECTION('', (0.000000, -0.000000, -1.000000));
#12027 = POLY_LOOP('', (#2388, #2518, #2390));
#12028 = FACE_OUTER_BOUND('', #12027, .T.);
#12029 = ADVANCED_FACE('', (#12028), #12, .T.);
#12030 = DIRECTION('', (0.000000, 0.000000, -1.000000));
#12031 = POLY_LOOP('', (#2390, #2518, #2520));
#12032 = FACE_OUTER_BOUND('', #12031, .T.);
#12033 = ADVANCED_FACE('', (#12032), #12, .T.);
#12034 = DIRECTION('', (0.000000, -0.000000, -1.000000));
#12035 = POLY_LOOP('', (#2390, #2520, #2392));
#12036 = FACE_OUTER_BOUND('', #12035, .T.);
#12037 = ADVANCED_FACE('', (#12036), #12, .T.);
#12038 = DIRECTION('', (0.000000, 0.000000, -1.000000));
#12039 = POLY_LOOP('', (#2392, #2520, #2522));
#12040 = FACE_OUTER_BOUND('', #12039, .T.);
#12041 = ADVANCED_FACE('', (#12040), #12, .T.);
#12042 = DIRECTION('', (0.000000, -0.000000, -1.000000));
#12043 = POLY_LOOP('', (#2392, #2522, #2394));
#12044 = FACE_OUTER_BOUND('', #12043, .T.);
#12045 = ADVANCED_FACE('', (#12044), #12, .T.);
#12046 = DIRECTION('', (0.000000, 0.000000, -1.000000));
#12047 = POLY_LOOP('', (#2394, #2522, #2524));
#12048 = FACE_OUTER_BOUND('', #12047, .T.);
#12049 = ADVANCED_FACE('', (#12048), #12, .T.);
#12050 = DIRECTION('', (0.000000, -0.000000, -1.000000));
#12051 = POLY_LOOP('', (#2394, #2524, #2396));
#12052 = FACE_OUTER_BOUND('', #12051, .T.);
#12053 = ADVANCED_FACE('', (#12052), #12, .T.);
#12054 = DIRECTION('', (0.000000, 0.000000, -1.000000));
#12055 = POLY_LOOP('', (#2396, #2524, #2526));
#12056 = FACE_OUTER_BOUND('', #12055, .T.);
#12057 = ADVANCED_FACE('', (#12056), #12, .T.);
#12058 = DIRECTION('', (0.000000, -0.000000, -1.000000));
#12059 = POLY_LOOP('', (#2396, #2526, #2398));
#12060 = FACE_OUTER_BOUND('', #12059, .T.);
#12061 = ADVANCED_FACE('', (#12060), #12, .T.);
#12062 = DIRECTION('', (0.000000, 0.000000, -1.000000));
#12063 = POLY_LOOP('', (#2398, #2526, #2528));
#12064 = FACE_OUTER_BOUND('', #12063, .T.);
#12065 = ADVANCED_FACE('', (#12064), #12, .T.);
#12066 = DIRECTION('', (0.000000, 0.000000, -1.000000));
#12067 = POLY_LOOP('', (#2398, #2528, #2400));
#12068 = FACE_OUTER_BOUND('', #12067, .T.);
#12069 = ADVANCED_FACE('', (#12068), #12, .T.);
#12070 = DIRECTION('', (0.000000, 0.000000, -1.000000));
#12071 = POLY_LOOP('', (#2400, #2528, #2530));
#12072 = FACE_OUTER_BOUND('', #12071, .T.);
#12073 = ADVANCED_FACE('', (#12072), #12, .T.);
#12074 = DIRECTION('', (0.000000, 0.000000, -1.000000));
#12075 = POLY_LOOP('', (#2400, #2530, #2402));
#12076 = FACE_OUTER_BOUND('', #12075, .T.);
#12077 = ADVANCED_FACE('', (#12076), #12, .T.);
#12078 = DIRECTION('', (0.000000, 0.000000, -1.000000));
#12079 = POLY_LOOP('', (#2402, #2530, #2532));
#12080 = FACE_OUTER_BOUND('', #12079, .T.);
#12081 = ADVANCED_FACE('', (#12080), #12, .T.);
#12082 = DIRECTION('', (0.000000, 0.000000, -1.000000));
#12083 = POLY_LOOP('', (#2402, #2532, #2404));
#12084 = FACE_OUTER_BOUND('', #12083, .T.);
#12085 = ADVANCED_FACE('', (#12084), #12, .T.);
#12086 = DIRECTION('', (0.000000, 0.000000, -1.000000));
#12087 = POLY_LOOP('', (#2404, #2532, #2534));
#12088 = FACE_OUTER_BOUND('', #12087, .T.);
#12089 = ADVANCED_FACE('', (#12088), #12, .T.);
#12090 = DIRECTION('', (0.000000, 0.000000, -1.000000));
#12091 = POLY_LOOP('', (#2404, #2534, #2406));
#12092 = FACE_OUTER_BOUND('', #12091, .T.);
#12093 = ADVANCED_FACE('', (#12092), #12, .T.);
#12094 = DIRECTION('', (0.000000, 0.000000, -1.000000));
#12095 = POLY_LOOP('', (#2406, #2534, #2536));
#12096 = FACE_OUTER_BOUND('', #12095, .T.);
#12097 = ADVANCED_FACE('', (#12096), #12, .T.);
#12098 = DIRECTION('', (0.000000, 0.000000, -1.000000));
#12099 = POLY_LOOP('', (#2406, #2536, #2408));
#12100 = FACE_OUTER_BOUND('', #12099, .T.);
#12101 = ADVANCED_FACE('', (#12100), #12, .T.);
#12102 = DIRECTION('', (0.000000, 0.000000, -1.000000));
#12103 = POLY_LOOP('', (#2408, #2536, #2538));
#12104 = FACE_OUTER_BOUND('', #12103, .T.);
#12105 = ADVANCED_FACE('', (#12104), #12, .T.);
#12106 = DIRECTION('', (0.000000, 0.000000, -1.000000));
#12107 = POLY_LOOP('', (#2408, #2538, #2410));
#12108 = FACE_OUTER_BOUND('', #12107, .T.);
#12109 = ADVANCED_FACE('', (#12108), #12, .T.);
#12110 = DIRECTION('', (0.000000, 0.000000, -1.000000));
#12111 = POLY_LOOP('', (#2410, #2538, #2540));
#12112 = FACE_OUTER_BOUND('', #12111, .T.);
#12113 = ADVANCED_FACE('', (#12112), #12, .T.);
#12114 = DIRECTION('', (0.000000, 0.000000, -1.000000));
#12115 = POLY_LOOP('', (#2410, #2540, #2412));
#12116 = FACE_OUTER_BOUND('', #12115, .T.);
#12117 = ADVANCED_FACE('', (#12116), #12, .T.);
#12118 = DIRECTION('', (0.000000, 0.000000, -1.000000));
#12119 = POLY_LOOP('', (#2412, #2540, #2542));
#12120 = FACE_OUTER_BOUND('', #12119, .T.);
#12121 = ADVANCED_FACE('', (#12120), #12, .T.);
#12122 = DIRECTION('', (0.000000, 0.000000, -1.000000));
#12123 = POLY_LOOP('', (#2412, #2542, #2414));
#12124 = FACE_OUTER_BOUND('', #12123, .T.);
#12125 = ADVANCED_FACE('', (#12124), #12, .T.);
#12126 = DIRECTION('', (0.000000, 0.000000, -1.000000));
#12127 = POLY_LOOP('', (#2414, #2542, #2544));
#12128 = FACE_OUTER_BOUND('', #12127, .T.);
#12129 = ADVANCED_FACE('', (#12128), #12, .T.);
#12130 = DIRECTION('', (0.000000, 0.000000, -1.000000));
#12131 = POLY_LOOP('', (#2414, #2544, #2416));
#12132 = FACE_OUTER_BOUND('', #12131, .T.);
#12133 = ADVANCED_FACE('', (#12132), #12, .T.);
#12134 = DIRECTION('', (0.000000, 0.000000, -1.000000));
#12135 = POLY_LOOP('', (#2416, #2544, #2546));
#12136 = FACE_OUTER_BOUND('', #12135, .T.);
#12137 = ADVANCED_FACE('', (#12136), #12, .T.);
#12138 = DIRECTION('', (0.000000, 0.000000, -1.000000));
#12139 = POLY_LOOP('', (#2416, #2546, #2418));
#12140 = FACE_OUTER_BOUND('', #12139, .T.);
#12141 = ADVANCED_FACE('', (#12140), #12, .T.);
#12142 = DIRECTION('', (0.000000, 0.000000, -1.000000));
#12143 = POLY_LOOP('', (#2418, #2546, #2548));
#12144 = FACE_OUTER_BOUND('', #12143, .T.);
#12145 = ADVANCED_FACE('', (#12144), #12, .T.);
#12146 = DIRECTION('', (0.000000, 0.000000, -1.000000));
#12147 = POLY_LOOP('', (#2418, #2548, #2420));
#12148 = FACE_OUTER_BOUND('', #12147, .T.);
#12149 = ADVANCED_FACE('', (#12148), #12, .T.);
#12150 = DIRECTION('', (0.000000, 0.000000, -1.000000));
#12151 = POLY_LOOP('', (#2420, #2548, #2550));
#12152 = FACE_OUTER_BOUND('', #12151, .T.);
#12153 = ADVANCED_FACE('', (#12152), #12, .T.);
#12154 = DIRECTION('', (0.000000, 0.000000, -1.000000));
#12155 = POLY_LOOP('', (#2420, #2550, #2422));
#12156 = FACE_OUTER_BOUND('', #12155, .T.);
#12157 = ADVANCED_FACE('', (#12156), #12, .T.);
#12158 = DIRECTION('', (0.000000, 0.000000, -1.000000));
#12159 = POLY_LOOP('', (#2422, #2550, #2552));
#12160 = FACE_OUTER_BOUND('', #12159, .T.);
#12161 = ADVANCED_FACE('', (#12160), #12, .T.);
#12162 = DIRECTION('', (0.000000, 0.000000, -1.000000));
#12163 = POLY_LOOP('', (#2422, #2552, #2424));
#12164 = FACE_OUTER_BOUND('', #12163, .T.);
#12165 = ADVANCED_FACE('', (#12164), #12, .T.);
#12166 = DIRECTION('', (0.000000, 0.000000, -1.000000));
#12167 = POLY_LOOP('', (#2424, #2552, #2554));
#12168 = FACE_OUTER_BOUND('', #12167, .T.);
#12169 = ADVANCED_FACE('', (#12168), #12, .T.);
#12170 = DIRECTION('', (0.000000, 0.000000, -1.000000));
#12171 = POLY_LOOP('', (#2424, #2554, #2426));
#12172 = FACE_OUTER_BOUND('', #12171, .T.);
#12173 = ADVANCED_FACE('', (#12172), #12, .T.);
#12174 = DIRECTION('', (0.000000, 0.000000, -1.000000));
#12175 = POLY_LOOP('', (#2426, #2554, #2556));
#12176 = FACE_OUTER_BOUND('', #12175, .T.);
#12177 = ADVANCED_FACE('', (#12176), #12, .T.);
#12178 = DIRECTION('', (0.000000, 0.000000, -1.000000));
#12179 = POLY_LOOP('', (#2426, #2556, #2428));
#12180 = FACE_OUTER_BOUND('', #12179, .T.);
#12181 = ADVANCED_FACE('', (#12180), #12, .T.);
#12182 = DIRECTION('', (0.000000, 0.000000, -1.000000));
#12183 = POLY_LOOP('', (#2428, #2556, #2558));
#12184 = FACE_OUTER_BOUND('', #12183, .T.);
#12185 = ADVANCED_FACE('', (#12184), #12, .T.);
#12186 = DIRECTION('', (0.000000, 0.000000, -1.000000));
#12187 = POLY_LOOP('', (#2428, #2558, #2430));
#12188 = FACE_OUTER_BOUND('', #12187, .T.);
#12189 = ADVANCED_FACE('', (#12188), #12, .T.);
#12190 = DIRECTION('', (0.000000, 0.000000, -1.000000));
#12191 = POLY_LOOP('', (#2430, #2558, #2560));
#12192 = FACE_OUTER_BOUND('', #12191, .T.);
#12193 = ADVANCED_FACE('', (#12192), #12, .T.);
#12194 = DIRECTION('', (0.000000, 0.000000, -1.000000));
#12195 = POLY_LOOP('', (#2430, #2560, #2432));
#12196 = FACE_OUTER_BOUND('', #12195, .T.);
#12197 = ADVANCED_FACE('', (#12196), #12, .T.);
#12198 = DIRECTION('', (0.000000, 0.000000, -1.000000));
#12199 = POLY_LOOP('', (#2432, #2560, #2562));
#12200 = FACE_OUTER_BOUND('', #12199, .T.);
#12201 = ADVANCED_FACE('', (#12200), #12, .T.);
#12202 = DIRECTION('', (0.000000, 0.000000, -1.000000));
#12203 = POLY_LOOP('', (#2432, #2562, #2434));
#12204 = FACE_OUTER_BOUND('', #12203, .T.);
#12205 = ADVANCED_FACE('', (#12204), #12, .T.);
#12206 = DIRECTION('', (0.000000, 0.000000, -1.000000));
#12207 = POLY_LOOP('', (#2434, #2562, #2564));
#12208 = FACE_OUTER_BOUND('', #12207, .T.);
#12209 = ADVANCED_FACE('', (#12208), #12, .T.);
#12210 = DIRECTION('', (0.000000, 0.000000, -1.000000));
#12211 = POLY_LOOP('', (#2434, #2564, #2436));
#12212 = FACE_OUTER_BOUND('', #12211, .T.);
#12213 = ADVANCED_FACE('', (#12212), #12, .T.);
#12214 = DIRECTION('', (0.000000, 0.000000, -1.000000));
#12215 = POLY_LOOP('', (#2436, #2564, #2566));
#12216 = FACE_OUTER_BOUND('', #12215, .T.);
#12217 = ADVANCED_FACE('', (#12216), #12, .T.);
#12218 = DIRECTION('', (0.000000, 0.000000, -1.000000));
#12219 = POLY_LOOP('', (#2436, #2566, #2438));
#12220 = FACE_OUTER_BOUND('', #12219, .T.);
#12221 = ADVANCED_FACE('', (#12220), #12, .T.);
#12222 = DIRECTION('', (0.000000, 0.000000, -1.000000));
#12223 = POLY_LOOP('', (#2438, #2566, #2568));
#12224 = FACE_OUTER_BOUND('', #12223, .T.);
#12225 = ADVANCED_FACE('', (#12224), #12, .T.);
#12226 = DIRECTION('', (0.000000, 0.000000, -1.000000));
#12227 = POLY_LOOP('', (#2438, #2568, #2440));
#12228 = FACE_OUTER_BOUND('', #12227, .T.);
#12229 = ADVANCED_FACE('', (#12228), #12, .T.);
#12230 = DIRECTION('', (0.000000, 0.000000, -1.000000));
#12231 = POLY_LOOP('', (#2440, #2568, #2570));
#12232 = FACE_OUTER_BOUND('', #12231, .T.);
#12233 = ADVANCED_FACE('', (#12232), #12, .T.);
#12234 = DIRECTION('', (0.000000, 0.000000, -1.000000));
#12235 = POLY_LOOP('', (#2440, #2570, #2442));
#12236 = FACE_OUTER_BOUND('', #12235, .T.);
#12237 = ADVANCED_FACE('', (#12236), #12, .T.);
#12238 = DIRECTION('', (0.000000, 0.000000, -1.000000));
#12239 = POLY_LOOP('', (#2442, #2570, #2572));
#12240 = FACE_OUTER_BOUND('', #12239, .T.);
#12241 = ADVANCED_FACE('', (#12240), #12, .T.);
#12242 = DIRECTION('', (0.000000, 0.000000, -1.000000));
#12243 = POLY_LOOP('', (#2442, #2572, #2444));
#12244 = FACE_OUTER_BOUND('', #12243, .T.);
#12245 = ADVANCED_FACE('', (#12244), #12, .T.);
#12246 = DIRECTION('', (0.000000, 0.000000, -1.000000));
#12247 = POLY_LOOP('', (#2444, #2572, #2574));
#12248 = FACE_OUTER_BOUND('', #12247, .T.);
#12249 = ADVANCED_FACE('', (#12248), #12, .T.);
#12250 = DIRECTION('', (0.000000, 0.000000, -1.000000));
#12251 = POLY_LOOP('', (#2444, #2574, #2446));
#12252 = FACE_OUTER_BOUND('', #12251, .T.);
#12253 = ADVANCED_FACE('', (#12252), #12, .T.);
#12254 = DIRECTION('', (0.000000, 0.000000, -1.000000));
#12255 = POLY_LOOP('', (#2446, #2574, #2576));
#12256 = FACE_OUTER_BOUND('', #12255, .T.);
#12257 = ADVANCED_FACE('', (#12256), #12, .T.);
#12258 = DIRECTION('', (0.000000, 0.000000, -1.000000));
#12259 = POLY_LOOP('', (#2446, #2576, #2448));
#12260 = FACE_OUTER_BOUND('', #12259, .T.);
#12261 = ADVANCED_FACE('', (#12260), #12, .T.);
#12262 = DIRECTION('', (0.000000, 0.000000, -1.000000));
#12263 = POLY_LOOP('', (#2448, #2576, #2578));
#12264 = FACE_OUTER_BOUND('', #12263, .T.);
#12265 = ADVANCED_FACE('', (#12264), #12, .T.);
#12266 = DIRECTION('', (0.000000, 0.000000, -1.000000));
#12267 = POLY_LOOP('', (#2448, #2578, #2450));
#12268 = FACE_OUTER_BOUND('', #12267, .T.);
#12269 = ADVANCED_FACE('', (#12268), #12, .T.);
#12270 = DIRECTION('', (0.000000, 0.000000, -1.000000));
#12271 = POLY_LOOP('', (#2450, #2578, #2580));
#12272 = FACE_OUTER_BOUND('', #12271, .T.);
#12273 = ADVANCED_FACE('', (#12272), #12, .T.);
#12274 = DIRECTION('', (0.000000, 0.000000, -1.000000));
#12275 = POLY_LOOP('', (#2450, #2580, #2452));
#12276 = FACE_OUTER_BOUND('', #12275, .T.);
#12277 = ADVANCED_FACE('', (#12276), #12, .T.);
#12278 = DIRECTION('', (0.000000, 0.000000, -1.000000));
#12279 = POLY_LOOP('', (#2452, #2580, #2582));
#12280 = FACE_OUTER_BOUND('', #12279, .T.);
#12281 = ADVANCED_FACE('', (#12280), #12, .T.);
#12282 = DIRECTION('', (0.000000, 0.000000, -1.000000));
#12283 = POLY_LOOP('', (#2452, #2582, #2454));
#12284 = FACE_OUTER_BOUND('', #12283, .T.);
#12285 = ADVANCED_FACE('', (#12284), #12, .T.);
#12286 = DIRECTION('', (0.000000, 0.000000, -1.000000));
#12287 = POLY_LOOP('', (#2454, #2582, #2584));
#12288 = FACE_OUTER_BOUND('', #12287, .T.);
#12289 = ADVANCED_FACE('', (#12288), #12, .T.);
#12290 = DIRECTION('', (0.000000, 0.000000, -1.000000));
#12291 = POLY_LOOP('', (#2454, #2584, #2456));
#12292 = FACE_OUTER_BOUND('', #12291, .T.);
#12293 = ADVANCED_FACE('', (#12292), #12, .T.);
#12294 = DIRECTION('', (0.000000, 0.000000, -1.000000));
#12295 = POLY_LOOP('', (#2456, #2584, #2586));
#12296 = FACE_OUTER_BOUND('', #12295, .T.);
#12297 = ADVANCED_FACE('', (#12296), #12, .T.);
#12298 = DIRECTION('', (0.000000, 0.000000, -1.000000));
#12299 = POLY_LOOP('', (#2456, #2586, #2458));
#12300 = FACE_OUTER_BOUND('', #12299, .T.);
#12301 = ADVANCED_FACE('', (#12300), #12, .T.);
#12302 = DIRECTION('', (0.000000, 0.000000, -1.000000));
#12303 = POLY_LOOP('', (#2458, #2586, #2588));
#12304 = FACE_OUTER_BOUND('', #12303, .T.);
#12305 = ADVANCED_FACE('', (#12304), #12, .T.);
#12306 = DIRECTION('', (0.000000, 0.000000, -1.000000));
#12307 = POLY_LOOP('', (#2458, #2588, #2460));
#12308 = FACE_OUTER_BOUND('', #12307, .T.);
#12309 = ADVANCED_FACE('', (#12308), #12, .T.);
#12310 = DIRECTION('', (0.000000, 0.000000, -1.000000));
#12311 = POLY_LOOP('', (#2460, #2588, #2462));
#12312 = FACE_OUTER_BOUND('', #12311, .T.);
#12313 = ADVANCED_FACE('', (#12312), #12, .T.);
#12314 = DIRECTION('', (0.000000, 0.000000, -1.000000));
#12315 = POLY_LOOP('', (#2460, #2462, #2334));
#12316 = FACE_OUTER_BOUND('', #12315, .T.);
#12317 = ADVANCED_FACE('', (#12316), #12, .T.);
#12318 = DIRECTION('', (-0.998795, -0.049068, 0.000000));
#12319 = POLY_LOOP('', (#2462, #2464, #1824));
#12320 = FACE_OUTER_BOUND('', #12319, .T.);
#12321 = ADVANCED_FACE('', (#12320), #12, .T.);
#12322 = DIRECTION('', (-0.998795, -0.049068, -0.000000));
#12323 = POLY_LOOP('', (#2462, #1824, #1822));
#12324 = FACE_OUTER_BOUND('', #12323, .T.);
#12325 = ADVANCED_FACE('', (#12324), #12, .T.);
#12326 = DIRECTION('', (-0.989177, -0.146730, 0.000000));
#12327 = POLY_LOOP('', (#2464, #2466, #1826));
#12328 = FACE_OUTER_BOUND('', #12327, .T.);
#12329 = ADVANCED_FACE('', (#12328), #12, .T.);
#12330 = DIRECTION('', (-0.989177, -0.146730, -0.000000));
#12331 = POLY_LOOP('', (#2464, #1826, #1824));
#12332 = FACE_OUTER_BOUND('', #12331, .T.);
#12333 = ADVANCED_FACE('', (#12332), #12, .T.);
#12334 = DIRECTION('', (-0.970031, -0.242980, 0.000000));
#12335 = POLY_LOOP('', (#2466, #2468, #1828));
#12336 = FACE_OUTER_BOUND('', #12335, .T.);
#12337 = ADVANCED_FACE('', (#12336), #12, .T.);
#12338 = DIRECTION('', (-0.970031, -0.242980, -0.000000));
#12339 = POLY_LOOP('', (#2466, #1828, #1826));
#12340 = FACE_OUTER_BOUND('', #12339, .T.);
#12341 = ADVANCED_FACE('', (#12340), #12, .T.);
#12342 = DIRECTION('', (-0.941544, -0.336890, 0.000000));
#12343 = POLY_LOOP('', (#2468, #2470, #1830));
#12344 = FACE_OUTER_BOUND('', #12343, .T.);
#12345 = ADVANCED_FACE('', (#12344), #12, .T.);
#12346 = DIRECTION('', (-0.941544, -0.336890, -0.000000));
#12347 = POLY_LOOP('', (#2468, #1830, #1828));
#12348 = FACE_OUTER_BOUND('', #12347, .T.);
#12349 = ADVANCED_FACE('', (#12348), #12, .T.);
#12350 = DIRECTION('', (-0.903989, -0.427555, 0.000000));
#12351 = POLY_LOOP('', (#2470, #2472, #1832));
#12352 = FACE_OUTER_BOUND('', #12351, .T.);
#12353 = ADVANCED_FACE('', (#12352), #12, .T.);
#12354 = DIRECTION('', (-0.903989, -0.427555, -0.000000));
#12355 = POLY_LOOP('', (#2470, #1832, #1830));
#12356 = FACE_OUTER_BOUND('', #12355, .T.);
#12357 = ADVANCED_FACE('', (#12356), #12, .T.);
#12358 = DIRECTION('', (-0.857729, -0.514103, 0.000000));
#12359 = POLY_LOOP('', (#2472, #2474, #1834));
#12360 = FACE_OUTER_BOUND('', #12359, .T.);
#12361 = ADVANCED_FACE('', (#12360), #12, .T.);
#12362 = DIRECTION('', (-0.857729, -0.514103, -0.000000));
#12363 = POLY_LOOP('', (#2472, #1834, #1832));
#12364 = FACE_OUTER_BOUND('', #12363, .T.);
#12365 = ADVANCED_FACE('', (#12364), #12, .T.);
#12366 = DIRECTION('', (-0.803208, -0.595699, 0.000000));
#12367 = POLY_LOOP('', (#2474, #2476, #1836));
#12368 = FACE_OUTER_BOUND('', #12367, .T.);
#12369 = ADVANCED_FACE('', (#12368), #12, .T.);
#12370 = DIRECTION('', (-0.803208, -0.595699, -0.000000));
#12371 = POLY_LOOP('', (#2474, #1836, #1834));
#12372 = FACE_OUTER_BOUND('', #12371, .T.);
#12373 = ADVANCED_FACE('', (#12372), #12, .T.);
#12374 = DIRECTION('', (-0.740951, -0.671559, 0.000000));
#12375 = POLY_LOOP('', (#2476, #2478, #1838));
#12376 = FACE_OUTER_BOUND('', #12375, .T.);
#12377 = ADVANCED_FACE('', (#12376), #12, .T.);
#12378 = DIRECTION('', (-0.740951, -0.671559, -0.000000));
#12379 = POLY_LOOP('', (#2476, #1838, #1836));
#12380 = FACE_OUTER_BOUND('', #12379, .T.);
#12381 = ADVANCED_FACE('', (#12380), #12, .T.);
#12382 = DIRECTION('', (-0.671559, -0.740951, 0.000000));
#12383 = POLY_LOOP('', (#2478, #2480, #1840));
#12384 = FACE_OUTER_BOUND('', #12383, .T.);
#12385 = ADVANCED_FACE('', (#12384), #12, .T.);
#12386 = DIRECTION('', (-0.671559, -0.740951, -0.000000));
#12387 = POLY_LOOP('', (#2478, #1840, #1838));
#12388 = FACE_OUTER_BOUND('', #12387, .T.);
#12389 = ADVANCED_FACE('', (#12388), #12, .T.);
#12390 = DIRECTION('', (-0.595699, -0.803208, 0.000000));
#12391 = POLY_LOOP('', (#2480, #2482, #1842));
#12392 = FACE_OUTER_BOUND('', #12391, .T.);
#12393 = ADVANCED_FACE('', (#12392), #12, .T.);
#12394 = DIRECTION('', (-0.595699, -0.803208, -0.000000));
#12395 = POLY_LOOP('', (#2480, #1842, #1840));
#12396 = FACE_OUTER_BOUND('', #12395, .T.);
#12397 = ADVANCED_FACE('', (#12396), #12, .T.);
#12398 = DIRECTION('', (-0.514103, -0.857729, 0.000000));
#12399 = POLY_LOOP('', (#2482, #2484, #1844));
#12400 = FACE_OUTER_BOUND('', #12399, .T.);
#12401 = ADVANCED_FACE('', (#12400), #12, .T.);
#12402 = DIRECTION('', (-0.514103, -0.857729, -0.000000));
#12403 = POLY_LOOP('', (#2482, #1844, #1842));
#12404 = FACE_OUTER_BOUND('', #12403, .T.);
#12405 = ADVANCED_FACE('', (#12404), #12, .T.);
#12406 = DIRECTION('', (-0.427555, -0.903989, 0.000000));
#12407 = POLY_LOOP('', (#2484, #2486, #1846));
#12408 = FACE_OUTER_BOUND('', #12407, .T.);
#12409 = ADVANCED_FACE('', (#12408), #12, .T.);
#12410 = DIRECTION('', (-0.427555, -0.903989, -0.000000));
#12411 = POLY_LOOP('', (#2484, #1846, #1844));
#12412 = FACE_OUTER_BOUND('', #12411, .T.);
#12413 = ADVANCED_FACE('', (#12412), #12, .T.);
#12414 = DIRECTION('', (-0.336890, -0.941544, 0.000000));
#12415 = POLY_LOOP('', (#2486, #2488, #1848));
#12416 = FACE_OUTER_BOUND('', #12415, .T.);
#12417 = ADVANCED_FACE('', (#12416), #12, .T.);
#12418 = DIRECTION('', (-0.336890, -0.941544, -0.000000));
#12419 = POLY_LOOP('', (#2486, #1848, #1846));
#12420 = FACE_OUTER_BOUND('', #12419, .T.);
#12421 = ADVANCED_FACE('', (#12420), #12, .T.);
#12422 = DIRECTION('', (-0.242980, -0.970031, 0.000000));
#12423 = POLY_LOOP('', (#2488, #2490, #1850));
#12424 = FACE_OUTER_BOUND('', #12423, .T.);
#12425 = ADVANCED_FACE('', (#12424), #12, .T.);
#12426 = DIRECTION('', (-0.242980, -0.970031, -0.000000));
#12427 = POLY_LOOP('', (#2488, #1850, #1848));
#12428 = FACE_OUTER_BOUND('', #12427, .T.);
#12429 = ADVANCED_FACE('', (#12428), #12, .T.);
#12430 = DIRECTION('', (-0.146730, -0.989177, 0.000000));
#12431 = POLY_LOOP('', (#2490, #2492, #1852));
#12432 = FACE_OUTER_BOUND('', #12431, .T.);
#12433 = ADVANCED_FACE('', (#12432), #12, .T.);
#12434 = DIRECTION('', (-0.146730, -0.989177, -0.000000));
#12435 = POLY_LOOP('', (#2490, #1852, #1850));
#12436 = FACE_OUTER_BOUND('', #12435, .T.);
#12437 = ADVANCED_FACE('', (#12436), #12, .T.);
#12438 = DIRECTION('', (-0.049068, -0.998795, 0.000000));
#12439 = POLY_LOOP('', (#2492, #2494, #1854));
#12440 = FACE_OUTER_BOUND('', #12439, .T.);
#12441 = ADVANCED_FACE('', (#12440), #12, .T.);
#12442 = DIRECTION('', (-0.049068, -0.998795, -0.000000));
#12443 = POLY_LOOP('', (#2492, #1854, #1852));
#12444 = FACE_OUTER_BOUND('', #12443, .T.);
#12445 = ADVANCED_FACE('', (#12444), #12, .T.);
#12446 = DIRECTION('', (0.049068, -0.998795, 0.000000));
#12447 = POLY_LOOP('', (#2494, #2496, #1856));
#12448 = FACE_OUTER_BOUND('', #12447, .T.);
#12449 = ADVANCED_FACE('', (#12448), #12, .T.);
#12450 = DIRECTION('', (0.049068, -0.998795, 0.000000));
#12451 = POLY_LOOP('', (#2494, #1856, #1854));
#12452 = FACE_OUTER_BOUND('', #12451, .T.);
#12453 = ADVANCED_FACE('', (#12452), #12, .T.);
#12454 = DIRECTION('', (0.146730, -0.989177, 0.000000));
#12455 = POLY_LOOP('', (#2496, #2498, #1858));
#12456 = FACE_OUTER_BOUND('', #12455, .T.);
#12457 = ADVANCED_FACE('', (#12456), #12, .T.);
#12458 = DIRECTION('', (0.146730, -0.989177, 0.000000));
#12459 = POLY_LOOP('', (#2496, #1858, #1856));
#12460 = FACE_OUTER_BOUND('', #12459, .T.);
#12461 = ADVANCED_FACE('', (#12460), #12, .T.);
#12462 = DIRECTION('', (0.242980, -0.970031, 0.000000));
#12463 = POLY_LOOP('', (#2498, #2500, #1860));
#12464 = FACE_OUTER_BOUND('', #12463, .T.);
#12465 = ADVANCED_FACE('', (#12464), #12, .T.);
#12466 = DIRECTION('', (0.242980, -0.970031, 0.000000));
#12467 = POLY_LOOP('', (#2498, #1860, #1858));
#12468 = FACE_OUTER_BOUND('', #12467, .T.);
#12469 = ADVANCED_FACE('', (#12468), #12, .T.);
#12470 = DIRECTION('', (0.336890, -0.941544, 0.000000));
#12471 = POLY_LOOP('', (#2500, #2502, #1862));
#12472 = FACE_OUTER_BOUND('', #12471, .T.);
#12473 = ADVANCED_FACE('', (#12472), #12, .T.);
#12474 = DIRECTION('', (0.336890, -0.941544, 0.000000));
#12475 = POLY_LOOP('', (#2500, #1862, #1860));
#12476 = FACE_OUTER_BOUND('', #12475, .T.);
#12477 = ADVANCED_FACE('', (#12476), #12, .T.);
#12478 = DIRECTION('', (0.427555, -0.903989, 0.000000));
#12479 = POLY_LOOP('', (#2502, #2504, #1864));
#12480 = FACE_OUTER_BOUND('', #12479, .T.);
#12481 = ADVANCED_FACE('', (#12480), #12, .T.);
#12482 = DIRECTION('', (0.427555, -0.903989, 0.000000));
#12483 = POLY_LOOP('', (#2502, #1864, #1862));
#12484 = FACE_OUTER_BOUND('', #12483, .T.);
#12485 = ADVANCED_FACE('', (#12484), #12, .T.);
#12486 = DIRECTION('', (0.514103, -0.857729, 0.000000));
#12487 = POLY_LOOP('', (#2504, #2506, #1866));
#12488 = FACE_OUTER_BOUND('', #12487, .T.);
#12489 = ADVANCED_FACE('', (#12488), #12, .T.);
#12490 = DIRECTION('', (0.514103, -0.857729, 0.000000));
#12491 = POLY_LOOP('', (#2504, #1866, #1864));
#12492 = FACE_OUTER_BOUND('', #12491, .T.);
#12493 = ADVANCED_FACE('', (#12492), #12, .T.);
#12494 = DIRECTION('', (0.595699, -0.803208, 0.000000));
#12495 = POLY_LOOP('', (#2506, #2508, #1868));
#12496 = FACE_OUTER_BOUND('', #12495, .T.);
#12497 = ADVANCED_FACE('', (#12496), #12, .T.);
#12498 = DIRECTION('', (0.595699, -0.803208, 0.000000));
#12499 = POLY_LOOP('', (#2506, #1868, #1866));
#12500 = FACE_OUTER_BOUND('', #12499, .T.);
#12501 = ADVANCED_FACE('', (#12500), #12, .T.);
#12502 = DIRECTION('', (0.671559, -0.740951, 0.000000));
#12503 = POLY_LOOP('', (#2508, #2510, #1870));
#12504 = FACE_OUTER_BOUND('', #12503, .T.);
#12505 = ADVANCED_FACE('', (#12504), #12, .T.);
#12506 = DIRECTION('', (0.671559, -0.740951, 0.000000));
#12507 = POLY_LOOP('', (#2508, #1870, #1868));
#12508 = FACE_OUTER_BOUND('', #12507, .T.);
#12509 = ADVANCED_FACE('', (#12508), #12, .T.);
#12510 = DIRECTION('', (0.740951, -0.671559, 0.000000));
#12511 = POLY_LOOP('', (#2510, #2512, #1872));
#12512 = FACE_OUTER_BOUND('', #12511, .T.);
#12513 = ADVANCED_FACE('', (#12512), #12, .T.);
#12514 = DIRECTION('', (0.740951, -0.671559, 0.000000));
#12515 = POLY_LOOP('', (#2510, #1872, #1870));
#12516 = FACE_OUTER_BOUND('', #12515, .T.);
#12517 = ADVANCED_FACE('', (#12516), #12, .T.);
#12518 = DIRECTION('', (0.803208, -0.595699, 0.000000));
#12519 = POLY_LOOP('', (#2512, #2514, #1874));
#12520 = FACE_OUTER_BOUND('', #12519, .T.);
#12521 = ADVANCED_FACE('', (#12520), #12, .T.);
#12522 = DIRECTION('', (0.803208, -0.595699, 0.000000));
#12523 = POLY_LOOP('', (#2512, #1874, #1872));
#12524 = FACE_OUTER_BOUND('', #12523, .T.);
#12525 = ADVANCED_FACE('', (#12524), #12, .T.);
#12526 = DIRECTION('', (0.857729, -0.514103, 0.000000));
#12527 = POLY_LOOP('', (#2514, #2516, #1876));
#12528 = FACE_OUTER_BOUND('', #12527, .T.);
#12529 = ADVANCED_FACE('', (#12528), #12, .T.);
#12530 = DIRECTION('', (0.857729, -0.514103, 0.000000));
#12531 = POLY_LOOP('', (#2514, #1876, #1874));
#12532 = FACE_OUTER_BOUND('', #12531, .T.);
#12533 = ADVANCED_FACE('', (#12532), #12, .T.);
#12534 = DIRECTION('', (0.903989, -0.427555, 0.000000));
#12535 = POLY_LOOP('', (#2516, #2518, #1878));
#12536 = FACE_OUTER_BOUND('', #12535, .T.);
#12537 = ADVANCED_FACE('', (#12536), #12, .T.);
#12538 = DIRECTION('', (0.903989, -0.427555, 0.000000));
#12539 = POLY_LOOP('', (#2516, #1878, #1876));
#12540 = FACE_OUTER_BOUND('', #12539, .T.);
#12541 = ADVANCED_FACE('', (#12540), #12, .T.);
#12542 = DIRECTION('', (0.941544, -0.336890, 0.000000));
#12543 = POLY_LOOP('', (#2518, #2520, #1880));
#12544 = FACE_OUTER_BOUND('', #12543, .T.);
#12545 = ADVANCED_FACE('', (#12544), #12, .T.);
#12546 = DIRECTION('', (0.941544, -0.336890, 0.000000));
#12547 = POLY_LOOP('', (#2518, #1880, #1878));
#12548 = FACE_OUTER_BOUND('', #12547, .T.);
#12549 = ADVANCED_FACE('', (#12548), #12, .T.);
#12550 = DIRECTION('', (0.970031, -0.242980, 0.000000));
#12551 = POLY_LOOP('', (#2520, #2522, #1882));
#12552 = FACE_OUTER_BOUND('', #12551, .T.);
#12553 = ADVANCED_FACE('', (#12552), #12, .T.);
#12554 = DIRECTION('', (0.970031, -0.242980, 0.000000));
#12555 = POLY_LOOP('', (#2520, #1882, #1880));
#12556 = FACE_OUTER_BOUND('', #12555, .T.);
#12557 = ADVANCED_FACE('', (#12556), #12, .T.);
#12558 = DIRECTION('', (0.989177, -0.146730, 0.000000));
#12559 = POLY_LOOP('', (#2522, #2524, #1884));
#12560 = FACE_OUTER_BOUND('', #12559, .T.);
#12561 = ADVANCED_FACE('', (#12560), #12, .T.);
#12562 = DIRECTION('', (0.989177, -0.146730, 0.000000));
#12563 = POLY_LOOP('', (#2522, #1884, #1882));
#12564 = FACE_OUTER_BOUND('', #12563, .T.);
#12565 = ADVANCED_FACE('', (#12564), #12, .T.);
#12566 = DIRECTION('', (0.998795, -0.049068, 0.000000));
#12567 = POLY_LOOP('', (#2524, #2526, #1886));
#12568 = FACE_OUTER_BOUND('', #12567, .T.);
#12569 = ADVANCED_FACE('', (#12568), #12, .T.);
#12570 = DIRECTION('', (0.998795, -0.049068, 0.000000));
#12571 = POLY_LOOP('', (#2524, #1886, #1884));
#12572 = FACE_OUTER_BOUND('', #12571, .T.);
#12573 = ADVANCED_FACE('', (#12572), #12, .T.);
#12574 = DIRECTION('', (0.998795, 0.049068, 0.000000));
#12575 = POLY_LOOP('', (#2526, #2528, #1888));
#12576 = FACE_OUTER_BOUND('', #12575, .T.);
#12577 = ADVANCED_FACE('', (#12576), #12, .T.);
#12578 = DIRECTION('', (0.998795, 0.049068, 0.000000));
#12579 = POLY_LOOP('', (#2526, #1888, #1886));
#12580 = FACE_OUTER_BOUND('', #12579, .T.);
#12581 = ADVANCED_FACE('', (#12580), #12, .T.);
#12582 = DIRECTION('', (0.989177, 0.146730, 0.000000));
#12583 = POLY_LOOP('', (#2528, #2530, #1890));
#12584 = FACE_OUTER_BOUND('', #12583, .T.);
#12585 = ADVANCED_FACE('', (#12584), #12, .T.);
#12586 = DIRECTION('', (0.989177, 0.146730, 0.000000));
#12587 = POLY_LOOP('', (#2528, #1890, #1888));
#12588 = FACE_OUTER_BOUND('', #12587, .T.);
#12589 = ADVANCED_FACE('', (#12588), #12, .T.);
#12590 = DIRECTION('', (0.970031, 0.242980, 0.000000));
#12591 = POLY_LOOP('', (#2530, #2532, #1892));
#12592 = FACE_OUTER_BOUND('', #12591, .T.);
#12593 = ADVANCED_FACE('', (#12592), #12, .T.);
#12594 = DIRECTION('', (0.970031, 0.242980, 0.000000));
#12595 = POLY_LOOP('', (#2530, #1892, #1890));
#12596 = FACE_OUTER_BOUND('', #12595, .T.);
#12597 = ADVANCED_FACE('', (#12596), #12, .T.);
#12598 = DIRECTION('', (0.941544, 0.336890, 0.000000));
#12599 = POLY_LOOP('', (#2532, #2534, #1894));
#12600 = FACE_OUTER_BOUND('', #12599, .T.);
#12601 = ADVANCED_FACE('', (#12600), #12, .T.);
#12602 = DIRECTION('', (0.941544, 0.336890, 0.000000));
#12603 = POLY_LOOP('', (#2532, #1894, #1892));
#12604 = FACE_OUTER_BOUND('', #12603, .T.);
#12605 = ADVANCED_FACE('', (#12604), #12, .T.);
#12606 = DIRECTION('', (0.903989, 0.427555, 0.000000));
#12607 = POLY_LOOP('', (#2534, #2536, #1896));
#12608 = FACE_OUTER_BOUND('', #12607, .T.);
#12609 = ADVANCED_FACE('', (#12608), #12, .T.);
#12610 = DIRECTION('', (0.903989, 0.427555, 0.000000));
#12611 = POLY_LOOP('', (#2534, #1896, #1894));
#12612 = FACE_OUTER_BOUND('', #12611, .T.);
#12613 = ADVANCED_FACE('', (#12612), #12, .T.);
#12614 = DIRECTION('', (0.857729, 0.514103, 0.000000));
#12615 = POLY_LOOP('', (#2536, #2538, #1898));
#12616 = FACE_OUTER_BOUND('', #12615, .T.);
#12617 = ADVANCED_FACE('', (#12616), #12, .T.);
#12618 = DIRECTION('', (0.857729, 0.514103, 0.000000));
#12619 = POLY_LOOP('', (#2536, #1898, #1896));
#12620 = FACE_OUTER_BOUND('', #12619, .T.);
#12621 = ADVANCED_FACE('', (#12620), #12, .T.);
#12622 = DIRECTION('', (0.803208, 0.595699, 0.000000));
#12623 = POLY_LOOP('', (#2538, #2540, #1900));
#12624 = FACE_OUTER_BOUND('', #12623, .T.);
#12625 = ADVANCED_FACE('', (#12624), #12, .T.);
#12626 = DIRECTION('', (0.803208, 0.595699, 0.000000));
#12627 = POLY_LOOP('', (#2538, #1900, #1898));
#12628 = FACE_OUTER_BOUND('', #12627, .T.);
#12629 = ADVANCED_FACE('', (#12628), #12, .T.);
#12630 = DIRECTION('', (0.740951, 0.671559, 0.000000));
#12631 = POLY_LOOP('', (#2540, #2542, #1902));
#12632 = FACE_OUTER_BOUND('', #12631, .T.);
#12633 = ADVANCED_FACE('', (#12632), #12, .T.);
#12634 = DIRECTION('', (0.740951, 0.671559, 0.000000));
#12635 = POLY_LOOP('', (#2540, #1902, #1900));
#12636 = FACE_OUTER_BOUND('', #12635, .T.);
#12637 = ADVANCED_FACE('', (#12636), #12, .T.);
#12638 = DIRECTION('', (0.671559, 0.740951, 0.000000));
#12639 = POLY_LOOP('', (#2542, #2544, #1904));
#12640 = FACE_OUTER_BOUND('', #12639, .T.);
#12641 = ADVANCED_FACE('', (#12640), #12, .T.);
#12642 = DIRECTION('', (0.671559, 0.740951, 0.000000));
#12643 = POLY_LOOP('', (#2542, #1904, #1902));
#12644 = FACE_OUTER_BOUND('', #12643, .T.);
#12645 = ADVANCED_FACE('', (#12644), #12, .T.);
#12646 = DIRECTION('', (0.595699, 0.803208, 0.000000));
#12647 = POLY_LOOP('', (#2544, #2546, #1906));
#12648 = FACE_OUTER_BOUND('', #12647, .T.);
#12649 = ADVANCED_FACE('', (#12648), #12, .T.);
#12650 = DIRECTION('', (0.595699, 0.803208, 0.000000));
#12651 = POLY_LOOP('', (#2544, #1906, #1904));
#12652 = FACE_OUTER_BOUND('', #12651, .T.);
#12653 = ADVANCED_FACE('', (#12652), #12, .T.);
#12654 = DIRECTION('', (0.514103, 0.857729, 0.000000));
#12655 = POLY_LOOP('', (#2546, #2548, #1908));
#12656 = FACE_OUTER_BOUND('', #12655, .T.);
#12657 = ADVANCED_FACE('', (#12656), #12, .T.);
#12658 = DIRECTION('', (0.514103, 0.857729, 0.000000));
#12659 = POLY_LOOP('', (#2546, #1908, #1906));
#12660 = FACE_OUTER_BOUND('', #12659, .T.);
#12661 = ADVANCED_FACE('', (#12660), #12, .T.);
#12662 = DIRECTION('', (0.427555, 0.903989, 0.000000));
#12663 = POLY_LOOP('', (#2548, #2550, #1910));
#12664 = FACE_OUTER_BOUND('', #12663, .T.);
#12665 = ADVANCED_FACE('', (#12664), #12, .T.);
#12666 = DIRECTION('', (0.427555, 0.903989, 0.000000));
#12667 = POLY_LOOP('', (#2548, #1910, #1908));
#12668 = FACE_OUTER_BOUND('', #12667, .T.);
#12669 = ADVANCED_FACE('', (#12668), #12, .T.);
#12670 = DIRECTION('', (0.336890, 0.941544, 0.000000));
#12671 = POLY_LOOP('', (#2550, #2552, #1912));
#12672 = FACE_OUTER_BOUND('', #12671, .T.);
#12673 = ADVANCED_FACE('', (#12672), #12, .T.);
#12674 = DIRECTION('', (0.336890, 0.941544, 0.000000));
#12675 = POLY_LOOP('', (#2550, #1912, #1910));
#12676 = FACE_OUTER_BOUND('', #12675, .T.);
#12677 = ADVANCED_FACE('', (#12676), #12, .T.);
#12678 = DIRECTION('', (0.242980, 0.970031, 0.000000));
#12679 = POLY_LOOP('', (#2552, #2554, #1914));
#12680 = FACE_OUTER_BOUND('', #12679, .T.);
#12681 = ADVANCED_FACE('', (#12680), #12, .T.);
#12682 = DIRECTION('', (0.242980, 0.970031, 0.000000));
#12683 = POLY_LOOP('', (#2552, #1914, #1912));
#12684 = FACE_OUTER_BOUND('', #12683, .T.);
#12685 = ADVANCED_FACE('', (#12684), #12, .T.);
#12686 = DIRECTION('', (0.146730, 0.989177, 0.000000));
#12687 = POLY_LOOP('', (#2554, #2556, #1916));
#12688 = FACE_OUTER_BOUND('', #12687, .T.);
#12689 = ADVANCED_FACE('', (#12688), #12, .T.);
#12690 = DIRECTION('', (0.146730, 0.989177, 0.000000));
#12691 = POLY_LOOP('', (#2554, #1916, #1914));
#12692 = FACE_OUTER_BOUND('', #12691, .T.);
#12693 = ADVANCED_FACE('', (#12692), #12, .T.);
#12694 = DIRECTION('', (0.049068, 0.998795, 0.000000));
#12695 = POLY_LOOP('', (#2556, #2558, #1918));
#12696 = FACE_OUTER_BOUND('', #12695, .T.);
#12697 = ADVANCED_FACE('', (#12696), #12, .T.);
#12698 = DIRECTION('', (0.049068, 0.998795, 0.000000));
#12699 = POLY_LOOP('', (#2556, #1918, #1916));
#12700 = FACE_OUTER_BOUND('', #12699, .T.);
#12701 = ADVANCED_FACE('', (#12700), #12, .T.);
#12702 = DIRECTION('', (-0.049068, 0.998795, 0.000000));
#12703 = POLY_LOOP('', (#2558, #2560, #1920));
#12704 = FACE_OUTER_BOUND('', #12703, .T.);
#12705 = ADVANCED_FACE('', (#12704), #12, .T.);
#12706 = DIRECTION('', (-0.049068, 0.998795, 0.000000));
#12707 = POLY_LOOP('', (#2558, #1920, #1918));
#12708 = FACE_OUTER_BOUND('', #12707, .T.);
#12709 = ADVANCED_FACE('', (#12708), #12, .T.);
#12710 = DIRECTION('', (-0.146730, 0.989177, 0.000000));
#12711 = POLY_LOOP('', (#2560, #2562, #1922));
#12712 = FACE_OUTER_BOUND('', #12711, .T.);
#12713 = ADVANCED_FACE('', (#12712), #12, .T.);
#12714 = DIRECTION('', (-0.146730, 0.989177, 0.000000));
#12715 = POLY_LOOP('', (#2560, #1922, #1920));
#12716 = FACE_OUTER_BOUND('', #12715, .T.);
#12717 = ADVANCED_FACE('', (#12716), #12, .T.);
#12718 = DIRECTION('', (-0.242980, 0.970031, 0.000000));
#12719 = POLY_LOOP('', (#2562, #2564, #1924));
#12720 = FACE_OUTER_BOUND('', #12719, .T.);
#12721 = ADVANCED_FACE('', (#12720), #12, .T.);
#12722 = DIRECTION('', (-0.242980, 0.970031, 0.000000));
#12723 = POLY_LOOP('', (#2562, #1924, #1922));
#12724 = FACE_OUTER_BOUND('', #12723, .T.);
#12725 = ADVANCED_FACE('', (#12724), #12, .T.);
#12726 = DIRECTION('', (-0.336890, 0.941544, 0.000000));
#12727 = POLY_LOOP('', (#2564, #2566, #1926));
#12728 = FACE_OUTER_BOUND('', #12727, .T.);
#12729 = ADVANCED_FACE('', (#12728), #12, .T.);
#12730 = DIRECTION('', (-0.336890, 0.941544, 0.000000));
#12731 = POLY_LOOP('', (#2564, #1926, #1924));
#12732 = FACE_OUTER_BOUND('', #12731, .T.);
#12733 = ADVANCED_FACE('', (#12732), #12, .T.);
#12734 = DIRECTION('', (-0.427555, 0.903989, 0.000000));
#12735 = POLY_LOOP('', (#2566, #2568, #1928));
#12736 = FACE_OUTER_BOUND('', #12735, .T.);
#12737 = ADVANCED_FACE('', (#12736), #12, .T.);
#12738 = DIRECTION('', (-0.427555, 0.903989, 0.000000));
#12739 = POLY_LOOP('', (#2566, #1928, #1926));
#12740 = FACE_OUTER_BOUND('', #12739, .T.);
#12741 = ADVANCED_FACE('', (#12740), #12, .T.);
#12742 = DIRECTION('', (-0.514103, 0.857729, 0.000000));
#12743 = POLY_LOOP('', (#2568, #2570, #1930));
#12744 = FACE_OUTER_BOUND('', #12743, .T.);
#12745 = ADVANCED_FACE('', (#12744), #12, .T.);
#12746 = DIRECTION('', (-0.514103, 0.857729, 0.000000));
#12747 = POLY_LOOP('', (#2568, #1930, #1928));
#12748 = FACE_OUTER_BOUND('', #12747, .T.);
#12749 = ADVANCED_FACE('', (#12748), #12, .T.);
#12750 = DIRECTION('', (-0.595699, 0.803208, 0.000000));
#12751 = POLY_LOOP('', (#2570, #2572, #1932));
#12752 = FACE_OUTER_BOUND('', #12751, .T.);
#12753 = ADVANCED_FACE('', (#12752), #12, .T.);
#12754 = DIRECTION('', (-0.595699, 0.803208, 0.000000));
#12755 = POLY_LOOP('', (#2570, #1932, #1930));
#12756 = FACE_OUTER_BOUND('', #12755, .T.);
#12757 = ADVANCED_FACE('', (#12756), #12, .T.);
#12758 = DIRECTION('', (-0.671559, 0.740951, 0.000000));
#12759 = POLY_LOOP('', (#2572, #2574, #1934));
#12760 = FACE_OUTER_BOUND('', #12759, .T.);
#12761 = ADVANCED_FACE('', (#12760), #12, .T.);
#12762 = DIRECTION('', (-0.671559, 0.740951, 0.000000));
#12763 = POLY_LOOP('', (#2572, #1934, #1932));
#12764 = FACE_OUTER_BOUND('', #12763, .T.);
#12765 = ADVANCED_FACE('', (#12764), #12, .T.);
#12766 = DIRECTION('', (-0.740951, 0.671559, 0.000000));
#12767 = POLY_LOOP('', (#2574, #2576, #1936));
#12768 = FACE_OUTER_BOUND('', #12767, .T.);
#12769 = ADVANCED_FACE('', (#12768), #12, .T.);
#12770 = DIRECTION('', (-0.740951, 0.671559, 0.000000));
#12771 = POLY_LOOP('', (#2574, #1936, #1934));
#12772 = FACE_OUTER_BOUND('', #12771, .T.);
#12773 = ADVANCED_FACE('', (#12772), #12, .T.);
#12774 = DIRECTION('', (-0.803208, 0.595699, 0.000000));
#12775 = POLY_LOOP('', (#2576, #2578, #1938));
#12776 = FACE_OUTER_BOUND('', #12775, .T.);
#12777 = ADVANCED_FACE('', (#12776), #12, .T.);
#12778 = DIRECTION('', (-0.803208, 0.595699, 0.000000));
#12779 = POLY_LOOP('', (#2576, #1938, #1936));
#12780 = FACE_OUTER_BOUND('', #12779, .T.);
#12781 = ADVANCED_FACE('', (#12780), #12, .T.);
#12782 = DIRECTION('', (-0.857729, 0.514103, 0.000000));
#12783 = POLY_LOOP('', (#2578, #2580, #1940));
#12784 = FACE_OUTER_BOUND('', #12783, .T.);
#12785 = ADVANCED_FACE('', (#12784), #12, .T.);
#12786 = DIRECTION('', (-0.857729, 0.514103, 0.000000));
#12787 = POLY_LOOP('', (#2578, #1940, #1938));
#12788 = FACE_OUTER_BOUND('', #12787, .T.);
#12789 = ADVANCED_FACE('', (#12788), #12, .T.);
#12790 = DIRECTION('', (-0.903989, 0.427555, 0.000000));
#12791 = POLY_LOOP('', (#2580, #2582, #1942));
#12792 = FACE_OUTER_BOUND('', #12791, .T.);
#12793 = ADVANCED_FACE('', (#12792), #12, .T.);
#12794 = DIRECTION('', (-0.903989, 0.427555, 0.000000));
#12795 = POLY_LOOP('', (#2580, #1942, #1940));
#12796 = FACE_OUTER_BOUND('', #12795, .T.);
#12797 = ADVANCED_FACE('', (#12796), #12, .T.);
#12798 = DIRECTION('', (-0.941544, 0.336890, 0.000000));
#12799 = POLY_LOOP('', (#2582, #2584, #1944));
#12800 = FACE_OUTER_BOUND('', #12799, .T.);
#12801 = ADVANCED_FACE('', (#12800), #12, .T.);
#12802 = DIRECTION('', (-0.941544, 0.336890, 0.000000));
#12803 = POLY_LOOP('', (#2582, #1944, #1942));
#12804 = FACE_OUTER_BOUND('', #12803, .T.);
#12805 = ADVANCED_FACE('', (#12804), #12, .T.);
#12806 = DIRECTION('', (-0.970031, 0.242980, 0.000000));
#12807 = POLY_LOOP('', (#2584, #2586, #1946));
#12808 = FACE_OUTER_BOUND('', #12807, .T.);
#12809 = ADVANCED_FACE('', (#12808), #12, .T.);
#12810 = DIRECTION('', (-0.970031, 0.242980, 0.000000));
#12811 = POLY_LOOP('', (#2584, #1946, #1944));
#12812 = FACE_OUTER_BOUND('', #12811, .T.);
#12813 = ADVANCED_FACE('', (#12812), #12, .T.);
#12814 = DIRECTION('', (-0.989177, 0.146730, 0.000000));
#12815 = POLY_LOOP('', (#2586, #2588, #1948));
#12816 = FACE_OUTER_BOUND('', #12815, .T.);
#12817 = ADVANCED_FACE('', (#12816), #12, .T.);
#12818 = DIRECTION('', (-0.989177, 0.146730, 0.000000));
#12819 = POLY_LOOP('', (#2586, #1948, #1946));
#12820 = FACE_OUTER_BOUND('', #12819, .T.);
#12821 = ADVANCED_FACE('', (#12820), #12, .T.);
#12822 = DIRECTION('', (-0.998795, 0.049068, 0.000000));
#12823 = POLY_LOOP('', (#2588, #2462, #1822));
#12824 = FACE_OUTER_BOUND('', #12823, .T.);
#12825 = ADVANCED_FACE('', (#12824), #12, .T.);
#12826 = DIRECTION('', (-0.998795, 0.049068, 0.000000));
#12827 = POLY_LOOP('', (#2588, #1822, #1948));
#12828 = FACE_OUTER_BOUND('', #12827, .T.);
#12829 = ADVANCED_FACE('', (#12828), #12, .T.);
#12830 = CLOSED_SHELL('', (#2593, #2597, #2601, #2605, #2609, #2613, #2617, #2621, #2625, #2629, #2633, #2637, #2641, #2645, #2649, #2653, #2657, #2661, #2665, #2669, #2673, #2677, #2681, #2685, #2689, #2693, #2697, #2701, #2705, #2709, #2713, #2717, #2721, #2725, #2729, #2733, #2737, #2741, #2745, #2749, #2753, #2757, #2761, #2765, #2769, #2773, #2777, #2781, #2785, #2789, #2793, #2797, #2801, #2805, #2809, #2813, #2817, #2821, #2825, #2829, #2833, #2837, #2841, #2845, #2849, #2853, #2857, #2861, #2865, #2869, #2873, #2877, #2881, #2885, #2889, #2893, #2897, #2901, #2905, #2909, #2913, #2917, #2921, #2925, #2929, #2933, #2937, #2941, #2945, #2949, #2953, #2957, #2961, #2965, #2969, #2973, #2977, #2981, #2985, #2989, #2993, #2997, #3001, #3005, #3009, #3013, #3017, #3021, #3025, #3029, #3033, #3037, #3041, #3045, #3049, #3053, #3057, #3061, #3065, #3069, #3073, #3077, #3081, #3085, #3089, #3093, #3097, #3101, #3105, #3109, #3113, #3117, #3121, #3125, #3129, #3133, #3137, #3141, #3145, #3149, #3153, #3157, #3161, #3165, #3169, #3173, #3177, #3181, #3185, #3189, #3193, #3197, #3201, #3205, #3209, #3213, #3217, #3221, #3225, #3229, #3233, #3237, #3241, #3245, #3249, #3253, #3257, #3261, #3265, #3269, #3273, #3277, #3281, #3285, #3289, #3293, #3297, #3301, #3305, #3309, #3313, #3317, #3321, #3325, #3329, #3333, #3337, #3341, #3345, #3349, #3353, #3357, #3361, #3365, #3369, #3373, #3377, #3381, #3385, #3389, #3393, #3397, #3401, #3405, #3409, #3413, #3417, #3421, #3425, #3429, #3433, #3437, #3441, #3445, #3449, #3453, #3457, #3461, #3465, #3469, #3473, #3477, #3481, #3485, #3489, #3493, #3497, #3501, #3505, #3509, #3513, #3517, #3521, #3525, #3529, #3533, #3537, #3541, #3545, #3549, #3553, #3557, #3561, #3565, #3569, #3573, #3577, #3581, #3585, #3589, #3593, #3597, #3601, #3605, #3609, #3613, #3617, #3621, #3625, #3629, #3633, #3637, #3641, #3645, #3649, #3653, #3657, #3661, #3665, #3669, #3673, #3677, #3681, #3685, #3689, #3693, #3697, #3701, #3705, #3709, #3713, #3717, #3721, #3725, #3729, #3733, #3737, #3741, #3745, #3749, #3753, #3757, #3761, #3765, #3769, #3773, #3777, #3781, #3785, #3789, #3793, #3797, #3801, #3805, #3809, #3813, #3817, #3821, #3825, #3829, #3833, #3837, #3841, #3845, #3849, #3853, #3857, #3861, #3865, #3869, #3873, #3877, #3881, #3885, #3889, #3893, #3897, #3901, #3905, #3909, #3913, #3917, #3921, #3925, #3929, #3933, #3937, #3941, #3945, #3949, #3953, #3957, #3961, #3965, #3969, #3973, #3977, #3981, #3985, #3989, #3993, #3997, #4001, #4005, #4009, #4013, #4017, #4021, #4025, #4029, #4033, #4037, #4041, #4045, #4049, #4053, #4057, #4061, #4065, #4069, #4073, #4077, #4081, #4085, #4089, #4093, #4097, #4101, #4105, #4109, #4113, #4117, #4121, #4125, #4129, #4133, #4137, #4141, #4145, #4149, #4153, #4157, #4161, #4165, #4169, #4173, #4177, #4181, #4185, #4189, #4193, #4197, #4201, #4205, #4209, #4213, #4217, #4221, #4225, #4229, #4233, #4237, #4241, #4245, #4249, #4253, #4257, #4261, #4265, #4269, #4273, #4277, #4281, #4285, #4289, #4293, #4297, #4301, #4305, #4309, #4313, #4317, #4321, #4325, #4329, #4333, #4337, #4341, #4345, #4349, #4353, #4357, #4361, #4365, #4369, #4373, #4377, #4381, #4385, #4389, #4393, #4397, #4401, #4405, #4409, #4413, #4417, #4421, #4425, #4429, #4433, #4437, #4441, #4445, #4449, #4453, #4457, #4461, #4465, #4469, #4473, #4477, #4481, #4485, #4489, #4493, #4497, #4501, #4505, #4509, #4513, #4517, #4521, #4525, #4529, #4533, #4537, #4541, #4545, #4549, #4553, #4557, #4561, #4565, #4569, #4573, #4577, #4581, #4585, #4589, #4593, #4597, #4601, #4605, #4609, #4613, #4617, #4621, #4625, #4629, #4633, #4637, #4641, #4645, #4649, #4653, #4657, #4661, #4665, #4669, #4673, #4677, #4681, #4685, #4689, #4693, #4697, #4701, #4705, #4709, #4713, #4717, #4721, #4725, #4729, #4733, #4737, #4741, #4745, #4749, #4753, #4757, #4761, #4765, #4769, #4773, #4777, #4781, #4785, #4789, #4793, #4797, #4801, #4805, #4809, #4813, #4817, #4821, #4825, #4829, #4833, #4837, #4841, #4845, #4849, #4853, #4857, #4861, #4865, #4869, #4873, #4877, #4881, #4885, #4889, #4893, #4897, #4901, #4905, #4909, #4913, #4917, #4921, #4925, #4929, #4933, #4937, #4941, #4945, #4949, #4953, #4957, #4961, #4965, #4969, #4973, #4977, #4981, #4985, #4989, #4993, #4997, #5001, #5005, #5009, #5013, #5017, #5021, #5025, #5029, #5033, #5037, #5041, #5045, #5049, #5053, #5057, #5061, #5065, #5069, #5073, #5077, #5081, #5085, #5089, #5093, #5097, #5101, #5105, #5109, #5113, #5117, #5121, #5125, #5129, #5133, #5137, #5141, #5145, #5149, #5153, #5157, #5161, #5165, #5169, #5173, #5177, #5181, #5185, #5189, #5193, #5197, #5201, #5205, #5209, #5213, #5217, #5221, #5225, #5229, #5233, #5237, #5241, #5245, #5249, #5253, #5257, #5261, #5265, #5269, #5273, #5277, #5281, #5285, #5289, #5293, #5297, #5301, #5305, #5309, #5313, #5317, #5321, #5325, #5329, #5333, #5337, #5341, #5345, #5349, #5353, #5357, #5361, #5365, #5369, #5373, #5377, #5381, #5385, #5389, #5393, #5397, #5401, #5405, #5409, #5413, #5417, #5421, #5425, #5429, #5433, #5437, #5441, #5445, #5449, #5453, #5457, #5461, #5465, #5469, #5473, #5477, #5481, #5485, #5489, #5493, #5497, #5501, #5505, #5509, #5513, #5517, #5521, #5525, #5529, #5533, #5537, #5541, #5545, #5549, #5553, #5557, #5561, #5565, #5569, #5573, #5577, #5581, #5585, #5589, #5593, #5597, #5601, #5605, #5609, #5613, #5617, #5621, #5625, #5629, #5633, #5637, #5641, #5645, #5649, #5653, #5657, #5661, #5665, #5669, #5673, #5677, #5681, #5685, #5689, #5693, #5697, #5701, #5705, #5709, #5713, #5717, #5721, #5725, #5729, #5733, #5737, #5741, #5745, #5749, #5753, #5757, #5761, #5765, #5769, #5773, #5777, #5781, #5785, #5789, #5793, #5797, #5801, #5805, #5809, #5813, #5817, #5821, #5825, #5829, #5833, #5837, #5841, #5845, #5849, #5853, #5857, #5861, #5865, #5869, #5873, #5877, #5881, #5885, #5889, #5893, #5897, #5901, #5905, #5909, #5913, #5917, #5921, #5925, #5929, #5933, #5937, #5941, #5945, #5949, #5953, #5957, #5961, #5965, #5969, #5973, #5977, #5981, #5985, #5989, #5993, #5997, #6001, #6005, #6009, #6013, #6017, #6021, #6025, #6029, #6033, #6037, #6041, #6045, #6049, #6053, #6057, #6061, #6065, #6069, #6073, #6077, #6081, #6085, #6089, #6093, #6097, #6101, #6105, #6109, #6113, #6117, #6121, #6125, #6129, #6133, #6137, #6141, #6145, #6149, #6153, #6157, #6161, #6165, #6169, #6173, #6177, #6181, #6185, #6189, #6193, #6197, #6201, #6205, #6209, #6213, #6217, #6221, #6225, #6229, #6233, #6237, #6241, #6245, #6249, #6253, #6257, #6261, #6265, #6269, #6273, #6277, #6281, #6285, #6289, #6293, #6297, #6301, #6305, #6309, #6313, #6317, #6321, #6325, #6329, #6333, #6337, #6341, #6345, #6349, #6353, #6357, #6361, #6365, #6369, #6373, #6377, #6381, #6385, #6389, #6393, #6397, #6401, #6405, #6409, #6413, #6417, #6421, #6425, #6429, #6433, #6437, #6441, #6445, #6449, #6453, #6457, #6461, #6465, #6469, #6473, #6477, #6481, #6485, #6489, #6493, #6497, #6501, #6505, #6509, #6513, #6517, #6521, #6525, #6529, #6533, #6537, #6541, #6545, #6549, #6553, #6557, #6561, #6565, #6569, #6573, #6577, #6581, #6585, #6589, #6593, #6597, #6601, #6605, #6609, #6613, #6617, #6621, #6625, #6629, #6633, #6637, #6641, #6645, #6649, #6653, #6657, #6661, #6665, #6669, #6673, #6677, #6681, #6685, #6689, #6693, #6697, #6701, #6705, #6709, #6713, #6717, #6721, #6725, #6729, #6733, #6737, #6741, #6745, #6749, #6753, #6757, #6761, #6765, #6769, #6773, #6777, #6781, #6785, #6789, #6793, #6797, #6801, #6805, #6809, #6813, #6817, #6821, #6825, #6829, #6833, #6837, #6841, #6845, #6849, #6853, #6857, #6861, #6865, #6869, #6873, #6877, #6881, #6885, #6889, #6893, #6897, #6901, #6905, #6909, #6913, #6917, #6921, #6925, #6929, #6933, #6937, #6941, #6945, #6949, #6953, #6957, #6961, #6965, #6969, #6973, #6977, #6981, #6985, #6989, #6993, #6997, #7001, #7005, #7009, #7013, #7017, #7021, #7025, #7029, #7033, #7037, #7041, #7045, #7049, #7053, #7057, #7061, #7065, #7069, #7073, #7077, #7081, #7085, #7089, #7093, #7097, #7101, #7105, #7109, #7113, #7117, #7121, #7125, #7129, #7133, #7137, #7141, #7145, #7149, #7153, #7157, #7161, #7165, #7169, #7173, #7177, #7181, #7185, #7189, #7193, #7197, #7201, #7205, #7209, #7213, #7217, #7221, #7225, #7229, #7233, #7237, #7241, #7245, #7249, #7253, #7257, #7261, #7265, #7269, #7273, #7277, #7281, #7285, #7289, #7293, #7297, #7301, #7305, #7309, #7313, #7317, #7321, #7325, #7329, #7333, #7337, #7341, #7345, #7349, #7353, #7357, #7361, #7365, #7369, #7373, #7377, #7381, #7385, #7389, #7393, #7397, #7401, #7405, #7409, #7413, #7417, #7421, #7425, #7429, #7433, #7437, #7441, #7445, #7449, #7453, #7457, #7461, #7465, #7469, #7473, #7477, #7481, #7485, #7489, #7493, #7497, #7501, #7505, #7509, #7513, #7517, #7521, #7525, #7529, #7533, #7537, #7541, #7545, #7549, #7553, #7557, #7561, #7565, #7569, #7573, #7577, #7581, #7585, #7589, #7593, #7597, #7601, #7605, #7609, #7613, #7617, #7621, #7625, #7629, #7633, #7637, #7641, #7645, #7649, #7653, #7657, #7661, #7665, #7669, #7673, #7677, #7681, #7685, #7689, #7693, #7697, #7701, #7705, #7709, #7713, #7717, #7721, #7725, #7729, #7733, #7737, #7741, #7745, #7749, #7753, #7757, #7761, #7765, #7769, #7773, #7777, #7781, #7785, #7789, #7793, #7797, #7801, #7805, #7809, #7813, #7817, #7821, #7825, #7829, #7833, #7837, #7841, #7845, #7849, #7853, #7857, #7861, #7865, #7869, #7873, #7877, #7881, #7885, #7889, #7893, #7897, #7901, #7905, #7909, #7913, #7917, #7921, #7925, #7929, #7933, #7937, #7941, #7945, #7949, #7953, #7957, #7961, #7965, #7969, #7973, #7977, #7981, #7985, #7989, #7993, #7997, #8001, #8005, #8009, #8013, #8017, #8021, #8025, #8029, #8033, #8037, #8041, #8045, #8049, #8053, #8057, #8061, #8065, #8069, #8073, #8077, #8081, #8085, #8089, #8093, #8097, #8101, #8105, #8109, #8113, #8117, #8121, #8125, #8129, #8133, #8137, #8141, #8145, #8149, #8153, #8157, #8161, #8165, #8169, #8173, #8177, #8181, #8185, #8189, #8193, #8197, #8201, #8205, #8209, #8213, #8217, #8221, #8225, #8229, #8233, #8237, #8241, #8245, #8249, #8253, #8257, #8261, #8265, #8269, #8273, #8277, #8281, #8285, #8289, #8293, #8297, #8301, #8305, #8309, #8313, #8317, #8321, #8325, #8329, #8333, #8337, #8341, #8345, #8349, #8353, #8357, #8361, #8365, #8369, #8373, #8377, #8381, #8385, #8389, #8393, #8397, #8401, #8405, #8409, #8413, #8417, #8421, #8425, #8429, #8433, #8437, #8441, #8445, #8449, #8453, #8457, #8461, #8465, #8469, #8473, #8477, #8481, #8485, #8489, #8493, #8497, #8501, #8505, #8509, #8513, #8517, #8521, #8525, #8529, #8533, #8537, #8541, #8545, #8549, #8553, #8557, #8561, #8565, #8569, #8573, #8577, #8581, #8585, #8589, #8593, #8597, #8601, #8605, #8609, #8613, #8617, #8621, #8625, #8629, #8633, #8637, #8641, #8645, #8649, #8653, #8657, #8661, #8665, #8669, #8673, #8677, #8681, #8685, #8689, #8693, #8697, #8701, #8705, #8709, #8713, #8717, #8721, #8725, #8729, #8733, #8737, #8741, #8745, #8749, #8753, #8757, #8761, #8765, #8769, #8773, #8777, #8781, #8785, #8789, #8793, #8797, #8801, #8805, #8809, #8813, #8817, #8821, #8825, #8829, #8833, #8837, #8841, #8845, #8849, #8853, #8857, #8861, #8865, #8869, #8873, #8877, #8881, #8885, #8889, #8893, #8897, #8901, #8905, #8909, #8913, #8917, #8921, #8925, #8929, #8933, #8937, #8941, #8945, #8949, #8953, #8957, #8961, #8965, #8969, #8973, #8977, #8981, #8985, #8989, #8993, #8997, #9001, #9005, #9009, #9013, #9017, #9021, #9025, #9029, #9033, #9037, #9041, #9045, #9049, #9053, #9057, #9061, #9065, #9069, #9073, #9077, #9081, #9085, #9089, #9093, #9097, #9101, #9105, #9109, #9113, #9117, #9121, #9125, #9129, #9133, #9137, #9141, #9145, #9149, #9153, #9157, #9161, #9165, #9169, #9173, #9177, #9181, #9185, #9189, #9193, #9197, #9201, #9205, #9209, #9213, #9217, #9221, #9225, #9229, #9233, #9237, #9241, #9245, #9249, #9253, #9257, #9261, #9265, #9269, #9273, #9277, #9281, #9285, #9289, #9293, #9297, #9301, #9305, #9309, #9313, #9317, #9321, #9325, #9329, #9333, #9337, #9341, #9345, #9349, #9353, #9357, #9361, #9365, #9369, #9373, #9377, #9381, #9385, #9389, #9393, #9397, #9401, #9405, #9409, #9413, #9417, #9421, #9425, #9429, #9433, #9437, #9441, #9445, #9449, #9453, #9457, #9461, #9465, #9469, #9473, #9477, #9481, #9485, #9489, #9493, #9497, #9501, #9505, #9509, #9513, #9517, #9521, #9525, #9529, #9533, #9537, #9541, #9545, #9549, #9553, #9557, #9561, #9565, #9569, #9573, #9577, #9581, #9585, #9589, #9593, #9597, #9601, #9605, #9609, #9613, #9617, #9621, #9625, #9629, #9633, #9637, #9641, #9645, #9649, #9653, #9657, #9661, #9665, #9669, #9673, #9677, #9681, #9685, #9689, #9693, #9697, #9701, #9705, #9709, #9713, #9717, #9721, #9725, #9729, #9733, #9737, #9741, #9745, #9749, #9753, #9757, #9761, #9765, #9769, #9773, #9777, #9781, #9785, #9789, #9793, #9797, #9801, #9805, #9809, #9813, #9817, #9821, #9825, #9829, #9833, #9837, #9841, #9845, #9849, #9853, #9857, #9861, #9865, #9869, #9873, #9877, #9881, #9885, #9889, #9893, #9897, #9901, #9905, #9909, #9913, #9917, #9921, #9925, #9929, #9933, #9937, #9941, #9945, #9949, #9953, #9957, #9961, #9965, #9969, #9973, #9977, #9981, #9985, #9989, #9993, #9997, #10001, #10005, #10009, #10013, #10017, #10021, #10025, #10029, #10033, #10037, #10041, #10045, #10049, #10053, #10057, #10061, #10065, #10069, #10073, #10077, #10081, #10085, #10089, #10093, #10097, #10101, #10105, #10109, #10113, #10117, #10121, #10125, #10129, #10133, #10137, #10141, #10145, #10149, #10153, #10157, #10161, #10165, #10169, #10173, #10177, #10181, #10185, #10189, #10193, #10197, #10201, #10205, #10209, #10213, #10217, #10221, #10225, #10229, #10233, #10237, #10241, #10245, #10249, #10253, #10257, #10261, #10265, #10269, #10273, #10277, #10281, #10285, #10289, #10293, #10297, #10301, #10305, #10309, #10313, #10317, #10321, #10325, #10329, #10333, #10337, #10341, #10345, #10349, #10353, #10357, #10361, #10365, #10369, #10373, #10377, #10381, #10385, #10389, #10393, #10397, #10401, #10405, #10409, #10413, #10417, #10421, #10425, #10429, #10433, #10437, #10441, #10445, #10449, #10453, #10457, #10461, #10465, #10469, #10473, #10477, #10481, #10485, #10489, #10493, #10497, #10501, #10505, #10509, #10513, #10517, #10521, #10525, #10529, #10533, #10537, #10541, #10545, #10549, #10553, #10557, #10561, #10565, #10569, #10573, #10577, #10581, #10585, #10589, #10593, #10597, #10601, #10605, #10609, #10613, #10617, #10621, #10625, #10629, #10633, #10637, #10641, #10645, #10649, #10653, #10657, #10661, #10665, #10669, #10673, #10677, #10681, #10685, #10689, #10693, #10697, #10701, #10705, #10709, #10713, #10717, #10721, #10725, #10729, #10733, #10737, #10741, #10745, #10749, #10753, #10757, #10761, #10765, #10769, #10773, #10777, #10781, #10785, #10789, #10793, #10797, #10801, #10805, #10809, #10813, #10817, #10821, #10825, #10829, #10833, #10837, #10841, #10845, #10849, #10853, #10857, #10861, #10865, #10869, #10873, #10877, #10881, #10885, #10889, #10893, #10897, #10901, #10905, #10909, #10913, #10917, #10921, #10925, #10929, #10933, #10937, #10941, #10945, #10949, #10953, #10957, #10961, #10965, #10969, #10973, #10977, #10981, #10985, #10989, #10993, #10997, #11001, #11005, #11009, #11013, #11017, #11021, #11025, #11029, #11033, #11037, #11041, #11045, #11049, #11053, #11057, #11061, #11065, #11069, #11073, #11077, #11081, #11085, #11089, #11093, #11097, #11101, #11105, #11109, #11113, #11117, #11121, #11125, #11129, #11133, #11137, #11141, #11145, #11149, #11153, #11157, #11161, #11165, #11169, #11173, #11177, #11181, #11185, #11189, #11193, #11197, #11201, #11205, #11209, #11213, #11217, #11221, #11225, #11229, #11233, #11237, #11241, #11245, #11249, #11253, #11257, #11261, #11265, #11269, #11273, #11277, #11281, #11285, #11289, #11293, #11297, #11301, #11305, #11309, #11313, #11317, #11321, #11325, #11329, #11333, #11337, #11341, #11345, #11349, #11353, #11357, #11361, #11365, #11369, #11373, #11377, #11381, #11385, #11389, #11393, #11397, #11401, #11405, #11409, #11413, #11417, #11421, #11425, #11429, #11433, #11437, #11441, #11445, #11449, #11453, #11457, #11461, #11465, #11469, #11473, #11477, #11481, #11485, #11489, #11493, #11497, #11501, #11505, #11509, #11513, #11517, #11521, #11525, #11529, #11533, #11537, #11541, #11545, #11549, #11553, #11557, #11561, #11565, #11569, #11573, #11577, #11581, #11585, #11589, #11593, #11597, #11601, #11605, #11609, #11613, #11617, #11621, #11625, #11629, #11633, #11637, #11641, #11645, #11649, #11653, #11657, #11661, #11665, #11669, #11673, #11677, #11681, #11685, #11689, #11693, #11697, #11701, #11705, #11709, #11713, #11717, #11721, #11725, #11729, #11733, #11737, #11741, #11745, #11749, #11753, #11757, #11761, #11765, #11769, #11773, #11777, #11781, #11785, #11789, #11793, #11797, #11801, #11805, #11809, #11813, #11817, #11821, #11825, #11829, #11833, #11837, #11841, #11845, #11849, #11853, #11857, #11861, #11865, #11869, #11873, #11877, #11881, #11885, #11889, #11893, #11897, #11901, #11905, #11909, #11913, #11917, #11921, #11925, #11929, #11933, #11937, #11941, #11945, #11949, #11953, #11957, #11961, #11965, #11969, #11973, #11977, #11981, #11985, #11989, #11993, #11997, #12001, #12005, #12009, #12013, #12017, #12021, #12025, #12029, #12033, #12037, #12041, #12045, #12049, #12053, #12057, #12061, #12065, #12069, #12073, #12077, #12081, #12085, #12089, #12093, #12097, #12101, #12105, #12109, #12113, #12117, #12121, #12125, #12129, #12133, #12137, #12141, #12145, #12149, #12153, #12157, #12161, #12165, #12169, #12173, #12177, #12181, #12185, #12189, #12193, #12197, #12201, #12205, #12209, #12213, #12217, #12221, #12225, #12229, #12233, #12237, #12241, #12245, #12249, #12253, #12257, #12261, #12265, #12269, #12273, #12277, #12281, #12285, #12289, #12293, #12297, #12301, #12305, #12309, #12313, #12317, #12321, #12325, #12329, #12333, #12337, #12341, #12345, #12349, #12353, #12357, #12361, #12365, #12369, #12373, #12377, #12381, #12385, #12389, #12393, #12397, #12401, #12405, #12409, #12413, #12417, #12421, #12425, #12429, #12433, #12437, #12441, #12445, #12449, #12453, #12457, #12461, #12465, #12469, #12473, #12477, #12481, #12485, #12489, #12493, #12497, #12501, #12505, #12509, #12513, #12517, #12521, #12525, #12529, #12533, #12537, #12541, #12545, #12549, #12553, #12557, #12561, #12565, #12569, #12573, #12577, #12581, #12585, #12589, #12593, #12597, #12601, #12605, #12609, #12613, #12617, #12621, #12625, #12629, #12633, #12637, #12641, #12645, #12649, #12653, #12657, #12661, #12665, #12669, #12673, #12677, #12681, #12685, #12689, #12693, #12697, #12701, #12705, #12709, #12713, #12717, #12721, #12725, #12729, #12733, #12737, #12741, #12745, #12749, #12753, #12757, #12761, #12765, #12769, #12773, #12777, #12781, #12785, #12789, #12793, #12797, #12801, #12805, #12809, #12813, #12817, #12821, #12825, #12829));
#12831 = MANIFOLD_SOLID_BREP('tinaco_flower_assembly_brep', #12830);
#12832 = ADVANCED_BREP_SHAPE_REPRESENTATION('tinaco_flower_assembly_shape', (#12831, #12), #14);
#8 = SHAPE_DEFINITION_REPRESENTATION(#8, #12832);
ENDSEC;
END-ISO-10303-21;
