ISO-10303-21;
HEADER;
FILE_DESCRIPTION(('Parametric CAD Model', 'Faceted B-Rep Solid'), '2;1');
FILE_NAME('tinaco_flower_collector.step', '2026-09-09T15:19:05Z', ('Automated CAD Generator'), ('CDMX Rooftop Water Initiative'), 'Parametric Engine 2.0', 'Open CAD Suite', '');
FILE_SCHEMA(('CONFIG_CONTROL_DESIGN'));
ENDSEC;
DATA;
#1 = APPLICATION_CONTEXT('configuration controlled 3d designs of mechanical parts and assemblies');
#2 = APPLICATION_PROTOCOL_DEFINITION('international standard', 'config_control_design', 1994, #1);
#3 = PRODUCT('tinaco_flower_collector', 'tinaco_flower_collector', 'Flower-Shaped Rainwater Collector Component', (#4));
#4 = PRODUCT_CONTEXT('', #1, 'mechanical');
#5 = PRODUCT_DEFINITION_FORMATION('1', 'First Revision', #3);
#6 = PRODUCT_DEFINITION_CONTEXT('part definition', #1, 'design');
#7 = PRODUCT_DEFINITION('design', 'Complete Component Model', #5, #6);
#8 = PRODUCT_DEFINITION_SHAPE('shape representation', '', #7);
#9 = CARTESIAN_POINT('origin', (0., 0., 0.));
#10 = DIRECTION('dir_z', (0., 0., 1.));
#11 = DIRECTION('dir_x', (1., 0., 0.));
#12 = AXIS2_PLACEMENT_3D('placement', #9, #10, #11);
#13 = UNCERTAINTY_MEASURE_WITH_UNIT(LENGTH_MEASURE(1.E-05), #17, 'closure', 'Maximum tolerance');
#14 = (GEOMETRIC_REPRESENTATION_CONTEXT(3) GLOBAL_UNCERTAINTY_ASSIGNED_CONTEXT((#13)) GLOBAL_UNIT_ASSIGNED_CONTEXT((#17, #18, #19)) REPRESENTATION_CONTEXT('3D', '3D Workspace Context'));
#15 = SI_UNIT(.MILLI., .METRE.);
#16 = LENGTH_UNIT();
#17 = (CONVERSION_BASED_UNIT('MILLIMETRE', #20) LENGTH_UNIT() NAMED_UNIT(#21));
#18 = (NAMED_UNIT(#22) PLANE_ANGLE_UNIT() SI_UNIT($, .RADIAN.));
#19 = (NAMED_UNIT(#22) SOLID_ANGLE_UNIT() SI_UNIT($, .STERADIAN.));
#20 = LENGTH_MEASURE_WITH_UNIT(LENGTH_MEASURE(1.E-03), #15);
#21 = DIMENSIONAL_EXPOSITIONS(1., 0., 0., 0., 0., 0., 0.);
#22 = DIMENSIONAL_EXPOSITIONS(0., 0., 0., 0., 0., 0., 0.);
#31 = CARTESIAN_POINT('', (55.0000, 0.0000, -180.0000));
#30 = VERTEX_POINT('', #31);
#33 = CARTESIAN_POINT('', (54.7352, 5.3909, -180.0000));
#32 = VERTEX_POINT('', #33);
#35 = CARTESIAN_POINT('', (53.9432, 10.7300, -180.0000));
#34 = VERTEX_POINT('', #35);
#37 = CARTESIAN_POINT('', (52.6317, 15.9657, -180.0000));
#36 = VERTEX_POINT('', #37);
#39 = CARTESIAN_POINT('', (50.8134, 21.0476, -180.0000));
#38 = VERTEX_POINT('', #39);
#41 = CARTESIAN_POINT('', (48.5057, 25.9268, -180.0000));
#40 = VERTEX_POINT('', #41);
#43 = CARTESIAN_POINT('', (45.7308, 30.5564, -180.0000));
#42 = VERTEX_POINT('', #43);
#45 = CARTESIAN_POINT('', (42.5156, 34.8916, -180.0000));
#44 = VERTEX_POINT('', #45);
#47 = CARTESIAN_POINT('', (38.8909, 38.8909, -180.0000));
#46 = VERTEX_POINT('', #47);
#49 = CARTESIAN_POINT('', (34.8916, 42.5156, -180.0000));
#48 = VERTEX_POINT('', #49);
#51 = CARTESIAN_POINT('', (30.5564, 45.7308, -180.0000));
#50 = VERTEX_POINT('', #51);
#53 = CARTESIAN_POINT('', (25.9268, 48.5057, -180.0000));
#52 = VERTEX_POINT('', #53);
#55 = CARTESIAN_POINT('', (21.0476, 50.8134, -180.0000));
#54 = VERTEX_POINT('', #55);
#57 = CARTESIAN_POINT('', (15.9657, 52.6317, -180.0000));
#56 = VERTEX_POINT('', #57);
#59 = CARTESIAN_POINT('', (10.7300, 53.9432, -180.0000));
#58 = VERTEX_POINT('', #59);
#61 = CARTESIAN_POINT('', (5.3909, 54.7352, -180.0000));
#60 = VERTEX_POINT('', #61);
#63 = CARTESIAN_POINT('', (0.0000, 55.0000, -180.0000));
#62 = VERTEX_POINT('', #63);
#65 = CARTESIAN_POINT('', (-5.3909, 54.7352, -180.0000));
#64 = VERTEX_POINT('', #65);
#67 = CARTESIAN_POINT('', (-10.7300, 53.9432, -180.0000));
#66 = VERTEX_POINT('', #67);
#69 = CARTESIAN_POINT('', (-15.9657, 52.6317, -180.0000));
#68 = VERTEX_POINT('', #69);
#71 = CARTESIAN_POINT('', (-21.0476, 50.8134, -180.0000));
#70 = VERTEX_POINT('', #71);
#73 = CARTESIAN_POINT('', (-25.9268, 48.5057, -180.0000));
#72 = VERTEX_POINT('', #73);
#75 = CARTESIAN_POINT('', (-30.5564, 45.7308, -180.0000));
#74 = VERTEX_POINT('', #75);
#77 = CARTESIAN_POINT('', (-34.8916, 42.5156, -180.0000));
#76 = VERTEX_POINT('', #77);
#79 = CARTESIAN_POINT('', (-38.8909, 38.8909, -180.0000));
#78 = VERTEX_POINT('', #79);
#81 = CARTESIAN_POINT('', (-42.5156, 34.8916, -180.0000));
#80 = VERTEX_POINT('', #81);
#83 = CARTESIAN_POINT('', (-45.7308, 30.5564, -180.0000));
#82 = VERTEX_POINT('', #83);
#85 = CARTESIAN_POINT('', (-48.5057, 25.9268, -180.0000));
#84 = VERTEX_POINT('', #85);
#87 = CARTESIAN_POINT('', (-50.8134, 21.0476, -180.0000));
#86 = VERTEX_POINT('', #87);
#89 = CARTESIAN_POINT('', (-52.6317, 15.9657, -180.0000));
#88 = VERTEX_POINT('', #89);
#91 = CARTESIAN_POINT('', (-53.9432, 10.7300, -180.0000));
#90 = VERTEX_POINT('', #91);
#93 = CARTESIAN_POINT('', (-54.7352, 5.3909, -180.0000));
#92 = VERTEX_POINT('', #93);
#95 = CARTESIAN_POINT('', (-55.0000, 0.0000, -180.0000));
#94 = VERTEX_POINT('', #95);
#97 = CARTESIAN_POINT('', (-54.7352, -5.3909, -180.0000));
#96 = VERTEX_POINT('', #97);
#99 = CARTESIAN_POINT('', (-53.9432, -10.7300, -180.0000));
#98 = VERTEX_POINT('', #99);
#101 = CARTESIAN_POINT('', (-52.6317, -15.9657, -180.0000));
#100 = VERTEX_POINT('', #101);
#103 = CARTESIAN_POINT('', (-50.8134, -21.0476, -180.0000));
#102 = VERTEX_POINT('', #103);
#105 = CARTESIAN_POINT('', (-48.5057, -25.9268, -180.0000));
#104 = VERTEX_POINT('', #105);
#107 = CARTESIAN_POINT('', (-45.7308, -30.5564, -180.0000));
#106 = VERTEX_POINT('', #107);
#109 = CARTESIAN_POINT('', (-42.5156, -34.8916, -180.0000));
#108 = VERTEX_POINT('', #109);
#111 = CARTESIAN_POINT('', (-38.8909, -38.8909, -180.0000));
#110 = VERTEX_POINT('', #111);
#113 = CARTESIAN_POINT('', (-34.8916, -42.5156, -180.0000));
#112 = VERTEX_POINT('', #113);
#115 = CARTESIAN_POINT('', (-30.5564, -45.7308, -180.0000));
#114 = VERTEX_POINT('', #115);
#117 = CARTESIAN_POINT('', (-25.9268, -48.5057, -180.0000));
#116 = VERTEX_POINT('', #117);
#119 = CARTESIAN_POINT('', (-21.0476, -50.8134, -180.0000));
#118 = VERTEX_POINT('', #119);
#121 = CARTESIAN_POINT('', (-15.9657, -52.6317, -180.0000));
#120 = VERTEX_POINT('', #121);
#123 = CARTESIAN_POINT('', (-10.7300, -53.9432, -180.0000));
#122 = VERTEX_POINT('', #123);
#125 = CARTESIAN_POINT('', (-5.3909, -54.7352, -180.0000));
#124 = VERTEX_POINT('', #125);
#127 = CARTESIAN_POINT('', (-0.0000, -55.0000, -180.0000));
#126 = VERTEX_POINT('', #127);
#129 = CARTESIAN_POINT('', (5.3909, -54.7352, -180.0000));
#128 = VERTEX_POINT('', #129);
#131 = CARTESIAN_POINT('', (10.7300, -53.9432, -180.0000));
#130 = VERTEX_POINT('', #131);
#133 = CARTESIAN_POINT('', (15.9657, -52.6317, -180.0000));
#132 = VERTEX_POINT('', #133);
#135 = CARTESIAN_POINT('', (21.0476, -50.8134, -180.0000));
#134 = VERTEX_POINT('', #135);
#137 = CARTESIAN_POINT('', (25.9268, -48.5057, -180.0000));
#136 = VERTEX_POINT('', #137);
#139 = CARTESIAN_POINT('', (30.5564, -45.7308, -180.0000));
#138 = VERTEX_POINT('', #139);
#141 = CARTESIAN_POINT('', (34.8916, -42.5156, -180.0000));
#140 = VERTEX_POINT('', #141);
#143 = CARTESIAN_POINT('', (38.8909, -38.8909, -180.0000));
#142 = VERTEX_POINT('', #143);
#145 = CARTESIAN_POINT('', (42.5156, -34.8916, -180.0000));
#144 = VERTEX_POINT('', #145);
#147 = CARTESIAN_POINT('', (45.7308, -30.5564, -180.0000));
#146 = VERTEX_POINT('', #147);
#149 = CARTESIAN_POINT('', (48.5057, -25.9268, -180.0000));
#148 = VERTEX_POINT('', #149);
#151 = CARTESIAN_POINT('', (50.8134, -21.0476, -180.0000));
#150 = VERTEX_POINT('', #151);
#153 = CARTESIAN_POINT('', (52.6317, -15.9657, -180.0000));
#152 = VERTEX_POINT('', #153);
#155 = CARTESIAN_POINT('', (53.9432, -10.7300, -180.0000));
#154 = VERTEX_POINT('', #155);
#157 = CARTESIAN_POINT('', (54.7352, -5.3909, -180.0000));
#156 = VERTEX_POINT('', #157);
#159 = CARTESIAN_POINT('', (70.0000, 0.0000, -150.0000));
#158 = VERTEX_POINT('', #159);
#161 = CARTESIAN_POINT('', (69.6629, 6.8612, -150.0000));
#160 = VERTEX_POINT('', #161);
#163 = CARTESIAN_POINT('', (68.6550, 13.6563, -150.0000));
#162 = VERTEX_POINT('', #163);
#165 = CARTESIAN_POINT('', (66.9858, 20.3199, -150.0000));
#164 = VERTEX_POINT('', #165);
#167 = CARTESIAN_POINT('', (64.6716, 26.7878, -150.0000));
#166 = VERTEX_POINT('', #167);
#169 = CARTESIAN_POINT('', (61.7345, 32.9978, -150.0000));
#168 = VERTEX_POINT('', #169);
#171 = CARTESIAN_POINT('', (58.2029, 38.8899, -150.0000));
#170 = VERTEX_POINT('', #171);
#173 = CARTESIAN_POINT('', (54.1107, 44.4075, -150.0000));
#172 = VERTEX_POINT('', #173);
#175 = CARTESIAN_POINT('', (49.4975, 49.4975, -150.0000));
#174 = VERTEX_POINT('', #175);
#177 = CARTESIAN_POINT('', (44.4075, 54.1107, -150.0000));
#176 = VERTEX_POINT('', #177);
#179 = CARTESIAN_POINT('', (38.8899, 58.2029, -150.0000));
#178 = VERTEX_POINT('', #179);
#181 = CARTESIAN_POINT('', (32.9978, 61.7345, -150.0000));
#180 = VERTEX_POINT('', #181);
#183 = CARTESIAN_POINT('', (26.7878, 64.6716, -150.0000));
#182 = VERTEX_POINT('', #183);
#185 = CARTESIAN_POINT('', (20.3199, 66.9858, -150.0000));
#184 = VERTEX_POINT('', #185);
#187 = CARTESIAN_POINT('', (13.6563, 68.6550, -150.0000));
#186 = VERTEX_POINT('', #187);
#189 = CARTESIAN_POINT('', (6.8612, 69.6629, -150.0000));
#188 = VERTEX_POINT('', #189);
#191 = CARTESIAN_POINT('', (0.0000, 70.0000, -150.0000));
#190 = VERTEX_POINT('', #191);
#193 = CARTESIAN_POINT('', (-6.8612, 69.6629, -150.0000));
#192 = VERTEX_POINT('', #193);
#195 = CARTESIAN_POINT('', (-13.6563, 68.6550, -150.0000));
#194 = VERTEX_POINT('', #195);
#197 = CARTESIAN_POINT('', (-20.3199, 66.9858, -150.0000));
#196 = VERTEX_POINT('', #197);
#199 = CARTESIAN_POINT('', (-26.7878, 64.6716, -150.0000));
#198 = VERTEX_POINT('', #199);
#201 = CARTESIAN_POINT('', (-32.9978, 61.7345, -150.0000));
#200 = VERTEX_POINT('', #201);
#203 = CARTESIAN_POINT('', (-38.8899, 58.2029, -150.0000));
#202 = VERTEX_POINT('', #203);
#205 = CARTESIAN_POINT('', (-44.4075, 54.1107, -150.0000));
#204 = VERTEX_POINT('', #205);
#207 = CARTESIAN_POINT('', (-49.4975, 49.4975, -150.0000));
#206 = VERTEX_POINT('', #207);
#209 = CARTESIAN_POINT('', (-54.1107, 44.4075, -150.0000));
#208 = VERTEX_POINT('', #209);
#211 = CARTESIAN_POINT('', (-58.2029, 38.8899, -150.0000));
#210 = VERTEX_POINT('', #211);
#213 = CARTESIAN_POINT('', (-61.7345, 32.9978, -150.0000));
#212 = VERTEX_POINT('', #213);
#215 = CARTESIAN_POINT('', (-64.6716, 26.7878, -150.0000));
#214 = VERTEX_POINT('', #215);
#217 = CARTESIAN_POINT('', (-66.9858, 20.3199, -150.0000));
#216 = VERTEX_POINT('', #217);
#219 = CARTESIAN_POINT('', (-68.6550, 13.6563, -150.0000));
#218 = VERTEX_POINT('', #219);
#221 = CARTESIAN_POINT('', (-69.6629, 6.8612, -150.0000));
#220 = VERTEX_POINT('', #221);
#223 = CARTESIAN_POINT('', (-70.0000, 0.0000, -150.0000));
#222 = VERTEX_POINT('', #223);
#225 = CARTESIAN_POINT('', (-69.6629, -6.8612, -150.0000));
#224 = VERTEX_POINT('', #225);
#227 = CARTESIAN_POINT('', (-68.6550, -13.6563, -150.0000));
#226 = VERTEX_POINT('', #227);
#229 = CARTESIAN_POINT('', (-66.9858, -20.3199, -150.0000));
#228 = VERTEX_POINT('', #229);
#231 = CARTESIAN_POINT('', (-64.6716, -26.7878, -150.0000));
#230 = VERTEX_POINT('', #231);
#233 = CARTESIAN_POINT('', (-61.7345, -32.9978, -150.0000));
#232 = VERTEX_POINT('', #233);
#235 = CARTESIAN_POINT('', (-58.2029, -38.8899, -150.0000));
#234 = VERTEX_POINT('', #235);
#237 = CARTESIAN_POINT('', (-54.1107, -44.4075, -150.0000));
#236 = VERTEX_POINT('', #237);
#239 = CARTESIAN_POINT('', (-49.4975, -49.4975, -150.0000));
#238 = VERTEX_POINT('', #239);
#241 = CARTESIAN_POINT('', (-44.4075, -54.1107, -150.0000));
#240 = VERTEX_POINT('', #241);
#243 = CARTESIAN_POINT('', (-38.8899, -58.2029, -150.0000));
#242 = VERTEX_POINT('', #243);
#245 = CARTESIAN_POINT('', (-32.9978, -61.7345, -150.0000));
#244 = VERTEX_POINT('', #245);
#247 = CARTESIAN_POINT('', (-26.7878, -64.6716, -150.0000));
#246 = VERTEX_POINT('', #247);
#249 = CARTESIAN_POINT('', (-20.3199, -66.9858, -150.0000));
#248 = VERTEX_POINT('', #249);
#251 = CARTESIAN_POINT('', (-13.6563, -68.6550, -150.0000));
#250 = VERTEX_POINT('', #251);
#253 = CARTESIAN_POINT('', (-6.8612, -69.6629, -150.0000));
#252 = VERTEX_POINT('', #253);
#255 = CARTESIAN_POINT('', (-0.0000, -70.0000, -150.0000));
#254 = VERTEX_POINT('', #255);
#257 = CARTESIAN_POINT('', (6.8612, -69.6629, -150.0000));
#256 = VERTEX_POINT('', #257);
#259 = CARTESIAN_POINT('', (13.6563, -68.6550, -150.0000));
#258 = VERTEX_POINT('', #259);
#261 = CARTESIAN_POINT('', (20.3199, -66.9858, -150.0000));
#260 = VERTEX_POINT('', #261);
#263 = CARTESIAN_POINT('', (26.7878, -64.6716, -150.0000));
#262 = VERTEX_POINT('', #263);
#265 = CARTESIAN_POINT('', (32.9978, -61.7345, -150.0000));
#264 = VERTEX_POINT('', #265);
#267 = CARTESIAN_POINT('', (38.8899, -58.2029, -150.0000));
#266 = VERTEX_POINT('', #267);
#269 = CARTESIAN_POINT('', (44.4075, -54.1107, -150.0000));
#268 = VERTEX_POINT('', #269);
#271 = CARTESIAN_POINT('', (49.4975, -49.4975, -150.0000));
#270 = VERTEX_POINT('', #271);
#273 = CARTESIAN_POINT('', (54.1107, -44.4075, -150.0000));
#272 = VERTEX_POINT('', #273);
#275 = CARTESIAN_POINT('', (58.2029, -38.8899, -150.0000));
#274 = VERTEX_POINT('', #275);
#277 = CARTESIAN_POINT('', (61.7345, -32.9978, -150.0000));
#276 = VERTEX_POINT('', #277);
#279 = CARTESIAN_POINT('', (64.6716, -26.7878, -150.0000));
#278 = VERTEX_POINT('', #279);
#281 = CARTESIAN_POINT('', (66.9858, -20.3199, -150.0000));
#280 = VERTEX_POINT('', #281);
#283 = CARTESIAN_POINT('', (68.6550, -13.6563, -150.0000));
#282 = VERTEX_POINT('', #283);
#285 = CARTESIAN_POINT('', (69.6629, -6.8612, -150.0000));
#284 = VERTEX_POINT('', #285);
#287 = CARTESIAN_POINT('', (157.5000, 0.0000, -63.0000));
#286 = VERTEX_POINT('', #287);
#289 = CARTESIAN_POINT('', (156.7416, 15.4377, -63.0000));
#288 = VERTEX_POINT('', #289);
#291 = CARTESIAN_POINT('', (154.4737, 30.7267, -63.0000));
#290 = VERTEX_POINT('', #291);
#293 = CARTESIAN_POINT('', (150.7181, 45.7198, -63.0000));
#292 = VERTEX_POINT('', #293);
#295 = CARTESIAN_POINT('', (145.5110, 60.2726, -63.0000));
#294 = VERTEX_POINT('', #295);
#297 = CARTESIAN_POINT('', (138.9026, 74.2450, -63.0000));
#296 = VERTEX_POINT('', #297);
#299 = CARTESIAN_POINT('', (130.9565, 87.5023, -63.0000));
#298 = VERTEX_POINT('', #299);
#301 = CARTESIAN_POINT('', (121.7491, 99.9169, -63.0000));
#300 = VERTEX_POINT('', #301);
#303 = CARTESIAN_POINT('', (111.3693, 111.3693, -63.0000));
#302 = VERTEX_POINT('', #303);
#305 = CARTESIAN_POINT('', (99.9169, 121.7491, -63.0000));
#304 = VERTEX_POINT('', #305);
#307 = CARTESIAN_POINT('', (87.5023, 130.9565, -63.0000));
#306 = VERTEX_POINT('', #307);
#309 = CARTESIAN_POINT('', (74.2450, 138.9026, -63.0000));
#308 = VERTEX_POINT('', #309);
#311 = CARTESIAN_POINT('', (60.2726, 145.5110, -63.0000));
#310 = VERTEX_POINT('', #311);
#313 = CARTESIAN_POINT('', (45.7198, 150.7181, -63.0000));
#312 = VERTEX_POINT('', #313);
#315 = CARTESIAN_POINT('', (30.7267, 154.4737, -63.0000));
#314 = VERTEX_POINT('', #315);
#317 = CARTESIAN_POINT('', (15.4377, 156.7416, -63.0000));
#316 = VERTEX_POINT('', #317);
#319 = CARTESIAN_POINT('', (0.0000, 157.5000, -63.0000));
#318 = VERTEX_POINT('', #319);
#321 = CARTESIAN_POINT('', (-15.4377, 156.7416, -63.0000));
#320 = VERTEX_POINT('', #321);
#323 = CARTESIAN_POINT('', (-30.7267, 154.4737, -63.0000));
#322 = VERTEX_POINT('', #323);
#325 = CARTESIAN_POINT('', (-45.7198, 150.7181, -63.0000));
#324 = VERTEX_POINT('', #325);
#327 = CARTESIAN_POINT('', (-60.2726, 145.5110, -63.0000));
#326 = VERTEX_POINT('', #327);
#329 = CARTESIAN_POINT('', (-74.2450, 138.9026, -63.0000));
#328 = VERTEX_POINT('', #329);
#331 = CARTESIAN_POINT('', (-87.5023, 130.9565, -63.0000));
#330 = VERTEX_POINT('', #331);
#333 = CARTESIAN_POINT('', (-99.9169, 121.7491, -63.0000));
#332 = VERTEX_POINT('', #333);
#335 = CARTESIAN_POINT('', (-111.3693, 111.3693, -63.0000));
#334 = VERTEX_POINT('', #335);
#337 = CARTESIAN_POINT('', (-121.7491, 99.9169, -63.0000));
#336 = VERTEX_POINT('', #337);
#339 = CARTESIAN_POINT('', (-130.9565, 87.5023, -63.0000));
#338 = VERTEX_POINT('', #339);
#341 = CARTESIAN_POINT('', (-138.9026, 74.2450, -63.0000));
#340 = VERTEX_POINT('', #341);
#343 = CARTESIAN_POINT('', (-145.5110, 60.2726, -63.0000));
#342 = VERTEX_POINT('', #343);
#345 = CARTESIAN_POINT('', (-150.7181, 45.7198, -63.0000));
#344 = VERTEX_POINT('', #345);
#347 = CARTESIAN_POINT('', (-154.4737, 30.7267, -63.0000));
#346 = VERTEX_POINT('', #347);
#349 = CARTESIAN_POINT('', (-156.7416, 15.4377, -63.0000));
#348 = VERTEX_POINT('', #349);
#351 = CARTESIAN_POINT('', (-157.5000, 0.0000, -63.0000));
#350 = VERTEX_POINT('', #351);
#353 = CARTESIAN_POINT('', (-156.7416, -15.4377, -63.0000));
#352 = VERTEX_POINT('', #353);
#355 = CARTESIAN_POINT('', (-154.4737, -30.7267, -63.0000));
#354 = VERTEX_POINT('', #355);
#357 = CARTESIAN_POINT('', (-150.7181, -45.7198, -63.0000));
#356 = VERTEX_POINT('', #357);
#359 = CARTESIAN_POINT('', (-145.5110, -60.2726, -63.0000));
#358 = VERTEX_POINT('', #359);
#361 = CARTESIAN_POINT('', (-138.9026, -74.2450, -63.0000));
#360 = VERTEX_POINT('', #361);
#363 = CARTESIAN_POINT('', (-130.9565, -87.5023, -63.0000));
#362 = VERTEX_POINT('', #363);
#365 = CARTESIAN_POINT('', (-121.7491, -99.9169, -63.0000));
#364 = VERTEX_POINT('', #365);
#367 = CARTESIAN_POINT('', (-111.3693, -111.3693, -63.0000));
#366 = VERTEX_POINT('', #367);
#369 = CARTESIAN_POINT('', (-99.9169, -121.7491, -63.0000));
#368 = VERTEX_POINT('', #369);
#371 = CARTESIAN_POINT('', (-87.5023, -130.9565, -63.0000));
#370 = VERTEX_POINT('', #371);
#373 = CARTESIAN_POINT('', (-74.2450, -138.9026, -63.0000));
#372 = VERTEX_POINT('', #373);
#375 = CARTESIAN_POINT('', (-60.2726, -145.5110, -63.0000));
#374 = VERTEX_POINT('', #375);
#377 = CARTESIAN_POINT('', (-45.7198, -150.7181, -63.0000));
#376 = VERTEX_POINT('', #377);
#379 = CARTESIAN_POINT('', (-30.7267, -154.4737, -63.0000));
#378 = VERTEX_POINT('', #379);
#381 = CARTESIAN_POINT('', (-15.4377, -156.7416, -63.0000));
#380 = VERTEX_POINT('', #381);
#383 = CARTESIAN_POINT('', (-0.0000, -157.5000, -63.0000));
#382 = VERTEX_POINT('', #383);
#385 = CARTESIAN_POINT('', (15.4377, -156.7416, -63.0000));
#384 = VERTEX_POINT('', #385);
#387 = CARTESIAN_POINT('', (30.7267, -154.4737, -63.0000));
#386 = VERTEX_POINT('', #387);
#389 = CARTESIAN_POINT('', (45.7198, -150.7181, -63.0000));
#388 = VERTEX_POINT('', #389);
#391 = CARTESIAN_POINT('', (60.2726, -145.5110, -63.0000));
#390 = VERTEX_POINT('', #391);
#393 = CARTESIAN_POINT('', (74.2450, -138.9026, -63.0000));
#392 = VERTEX_POINT('', #393);
#395 = CARTESIAN_POINT('', (87.5023, -130.9565, -63.0000));
#394 = VERTEX_POINT('', #395);
#397 = CARTESIAN_POINT('', (99.9169, -121.7491, -63.0000));
#396 = VERTEX_POINT('', #397);
#399 = CARTESIAN_POINT('', (111.3693, -111.3693, -63.0000));
#398 = VERTEX_POINT('', #399);
#401 = CARTESIAN_POINT('', (121.7491, -99.9169, -63.0000));
#400 = VERTEX_POINT('', #401);
#403 = CARTESIAN_POINT('', (130.9565, -87.5023, -63.0000));
#402 = VERTEX_POINT('', #403);
#405 = CARTESIAN_POINT('', (138.9026, -74.2450, -63.0000));
#404 = VERTEX_POINT('', #405);
#407 = CARTESIAN_POINT('', (145.5110, -60.2726, -63.0000));
#406 = VERTEX_POINT('', #407);
#409 = CARTESIAN_POINT('', (150.7181, -45.7198, -63.0000));
#408 = VERTEX_POINT('', #409);
#411 = CARTESIAN_POINT('', (154.4737, -30.7267, -63.0000));
#410 = VERTEX_POINT('', #411);
#413 = CARTESIAN_POINT('', (156.7416, -15.4377, -63.0000));
#412 = VERTEX_POINT('', #413);
#415 = CARTESIAN_POINT('', (225.0000, 0.0000, 0.0000));
#414 = VERTEX_POINT('', #415);
#417 = CARTESIAN_POINT('', (223.9166, 22.0539, 0.0000));
#416 = VERTEX_POINT('', #417);
#419 = CARTESIAN_POINT('', (220.6767, 43.8953, 0.0000));
#418 = VERTEX_POINT('', #419);
#421 = CARTESIAN_POINT('', (215.3116, 65.3141, 0.0000));
#420 = VERTEX_POINT('', #421);
#423 = CARTESIAN_POINT('', (207.8729, 86.1038, 0.0000));
#422 = VERTEX_POINT('', #423);
#425 = CARTESIAN_POINT('', (198.4323, 106.0643, 0.0000));
#424 = VERTEX_POINT('', #425);
#427 = CARTESIAN_POINT('', (187.0807, 125.0033, 0.0000));
#426 = VERTEX_POINT('', #427);
#429 = CARTESIAN_POINT('', (173.9274, 142.7385, 0.0000));
#428 = VERTEX_POINT('', #429);
#431 = CARTESIAN_POINT('', (159.0990, 159.0990, 0.0000));
#430 = VERTEX_POINT('', #431);
#433 = CARTESIAN_POINT('', (142.7385, 173.9274, 0.0000));
#432 = VERTEX_POINT('', #433);
#435 = CARTESIAN_POINT('', (125.0033, 187.0807, 0.0000));
#434 = VERTEX_POINT('', #435);
#437 = CARTESIAN_POINT('', (106.0643, 198.4323, 0.0000));
#436 = VERTEX_POINT('', #437);
#439 = CARTESIAN_POINT('', (86.1038, 207.8729, 0.0000));
#438 = VERTEX_POINT('', #439);
#441 = CARTESIAN_POINT('', (65.3141, 215.3116, 0.0000));
#440 = VERTEX_POINT('', #441);
#443 = CARTESIAN_POINT('', (43.8953, 220.6767, 0.0000));
#442 = VERTEX_POINT('', #443);
#445 = CARTESIAN_POINT('', (22.0539, 223.9166, 0.0000));
#444 = VERTEX_POINT('', #445);
#447 = CARTESIAN_POINT('', (0.0000, 225.0000, 0.0000));
#446 = VERTEX_POINT('', #447);
#449 = CARTESIAN_POINT('', (-22.0539, 223.9166, 0.0000));
#448 = VERTEX_POINT('', #449);
#451 = CARTESIAN_POINT('', (-43.8953, 220.6767, 0.0000));
#450 = VERTEX_POINT('', #451);
#453 = CARTESIAN_POINT('', (-65.3141, 215.3116, 0.0000));
#452 = VERTEX_POINT('', #453);
#455 = CARTESIAN_POINT('', (-86.1038, 207.8729, 0.0000));
#454 = VERTEX_POINT('', #455);
#457 = CARTESIAN_POINT('', (-106.0643, 198.4323, 0.0000));
#456 = VERTEX_POINT('', #457);
#459 = CARTESIAN_POINT('', (-125.0033, 187.0807, 0.0000));
#458 = VERTEX_POINT('', #459);
#461 = CARTESIAN_POINT('', (-142.7385, 173.9274, 0.0000));
#460 = VERTEX_POINT('', #461);
#463 = CARTESIAN_POINT('', (-159.0990, 159.0990, 0.0000));
#462 = VERTEX_POINT('', #463);
#465 = CARTESIAN_POINT('', (-173.9274, 142.7385, 0.0000));
#464 = VERTEX_POINT('', #465);
#467 = CARTESIAN_POINT('', (-187.0807, 125.0033, 0.0000));
#466 = VERTEX_POINT('', #467);
#469 = CARTESIAN_POINT('', (-198.4323, 106.0643, 0.0000));
#468 = VERTEX_POINT('', #469);
#471 = CARTESIAN_POINT('', (-207.8729, 86.1038, 0.0000));
#470 = VERTEX_POINT('', #471);
#473 = CARTESIAN_POINT('', (-215.3116, 65.3141, 0.0000));
#472 = VERTEX_POINT('', #473);
#475 = CARTESIAN_POINT('', (-220.6767, 43.8953, 0.0000));
#474 = VERTEX_POINT('', #475);
#477 = CARTESIAN_POINT('', (-223.9166, 22.0539, 0.0000));
#476 = VERTEX_POINT('', #477);
#479 = CARTESIAN_POINT('', (-225.0000, 0.0000, 0.0000));
#478 = VERTEX_POINT('', #479);
#481 = CARTESIAN_POINT('', (-223.9166, -22.0539, 0.0000));
#480 = VERTEX_POINT('', #481);
#483 = CARTESIAN_POINT('', (-220.6767, -43.8953, 0.0000));
#482 = VERTEX_POINT('', #483);
#485 = CARTESIAN_POINT('', (-215.3116, -65.3141, 0.0000));
#484 = VERTEX_POINT('', #485);
#487 = CARTESIAN_POINT('', (-207.8729, -86.1038, 0.0000));
#486 = VERTEX_POINT('', #487);
#489 = CARTESIAN_POINT('', (-198.4323, -106.0643, 0.0000));
#488 = VERTEX_POINT('', #489);
#491 = CARTESIAN_POINT('', (-187.0807, -125.0033, 0.0000));
#490 = VERTEX_POINT('', #491);
#493 = CARTESIAN_POINT('', (-173.9274, -142.7385, 0.0000));
#492 = VERTEX_POINT('', #493);
#495 = CARTESIAN_POINT('', (-159.0990, -159.0990, 0.0000));
#494 = VERTEX_POINT('', #495);
#497 = CARTESIAN_POINT('', (-142.7385, -173.9274, 0.0000));
#496 = VERTEX_POINT('', #497);
#499 = CARTESIAN_POINT('', (-125.0033, -187.0807, 0.0000));
#498 = VERTEX_POINT('', #499);
#501 = CARTESIAN_POINT('', (-106.0643, -198.4323, 0.0000));
#500 = VERTEX_POINT('', #501);
#503 = CARTESIAN_POINT('', (-86.1038, -207.8729, 0.0000));
#502 = VERTEX_POINT('', #503);
#505 = CARTESIAN_POINT('', (-65.3141, -215.3116, 0.0000));
#504 = VERTEX_POINT('', #505);
#507 = CARTESIAN_POINT('', (-43.8953, -220.6767, 0.0000));
#506 = VERTEX_POINT('', #507);
#509 = CARTESIAN_POINT('', (-22.0539, -223.9166, 0.0000));
#508 = VERTEX_POINT('', #509);
#511 = CARTESIAN_POINT('', (-0.0000, -225.0000, 0.0000));
#510 = VERTEX_POINT('', #511);
#513 = CARTESIAN_POINT('', (22.0539, -223.9166, 0.0000));
#512 = VERTEX_POINT('', #513);
#515 = CARTESIAN_POINT('', (43.8953, -220.6767, 0.0000));
#514 = VERTEX_POINT('', #515);
#517 = CARTESIAN_POINT('', (65.3141, -215.3116, 0.0000));
#516 = VERTEX_POINT('', #517);
#519 = CARTESIAN_POINT('', (86.1038, -207.8729, 0.0000));
#518 = VERTEX_POINT('', #519);
#521 = CARTESIAN_POINT('', (106.0643, -198.4323, 0.0000));
#520 = VERTEX_POINT('', #521);
#523 = CARTESIAN_POINT('', (125.0033, -187.0807, 0.0000));
#522 = VERTEX_POINT('', #523);
#525 = CARTESIAN_POINT('', (142.7385, -173.9274, 0.0000));
#524 = VERTEX_POINT('', #525);
#527 = CARTESIAN_POINT('', (159.0990, -159.0990, 0.0000));
#526 = VERTEX_POINT('', #527);
#529 = CARTESIAN_POINT('', (173.9274, -142.7385, 0.0000));
#528 = VERTEX_POINT('', #529);
#531 = CARTESIAN_POINT('', (187.0807, -125.0033, 0.0000));
#530 = VERTEX_POINT('', #531);
#533 = CARTESIAN_POINT('', (198.4323, -106.0643, 0.0000));
#532 = VERTEX_POINT('', #533);
#535 = CARTESIAN_POINT('', (207.8729, -86.1038, 0.0000));
#534 = VERTEX_POINT('', #535);
#537 = CARTESIAN_POINT('', (215.3116, -65.3141, 0.0000));
#536 = VERTEX_POINT('', #537);
#539 = CARTESIAN_POINT('', (220.6767, -43.8953, 0.0000));
#538 = VERTEX_POINT('', #539);
#541 = CARTESIAN_POINT('', (223.9166, -22.0539, 0.0000));
#540 = VERTEX_POINT('', #541);
#543 = CARTESIAN_POINT('', (337.5000, 0.0000, 52.2805));
#542 = VERTEX_POINT('', #543);
#545 = CARTESIAN_POINT('', (335.8748, 33.0808, 52.2805));
#544 = VERTEX_POINT('', #545);
#547 = CARTESIAN_POINT('', (331.0150, 65.8430, 52.2805));
#546 = VERTEX_POINT('', #547);
#549 = CARTESIAN_POINT('', (322.9674, 97.9711, 52.2805));
#548 = VERTEX_POINT('', #549);
#551 = CARTESIAN_POINT('', (311.8093, 129.1557, 52.2805));
#550 = VERTEX_POINT('', #551);
#553 = CARTESIAN_POINT('', (297.6484, 159.0964, 52.2805));
#552 = VERTEX_POINT('', #553);
#555 = CARTESIAN_POINT('', (280.6210, 187.5050, 52.2805));
#554 = VERTEX_POINT('', #555);
#557 = CARTESIAN_POINT('', (260.8910, 214.1077, 52.2805));
#556 = VERTEX_POINT('', #557);
#559 = CARTESIAN_POINT('', (238.6485, 238.6485, 52.2805));
#558 = VERTEX_POINT('', #559);
#561 = CARTESIAN_POINT('', (214.1077, 260.8910, 52.2805));
#560 = VERTEX_POINT('', #561);
#563 = CARTESIAN_POINT('', (187.5050, 280.6210, 52.2805));
#562 = VERTEX_POINT('', #563);
#565 = CARTESIAN_POINT('', (159.0964, 297.6484, 52.2805));
#564 = VERTEX_POINT('', #565);
#567 = CARTESIAN_POINT('', (129.1557, 311.8093, 52.2805));
#566 = VERTEX_POINT('', #567);
#569 = CARTESIAN_POINT('', (97.9711, 322.9674, 52.2805));
#568 = VERTEX_POINT('', #569);
#571 = CARTESIAN_POINT('', (65.8430, 331.0150, 52.2805));
#570 = VERTEX_POINT('', #571);
#573 = CARTESIAN_POINT('', (33.0808, 335.8748, 52.2805));
#572 = VERTEX_POINT('', #573);
#575 = CARTESIAN_POINT('', (0.0000, 337.5000, 52.2805));
#574 = VERTEX_POINT('', #575);
#577 = CARTESIAN_POINT('', (-33.0808, 335.8748, 52.2805));
#576 = VERTEX_POINT('', #577);
#579 = CARTESIAN_POINT('', (-65.8430, 331.0150, 52.2805));
#578 = VERTEX_POINT('', #579);
#581 = CARTESIAN_POINT('', (-97.9711, 322.9674, 52.2805));
#580 = VERTEX_POINT('', #581);
#583 = CARTESIAN_POINT('', (-129.1557, 311.8093, 52.2805));
#582 = VERTEX_POINT('', #583);
#585 = CARTESIAN_POINT('', (-159.0964, 297.6484, 52.2805));
#584 = VERTEX_POINT('', #585);
#587 = CARTESIAN_POINT('', (-187.5050, 280.6210, 52.2805));
#586 = VERTEX_POINT('', #587);
#589 = CARTESIAN_POINT('', (-214.1077, 260.8910, 52.2805));
#588 = VERTEX_POINT('', #589);
#591 = CARTESIAN_POINT('', (-238.6485, 238.6485, 52.2805));
#590 = VERTEX_POINT('', #591);
#593 = CARTESIAN_POINT('', (-260.8910, 214.1077, 52.2805));
#592 = VERTEX_POINT('', #593);
#595 = CARTESIAN_POINT('', (-280.6210, 187.5050, 52.2805));
#594 = VERTEX_POINT('', #595);
#597 = CARTESIAN_POINT('', (-297.6484, 159.0964, 52.2805));
#596 = VERTEX_POINT('', #597);
#599 = CARTESIAN_POINT('', (-311.8093, 129.1557, 52.2805));
#598 = VERTEX_POINT('', #599);
#601 = CARTESIAN_POINT('', (-322.9674, 97.9711, 52.2805));
#600 = VERTEX_POINT('', #601);
#603 = CARTESIAN_POINT('', (-331.0150, 65.8430, 52.2805));
#602 = VERTEX_POINT('', #603);
#605 = CARTESIAN_POINT('', (-335.8748, 33.0808, 52.2805));
#604 = VERTEX_POINT('', #605);
#607 = CARTESIAN_POINT('', (-337.5000, 0.0000, 52.2805));
#606 = VERTEX_POINT('', #607);
#609 = CARTESIAN_POINT('', (-335.8748, -33.0808, 52.2805));
#608 = VERTEX_POINT('', #609);
#611 = CARTESIAN_POINT('', (-331.0150, -65.8430, 52.2805));
#610 = VERTEX_POINT('', #611);
#613 = CARTESIAN_POINT('', (-322.9674, -97.9711, 52.2805));
#612 = VERTEX_POINT('', #613);
#615 = CARTESIAN_POINT('', (-311.8093, -129.1557, 52.2805));
#614 = VERTEX_POINT('', #615);
#617 = CARTESIAN_POINT('', (-297.6484, -159.0964, 52.2805));
#616 = VERTEX_POINT('', #617);
#619 = CARTESIAN_POINT('', (-280.6210, -187.5050, 52.2805));
#618 = VERTEX_POINT('', #619);
#621 = CARTESIAN_POINT('', (-260.8910, -214.1077, 52.2805));
#620 = VERTEX_POINT('', #621);
#623 = CARTESIAN_POINT('', (-238.6485, -238.6485, 52.2805));
#622 = VERTEX_POINT('', #623);
#625 = CARTESIAN_POINT('', (-214.1077, -260.8910, 52.2805));
#624 = VERTEX_POINT('', #625);
#627 = CARTESIAN_POINT('', (-187.5050, -280.6210, 52.2805));
#626 = VERTEX_POINT('', #627);
#629 = CARTESIAN_POINT('', (-159.0964, -297.6484, 52.2805));
#628 = VERTEX_POINT('', #629);
#631 = CARTESIAN_POINT('', (-129.1557, -311.8093, 52.2805));
#630 = VERTEX_POINT('', #631);
#633 = CARTESIAN_POINT('', (-97.9711, -322.9674, 52.2805));
#632 = VERTEX_POINT('', #633);
#635 = CARTESIAN_POINT('', (-65.8430, -331.0150, 52.2805));
#634 = VERTEX_POINT('', #635);
#637 = CARTESIAN_POINT('', (-33.0808, -335.8748, 52.2805));
#636 = VERTEX_POINT('', #637);
#639 = CARTESIAN_POINT('', (-0.0000, -337.5000, 52.2805));
#638 = VERTEX_POINT('', #639);
#641 = CARTESIAN_POINT('', (33.0808, -335.8748, 52.2805));
#640 = VERTEX_POINT('', #641);
#643 = CARTESIAN_POINT('', (65.8430, -331.0150, 52.2805));
#642 = VERTEX_POINT('', #643);
#645 = CARTESIAN_POINT('', (97.9711, -322.9674, 52.2805));
#644 = VERTEX_POINT('', #645);
#647 = CARTESIAN_POINT('', (129.1557, -311.8093, 52.2805));
#646 = VERTEX_POINT('', #647);
#649 = CARTESIAN_POINT('', (159.0964, -297.6484, 52.2805));
#648 = VERTEX_POINT('', #649);
#651 = CARTESIAN_POINT('', (187.5050, -280.6210, 52.2805));
#650 = VERTEX_POINT('', #651);
#653 = CARTESIAN_POINT('', (214.1077, -260.8910, 52.2805));
#652 = VERTEX_POINT('', #653);
#655 = CARTESIAN_POINT('', (238.6485, -238.6485, 52.2805));
#654 = VERTEX_POINT('', #655);
#657 = CARTESIAN_POINT('', (260.8910, -214.1077, 52.2805));
#656 = VERTEX_POINT('', #657);
#659 = CARTESIAN_POINT('', (280.6210, -187.5050, 52.2805));
#658 = VERTEX_POINT('', #659);
#661 = CARTESIAN_POINT('', (297.6484, -159.0964, 52.2805));
#660 = VERTEX_POINT('', #661);
#663 = CARTESIAN_POINT('', (311.8093, -129.1557, 52.2805));
#662 = VERTEX_POINT('', #663);
#665 = CARTESIAN_POINT('', (322.9674, -97.9711, 52.2805));
#664 = VERTEX_POINT('', #665);
#667 = CARTESIAN_POINT('', (331.0150, -65.8430, 52.2805));
#666 = VERTEX_POINT('', #667);
#669 = CARTESIAN_POINT('', (335.8748, -33.0808, 52.2805));
#668 = VERTEX_POINT('', #669);
#671 = CARTESIAN_POINT('', (562.5000, 0.0000, 125.4732));
#670 = VERTEX_POINT('', #671);
#673 = CARTESIAN_POINT('', (559.7914, 55.1346, 125.4732));
#672 = VERTEX_POINT('', #673);
#675 = CARTESIAN_POINT('', (551.6917, 109.7383, 125.4732));
#674 = VERTEX_POINT('', #675);
#677 = CARTESIAN_POINT('', (538.2789, 163.2851, 125.4732));
#676 = VERTEX_POINT('', #677);
#679 = CARTESIAN_POINT('', (519.6822, 215.2594, 125.4732));
#678 = VERTEX_POINT('', #679);
#681 = CARTESIAN_POINT('', (496.0807, 265.1607, 125.4732));
#680 = VERTEX_POINT('', #681);
#683 = CARTESIAN_POINT('', (467.7017, 312.5083, 125.4732));
#682 = VERTEX_POINT('', #683);
#685 = CARTESIAN_POINT('', (434.8184, 356.8462, 125.4732));
#684 = VERTEX_POINT('', #685);
#687 = CARTESIAN_POINT('', (397.7476, 397.7476, 125.4732));
#686 = VERTEX_POINT('', #687);
#689 = CARTESIAN_POINT('', (356.8462, 434.8184, 125.4732));
#688 = VERTEX_POINT('', #689);
#691 = CARTESIAN_POINT('', (312.5083, 467.7017, 125.4732));
#690 = VERTEX_POINT('', #691);
#693 = CARTESIAN_POINT('', (265.1607, 496.0807, 125.4732));
#692 = VERTEX_POINT('', #693);
#695 = CARTESIAN_POINT('', (215.2594, 519.6822, 125.4732));
#694 = VERTEX_POINT('', #695);
#697 = CARTESIAN_POINT('', (163.2851, 538.2789, 125.4732));
#696 = VERTEX_POINT('', #697);
#699 = CARTESIAN_POINT('', (109.7383, 551.6917, 125.4732));
#698 = VERTEX_POINT('', #699);
#701 = CARTESIAN_POINT('', (55.1346, 559.7914, 125.4732));
#700 = VERTEX_POINT('', #701);
#703 = CARTESIAN_POINT('', (0.0000, 562.5000, 125.4732));
#702 = VERTEX_POINT('', #703);
#705 = CARTESIAN_POINT('', (-55.1346, 559.7914, 125.4732));
#704 = VERTEX_POINT('', #705);
#707 = CARTESIAN_POINT('', (-109.7383, 551.6917, 125.4732));
#706 = VERTEX_POINT('', #707);
#709 = CARTESIAN_POINT('', (-163.2851, 538.2789, 125.4732));
#708 = VERTEX_POINT('', #709);
#711 = CARTESIAN_POINT('', (-215.2594, 519.6822, 125.4732));
#710 = VERTEX_POINT('', #711);
#713 = CARTESIAN_POINT('', (-265.1607, 496.0807, 125.4732));
#712 = VERTEX_POINT('', #713);
#715 = CARTESIAN_POINT('', (-312.5083, 467.7017, 125.4732));
#714 = VERTEX_POINT('', #715);
#717 = CARTESIAN_POINT('', (-356.8462, 434.8184, 125.4732));
#716 = VERTEX_POINT('', #717);
#719 = CARTESIAN_POINT('', (-397.7476, 397.7476, 125.4732));
#718 = VERTEX_POINT('', #719);
#721 = CARTESIAN_POINT('', (-434.8184, 356.8462, 125.4732));
#720 = VERTEX_POINT('', #721);
#723 = CARTESIAN_POINT('', (-467.7017, 312.5083, 125.4732));
#722 = VERTEX_POINT('', #723);
#725 = CARTESIAN_POINT('', (-496.0807, 265.1607, 125.4732));
#724 = VERTEX_POINT('', #725);
#727 = CARTESIAN_POINT('', (-519.6822, 215.2594, 125.4732));
#726 = VERTEX_POINT('', #727);
#729 = CARTESIAN_POINT('', (-538.2789, 163.2851, 125.4732));
#728 = VERTEX_POINT('', #729);
#731 = CARTESIAN_POINT('', (-551.6917, 109.7383, 125.4732));
#730 = VERTEX_POINT('', #731);
#733 = CARTESIAN_POINT('', (-559.7914, 55.1346, 125.4732));
#732 = VERTEX_POINT('', #733);
#735 = CARTESIAN_POINT('', (-562.5000, 0.0000, 125.4732));
#734 = VERTEX_POINT('', #735);
#737 = CARTESIAN_POINT('', (-559.7914, -55.1346, 125.4732));
#736 = VERTEX_POINT('', #737);
#739 = CARTESIAN_POINT('', (-551.6917, -109.7383, 125.4732));
#738 = VERTEX_POINT('', #739);
#741 = CARTESIAN_POINT('', (-538.2789, -163.2851, 125.4732));
#740 = VERTEX_POINT('', #741);
#743 = CARTESIAN_POINT('', (-519.6822, -215.2594, 125.4732));
#742 = VERTEX_POINT('', #743);
#745 = CARTESIAN_POINT('', (-496.0807, -265.1607, 125.4732));
#744 = VERTEX_POINT('', #745);
#747 = CARTESIAN_POINT('', (-467.7017, -312.5083, 125.4732));
#746 = VERTEX_POINT('', #747);
#749 = CARTESIAN_POINT('', (-434.8184, -356.8462, 125.4732));
#748 = VERTEX_POINT('', #749);
#751 = CARTESIAN_POINT('', (-397.7476, -397.7476, 125.4732));
#750 = VERTEX_POINT('', #751);
#753 = CARTESIAN_POINT('', (-356.8462, -434.8184, 125.4732));
#752 = VERTEX_POINT('', #753);
#755 = CARTESIAN_POINT('', (-312.5083, -467.7017, 125.4732));
#754 = VERTEX_POINT('', #755);
#757 = CARTESIAN_POINT('', (-265.1607, -496.0807, 125.4732));
#756 = VERTEX_POINT('', #757);
#759 = CARTESIAN_POINT('', (-215.2594, -519.6822, 125.4732));
#758 = VERTEX_POINT('', #759);
#761 = CARTESIAN_POINT('', (-163.2851, -538.2789, 125.4732));
#760 = VERTEX_POINT('', #761);
#763 = CARTESIAN_POINT('', (-109.7383, -551.6917, 125.4732));
#762 = VERTEX_POINT('', #763);
#765 = CARTESIAN_POINT('', (-55.1346, -559.7914, 125.4732));
#764 = VERTEX_POINT('', #765);
#767 = CARTESIAN_POINT('', (-0.0000, -562.5000, 125.4732));
#766 = VERTEX_POINT('', #767);
#769 = CARTESIAN_POINT('', (55.1346, -559.7914, 125.4732));
#768 = VERTEX_POINT('', #769);
#771 = CARTESIAN_POINT('', (109.7383, -551.6917, 125.4732));
#770 = VERTEX_POINT('', #771);
#773 = CARTESIAN_POINT('', (163.2851, -538.2789, 125.4732));
#772 = VERTEX_POINT('', #773);
#775 = CARTESIAN_POINT('', (215.2594, -519.6822, 125.4732));
#774 = VERTEX_POINT('', #775);
#777 = CARTESIAN_POINT('', (265.1607, -496.0807, 125.4732));
#776 = VERTEX_POINT('', #777);
#779 = CARTESIAN_POINT('', (312.5083, -467.7017, 125.4732));
#778 = VERTEX_POINT('', #779);
#781 = CARTESIAN_POINT('', (356.8462, -434.8184, 125.4732));
#780 = VERTEX_POINT('', #781);
#783 = CARTESIAN_POINT('', (397.7476, -397.7476, 125.4732));
#782 = VERTEX_POINT('', #783);
#785 = CARTESIAN_POINT('', (434.8184, -356.8462, 125.4732));
#784 = VERTEX_POINT('', #785);
#787 = CARTESIAN_POINT('', (467.7017, -312.5083, 125.4732));
#786 = VERTEX_POINT('', #787);
#789 = CARTESIAN_POINT('', (496.0807, -265.1607, 125.4732));
#788 = VERTEX_POINT('', #789);
#791 = CARTESIAN_POINT('', (519.6822, -215.2594, 125.4732));
#790 = VERTEX_POINT('', #791);
#793 = CARTESIAN_POINT('', (538.2789, -163.2851, 125.4732));
#792 = VERTEX_POINT('', #793);
#795 = CARTESIAN_POINT('', (551.6917, -109.7383, 125.4732));
#794 = VERTEX_POINT('', #795);
#797 = CARTESIAN_POINT('', (559.7914, -55.1346, 125.4732));
#796 = VERTEX_POINT('', #797);
#799 = CARTESIAN_POINT('', (855.2500, 0.0000, 266.3721));
#798 = VERTEX_POINT('', #799);
#801 = CARTESIAN_POINT('', (849.6015, 83.6784, 262.7841));
#800 = VERTEX_POINT('', #801);
#803 = CARTESIAN_POINT('', (833.6675, 165.8268, 254.1221));
#802 = VERTEX_POINT('', #803);
#805 = CARTESIAN_POINT('', (809.8468, 245.6643, 245.4600));
#804 = VERTEX_POINT('', #805);
#807 = CARTESIAN_POINT('', (780.4472, 323.2718, 241.8721));
#806 = VERTEX_POINT('', #807);
#809 = CARTESIAN_POINT('', (746.3591, 398.9373, 245.4600));
#808 = VERTEX_POINT('', #809);
#811 = CARTESIAN_POINT('', (706.7492, 472.2347, 254.1221));
#810 = VERTEX_POINT('', #811);
#813 = CARTESIAN_POINT('', (659.9285, 541.5894, 262.7841));
#812 = VERTEX_POINT('', #813);
#815 = CARTESIAN_POINT('', (604.7531, 604.7531, 266.3721));
#814 = VERTEX_POINT('', #815);
#817 = CARTESIAN_POINT('', (541.5894, 659.9285, 262.7841));
#816 = VERTEX_POINT('', #817);
#819 = CARTESIAN_POINT('', (472.2347, 706.7492, 254.1221));
#818 = VERTEX_POINT('', #819);
#821 = CARTESIAN_POINT('', (398.9373, 746.3591, 245.4600));
#820 = VERTEX_POINT('', #821);
#823 = CARTESIAN_POINT('', (323.2718, 780.4472, 241.8721));
#822 = VERTEX_POINT('', #823);
#825 = CARTESIAN_POINT('', (245.6643, 809.8468, 245.4600));
#824 = VERTEX_POINT('', #825);
#827 = CARTESIAN_POINT('', (165.8268, 833.6675, 254.1221));
#826 = VERTEX_POINT('', #827);
#829 = CARTESIAN_POINT('', (83.6784, 849.6015, 262.7841));
#828 = VERTEX_POINT('', #829);
#831 = CARTESIAN_POINT('', (0.0000, 855.2500, 266.3721));
#830 = VERTEX_POINT('', #831);
#833 = CARTESIAN_POINT('', (-83.6784, 849.6015, 262.7841));
#832 = VERTEX_POINT('', #833);
#835 = CARTESIAN_POINT('', (-165.8268, 833.6675, 254.1221));
#834 = VERTEX_POINT('', #835);
#837 = CARTESIAN_POINT('', (-245.6643, 809.8468, 245.4600));
#836 = VERTEX_POINT('', #837);
#839 = CARTESIAN_POINT('', (-323.2718, 780.4472, 241.8721));
#838 = VERTEX_POINT('', #839);
#841 = CARTESIAN_POINT('', (-398.9373, 746.3591, 245.4600));
#840 = VERTEX_POINT('', #841);
#843 = CARTESIAN_POINT('', (-472.2347, 706.7492, 254.1221));
#842 = VERTEX_POINT('', #843);
#845 = CARTESIAN_POINT('', (-541.5894, 659.9285, 262.7841));
#844 = VERTEX_POINT('', #845);
#847 = CARTESIAN_POINT('', (-604.7531, 604.7531, 266.3721));
#846 = VERTEX_POINT('', #847);
#849 = CARTESIAN_POINT('', (-659.9285, 541.5894, 262.7841));
#848 = VERTEX_POINT('', #849);
#851 = CARTESIAN_POINT('', (-706.7492, 472.2347, 254.1221));
#850 = VERTEX_POINT('', #851);
#853 = CARTESIAN_POINT('', (-746.3591, 398.9373, 245.4600));
#852 = VERTEX_POINT('', #853);
#855 = CARTESIAN_POINT('', (-780.4472, 323.2718, 241.8721));
#854 = VERTEX_POINT('', #855);
#857 = CARTESIAN_POINT('', (-809.8468, 245.6643, 245.4600));
#856 = VERTEX_POINT('', #857);
#859 = CARTESIAN_POINT('', (-833.6675, 165.8268, 254.1221));
#858 = VERTEX_POINT('', #859);
#861 = CARTESIAN_POINT('', (-849.6015, 83.6784, 262.7841));
#860 = VERTEX_POINT('', #861);
#863 = CARTESIAN_POINT('', (-855.2500, 0.0000, 266.3721));
#862 = VERTEX_POINT('', #863);
#865 = CARTESIAN_POINT('', (-849.6015, -83.6784, 262.7841));
#864 = VERTEX_POINT('', #865);
#867 = CARTESIAN_POINT('', (-833.6675, -165.8268, 254.1221));
#866 = VERTEX_POINT('', #867);
#869 = CARTESIAN_POINT('', (-809.8468, -245.6643, 245.4600));
#868 = VERTEX_POINT('', #869);
#871 = CARTESIAN_POINT('', (-780.4472, -323.2718, 241.8721));
#870 = VERTEX_POINT('', #871);
#873 = CARTESIAN_POINT('', (-746.3591, -398.9373, 245.4600));
#872 = VERTEX_POINT('', #873);
#875 = CARTESIAN_POINT('', (-706.7492, -472.2347, 254.1221));
#874 = VERTEX_POINT('', #875);
#877 = CARTESIAN_POINT('', (-659.9285, -541.5894, 262.7841));
#876 = VERTEX_POINT('', #877);
#879 = CARTESIAN_POINT('', (-604.7531, -604.7531, 266.3721));
#878 = VERTEX_POINT('', #879);
#881 = CARTESIAN_POINT('', (-541.5894, -659.9285, 262.7841));
#880 = VERTEX_POINT('', #881);
#883 = CARTESIAN_POINT('', (-472.2347, -706.7492, 254.1221));
#882 = VERTEX_POINT('', #883);
#885 = CARTESIAN_POINT('', (-398.9373, -746.3591, 245.4600));
#884 = VERTEX_POINT('', #885);
#887 = CARTESIAN_POINT('', (-323.2718, -780.4472, 241.8721));
#886 = VERTEX_POINT('', #887);
#889 = CARTESIAN_POINT('', (-245.6643, -809.8468, 245.4600));
#888 = VERTEX_POINT('', #889);
#891 = CARTESIAN_POINT('', (-165.8268, -833.6675, 254.1221));
#890 = VERTEX_POINT('', #891);
#893 = CARTESIAN_POINT('', (-83.6784, -849.6015, 262.7841));
#892 = VERTEX_POINT('', #893);
#895 = CARTESIAN_POINT('', (-0.0000, -855.2500, 266.3721));
#894 = VERTEX_POINT('', #895);
#897 = CARTESIAN_POINT('', (83.6784, -849.6015, 262.7841));
#896 = VERTEX_POINT('', #897);
#899 = CARTESIAN_POINT('', (165.8268, -833.6675, 254.1221));
#898 = VERTEX_POINT('', #899);
#901 = CARTESIAN_POINT('', (245.6643, -809.8468, 245.4600));
#900 = VERTEX_POINT('', #901);
#903 = CARTESIAN_POINT('', (323.2718, -780.4472, 241.8721));
#902 = VERTEX_POINT('', #903);
#905 = CARTESIAN_POINT('', (398.9373, -746.3591, 245.4600));
#904 = VERTEX_POINT('', #905);
#907 = CARTESIAN_POINT('', (472.2347, -706.7492, 254.1221));
#906 = VERTEX_POINT('', #907);
#909 = CARTESIAN_POINT('', (541.5894, -659.9285, 262.7841));
#908 = VERTEX_POINT('', #909);
#911 = CARTESIAN_POINT('', (604.7531, -604.7531, 266.3721));
#910 = VERTEX_POINT('', #911);
#913 = CARTESIAN_POINT('', (659.9285, -541.5894, 262.7841));
#912 = VERTEX_POINT('', #913);
#915 = CARTESIAN_POINT('', (706.7492, -472.2347, 254.1221));
#914 = VERTEX_POINT('', #915);
#917 = CARTESIAN_POINT('', (746.3591, -398.9373, 245.4600));
#916 = VERTEX_POINT('', #917);
#919 = CARTESIAN_POINT('', (780.4472, -323.2718, 241.8721));
#918 = VERTEX_POINT('', #919);
#921 = CARTESIAN_POINT('', (809.8468, -245.6643, 245.4600));
#920 = VERTEX_POINT('', #921);
#923 = CARTESIAN_POINT('', (833.6675, -165.8268, 254.1221));
#922 = VERTEX_POINT('', #923);
#925 = CARTESIAN_POINT('', (849.6015, -83.6784, 262.7841));
#924 = VERTEX_POINT('', #925);
#927 = CARTESIAN_POINT('', (51.0000, 0.0000, -184.0000));
#926 = VERTEX_POINT('', #927);
#929 = CARTESIAN_POINT('', (50.7544, 4.9989, -184.0000));
#928 = VERTEX_POINT('', #929);
#931 = CARTESIAN_POINT('', (50.0200, 9.9496, -184.0000));
#930 = VERTEX_POINT('', #931);
#933 = CARTESIAN_POINT('', (48.8040, 14.8045, -184.0000));
#932 = VERTEX_POINT('', #933);
#935 = CARTESIAN_POINT('', (47.1179, 19.5169, -184.0000));
#934 = VERTEX_POINT('', #935);
#937 = CARTESIAN_POINT('', (44.9780, 24.0412, -184.0000));
#936 = VERTEX_POINT('', #937);
#939 = CARTESIAN_POINT('', (42.4050, 28.3341, -184.0000));
#938 = VERTEX_POINT('', #939);
#941 = CARTESIAN_POINT('', (39.4235, 32.3541, -184.0000));
#940 = VERTEX_POINT('', #941);
#943 = CARTESIAN_POINT('', (36.0624, 36.0624, -184.0000));
#942 = VERTEX_POINT('', #943);
#945 = CARTESIAN_POINT('', (32.3541, 39.4235, -184.0000));
#944 = VERTEX_POINT('', #945);
#947 = CARTESIAN_POINT('', (28.3341, 42.4050, -184.0000));
#946 = VERTEX_POINT('', #947);
#949 = CARTESIAN_POINT('', (24.0412, 44.9780, -184.0000));
#948 = VERTEX_POINT('', #949);
#951 = CARTESIAN_POINT('', (19.5169, 47.1179, -184.0000));
#950 = VERTEX_POINT('', #951);
#953 = CARTESIAN_POINT('', (14.8045, 48.8040, -184.0000));
#952 = VERTEX_POINT('', #953);
#955 = CARTESIAN_POINT('', (9.9496, 50.0200, -184.0000));
#954 = VERTEX_POINT('', #955);
#957 = CARTESIAN_POINT('', (4.9989, 50.7544, -184.0000));
#956 = VERTEX_POINT('', #957);
#959 = CARTESIAN_POINT('', (0.0000, 51.0000, -184.0000));
#958 = VERTEX_POINT('', #959);
#961 = CARTESIAN_POINT('', (-4.9989, 50.7544, -184.0000));
#960 = VERTEX_POINT('', #961);
#963 = CARTESIAN_POINT('', (-9.9496, 50.0200, -184.0000));
#962 = VERTEX_POINT('', #963);
#965 = CARTESIAN_POINT('', (-14.8045, 48.8040, -184.0000));
#964 = VERTEX_POINT('', #965);
#967 = CARTESIAN_POINT('', (-19.5169, 47.1179, -184.0000));
#966 = VERTEX_POINT('', #967);
#969 = CARTESIAN_POINT('', (-24.0412, 44.9780, -184.0000));
#968 = VERTEX_POINT('', #969);
#971 = CARTESIAN_POINT('', (-28.3341, 42.4050, -184.0000));
#970 = VERTEX_POINT('', #971);
#973 = CARTESIAN_POINT('', (-32.3541, 39.4235, -184.0000));
#972 = VERTEX_POINT('', #973);
#975 = CARTESIAN_POINT('', (-36.0624, 36.0624, -184.0000));
#974 = VERTEX_POINT('', #975);
#977 = CARTESIAN_POINT('', (-39.4235, 32.3541, -184.0000));
#976 = VERTEX_POINT('', #977);
#979 = CARTESIAN_POINT('', (-42.4050, 28.3341, -184.0000));
#978 = VERTEX_POINT('', #979);
#981 = CARTESIAN_POINT('', (-44.9780, 24.0412, -184.0000));
#980 = VERTEX_POINT('', #981);
#983 = CARTESIAN_POINT('', (-47.1179, 19.5169, -184.0000));
#982 = VERTEX_POINT('', #983);
#985 = CARTESIAN_POINT('', (-48.8040, 14.8045, -184.0000));
#984 = VERTEX_POINT('', #985);
#987 = CARTESIAN_POINT('', (-50.0200, 9.9496, -184.0000));
#986 = VERTEX_POINT('', #987);
#989 = CARTESIAN_POINT('', (-50.7544, 4.9989, -184.0000));
#988 = VERTEX_POINT('', #989);
#991 = CARTESIAN_POINT('', (-51.0000, 0.0000, -184.0000));
#990 = VERTEX_POINT('', #991);
#993 = CARTESIAN_POINT('', (-50.7544, -4.9989, -184.0000));
#992 = VERTEX_POINT('', #993);
#995 = CARTESIAN_POINT('', (-50.0200, -9.9496, -184.0000));
#994 = VERTEX_POINT('', #995);
#997 = CARTESIAN_POINT('', (-48.8040, -14.8045, -184.0000));
#996 = VERTEX_POINT('', #997);
#999 = CARTESIAN_POINT('', (-47.1179, -19.5169, -184.0000));
#998 = VERTEX_POINT('', #999);
#1001 = CARTESIAN_POINT('', (-44.9780, -24.0412, -184.0000));
#1000 = VERTEX_POINT('', #1001);
#1003 = CARTESIAN_POINT('', (-42.4050, -28.3341, -184.0000));
#1002 = VERTEX_POINT('', #1003);
#1005 = CARTESIAN_POINT('', (-39.4235, -32.3541, -184.0000));
#1004 = VERTEX_POINT('', #1005);
#1007 = CARTESIAN_POINT('', (-36.0624, -36.0624, -184.0000));
#1006 = VERTEX_POINT('', #1007);
#1009 = CARTESIAN_POINT('', (-32.3541, -39.4235, -184.0000));
#1008 = VERTEX_POINT('', #1009);
#1011 = CARTESIAN_POINT('', (-28.3341, -42.4050, -184.0000));
#1010 = VERTEX_POINT('', #1011);
#1013 = CARTESIAN_POINT('', (-24.0412, -44.9780, -184.0000));
#1012 = VERTEX_POINT('', #1013);
#1015 = CARTESIAN_POINT('', (-19.5169, -47.1179, -184.0000));
#1014 = VERTEX_POINT('', #1015);
#1017 = CARTESIAN_POINT('', (-14.8045, -48.8040, -184.0000));
#1016 = VERTEX_POINT('', #1017);
#1019 = CARTESIAN_POINT('', (-9.9496, -50.0200, -184.0000));
#1018 = VERTEX_POINT('', #1019);
#1021 = CARTESIAN_POINT('', (-4.9989, -50.7544, -184.0000));
#1020 = VERTEX_POINT('', #1021);
#1023 = CARTESIAN_POINT('', (-0.0000, -51.0000, -184.0000));
#1022 = VERTEX_POINT('', #1023);
#1025 = CARTESIAN_POINT('', (4.9989, -50.7544, -184.0000));
#1024 = VERTEX_POINT('', #1025);
#1027 = CARTESIAN_POINT('', (9.9496, -50.0200, -184.0000));
#1026 = VERTEX_POINT('', #1027);
#1029 = CARTESIAN_POINT('', (14.8045, -48.8040, -184.0000));
#1028 = VERTEX_POINT('', #1029);
#1031 = CARTESIAN_POINT('', (19.5169, -47.1179, -184.0000));
#1030 = VERTEX_POINT('', #1031);
#1033 = CARTESIAN_POINT('', (24.0412, -44.9780, -184.0000));
#1032 = VERTEX_POINT('', #1033);
#1035 = CARTESIAN_POINT('', (28.3341, -42.4050, -184.0000));
#1034 = VERTEX_POINT('', #1035);
#1037 = CARTESIAN_POINT('', (32.3541, -39.4235, -184.0000));
#1036 = VERTEX_POINT('', #1037);
#1039 = CARTESIAN_POINT('', (36.0624, -36.0624, -184.0000));
#1038 = VERTEX_POINT('', #1039);
#1041 = CARTESIAN_POINT('', (39.4235, -32.3541, -184.0000));
#1040 = VERTEX_POINT('', #1041);
#1043 = CARTESIAN_POINT('', (42.4050, -28.3341, -184.0000));
#1042 = VERTEX_POINT('', #1043);
#1045 = CARTESIAN_POINT('', (44.9780, -24.0412, -184.0000));
#1044 = VERTEX_POINT('', #1045);
#1047 = CARTESIAN_POINT('', (47.1179, -19.5169, -184.0000));
#1046 = VERTEX_POINT('', #1047);
#1049 = CARTESIAN_POINT('', (48.8040, -14.8045, -184.0000));
#1048 = VERTEX_POINT('', #1049);
#1051 = CARTESIAN_POINT('', (50.0200, -9.9496, -184.0000));
#1050 = VERTEX_POINT('', #1051);
#1053 = CARTESIAN_POINT('', (50.7544, -4.9989, -184.0000));
#1052 = VERTEX_POINT('', #1053);
#1055 = CARTESIAN_POINT('', (66.0000, 0.0000, -154.0000));
#1054 = VERTEX_POINT('', #1055);
#1057 = CARTESIAN_POINT('', (65.6822, 6.4691, -154.0000));
#1056 = VERTEX_POINT('', #1057);
#1059 = CARTESIAN_POINT('', (64.7318, 12.8760, -154.0000));
#1058 = VERTEX_POINT('', #1059);
#1061 = CARTESIAN_POINT('', (63.1581, 19.1588, -154.0000));
#1060 = VERTEX_POINT('', #1061);
#1063 = CARTESIAN_POINT('', (60.9760, 25.2571, -154.0000));
#1062 = VERTEX_POINT('', #1063);
#1065 = CARTESIAN_POINT('', (58.2068, 31.1122, -154.0000));
#1064 = VERTEX_POINT('', #1065);
#1067 = CARTESIAN_POINT('', (54.8770, 36.6676, -154.0000));
#1066 = VERTEX_POINT('', #1067);
#1069 = CARTESIAN_POINT('', (51.0187, 41.8700, -154.0000));
#1068 = VERTEX_POINT('', #1069);
#1071 = CARTESIAN_POINT('', (46.6690, 46.6690, -154.0000));
#1070 = VERTEX_POINT('', #1071);
#1073 = CARTESIAN_POINT('', (41.8700, 51.0187, -154.0000));
#1072 = VERTEX_POINT('', #1073);
#1075 = CARTESIAN_POINT('', (36.6676, 54.8770, -154.0000));
#1074 = VERTEX_POINT('', #1075);
#1077 = CARTESIAN_POINT('', (31.1122, 58.2068, -154.0000));
#1076 = VERTEX_POINT('', #1077);
#1079 = CARTESIAN_POINT('', (25.2571, 60.9760, -154.0000));
#1078 = VERTEX_POINT('', #1079);
#1081 = CARTESIAN_POINT('', (19.1588, 63.1581, -154.0000));
#1080 = VERTEX_POINT('', #1081);
#1083 = CARTESIAN_POINT('', (12.8760, 64.7318, -154.0000));
#1082 = VERTEX_POINT('', #1083);
#1085 = CARTESIAN_POINT('', (6.4691, 65.6822, -154.0000));
#1084 = VERTEX_POINT('', #1085);
#1087 = CARTESIAN_POINT('', (0.0000, 66.0000, -154.0000));
#1086 = VERTEX_POINT('', #1087);
#1089 = CARTESIAN_POINT('', (-6.4691, 65.6822, -154.0000));
#1088 = VERTEX_POINT('', #1089);
#1091 = CARTESIAN_POINT('', (-12.8760, 64.7318, -154.0000));
#1090 = VERTEX_POINT('', #1091);
#1093 = CARTESIAN_POINT('', (-19.1588, 63.1581, -154.0000));
#1092 = VERTEX_POINT('', #1093);
#1095 = CARTESIAN_POINT('', (-25.2571, 60.9760, -154.0000));
#1094 = VERTEX_POINT('', #1095);
#1097 = CARTESIAN_POINT('', (-31.1122, 58.2068, -154.0000));
#1096 = VERTEX_POINT('', #1097);
#1099 = CARTESIAN_POINT('', (-36.6676, 54.8770, -154.0000));
#1098 = VERTEX_POINT('', #1099);
#1101 = CARTESIAN_POINT('', (-41.8700, 51.0187, -154.0000));
#1100 = VERTEX_POINT('', #1101);
#1103 = CARTESIAN_POINT('', (-46.6690, 46.6690, -154.0000));
#1102 = VERTEX_POINT('', #1103);
#1105 = CARTESIAN_POINT('', (-51.0187, 41.8700, -154.0000));
#1104 = VERTEX_POINT('', #1105);
#1107 = CARTESIAN_POINT('', (-54.8770, 36.6676, -154.0000));
#1106 = VERTEX_POINT('', #1107);
#1109 = CARTESIAN_POINT('', (-58.2068, 31.1122, -154.0000));
#1108 = VERTEX_POINT('', #1109);
#1111 = CARTESIAN_POINT('', (-60.9760, 25.2571, -154.0000));
#1110 = VERTEX_POINT('', #1111);
#1113 = CARTESIAN_POINT('', (-63.1581, 19.1588, -154.0000));
#1112 = VERTEX_POINT('', #1113);
#1115 = CARTESIAN_POINT('', (-64.7318, 12.8760, -154.0000));
#1114 = VERTEX_POINT('', #1115);
#1117 = CARTESIAN_POINT('', (-65.6822, 6.4691, -154.0000));
#1116 = VERTEX_POINT('', #1117);
#1119 = CARTESIAN_POINT('', (-66.0000, 0.0000, -154.0000));
#1118 = VERTEX_POINT('', #1119);
#1121 = CARTESIAN_POINT('', (-65.6822, -6.4691, -154.0000));
#1120 = VERTEX_POINT('', #1121);
#1123 = CARTESIAN_POINT('', (-64.7318, -12.8760, -154.0000));
#1122 = VERTEX_POINT('', #1123);
#1125 = CARTESIAN_POINT('', (-63.1581, -19.1588, -154.0000));
#1124 = VERTEX_POINT('', #1125);
#1127 = CARTESIAN_POINT('', (-60.9760, -25.2571, -154.0000));
#1126 = VERTEX_POINT('', #1127);
#1129 = CARTESIAN_POINT('', (-58.2068, -31.1122, -154.0000));
#1128 = VERTEX_POINT('', #1129);
#1131 = CARTESIAN_POINT('', (-54.8770, -36.6676, -154.0000));
#1130 = VERTEX_POINT('', #1131);
#1133 = CARTESIAN_POINT('', (-51.0187, -41.8700, -154.0000));
#1132 = VERTEX_POINT('', #1133);
#1135 = CARTESIAN_POINT('', (-46.6690, -46.6690, -154.0000));
#1134 = VERTEX_POINT('', #1135);
#1137 = CARTESIAN_POINT('', (-41.8700, -51.0187, -154.0000));
#1136 = VERTEX_POINT('', #1137);
#1139 = CARTESIAN_POINT('', (-36.6676, -54.8770, -154.0000));
#1138 = VERTEX_POINT('', #1139);
#1141 = CARTESIAN_POINT('', (-31.1122, -58.2068, -154.0000));
#1140 = VERTEX_POINT('', #1141);
#1143 = CARTESIAN_POINT('', (-25.2571, -60.9760, -154.0000));
#1142 = VERTEX_POINT('', #1143);
#1145 = CARTESIAN_POINT('', (-19.1588, -63.1581, -154.0000));
#1144 = VERTEX_POINT('', #1145);
#1147 = CARTESIAN_POINT('', (-12.8760, -64.7318, -154.0000));
#1146 = VERTEX_POINT('', #1147);
#1149 = CARTESIAN_POINT('', (-6.4691, -65.6822, -154.0000));
#1148 = VERTEX_POINT('', #1149);
#1151 = CARTESIAN_POINT('', (-0.0000, -66.0000, -154.0000));
#1150 = VERTEX_POINT('', #1151);
#1153 = CARTESIAN_POINT('', (6.4691, -65.6822, -154.0000));
#1152 = VERTEX_POINT('', #1153);
#1155 = CARTESIAN_POINT('', (12.8760, -64.7318, -154.0000));
#1154 = VERTEX_POINT('', #1155);
#1157 = CARTESIAN_POINT('', (19.1588, -63.1581, -154.0000));
#1156 = VERTEX_POINT('', #1157);
#1159 = CARTESIAN_POINT('', (25.2571, -60.9760, -154.0000));
#1158 = VERTEX_POINT('', #1159);
#1161 = CARTESIAN_POINT('', (31.1122, -58.2068, -154.0000));
#1160 = VERTEX_POINT('', #1161);
#1163 = CARTESIAN_POINT('', (36.6676, -54.8770, -154.0000));
#1162 = VERTEX_POINT('', #1163);
#1165 = CARTESIAN_POINT('', (41.8700, -51.0187, -154.0000));
#1164 = VERTEX_POINT('', #1165);
#1167 = CARTESIAN_POINT('', (46.6690, -46.6690, -154.0000));
#1166 = VERTEX_POINT('', #1167);
#1169 = CARTESIAN_POINT('', (51.0187, -41.8700, -154.0000));
#1168 = VERTEX_POINT('', #1169);
#1171 = CARTESIAN_POINT('', (54.8770, -36.6676, -154.0000));
#1170 = VERTEX_POINT('', #1171);
#1173 = CARTESIAN_POINT('', (58.2068, -31.1122, -154.0000));
#1172 = VERTEX_POINT('', #1173);
#1175 = CARTESIAN_POINT('', (60.9760, -25.2571, -154.0000));
#1174 = VERTEX_POINT('', #1175);
#1177 = CARTESIAN_POINT('', (63.1581, -19.1588, -154.0000));
#1176 = VERTEX_POINT('', #1177);
#1179 = CARTESIAN_POINT('', (64.7318, -12.8760, -154.0000));
#1178 = VERTEX_POINT('', #1179);
#1181 = CARTESIAN_POINT('', (65.6822, -6.4691, -154.0000));
#1180 = VERTEX_POINT('', #1181);
#1183 = CARTESIAN_POINT('', (153.5000, 0.0000, -67.0000));
#1182 = VERTEX_POINT('', #1183);
#1185 = CARTESIAN_POINT('', (152.7609, 15.0456, -67.0000));
#1184 = VERTEX_POINT('', #1185);
#1187 = CARTESIAN_POINT('', (150.5505, 29.9464, -67.0000));
#1186 = VERTEX_POINT('', #1187);
#1189 = CARTESIAN_POINT('', (146.8903, 44.5587, -67.0000));
#1188 = VERTEX_POINT('', #1189);
#1191 = CARTESIAN_POINT('', (141.8155, 58.7419, -67.0000));
#1190 = VERTEX_POINT('', #1191);
#1193 = CARTESIAN_POINT('', (135.3749, 72.3594, -67.0000));
#1192 = VERTEX_POINT('', #1193);
#1195 = CARTESIAN_POINT('', (127.6306, 85.2800, -67.0000));
#1194 = VERTEX_POINT('', #1195);
#1197 = CARTESIAN_POINT('', (118.6571, 97.3794, -67.0000));
#1196 = VERTEX_POINT('', #1197);
#1199 = CARTESIAN_POINT('', (108.5409, 108.5409, -67.0000));
#1198 = VERTEX_POINT('', #1199);
#1201 = CARTESIAN_POINT('', (97.3794, 118.6571, -67.0000));
#1200 = VERTEX_POINT('', #1201);
#1203 = CARTESIAN_POINT('', (85.2800, 127.6306, -67.0000));
#1202 = VERTEX_POINT('', #1203);
#1205 = CARTESIAN_POINT('', (72.3594, 135.3749, -67.0000));
#1204 = VERTEX_POINT('', #1205);
#1207 = CARTESIAN_POINT('', (58.7419, 141.8155, -67.0000));
#1206 = VERTEX_POINT('', #1207);
#1209 = CARTESIAN_POINT('', (44.5587, 146.8903, -67.0000));
#1208 = VERTEX_POINT('', #1209);
#1211 = CARTESIAN_POINT('', (29.9464, 150.5505, -67.0000));
#1210 = VERTEX_POINT('', #1211);
#1213 = CARTESIAN_POINT('', (15.0456, 152.7609, -67.0000));
#1212 = VERTEX_POINT('', #1213);
#1215 = CARTESIAN_POINT('', (0.0000, 153.5000, -67.0000));
#1214 = VERTEX_POINT('', #1215);
#1217 = CARTESIAN_POINT('', (-15.0456, 152.7609, -67.0000));
#1216 = VERTEX_POINT('', #1217);
#1219 = CARTESIAN_POINT('', (-29.9464, 150.5505, -67.0000));
#1218 = VERTEX_POINT('', #1219);
#1221 = CARTESIAN_POINT('', (-44.5587, 146.8903, -67.0000));
#1220 = VERTEX_POINT('', #1221);
#1223 = CARTESIAN_POINT('', (-58.7419, 141.8155, -67.0000));
#1222 = VERTEX_POINT('', #1223);
#1225 = CARTESIAN_POINT('', (-72.3594, 135.3749, -67.0000));
#1224 = VERTEX_POINT('', #1225);
#1227 = CARTESIAN_POINT('', (-85.2800, 127.6306, -67.0000));
#1226 = VERTEX_POINT('', #1227);
#1229 = CARTESIAN_POINT('', (-97.3794, 118.6571, -67.0000));
#1228 = VERTEX_POINT('', #1229);
#1231 = CARTESIAN_POINT('', (-108.5409, 108.5409, -67.0000));
#1230 = VERTEX_POINT('', #1231);
#1233 = CARTESIAN_POINT('', (-118.6571, 97.3794, -67.0000));
#1232 = VERTEX_POINT('', #1233);
#1235 = CARTESIAN_POINT('', (-127.6306, 85.2800, -67.0000));
#1234 = VERTEX_POINT('', #1235);
#1237 = CARTESIAN_POINT('', (-135.3749, 72.3594, -67.0000));
#1236 = VERTEX_POINT('', #1237);
#1239 = CARTESIAN_POINT('', (-141.8155, 58.7419, -67.0000));
#1238 = VERTEX_POINT('', #1239);
#1241 = CARTESIAN_POINT('', (-146.8903, 44.5587, -67.0000));
#1240 = VERTEX_POINT('', #1241);
#1243 = CARTESIAN_POINT('', (-150.5505, 29.9464, -67.0000));
#1242 = VERTEX_POINT('', #1243);
#1245 = CARTESIAN_POINT('', (-152.7609, 15.0456, -67.0000));
#1244 = VERTEX_POINT('', #1245);
#1247 = CARTESIAN_POINT('', (-153.5000, 0.0000, -67.0000));
#1246 = VERTEX_POINT('', #1247);
#1249 = CARTESIAN_POINT('', (-152.7609, -15.0456, -67.0000));
#1248 = VERTEX_POINT('', #1249);
#1251 = CARTESIAN_POINT('', (-150.5505, -29.9464, -67.0000));
#1250 = VERTEX_POINT('', #1251);
#1253 = CARTESIAN_POINT('', (-146.8903, -44.5587, -67.0000));
#1252 = VERTEX_POINT('', #1253);
#1255 = CARTESIAN_POINT('', (-141.8155, -58.7419, -67.0000));
#1254 = VERTEX_POINT('', #1255);
#1257 = CARTESIAN_POINT('', (-135.3749, -72.3594, -67.0000));
#1256 = VERTEX_POINT('', #1257);
#1259 = CARTESIAN_POINT('', (-127.6306, -85.2800, -67.0000));
#1258 = VERTEX_POINT('', #1259);
#1261 = CARTESIAN_POINT('', (-118.6571, -97.3794, -67.0000));
#1260 = VERTEX_POINT('', #1261);
#1263 = CARTESIAN_POINT('', (-108.5409, -108.5409, -67.0000));
#1262 = VERTEX_POINT('', #1263);
#1265 = CARTESIAN_POINT('', (-97.3794, -118.6571, -67.0000));
#1264 = VERTEX_POINT('', #1265);
#1267 = CARTESIAN_POINT('', (-85.2800, -127.6306, -67.0000));
#1266 = VERTEX_POINT('', #1267);
#1269 = CARTESIAN_POINT('', (-72.3594, -135.3749, -67.0000));
#1268 = VERTEX_POINT('', #1269);
#1271 = CARTESIAN_POINT('', (-58.7419, -141.8155, -67.0000));
#1270 = VERTEX_POINT('', #1271);
#1273 = CARTESIAN_POINT('', (-44.5587, -146.8903, -67.0000));
#1272 = VERTEX_POINT('', #1273);
#1275 = CARTESIAN_POINT('', (-29.9464, -150.5505, -67.0000));
#1274 = VERTEX_POINT('', #1275);
#1277 = CARTESIAN_POINT('', (-15.0456, -152.7609, -67.0000));
#1276 = VERTEX_POINT('', #1277);
#1279 = CARTESIAN_POINT('', (-0.0000, -153.5000, -67.0000));
#1278 = VERTEX_POINT('', #1279);
#1281 = CARTESIAN_POINT('', (15.0456, -152.7609, -67.0000));
#1280 = VERTEX_POINT('', #1281);
#1283 = CARTESIAN_POINT('', (29.9464, -150.5505, -67.0000));
#1282 = VERTEX_POINT('', #1283);
#1285 = CARTESIAN_POINT('', (44.5587, -146.8903, -67.0000));
#1284 = VERTEX_POINT('', #1285);
#1287 = CARTESIAN_POINT('', (58.7419, -141.8155, -67.0000));
#1286 = VERTEX_POINT('', #1287);
#1289 = CARTESIAN_POINT('', (72.3594, -135.3749, -67.0000));
#1288 = VERTEX_POINT('', #1289);
#1291 = CARTESIAN_POINT('', (85.2800, -127.6306, -67.0000));
#1290 = VERTEX_POINT('', #1291);
#1293 = CARTESIAN_POINT('', (97.3794, -118.6571, -67.0000));
#1292 = VERTEX_POINT('', #1293);
#1295 = CARTESIAN_POINT('', (108.5409, -108.5409, -67.0000));
#1294 = VERTEX_POINT('', #1295);
#1297 = CARTESIAN_POINT('', (118.6571, -97.3794, -67.0000));
#1296 = VERTEX_POINT('', #1297);
#1299 = CARTESIAN_POINT('', (127.6306, -85.2800, -67.0000));
#1298 = VERTEX_POINT('', #1299);
#1301 = CARTESIAN_POINT('', (135.3749, -72.3594, -67.0000));
#1300 = VERTEX_POINT('', #1301);
#1303 = CARTESIAN_POINT('', (141.8155, -58.7419, -67.0000));
#1302 = VERTEX_POINT('', #1303);
#1305 = CARTESIAN_POINT('', (146.8903, -44.5587, -67.0000));
#1304 = VERTEX_POINT('', #1305);
#1307 = CARTESIAN_POINT('', (150.5505, -29.9464, -67.0000));
#1306 = VERTEX_POINT('', #1307);
#1309 = CARTESIAN_POINT('', (152.7609, -15.0456, -67.0000));
#1308 = VERTEX_POINT('', #1309);
#1311 = CARTESIAN_POINT('', (221.0000, 0.0000, -4.0000));
#1310 = VERTEX_POINT('', #1311);
#1313 = CARTESIAN_POINT('', (219.9358, 21.6618, -4.0000));
#1312 = VERTEX_POINT('', #1313);
#1315 = CARTESIAN_POINT('', (216.7535, 43.1150, -4.0000));
#1314 = VERTEX_POINT('', #1315);
#1317 = CARTESIAN_POINT('', (211.4838, 64.1529, -4.0000));
#1316 = VERTEX_POINT('', #1317);
#1319 = CARTESIAN_POINT('', (204.1774, 84.5730, -4.0000));
#1318 = VERTEX_POINT('', #1319);
#1321 = CARTESIAN_POINT('', (194.9046, 104.1787, -4.0000));
#1320 = VERTEX_POINT('', #1321);
#1323 = CARTESIAN_POINT('', (183.7548, 122.7810, -4.0000));
#1322 = VERTEX_POINT('', #1323);
#1325 = CARTESIAN_POINT('', (170.8353, 140.2009, -4.0000));
#1324 = VERTEX_POINT('', #1325);
#1327 = CARTESIAN_POINT('', (156.2706, 156.2706, -4.0000));
#1326 = VERTEX_POINT('', #1327);
#1329 = CARTESIAN_POINT('', (140.2009, 170.8353, -4.0000));
#1328 = VERTEX_POINT('', #1329);
#1331 = CARTESIAN_POINT('', (122.7810, 183.7548, -4.0000));
#1330 = VERTEX_POINT('', #1331);
#1333 = CARTESIAN_POINT('', (104.1787, 194.9046, -4.0000));
#1332 = VERTEX_POINT('', #1333);
#1335 = CARTESIAN_POINT('', (84.5730, 204.1774, -4.0000));
#1334 = VERTEX_POINT('', #1335);
#1337 = CARTESIAN_POINT('', (64.1529, 211.4838, -4.0000));
#1336 = VERTEX_POINT('', #1337);
#1339 = CARTESIAN_POINT('', (43.1150, 216.7535, -4.0000));
#1338 = VERTEX_POINT('', #1339);
#1341 = CARTESIAN_POINT('', (21.6618, 219.9358, -4.0000));
#1340 = VERTEX_POINT('', #1341);
#1343 = CARTESIAN_POINT('', (0.0000, 221.0000, -4.0000));
#1342 = VERTEX_POINT('', #1343);
#1345 = CARTESIAN_POINT('', (-21.6618, 219.9358, -4.0000));
#1344 = VERTEX_POINT('', #1345);
#1347 = CARTESIAN_POINT('', (-43.1150, 216.7535, -4.0000));
#1346 = VERTEX_POINT('', #1347);
#1349 = CARTESIAN_POINT('', (-64.1529, 211.4838, -4.0000));
#1348 = VERTEX_POINT('', #1349);
#1351 = CARTESIAN_POINT('', (-84.5730, 204.1774, -4.0000));
#1350 = VERTEX_POINT('', #1351);
#1353 = CARTESIAN_POINT('', (-104.1787, 194.9046, -4.0000));
#1352 = VERTEX_POINT('', #1353);
#1355 = CARTESIAN_POINT('', (-122.7810, 183.7548, -4.0000));
#1354 = VERTEX_POINT('', #1355);
#1357 = CARTESIAN_POINT('', (-140.2009, 170.8353, -4.0000));
#1356 = VERTEX_POINT('', #1357);
#1359 = CARTESIAN_POINT('', (-156.2706, 156.2706, -4.0000));
#1358 = VERTEX_POINT('', #1359);
#1361 = CARTESIAN_POINT('', (-170.8353, 140.2009, -4.0000));
#1360 = VERTEX_POINT('', #1361);
#1363 = CARTESIAN_POINT('', (-183.7548, 122.7810, -4.0000));
#1362 = VERTEX_POINT('', #1363);
#1365 = CARTESIAN_POINT('', (-194.9046, 104.1787, -4.0000));
#1364 = VERTEX_POINT('', #1365);
#1367 = CARTESIAN_POINT('', (-204.1774, 84.5730, -4.0000));
#1366 = VERTEX_POINT('', #1367);
#1369 = CARTESIAN_POINT('', (-211.4838, 64.1529, -4.0000));
#1368 = VERTEX_POINT('', #1369);
#1371 = CARTESIAN_POINT('', (-216.7535, 43.1150, -4.0000));
#1370 = VERTEX_POINT('', #1371);
#1373 = CARTESIAN_POINT('', (-219.9358, 21.6618, -4.0000));
#1372 = VERTEX_POINT('', #1373);
#1375 = CARTESIAN_POINT('', (-221.0000, 0.0000, -4.0000));
#1374 = VERTEX_POINT('', #1375);
#1377 = CARTESIAN_POINT('', (-219.9358, -21.6618, -4.0000));
#1376 = VERTEX_POINT('', #1377);
#1379 = CARTESIAN_POINT('', (-216.7535, -43.1150, -4.0000));
#1378 = VERTEX_POINT('', #1379);
#1381 = CARTESIAN_POINT('', (-211.4838, -64.1529, -4.0000));
#1380 = VERTEX_POINT('', #1381);
#1383 = CARTESIAN_POINT('', (-204.1774, -84.5730, -4.0000));
#1382 = VERTEX_POINT('', #1383);
#1385 = CARTESIAN_POINT('', (-194.9046, -104.1787, -4.0000));
#1384 = VERTEX_POINT('', #1385);
#1387 = CARTESIAN_POINT('', (-183.7548, -122.7810, -4.0000));
#1386 = VERTEX_POINT('', #1387);
#1389 = CARTESIAN_POINT('', (-170.8353, -140.2009, -4.0000));
#1388 = VERTEX_POINT('', #1389);
#1391 = CARTESIAN_POINT('', (-156.2706, -156.2706, -4.0000));
#1390 = VERTEX_POINT('', #1391);
#1393 = CARTESIAN_POINT('', (-140.2009, -170.8353, -4.0000));
#1392 = VERTEX_POINT('', #1393);
#1395 = CARTESIAN_POINT('', (-122.7810, -183.7548, -4.0000));
#1394 = VERTEX_POINT('', #1395);
#1397 = CARTESIAN_POINT('', (-104.1787, -194.9046, -4.0000));
#1396 = VERTEX_POINT('', #1397);
#1399 = CARTESIAN_POINT('', (-84.5730, -204.1774, -4.0000));
#1398 = VERTEX_POINT('', #1399);
#1401 = CARTESIAN_POINT('', (-64.1529, -211.4838, -4.0000));
#1400 = VERTEX_POINT('', #1401);
#1403 = CARTESIAN_POINT('', (-43.1150, -216.7535, -4.0000));
#1402 = VERTEX_POINT('', #1403);
#1405 = CARTESIAN_POINT('', (-21.6618, -219.9358, -4.0000));
#1404 = VERTEX_POINT('', #1405);
#1407 = CARTESIAN_POINT('', (-0.0000, -221.0000, -4.0000));
#1406 = VERTEX_POINT('', #1407);
#1409 = CARTESIAN_POINT('', (21.6618, -219.9358, -4.0000));
#1408 = VERTEX_POINT('', #1409);
#1411 = CARTESIAN_POINT('', (43.1150, -216.7535, -4.0000));
#1410 = VERTEX_POINT('', #1411);
#1413 = CARTESIAN_POINT('', (64.1529, -211.4838, -4.0000));
#1412 = VERTEX_POINT('', #1413);
#1415 = CARTESIAN_POINT('', (84.5730, -204.1774, -4.0000));
#1414 = VERTEX_POINT('', #1415);
#1417 = CARTESIAN_POINT('', (104.1787, -194.9046, -4.0000));
#1416 = VERTEX_POINT('', #1417);
#1419 = CARTESIAN_POINT('', (122.7810, -183.7548, -4.0000));
#1418 = VERTEX_POINT('', #1419);
#1421 = CARTESIAN_POINT('', (140.2009, -170.8353, -4.0000));
#1420 = VERTEX_POINT('', #1421);
#1423 = CARTESIAN_POINT('', (156.2706, -156.2706, -4.0000));
#1422 = VERTEX_POINT('', #1423);
#1425 = CARTESIAN_POINT('', (170.8353, -140.2009, -4.0000));
#1424 = VERTEX_POINT('', #1425);
#1427 = CARTESIAN_POINT('', (183.7548, -122.7810, -4.0000));
#1426 = VERTEX_POINT('', #1427);
#1429 = CARTESIAN_POINT('', (194.9046, -104.1787, -4.0000));
#1428 = VERTEX_POINT('', #1429);
#1431 = CARTESIAN_POINT('', (204.1774, -84.5730, -4.0000));
#1430 = VERTEX_POINT('', #1431);
#1433 = CARTESIAN_POINT('', (211.4838, -64.1529, -4.0000));
#1432 = VERTEX_POINT('', #1433);
#1435 = CARTESIAN_POINT('', (216.7535, -43.1150, -4.0000));
#1434 = VERTEX_POINT('', #1435);
#1437 = CARTESIAN_POINT('', (219.9358, -21.6618, -4.0000));
#1436 = VERTEX_POINT('', #1437);
#1439 = CARTESIAN_POINT('', (333.5000, 0.0000, 48.2805));
#1438 = VERTEX_POINT('', #1439);
#1441 = CARTESIAN_POINT('', (331.8941, 32.6887, 48.2805));
#1440 = VERTEX_POINT('', #1441);
#1443 = CARTESIAN_POINT('', (327.0919, 65.0626, 48.2805));
#1442 = VERTEX_POINT('', #1443);
#1445 = CARTESIAN_POINT('', (319.1396, 96.8099, 48.2805));
#1444 = VERTEX_POINT('', #1445);
#1447 = CARTESIAN_POINT('', (308.1138, 127.6249, 48.2805));
#1446 = VERTEX_POINT('', #1447);
#1449 = CARTESIAN_POINT('', (294.1207, 157.2108, 48.2805));
#1448 = VERTEX_POINT('', #1449);
#1451 = CARTESIAN_POINT('', (277.2951, 185.2827, 48.2805));
#1450 = VERTEX_POINT('', #1451);
#1453 = CARTESIAN_POINT('', (257.7990, 211.5702, 48.2805));
#1452 = VERTEX_POINT('', #1453);
#1455 = CARTESIAN_POINT('', (235.8201, 235.8201, 48.2805));
#1454 = VERTEX_POINT('', #1455);
#1457 = CARTESIAN_POINT('', (211.5702, 257.7990, 48.2805));
#1456 = VERTEX_POINT('', #1457);
#1459 = CARTESIAN_POINT('', (185.2827, 277.2951, 48.2805));
#1458 = VERTEX_POINT('', #1459);
#1461 = CARTESIAN_POINT('', (157.2108, 294.1207, 48.2805));
#1460 = VERTEX_POINT('', #1461);
#1463 = CARTESIAN_POINT('', (127.6249, 308.1138, 48.2805));
#1462 = VERTEX_POINT('', #1463);
#1465 = CARTESIAN_POINT('', (96.8099, 319.1396, 48.2805));
#1464 = VERTEX_POINT('', #1465);
#1467 = CARTESIAN_POINT('', (65.0626, 327.0919, 48.2805));
#1466 = VERTEX_POINT('', #1467);
#1469 = CARTESIAN_POINT('', (32.6887, 331.8941, 48.2805));
#1468 = VERTEX_POINT('', #1469);
#1471 = CARTESIAN_POINT('', (0.0000, 333.5000, 48.2805));
#1470 = VERTEX_POINT('', #1471);
#1473 = CARTESIAN_POINT('', (-32.6887, 331.8941, 48.2805));
#1472 = VERTEX_POINT('', #1473);
#1475 = CARTESIAN_POINT('', (-65.0626, 327.0919, 48.2805));
#1474 = VERTEX_POINT('', #1475);
#1477 = CARTESIAN_POINT('', (-96.8099, 319.1396, 48.2805));
#1476 = VERTEX_POINT('', #1477);
#1479 = CARTESIAN_POINT('', (-127.6249, 308.1138, 48.2805));
#1478 = VERTEX_POINT('', #1479);
#1481 = CARTESIAN_POINT('', (-157.2108, 294.1207, 48.2805));
#1480 = VERTEX_POINT('', #1481);
#1483 = CARTESIAN_POINT('', (-185.2827, 277.2951, 48.2805));
#1482 = VERTEX_POINT('', #1483);
#1485 = CARTESIAN_POINT('', (-211.5702, 257.7990, 48.2805));
#1484 = VERTEX_POINT('', #1485);
#1487 = CARTESIAN_POINT('', (-235.8201, 235.8201, 48.2805));
#1486 = VERTEX_POINT('', #1487);
#1489 = CARTESIAN_POINT('', (-257.7990, 211.5702, 48.2805));
#1488 = VERTEX_POINT('', #1489);
#1491 = CARTESIAN_POINT('', (-277.2951, 185.2827, 48.2805));
#1490 = VERTEX_POINT('', #1491);
#1493 = CARTESIAN_POINT('', (-294.1207, 157.2108, 48.2805));
#1492 = VERTEX_POINT('', #1493);
#1495 = CARTESIAN_POINT('', (-308.1138, 127.6249, 48.2805));
#1494 = VERTEX_POINT('', #1495);
#1497 = CARTESIAN_POINT('', (-319.1396, 96.8099, 48.2805));
#1496 = VERTEX_POINT('', #1497);
#1499 = CARTESIAN_POINT('', (-327.0919, 65.0626, 48.2805));
#1498 = VERTEX_POINT('', #1499);
#1501 = CARTESIAN_POINT('', (-331.8941, 32.6887, 48.2805));
#1500 = VERTEX_POINT('', #1501);
#1503 = CARTESIAN_POINT('', (-333.5000, 0.0000, 48.2805));
#1502 = VERTEX_POINT('', #1503);
#1505 = CARTESIAN_POINT('', (-331.8941, -32.6887, 48.2805));
#1504 = VERTEX_POINT('', #1505);
#1507 = CARTESIAN_POINT('', (-327.0919, -65.0626, 48.2805));
#1506 = VERTEX_POINT('', #1507);
#1509 = CARTESIAN_POINT('', (-319.1396, -96.8099, 48.2805));
#1508 = VERTEX_POINT('', #1509);
#1511 = CARTESIAN_POINT('', (-308.1138, -127.6249, 48.2805));
#1510 = VERTEX_POINT('', #1511);
#1513 = CARTESIAN_POINT('', (-294.1207, -157.2108, 48.2805));
#1512 = VERTEX_POINT('', #1513);
#1515 = CARTESIAN_POINT('', (-277.2951, -185.2827, 48.2805));
#1514 = VERTEX_POINT('', #1515);
#1517 = CARTESIAN_POINT('', (-257.7990, -211.5702, 48.2805));
#1516 = VERTEX_POINT('', #1517);
#1519 = CARTESIAN_POINT('', (-235.8201, -235.8201, 48.2805));
#1518 = VERTEX_POINT('', #1519);
#1521 = CARTESIAN_POINT('', (-211.5702, -257.7990, 48.2805));
#1520 = VERTEX_POINT('', #1521);
#1523 = CARTESIAN_POINT('', (-185.2827, -277.2951, 48.2805));
#1522 = VERTEX_POINT('', #1523);
#1525 = CARTESIAN_POINT('', (-157.2108, -294.1207, 48.2805));
#1524 = VERTEX_POINT('', #1525);
#1527 = CARTESIAN_POINT('', (-127.6249, -308.1138, 48.2805));
#1526 = VERTEX_POINT('', #1527);
#1529 = CARTESIAN_POINT('', (-96.8099, -319.1396, 48.2805));
#1528 = VERTEX_POINT('', #1529);
#1531 = CARTESIAN_POINT('', (-65.0626, -327.0919, 48.2805));
#1530 = VERTEX_POINT('', #1531);
#1533 = CARTESIAN_POINT('', (-32.6887, -331.8941, 48.2805));
#1532 = VERTEX_POINT('', #1533);
#1535 = CARTESIAN_POINT('', (-0.0000, -333.5000, 48.2805));
#1534 = VERTEX_POINT('', #1535);
#1537 = CARTESIAN_POINT('', (32.6887, -331.8941, 48.2805));
#1536 = VERTEX_POINT('', #1537);
#1539 = CARTESIAN_POINT('', (65.0626, -327.0919, 48.2805));
#1538 = VERTEX_POINT('', #1539);
#1541 = CARTESIAN_POINT('', (96.8099, -319.1396, 48.2805));
#1540 = VERTEX_POINT('', #1541);
#1543 = CARTESIAN_POINT('', (127.6249, -308.1138, 48.2805));
#1542 = VERTEX_POINT('', #1543);
#1545 = CARTESIAN_POINT('', (157.2108, -294.1207, 48.2805));
#1544 = VERTEX_POINT('', #1545);
#1547 = CARTESIAN_POINT('', (185.2827, -277.2951, 48.2805));
#1546 = VERTEX_POINT('', #1547);
#1549 = CARTESIAN_POINT('', (211.5702, -257.7990, 48.2805));
#1548 = VERTEX_POINT('', #1549);
#1551 = CARTESIAN_POINT('', (235.8201, -235.8201, 48.2805));
#1550 = VERTEX_POINT('', #1551);
#1553 = CARTESIAN_POINT('', (257.7990, -211.5702, 48.2805));
#1552 = VERTEX_POINT('', #1553);
#1555 = CARTESIAN_POINT('', (277.2951, -185.2827, 48.2805));
#1554 = VERTEX_POINT('', #1555);
#1557 = CARTESIAN_POINT('', (294.1207, -157.2108, 48.2805));
#1556 = VERTEX_POINT('', #1557);
#1559 = CARTESIAN_POINT('', (308.1138, -127.6249, 48.2805));
#1558 = VERTEX_POINT('', #1559);
#1561 = CARTESIAN_POINT('', (319.1396, -96.8099, 48.2805));
#1560 = VERTEX_POINT('', #1561);
#1563 = CARTESIAN_POINT('', (327.0919, -65.0626, 48.2805));
#1562 = VERTEX_POINT('', #1563);
#1565 = CARTESIAN_POINT('', (331.8941, -32.6887, 48.2805));
#1564 = VERTEX_POINT('', #1565);
#1567 = CARTESIAN_POINT('', (558.5000, 0.0000, 121.4732));
#1566 = VERTEX_POINT('', #1567);
#1569 = CARTESIAN_POINT('', (555.8107, 54.7426, 121.4732));
#1568 = VERTEX_POINT('', #1569);
#1571 = CARTESIAN_POINT('', (547.7686, 108.9579, 121.4732));
#1570 = VERTEX_POINT('', #1571);
#1573 = CARTESIAN_POINT('', (534.4512, 162.1240, 121.4732));
#1572 = VERTEX_POINT('', #1573);
#1575 = CARTESIAN_POINT('', (515.9867, 213.7287, 121.4732));
#1574 = VERTEX_POINT('', #1575);
#1577 = CARTESIAN_POINT('', (492.5530, 263.2751, 121.4732));
#1576 = VERTEX_POINT('', #1577);
#1579 = CARTESIAN_POINT('', (464.3758, 310.2860, 121.4732));
#1578 = VERTEX_POINT('', #1579);
#1581 = CARTESIAN_POINT('', (431.7263, 354.3086, 121.4732));
#1580 = VERTEX_POINT('', #1581);
#1583 = CARTESIAN_POINT('', (394.9191, 394.9191, 121.4732));
#1582 = VERTEX_POINT('', #1583);
#1585 = CARTESIAN_POINT('', (354.3086, 431.7263, 121.4732));
#1584 = VERTEX_POINT('', #1585);
#1587 = CARTESIAN_POINT('', (310.2860, 464.3758, 121.4732));
#1586 = VERTEX_POINT('', #1587);
#1589 = CARTESIAN_POINT('', (263.2751, 492.5530, 121.4732));
#1588 = VERTEX_POINT('', #1589);
#1591 = CARTESIAN_POINT('', (213.7287, 515.9867, 121.4732));
#1590 = VERTEX_POINT('', #1591);
#1593 = CARTESIAN_POINT('', (162.1240, 534.4512, 121.4732));
#1592 = VERTEX_POINT('', #1593);
#1595 = CARTESIAN_POINT('', (108.9579, 547.7686, 121.4732));
#1594 = VERTEX_POINT('', #1595);
#1597 = CARTESIAN_POINT('', (54.7426, 555.8107, 121.4732));
#1596 = VERTEX_POINT('', #1597);
#1599 = CARTESIAN_POINT('', (0.0000, 558.5000, 121.4732));
#1598 = VERTEX_POINT('', #1599);
#1601 = CARTESIAN_POINT('', (-54.7426, 555.8107, 121.4732));
#1600 = VERTEX_POINT('', #1601);
#1603 = CARTESIAN_POINT('', (-108.9579, 547.7686, 121.4732));
#1602 = VERTEX_POINT('', #1603);
#1605 = CARTESIAN_POINT('', (-162.1240, 534.4512, 121.4732));
#1604 = VERTEX_POINT('', #1605);
#1607 = CARTESIAN_POINT('', (-213.7287, 515.9867, 121.4732));
#1606 = VERTEX_POINT('', #1607);
#1609 = CARTESIAN_POINT('', (-263.2751, 492.5530, 121.4732));
#1608 = VERTEX_POINT('', #1609);
#1611 = CARTESIAN_POINT('', (-310.2860, 464.3758, 121.4732));
#1610 = VERTEX_POINT('', #1611);
#1613 = CARTESIAN_POINT('', (-354.3086, 431.7263, 121.4732));
#1612 = VERTEX_POINT('', #1613);
#1615 = CARTESIAN_POINT('', (-394.9191, 394.9191, 121.4732));
#1614 = VERTEX_POINT('', #1615);
#1617 = CARTESIAN_POINT('', (-431.7263, 354.3086, 121.4732));
#1616 = VERTEX_POINT('', #1617);
#1619 = CARTESIAN_POINT('', (-464.3758, 310.2860, 121.4732));
#1618 = VERTEX_POINT('', #1619);
#1621 = CARTESIAN_POINT('', (-492.5530, 263.2751, 121.4732));
#1620 = VERTEX_POINT('', #1621);
#1623 = CARTESIAN_POINT('', (-515.9867, 213.7287, 121.4732));
#1622 = VERTEX_POINT('', #1623);
#1625 = CARTESIAN_POINT('', (-534.4512, 162.1240, 121.4732));
#1624 = VERTEX_POINT('', #1625);
#1627 = CARTESIAN_POINT('', (-547.7686, 108.9579, 121.4732));
#1626 = VERTEX_POINT('', #1627);
#1629 = CARTESIAN_POINT('', (-555.8107, 54.7426, 121.4732));
#1628 = VERTEX_POINT('', #1629);
#1631 = CARTESIAN_POINT('', (-558.5000, 0.0000, 121.4732));
#1630 = VERTEX_POINT('', #1631);
#1633 = CARTESIAN_POINT('', (-555.8107, -54.7426, 121.4732));
#1632 = VERTEX_POINT('', #1633);
#1635 = CARTESIAN_POINT('', (-547.7686, -108.9579, 121.4732));
#1634 = VERTEX_POINT('', #1635);
#1637 = CARTESIAN_POINT('', (-534.4512, -162.1240, 121.4732));
#1636 = VERTEX_POINT('', #1637);
#1639 = CARTESIAN_POINT('', (-515.9867, -213.7287, 121.4732));
#1638 = VERTEX_POINT('', #1639);
#1641 = CARTESIAN_POINT('', (-492.5530, -263.2751, 121.4732));
#1640 = VERTEX_POINT('', #1641);
#1643 = CARTESIAN_POINT('', (-464.3758, -310.2860, 121.4732));
#1642 = VERTEX_POINT('', #1643);
#1645 = CARTESIAN_POINT('', (-431.7263, -354.3086, 121.4732));
#1644 = VERTEX_POINT('', #1645);
#1647 = CARTESIAN_POINT('', (-394.9191, -394.9191, 121.4732));
#1646 = VERTEX_POINT('', #1647);
#1649 = CARTESIAN_POINT('', (-354.3086, -431.7263, 121.4732));
#1648 = VERTEX_POINT('', #1649);
#1651 = CARTESIAN_POINT('', (-310.2860, -464.3758, 121.4732));
#1650 = VERTEX_POINT('', #1651);
#1653 = CARTESIAN_POINT('', (-263.2751, -492.5530, 121.4732));
#1652 = VERTEX_POINT('', #1653);
#1655 = CARTESIAN_POINT('', (-213.7287, -515.9867, 121.4732));
#1654 = VERTEX_POINT('', #1655);
#1657 = CARTESIAN_POINT('', (-162.1240, -534.4512, 121.4732));
#1656 = VERTEX_POINT('', #1657);
#1659 = CARTESIAN_POINT('', (-108.9579, -547.7686, 121.4732));
#1658 = VERTEX_POINT('', #1659);
#1661 = CARTESIAN_POINT('', (-54.7426, -555.8107, 121.4732));
#1660 = VERTEX_POINT('', #1661);
#1663 = CARTESIAN_POINT('', (-0.0000, -558.5000, 121.4732));
#1662 = VERTEX_POINT('', #1663);
#1665 = CARTESIAN_POINT('', (54.7426, -555.8107, 121.4732));
#1664 = VERTEX_POINT('', #1665);
#1667 = CARTESIAN_POINT('', (108.9579, -547.7686, 121.4732));
#1666 = VERTEX_POINT('', #1667);
#1669 = CARTESIAN_POINT('', (162.1240, -534.4512, 121.4732));
#1668 = VERTEX_POINT('', #1669);
#1671 = CARTESIAN_POINT('', (213.7287, -515.9867, 121.4732));
#1670 = VERTEX_POINT('', #1671);
#1673 = CARTESIAN_POINT('', (263.2751, -492.5530, 121.4732));
#1672 = VERTEX_POINT('', #1673);
#1675 = CARTESIAN_POINT('', (310.2860, -464.3758, 121.4732));
#1674 = VERTEX_POINT('', #1675);
#1677 = CARTESIAN_POINT('', (354.3086, -431.7263, 121.4732));
#1676 = VERTEX_POINT('', #1677);
#1679 = CARTESIAN_POINT('', (394.9191, -394.9191, 121.4732));
#1678 = VERTEX_POINT('', #1679);
#1681 = CARTESIAN_POINT('', (431.7263, -354.3086, 121.4732));
#1680 = VERTEX_POINT('', #1681);
#1683 = CARTESIAN_POINT('', (464.3758, -310.2860, 121.4732));
#1682 = VERTEX_POINT('', #1683);
#1685 = CARTESIAN_POINT('', (492.5530, -263.2751, 121.4732));
#1684 = VERTEX_POINT('', #1685);
#1687 = CARTESIAN_POINT('', (515.9867, -213.7287, 121.4732));
#1686 = VERTEX_POINT('', #1687);
#1689 = CARTESIAN_POINT('', (534.4512, -162.1240, 121.4732));
#1688 = VERTEX_POINT('', #1689);
#1691 = CARTESIAN_POINT('', (547.7686, -108.9579, 121.4732));
#1690 = VERTEX_POINT('', #1691);
#1693 = CARTESIAN_POINT('', (555.8107, -54.7426, 121.4732));
#1692 = VERTEX_POINT('', #1693);
#1695 = CARTESIAN_POINT('', (851.2500, 0.0000, 262.3721));
#1694 = VERTEX_POINT('', #1695);
#1697 = CARTESIAN_POINT('', (845.6207, 83.2864, 258.7841));
#1696 = VERTEX_POINT('', #1697);
#1699 = CARTESIAN_POINT('', (829.7443, 165.0464, 250.1221));
#1698 = VERTEX_POINT('', #1699);
#1701 = CARTESIAN_POINT('', (806.0191, 244.5032, 241.4600));
#1700 = VERTEX_POINT('', #1701);
#1703 = CARTESIAN_POINT('', (776.7517, 321.7411, 237.8721));
#1702 = VERTEX_POINT('', #1703);
#1705 = CARTESIAN_POINT('', (742.8314, 397.0517, 241.4600));
#1704 = VERTEX_POINT('', #1705);
#1707 = CARTESIAN_POINT('', (703.4233, 470.0124, 250.1221));
#1706 = VERTEX_POINT('', #1707);
#1709 = CARTESIAN_POINT('', (656.8365, 539.0518, 258.7841));
#1708 = VERTEX_POINT('', #1709);
#1711 = CARTESIAN_POINT('', (601.9246, 601.9246, 262.3721));
#1710 = VERTEX_POINT('', #1711);
#1713 = CARTESIAN_POINT('', (539.0518, 656.8365, 258.7841));
#1712 = VERTEX_POINT('', #1713);
#1715 = CARTESIAN_POINT('', (470.0124, 703.4233, 250.1221));
#1714 = VERTEX_POINT('', #1715);
#1717 = CARTESIAN_POINT('', (397.0517, 742.8314, 241.4600));
#1716 = VERTEX_POINT('', #1717);
#1719 = CARTESIAN_POINT('', (321.7411, 776.7517, 237.8721));
#1718 = VERTEX_POINT('', #1719);
#1721 = CARTESIAN_POINT('', (244.5032, 806.0191, 241.4600));
#1720 = VERTEX_POINT('', #1721);
#1723 = CARTESIAN_POINT('', (165.0464, 829.7443, 250.1221));
#1722 = VERTEX_POINT('', #1723);
#1725 = CARTESIAN_POINT('', (83.2864, 845.6207, 258.7841));
#1724 = VERTEX_POINT('', #1725);
#1727 = CARTESIAN_POINT('', (0.0000, 851.2500, 262.3721));
#1726 = VERTEX_POINT('', #1727);
#1729 = CARTESIAN_POINT('', (-83.2864, 845.6207, 258.7841));
#1728 = VERTEX_POINT('', #1729);
#1731 = CARTESIAN_POINT('', (-165.0464, 829.7443, 250.1221));
#1730 = VERTEX_POINT('', #1731);
#1733 = CARTESIAN_POINT('', (-244.5032, 806.0191, 241.4600));
#1732 = VERTEX_POINT('', #1733);
#1735 = CARTESIAN_POINT('', (-321.7411, 776.7517, 237.8721));
#1734 = VERTEX_POINT('', #1735);
#1737 = CARTESIAN_POINT('', (-397.0517, 742.8314, 241.4600));
#1736 = VERTEX_POINT('', #1737);
#1739 = CARTESIAN_POINT('', (-470.0124, 703.4233, 250.1221));
#1738 = VERTEX_POINT('', #1739);
#1741 = CARTESIAN_POINT('', (-539.0518, 656.8365, 258.7841));
#1740 = VERTEX_POINT('', #1741);
#1743 = CARTESIAN_POINT('', (-601.9246, 601.9246, 262.3721));
#1742 = VERTEX_POINT('', #1743);
#1745 = CARTESIAN_POINT('', (-656.8365, 539.0518, 258.7841));
#1744 = VERTEX_POINT('', #1745);
#1747 = CARTESIAN_POINT('', (-703.4233, 470.0124, 250.1221));
#1746 = VERTEX_POINT('', #1747);
#1749 = CARTESIAN_POINT('', (-742.8314, 397.0517, 241.4600));
#1748 = VERTEX_POINT('', #1749);
#1751 = CARTESIAN_POINT('', (-776.7517, 321.7411, 237.8721));
#1750 = VERTEX_POINT('', #1751);
#1753 = CARTESIAN_POINT('', (-806.0191, 244.5032, 241.4600));
#1752 = VERTEX_POINT('', #1753);
#1755 = CARTESIAN_POINT('', (-829.7443, 165.0464, 250.1221));
#1754 = VERTEX_POINT('', #1755);
#1757 = CARTESIAN_POINT('', (-845.6207, 83.2864, 258.7841));
#1756 = VERTEX_POINT('', #1757);
#1759 = CARTESIAN_POINT('', (-851.2500, 0.0000, 262.3721));
#1758 = VERTEX_POINT('', #1759);
#1761 = CARTESIAN_POINT('', (-845.6207, -83.2864, 258.7841));
#1760 = VERTEX_POINT('', #1761);
#1763 = CARTESIAN_POINT('', (-829.7443, -165.0464, 250.1221));
#1762 = VERTEX_POINT('', #1763);
#1765 = CARTESIAN_POINT('', (-806.0191, -244.5032, 241.4600));
#1764 = VERTEX_POINT('', #1765);
#1767 = CARTESIAN_POINT('', (-776.7517, -321.7411, 237.8721));
#1766 = VERTEX_POINT('', #1767);
#1769 = CARTESIAN_POINT('', (-742.8314, -397.0517, 241.4600));
#1768 = VERTEX_POINT('', #1769);
#1771 = CARTESIAN_POINT('', (-703.4233, -470.0124, 250.1221));
#1770 = VERTEX_POINT('', #1771);
#1773 = CARTESIAN_POINT('', (-656.8365, -539.0518, 258.7841));
#1772 = VERTEX_POINT('', #1773);
#1775 = CARTESIAN_POINT('', (-601.9246, -601.9246, 262.3721));
#1774 = VERTEX_POINT('', #1775);
#1777 = CARTESIAN_POINT('', (-539.0518, -656.8365, 258.7841));
#1776 = VERTEX_POINT('', #1777);
#1779 = CARTESIAN_POINT('', (-470.0124, -703.4233, 250.1221));
#1778 = VERTEX_POINT('', #1779);
#1781 = CARTESIAN_POINT('', (-397.0517, -742.8314, 241.4600));
#1780 = VERTEX_POINT('', #1781);
#1783 = CARTESIAN_POINT('', (-321.7411, -776.7517, 237.8721));
#1782 = VERTEX_POINT('', #1783);
#1785 = CARTESIAN_POINT('', (-244.5032, -806.0191, 241.4600));
#1784 = VERTEX_POINT('', #1785);
#1787 = CARTESIAN_POINT('', (-165.0464, -829.7443, 250.1221));
#1786 = VERTEX_POINT('', #1787);
#1789 = CARTESIAN_POINT('', (-83.2864, -845.6207, 258.7841));
#1788 = VERTEX_POINT('', #1789);
#1791 = CARTESIAN_POINT('', (-0.0000, -851.2500, 262.3721));
#1790 = VERTEX_POINT('', #1791);
#1793 = CARTESIAN_POINT('', (83.2864, -845.6207, 258.7841));
#1792 = VERTEX_POINT('', #1793);
#1795 = CARTESIAN_POINT('', (165.0464, -829.7443, 250.1221));
#1794 = VERTEX_POINT('', #1795);
#1797 = CARTESIAN_POINT('', (244.5032, -806.0191, 241.4600));
#1796 = VERTEX_POINT('', #1797);
#1799 = CARTESIAN_POINT('', (321.7411, -776.7517, 237.8721));
#1798 = VERTEX_POINT('', #1799);
#1801 = CARTESIAN_POINT('', (397.0517, -742.8314, 241.4600));
#1800 = VERTEX_POINT('', #1801);
#1803 = CARTESIAN_POINT('', (470.0124, -703.4233, 250.1221));
#1802 = VERTEX_POINT('', #1803);
#1805 = CARTESIAN_POINT('', (539.0518, -656.8365, 258.7841));
#1804 = VERTEX_POINT('', #1805);
#1807 = CARTESIAN_POINT('', (601.9246, -601.9246, 262.3721));
#1806 = VERTEX_POINT('', #1807);
#1809 = CARTESIAN_POINT('', (656.8365, -539.0518, 258.7841));
#1808 = VERTEX_POINT('', #1809);
#1811 = CARTESIAN_POINT('', (703.4233, -470.0124, 250.1221));
#1810 = VERTEX_POINT('', #1811);
#1813 = CARTESIAN_POINT('', (742.8314, -397.0517, 241.4600));
#1812 = VERTEX_POINT('', #1813);
#1815 = CARTESIAN_POINT('', (776.7517, -321.7411, 237.8721));
#1814 = VERTEX_POINT('', #1815);
#1817 = CARTESIAN_POINT('', (806.0191, -244.5032, 241.4600));
#1816 = VERTEX_POINT('', #1817);
#1819 = CARTESIAN_POINT('', (829.7443, -165.0464, 250.1221));
#1818 = VERTEX_POINT('', #1819);
#1821 = CARTESIAN_POINT('', (845.6207, -83.2864, 258.7841));
#1820 = VERTEX_POINT('', #1821);
#1822 = DIRECTION('', (-0.893565, -0.043898, 0.446782));
#1823 = POLY_LOOP('', (#30, #158, #160));
#1824 = FACE_OUTER_BOUND('', #1823, .T.);
#1825 = ADVANCED_FACE('', (#1824), #12, .T.);
#1826 = DIRECTION('', (-0.893565, -0.043898, 0.446782));
#1827 = POLY_LOOP('', (#30, #160, #32));
#1828 = FACE_OUTER_BOUND('', #1827, .T.);
#1829 = ADVANCED_FACE('', (#1828), #12, .T.);
#1830 = DIRECTION('', (-0.884959, -0.131271, 0.446782));
#1831 = POLY_LOOP('', (#32, #160, #162));
#1832 = FACE_OUTER_BOUND('', #1831, .T.);
#1833 = ADVANCED_FACE('', (#1832), #12, .T.);
#1834 = DIRECTION('', (-0.884959, -0.131271, 0.446782));
#1835 = POLY_LOOP('', (#32, #162, #34));
#1836 = FACE_OUTER_BOUND('', #1835, .T.);
#1837 = ADVANCED_FACE('', (#1836), #12, .T.);
#1838 = DIRECTION('', (-0.867831, -0.217380, 0.446782));
#1839 = POLY_LOOP('', (#34, #162, #164));
#1840 = FACE_OUTER_BOUND('', #1839, .T.);
#1841 = ADVANCED_FACE('', (#1840), #12, .T.);
#1842 = DIRECTION('', (-0.867831, -0.217380, 0.446782));
#1843 = POLY_LOOP('', (#34, #164, #36));
#1844 = FACE_OUTER_BOUND('', #1843, .T.);
#1845 = ADVANCED_FACE('', (#1844), #12, .T.);
#1846 = DIRECTION('', (-0.842345, -0.301396, 0.446782));
#1847 = POLY_LOOP('', (#36, #164, #166));
#1848 = FACE_OUTER_BOUND('', #1847, .T.);
#1849 = ADVANCED_FACE('', (#1848), #12, .T.);
#1850 = DIRECTION('', (-0.842345, -0.301396, 0.446782));
#1851 = POLY_LOOP('', (#36, #166, #38));
#1852 = FACE_OUTER_BOUND('', #1851, .T.);
#1853 = ADVANCED_FACE('', (#1852), #12, .T.);
#1854 = DIRECTION('', (-0.808747, -0.382509, 0.446782));
#1855 = POLY_LOOP('', (#38, #166, #168));
#1856 = FACE_OUTER_BOUND('', #1855, .T.);
#1857 = ADVANCED_FACE('', (#1856), #12, .T.);
#1858 = DIRECTION('', (-0.808747, -0.382509, 0.446782));
#1859 = POLY_LOOP('', (#38, #168, #40));
#1860 = FACE_OUTER_BOUND('', #1859, .T.);
#1861 = ADVANCED_FACE('', (#1860), #12, .T.);
#1862 = DIRECTION('', (-0.767361, -0.459938, 0.446782));
#1863 = POLY_LOOP('', (#40, #168, #170));
#1864 = FACE_OUTER_BOUND('', #1863, .T.);
#1865 = ADVANCED_FACE('', (#1864), #12, .T.);
#1866 = DIRECTION('', (-0.767361, -0.459938, 0.446782));
#1867 = POLY_LOOP('', (#40, #170, #42));
#1868 = FACE_OUTER_BOUND('', #1867, .T.);
#1869 = ADVANCED_FACE('', (#1868), #12, .T.);
#1870 = DIRECTION('', (-0.718584, -0.532938, 0.446782));
#1871 = POLY_LOOP('', (#42, #170, #172));
#1872 = FACE_OUTER_BOUND('', #1871, .T.);
#1873 = ADVANCED_FACE('', (#1872), #12, .T.);
#1874 = DIRECTION('', (-0.718584, -0.532938, 0.446782));
#1875 = POLY_LOOP('', (#42, #172, #44));
#1876 = FACE_OUTER_BOUND('', #1875, .T.);
#1877 = ADVANCED_FACE('', (#1876), #12, .T.);
#1878 = DIRECTION('', (-0.662886, -0.600805, 0.446782));
#1879 = POLY_LOOP('', (#44, #172, #174));
#1880 = FACE_OUTER_BOUND('', #1879, .T.);
#1881 = ADVANCED_FACE('', (#1880), #12, .T.);
#1882 = DIRECTION('', (-0.662886, -0.600805, 0.446782));
#1883 = POLY_LOOP('', (#44, #174, #46));
#1884 = FACE_OUTER_BOUND('', #1883, .T.);
#1885 = ADVANCED_FACE('', (#1884), #12, .T.);
#1886 = DIRECTION('', (-0.600805, -0.662886, 0.446782));
#1887 = POLY_LOOP('', (#46, #174, #176));
#1888 = FACE_OUTER_BOUND('', #1887, .T.);
#1889 = ADVANCED_FACE('', (#1888), #12, .T.);
#1890 = DIRECTION('', (-0.600805, -0.662886, 0.446782));
#1891 = POLY_LOOP('', (#46, #176, #48));
#1892 = FACE_OUTER_BOUND('', #1891, .T.);
#1893 = ADVANCED_FACE('', (#1892), #12, .T.);
#1894 = DIRECTION('', (-0.532938, -0.718584, 0.446782));
#1895 = POLY_LOOP('', (#48, #176, #178));
#1896 = FACE_OUTER_BOUND('', #1895, .T.);
#1897 = ADVANCED_FACE('', (#1896), #12, .T.);
#1898 = DIRECTION('', (-0.532938, -0.718584, 0.446782));
#1899 = POLY_LOOP('', (#48, #178, #50));
#1900 = FACE_OUTER_BOUND('', #1899, .T.);
#1901 = ADVANCED_FACE('', (#1900), #12, .T.);
#1902 = DIRECTION('', (-0.459938, -0.767361, 0.446782));
#1903 = POLY_LOOP('', (#50, #178, #180));
#1904 = FACE_OUTER_BOUND('', #1903, .T.);
#1905 = ADVANCED_FACE('', (#1904), #12, .T.);
#1906 = DIRECTION('', (-0.459938, -0.767361, 0.446782));
#1907 = POLY_LOOP('', (#50, #180, #52));
#1908 = FACE_OUTER_BOUND('', #1907, .T.);
#1909 = ADVANCED_FACE('', (#1908), #12, .T.);
#1910 = DIRECTION('', (-0.382509, -0.808747, 0.446782));
#1911 = POLY_LOOP('', (#52, #180, #182));
#1912 = FACE_OUTER_BOUND('', #1911, .T.);
#1913 = ADVANCED_FACE('', (#1912), #12, .T.);
#1914 = DIRECTION('', (-0.382509, -0.808747, 0.446782));
#1915 = POLY_LOOP('', (#52, #182, #54));
#1916 = FACE_OUTER_BOUND('', #1915, .T.);
#1917 = ADVANCED_FACE('', (#1916), #12, .T.);
#1918 = DIRECTION('', (-0.301396, -0.842345, 0.446782));
#1919 = POLY_LOOP('', (#54, #182, #184));
#1920 = FACE_OUTER_BOUND('', #1919, .T.);
#1921 = ADVANCED_FACE('', (#1920), #12, .T.);
#1922 = DIRECTION('', (-0.301396, -0.842345, 0.446782));
#1923 = POLY_LOOP('', (#54, #184, #56));
#1924 = FACE_OUTER_BOUND('', #1923, .T.);
#1925 = ADVANCED_FACE('', (#1924), #12, .T.);
#1926 = DIRECTION('', (-0.217380, -0.867831, 0.446782));
#1927 = POLY_LOOP('', (#56, #184, #186));
#1928 = FACE_OUTER_BOUND('', #1927, .T.);
#1929 = ADVANCED_FACE('', (#1928), #12, .T.);
#1930 = DIRECTION('', (-0.217380, -0.867831, 0.446782));
#1931 = POLY_LOOP('', (#56, #186, #58));
#1932 = FACE_OUTER_BOUND('', #1931, .T.);
#1933 = ADVANCED_FACE('', (#1932), #12, .T.);
#1934 = DIRECTION('', (-0.131271, -0.884959, 0.446782));
#1935 = POLY_LOOP('', (#58, #186, #188));
#1936 = FACE_OUTER_BOUND('', #1935, .T.);
#1937 = ADVANCED_FACE('', (#1936), #12, .T.);
#1938 = DIRECTION('', (-0.131271, -0.884959, 0.446782));
#1939 = POLY_LOOP('', (#58, #188, #60));
#1940 = FACE_OUTER_BOUND('', #1939, .T.);
#1941 = ADVANCED_FACE('', (#1940), #12, .T.);
#1942 = DIRECTION('', (-0.043898, -0.893565, 0.446782));
#1943 = POLY_LOOP('', (#60, #188, #190));
#1944 = FACE_OUTER_BOUND('', #1943, .T.);
#1945 = ADVANCED_FACE('', (#1944), #12, .T.);
#1946 = DIRECTION('', (-0.043898, -0.893565, 0.446782));
#1947 = POLY_LOOP('', (#60, #190, #62));
#1948 = FACE_OUTER_BOUND('', #1947, .T.);
#1949 = ADVANCED_FACE('', (#1948), #12, .T.);
#1950 = DIRECTION('', (0.043898, -0.893565, 0.446782));
#1951 = POLY_LOOP('', (#62, #190, #192));
#1952 = FACE_OUTER_BOUND('', #1951, .T.);
#1953 = ADVANCED_FACE('', (#1952), #12, .T.);
#1954 = DIRECTION('', (0.043898, -0.893565, 0.446782));
#1955 = POLY_LOOP('', (#62, #192, #64));
#1956 = FACE_OUTER_BOUND('', #1955, .T.);
#1957 = ADVANCED_FACE('', (#1956), #12, .T.);
#1958 = DIRECTION('', (0.131271, -0.884959, 0.446782));
#1959 = POLY_LOOP('', (#64, #192, #194));
#1960 = FACE_OUTER_BOUND('', #1959, .T.);
#1961 = ADVANCED_FACE('', (#1960), #12, .T.);
#1962 = DIRECTION('', (0.131271, -0.884959, 0.446782));
#1963 = POLY_LOOP('', (#64, #194, #66));
#1964 = FACE_OUTER_BOUND('', #1963, .T.);
#1965 = ADVANCED_FACE('', (#1964), #12, .T.);
#1966 = DIRECTION('', (0.217380, -0.867831, 0.446782));
#1967 = POLY_LOOP('', (#66, #194, #196));
#1968 = FACE_OUTER_BOUND('', #1967, .T.);
#1969 = ADVANCED_FACE('', (#1968), #12, .T.);
#1970 = DIRECTION('', (0.217380, -0.867831, 0.446782));
#1971 = POLY_LOOP('', (#66, #196, #68));
#1972 = FACE_OUTER_BOUND('', #1971, .T.);
#1973 = ADVANCED_FACE('', (#1972), #12, .T.);
#1974 = DIRECTION('', (0.301396, -0.842345, 0.446782));
#1975 = POLY_LOOP('', (#68, #196, #198));
#1976 = FACE_OUTER_BOUND('', #1975, .T.);
#1977 = ADVANCED_FACE('', (#1976), #12, .T.);
#1978 = DIRECTION('', (0.301396, -0.842345, 0.446782));
#1979 = POLY_LOOP('', (#68, #198, #70));
#1980 = FACE_OUTER_BOUND('', #1979, .T.);
#1981 = ADVANCED_FACE('', (#1980), #12, .T.);
#1982 = DIRECTION('', (0.382509, -0.808747, 0.446782));
#1983 = POLY_LOOP('', (#70, #198, #200));
#1984 = FACE_OUTER_BOUND('', #1983, .T.);
#1985 = ADVANCED_FACE('', (#1984), #12, .T.);
#1986 = DIRECTION('', (0.382509, -0.808747, 0.446782));
#1987 = POLY_LOOP('', (#70, #200, #72));
#1988 = FACE_OUTER_BOUND('', #1987, .T.);
#1989 = ADVANCED_FACE('', (#1988), #12, .T.);
#1990 = DIRECTION('', (0.459938, -0.767361, 0.446782));
#1991 = POLY_LOOP('', (#72, #200, #202));
#1992 = FACE_OUTER_BOUND('', #1991, .T.);
#1993 = ADVANCED_FACE('', (#1992), #12, .T.);
#1994 = DIRECTION('', (0.459938, -0.767361, 0.446782));
#1995 = POLY_LOOP('', (#72, #202, #74));
#1996 = FACE_OUTER_BOUND('', #1995, .T.);
#1997 = ADVANCED_FACE('', (#1996), #12, .T.);
#1998 = DIRECTION('', (0.532938, -0.718584, 0.446782));
#1999 = POLY_LOOP('', (#74, #202, #204));
#2000 = FACE_OUTER_BOUND('', #1999, .T.);
#2001 = ADVANCED_FACE('', (#2000), #12, .T.);
#2002 = DIRECTION('', (0.532938, -0.718584, 0.446782));
#2003 = POLY_LOOP('', (#74, #204, #76));
#2004 = FACE_OUTER_BOUND('', #2003, .T.);
#2005 = ADVANCED_FACE('', (#2004), #12, .T.);
#2006 = DIRECTION('', (0.600805, -0.662886, 0.446782));
#2007 = POLY_LOOP('', (#76, #204, #206));
#2008 = FACE_OUTER_BOUND('', #2007, .T.);
#2009 = ADVANCED_FACE('', (#2008), #12, .T.);
#2010 = DIRECTION('', (0.600805, -0.662886, 0.446782));
#2011 = POLY_LOOP('', (#76, #206, #78));
#2012 = FACE_OUTER_BOUND('', #2011, .T.);
#2013 = ADVANCED_FACE('', (#2012), #12, .T.);
#2014 = DIRECTION('', (0.662886, -0.600805, 0.446782));
#2015 = POLY_LOOP('', (#78, #206, #208));
#2016 = FACE_OUTER_BOUND('', #2015, .T.);
#2017 = ADVANCED_FACE('', (#2016), #12, .T.);
#2018 = DIRECTION('', (0.662886, -0.600805, 0.446782));
#2019 = POLY_LOOP('', (#78, #208, #80));
#2020 = FACE_OUTER_BOUND('', #2019, .T.);
#2021 = ADVANCED_FACE('', (#2020), #12, .T.);
#2022 = DIRECTION('', (0.718584, -0.532938, 0.446782));
#2023 = POLY_LOOP('', (#80, #208, #210));
#2024 = FACE_OUTER_BOUND('', #2023, .T.);
#2025 = ADVANCED_FACE('', (#2024), #12, .T.);
#2026 = DIRECTION('', (0.718584, -0.532938, 0.446782));
#2027 = POLY_LOOP('', (#80, #210, #82));
#2028 = FACE_OUTER_BOUND('', #2027, .T.);
#2029 = ADVANCED_FACE('', (#2028), #12, .T.);
#2030 = DIRECTION('', (0.767361, -0.459938, 0.446782));
#2031 = POLY_LOOP('', (#82, #210, #212));
#2032 = FACE_OUTER_BOUND('', #2031, .T.);
#2033 = ADVANCED_FACE('', (#2032), #12, .T.);
#2034 = DIRECTION('', (0.767361, -0.459938, 0.446782));
#2035 = POLY_LOOP('', (#82, #212, #84));
#2036 = FACE_OUTER_BOUND('', #2035, .T.);
#2037 = ADVANCED_FACE('', (#2036), #12, .T.);
#2038 = DIRECTION('', (0.808747, -0.382509, 0.446782));
#2039 = POLY_LOOP('', (#84, #212, #214));
#2040 = FACE_OUTER_BOUND('', #2039, .T.);
#2041 = ADVANCED_FACE('', (#2040), #12, .T.);
#2042 = DIRECTION('', (0.808747, -0.382509, 0.446782));
#2043 = POLY_LOOP('', (#84, #214, #86));
#2044 = FACE_OUTER_BOUND('', #2043, .T.);
#2045 = ADVANCED_FACE('', (#2044), #12, .T.);
#2046 = DIRECTION('', (0.842345, -0.301396, 0.446782));
#2047 = POLY_LOOP('', (#86, #214, #216));
#2048 = FACE_OUTER_BOUND('', #2047, .T.);
#2049 = ADVANCED_FACE('', (#2048), #12, .T.);
#2050 = DIRECTION('', (0.842345, -0.301396, 0.446782));
#2051 = POLY_LOOP('', (#86, #216, #88));
#2052 = FACE_OUTER_BOUND('', #2051, .T.);
#2053 = ADVANCED_FACE('', (#2052), #12, .T.);
#2054 = DIRECTION('', (0.867831, -0.217380, 0.446782));
#2055 = POLY_LOOP('', (#88, #216, #218));
#2056 = FACE_OUTER_BOUND('', #2055, .T.);
#2057 = ADVANCED_FACE('', (#2056), #12, .T.);
#2058 = DIRECTION('', (0.867831, -0.217380, 0.446782));
#2059 = POLY_LOOP('', (#88, #218, #90));
#2060 = FACE_OUTER_BOUND('', #2059, .T.);
#2061 = ADVANCED_FACE('', (#2060), #12, .T.);
#2062 = DIRECTION('', (0.884959, -0.131271, 0.446782));
#2063 = POLY_LOOP('', (#90, #218, #220));
#2064 = FACE_OUTER_BOUND('', #2063, .T.);
#2065 = ADVANCED_FACE('', (#2064), #12, .T.);
#2066 = DIRECTION('', (0.884959, -0.131271, 0.446782));
#2067 = POLY_LOOP('', (#90, #220, #92));
#2068 = FACE_OUTER_BOUND('', #2067, .T.);
#2069 = ADVANCED_FACE('', (#2068), #12, .T.);
#2070 = DIRECTION('', (0.893565, -0.043898, 0.446782));
#2071 = POLY_LOOP('', (#92, #220, #222));
#2072 = FACE_OUTER_BOUND('', #2071, .T.);
#2073 = ADVANCED_FACE('', (#2072), #12, .T.);
#2074 = DIRECTION('', (0.893565, -0.043898, 0.446782));
#2075 = POLY_LOOP('', (#92, #222, #94));
#2076 = FACE_OUTER_BOUND('', #2075, .T.);
#2077 = ADVANCED_FACE('', (#2076), #12, .T.);
#2078 = DIRECTION('', (0.893565, 0.043898, 0.446782));
#2079 = POLY_LOOP('', (#94, #222, #224));
#2080 = FACE_OUTER_BOUND('', #2079, .T.);
#2081 = ADVANCED_FACE('', (#2080), #12, .T.);
#2082 = DIRECTION('', (0.893565, 0.043898, 0.446782));
#2083 = POLY_LOOP('', (#94, #224, #96));
#2084 = FACE_OUTER_BOUND('', #2083, .T.);
#2085 = ADVANCED_FACE('', (#2084), #12, .T.);
#2086 = DIRECTION('', (0.884959, 0.131271, 0.446782));
#2087 = POLY_LOOP('', (#96, #224, #226));
#2088 = FACE_OUTER_BOUND('', #2087, .T.);
#2089 = ADVANCED_FACE('', (#2088), #12, .T.);
#2090 = DIRECTION('', (0.884959, 0.131271, 0.446782));
#2091 = POLY_LOOP('', (#96, #226, #98));
#2092 = FACE_OUTER_BOUND('', #2091, .T.);
#2093 = ADVANCED_FACE('', (#2092), #12, .T.);
#2094 = DIRECTION('', (0.867831, 0.217380, 0.446782));
#2095 = POLY_LOOP('', (#98, #226, #228));
#2096 = FACE_OUTER_BOUND('', #2095, .T.);
#2097 = ADVANCED_FACE('', (#2096), #12, .T.);
#2098 = DIRECTION('', (0.867831, 0.217380, 0.446782));
#2099 = POLY_LOOP('', (#98, #228, #100));
#2100 = FACE_OUTER_BOUND('', #2099, .T.);
#2101 = ADVANCED_FACE('', (#2100), #12, .T.);
#2102 = DIRECTION('', (0.842345, 0.301396, 0.446782));
#2103 = POLY_LOOP('', (#100, #228, #230));
#2104 = FACE_OUTER_BOUND('', #2103, .T.);
#2105 = ADVANCED_FACE('', (#2104), #12, .T.);
#2106 = DIRECTION('', (0.842345, 0.301396, 0.446782));
#2107 = POLY_LOOP('', (#100, #230, #102));
#2108 = FACE_OUTER_BOUND('', #2107, .T.);
#2109 = ADVANCED_FACE('', (#2108), #12, .T.);
#2110 = DIRECTION('', (0.808747, 0.382509, 0.446782));
#2111 = POLY_LOOP('', (#102, #230, #232));
#2112 = FACE_OUTER_BOUND('', #2111, .T.);
#2113 = ADVANCED_FACE('', (#2112), #12, .T.);
#2114 = DIRECTION('', (0.808747, 0.382509, 0.446782));
#2115 = POLY_LOOP('', (#102, #232, #104));
#2116 = FACE_OUTER_BOUND('', #2115, .T.);
#2117 = ADVANCED_FACE('', (#2116), #12, .T.);
#2118 = DIRECTION('', (0.767361, 0.459938, 0.446782));
#2119 = POLY_LOOP('', (#104, #232, #234));
#2120 = FACE_OUTER_BOUND('', #2119, .T.);
#2121 = ADVANCED_FACE('', (#2120), #12, .T.);
#2122 = DIRECTION('', (0.767361, 0.459938, 0.446782));
#2123 = POLY_LOOP('', (#104, #234, #106));
#2124 = FACE_OUTER_BOUND('', #2123, .T.);
#2125 = ADVANCED_FACE('', (#2124), #12, .T.);
#2126 = DIRECTION('', (0.718584, 0.532938, 0.446782));
#2127 = POLY_LOOP('', (#106, #234, #236));
#2128 = FACE_OUTER_BOUND('', #2127, .T.);
#2129 = ADVANCED_FACE('', (#2128), #12, .T.);
#2130 = DIRECTION('', (0.718584, 0.532938, 0.446782));
#2131 = POLY_LOOP('', (#106, #236, #108));
#2132 = FACE_OUTER_BOUND('', #2131, .T.);
#2133 = ADVANCED_FACE('', (#2132), #12, .T.);
#2134 = DIRECTION('', (0.662886, 0.600805, 0.446782));
#2135 = POLY_LOOP('', (#108, #236, #238));
#2136 = FACE_OUTER_BOUND('', #2135, .T.);
#2137 = ADVANCED_FACE('', (#2136), #12, .T.);
#2138 = DIRECTION('', (0.662886, 0.600805, 0.446782));
#2139 = POLY_LOOP('', (#108, #238, #110));
#2140 = FACE_OUTER_BOUND('', #2139, .T.);
#2141 = ADVANCED_FACE('', (#2140), #12, .T.);
#2142 = DIRECTION('', (0.600805, 0.662886, 0.446782));
#2143 = POLY_LOOP('', (#110, #238, #240));
#2144 = FACE_OUTER_BOUND('', #2143, .T.);
#2145 = ADVANCED_FACE('', (#2144), #12, .T.);
#2146 = DIRECTION('', (0.600805, 0.662886, 0.446782));
#2147 = POLY_LOOP('', (#110, #240, #112));
#2148 = FACE_OUTER_BOUND('', #2147, .T.);
#2149 = ADVANCED_FACE('', (#2148), #12, .T.);
#2150 = DIRECTION('', (0.532938, 0.718584, 0.446782));
#2151 = POLY_LOOP('', (#112, #240, #242));
#2152 = FACE_OUTER_BOUND('', #2151, .T.);
#2153 = ADVANCED_FACE('', (#2152), #12, .T.);
#2154 = DIRECTION('', (0.532938, 0.718584, 0.446782));
#2155 = POLY_LOOP('', (#112, #242, #114));
#2156 = FACE_OUTER_BOUND('', #2155, .T.);
#2157 = ADVANCED_FACE('', (#2156), #12, .T.);
#2158 = DIRECTION('', (0.459938, 0.767361, 0.446782));
#2159 = POLY_LOOP('', (#114, #242, #244));
#2160 = FACE_OUTER_BOUND('', #2159, .T.);
#2161 = ADVANCED_FACE('', (#2160), #12, .T.);
#2162 = DIRECTION('', (0.459938, 0.767361, 0.446782));
#2163 = POLY_LOOP('', (#114, #244, #116));
#2164 = FACE_OUTER_BOUND('', #2163, .T.);
#2165 = ADVANCED_FACE('', (#2164), #12, .T.);
#2166 = DIRECTION('', (0.382509, 0.808747, 0.446782));
#2167 = POLY_LOOP('', (#116, #244, #246));
#2168 = FACE_OUTER_BOUND('', #2167, .T.);
#2169 = ADVANCED_FACE('', (#2168), #12, .T.);
#2170 = DIRECTION('', (0.382509, 0.808747, 0.446782));
#2171 = POLY_LOOP('', (#116, #246, #118));
#2172 = FACE_OUTER_BOUND('', #2171, .T.);
#2173 = ADVANCED_FACE('', (#2172), #12, .T.);
#2174 = DIRECTION('', (0.301396, 0.842345, 0.446782));
#2175 = POLY_LOOP('', (#118, #246, #248));
#2176 = FACE_OUTER_BOUND('', #2175, .T.);
#2177 = ADVANCED_FACE('', (#2176), #12, .T.);
#2178 = DIRECTION('', (0.301396, 0.842345, 0.446782));
#2179 = POLY_LOOP('', (#118, #248, #120));
#2180 = FACE_OUTER_BOUND('', #2179, .T.);
#2181 = ADVANCED_FACE('', (#2180), #12, .T.);
#2182 = DIRECTION('', (0.217380, 0.867831, 0.446782));
#2183 = POLY_LOOP('', (#120, #248, #250));
#2184 = FACE_OUTER_BOUND('', #2183, .T.);
#2185 = ADVANCED_FACE('', (#2184), #12, .T.);
#2186 = DIRECTION('', (0.217380, 0.867831, 0.446782));
#2187 = POLY_LOOP('', (#120, #250, #122));
#2188 = FACE_OUTER_BOUND('', #2187, .T.);
#2189 = ADVANCED_FACE('', (#2188), #12, .T.);
#2190 = DIRECTION('', (0.131271, 0.884959, 0.446782));
#2191 = POLY_LOOP('', (#122, #250, #252));
#2192 = FACE_OUTER_BOUND('', #2191, .T.);
#2193 = ADVANCED_FACE('', (#2192), #12, .T.);
#2194 = DIRECTION('', (0.131271, 0.884959, 0.446782));
#2195 = POLY_LOOP('', (#122, #252, #124));
#2196 = FACE_OUTER_BOUND('', #2195, .T.);
#2197 = ADVANCED_FACE('', (#2196), #12, .T.);
#2198 = DIRECTION('', (0.043898, 0.893565, 0.446782));
#2199 = POLY_LOOP('', (#124, #252, #254));
#2200 = FACE_OUTER_BOUND('', #2199, .T.);
#2201 = ADVANCED_FACE('', (#2200), #12, .T.);
#2202 = DIRECTION('', (0.043898, 0.893565, 0.446782));
#2203 = POLY_LOOP('', (#124, #254, #126));
#2204 = FACE_OUTER_BOUND('', #2203, .T.);
#2205 = ADVANCED_FACE('', (#2204), #12, .T.);
#2206 = DIRECTION('', (-0.043898, 0.893565, 0.446782));
#2207 = POLY_LOOP('', (#126, #254, #256));
#2208 = FACE_OUTER_BOUND('', #2207, .T.);
#2209 = ADVANCED_FACE('', (#2208), #12, .T.);
#2210 = DIRECTION('', (-0.043898, 0.893565, 0.446782));
#2211 = POLY_LOOP('', (#126, #256, #128));
#2212 = FACE_OUTER_BOUND('', #2211, .T.);
#2213 = ADVANCED_FACE('', (#2212), #12, .T.);
#2214 = DIRECTION('', (-0.131271, 0.884959, 0.446782));
#2215 = POLY_LOOP('', (#128, #256, #258));
#2216 = FACE_OUTER_BOUND('', #2215, .T.);
#2217 = ADVANCED_FACE('', (#2216), #12, .T.);
#2218 = DIRECTION('', (-0.131271, 0.884959, 0.446782));
#2219 = POLY_LOOP('', (#128, #258, #130));
#2220 = FACE_OUTER_BOUND('', #2219, .T.);
#2221 = ADVANCED_FACE('', (#2220), #12, .T.);
#2222 = DIRECTION('', (-0.217380, 0.867831, 0.446782));
#2223 = POLY_LOOP('', (#130, #258, #260));
#2224 = FACE_OUTER_BOUND('', #2223, .T.);
#2225 = ADVANCED_FACE('', (#2224), #12, .T.);
#2226 = DIRECTION('', (-0.217380, 0.867831, 0.446782));
#2227 = POLY_LOOP('', (#130, #260, #132));
#2228 = FACE_OUTER_BOUND('', #2227, .T.);
#2229 = ADVANCED_FACE('', (#2228), #12, .T.);
#2230 = DIRECTION('', (-0.301396, 0.842345, 0.446782));
#2231 = POLY_LOOP('', (#132, #260, #262));
#2232 = FACE_OUTER_BOUND('', #2231, .T.);
#2233 = ADVANCED_FACE('', (#2232), #12, .T.);
#2234 = DIRECTION('', (-0.301396, 0.842345, 0.446782));
#2235 = POLY_LOOP('', (#132, #262, #134));
#2236 = FACE_OUTER_BOUND('', #2235, .T.);
#2237 = ADVANCED_FACE('', (#2236), #12, .T.);
#2238 = DIRECTION('', (-0.382509, 0.808747, 0.446782));
#2239 = POLY_LOOP('', (#134, #262, #264));
#2240 = FACE_OUTER_BOUND('', #2239, .T.);
#2241 = ADVANCED_FACE('', (#2240), #12, .T.);
#2242 = DIRECTION('', (-0.382509, 0.808747, 0.446782));
#2243 = POLY_LOOP('', (#134, #264, #136));
#2244 = FACE_OUTER_BOUND('', #2243, .T.);
#2245 = ADVANCED_FACE('', (#2244), #12, .T.);
#2246 = DIRECTION('', (-0.459938, 0.767361, 0.446782));
#2247 = POLY_LOOP('', (#136, #264, #266));
#2248 = FACE_OUTER_BOUND('', #2247, .T.);
#2249 = ADVANCED_FACE('', (#2248), #12, .T.);
#2250 = DIRECTION('', (-0.459938, 0.767361, 0.446782));
#2251 = POLY_LOOP('', (#136, #266, #138));
#2252 = FACE_OUTER_BOUND('', #2251, .T.);
#2253 = ADVANCED_FACE('', (#2252), #12, .T.);
#2254 = DIRECTION('', (-0.532938, 0.718584, 0.446782));
#2255 = POLY_LOOP('', (#138, #266, #268));
#2256 = FACE_OUTER_BOUND('', #2255, .T.);
#2257 = ADVANCED_FACE('', (#2256), #12, .T.);
#2258 = DIRECTION('', (-0.532938, 0.718584, 0.446782));
#2259 = POLY_LOOP('', (#138, #268, #140));
#2260 = FACE_OUTER_BOUND('', #2259, .T.);
#2261 = ADVANCED_FACE('', (#2260), #12, .T.);
#2262 = DIRECTION('', (-0.600805, 0.662886, 0.446782));
#2263 = POLY_LOOP('', (#140, #268, #270));
#2264 = FACE_OUTER_BOUND('', #2263, .T.);
#2265 = ADVANCED_FACE('', (#2264), #12, .T.);
#2266 = DIRECTION('', (-0.600805, 0.662886, 0.446782));
#2267 = POLY_LOOP('', (#140, #270, #142));
#2268 = FACE_OUTER_BOUND('', #2267, .T.);
#2269 = ADVANCED_FACE('', (#2268), #12, .T.);
#2270 = DIRECTION('', (-0.662886, 0.600805, 0.446782));
#2271 = POLY_LOOP('', (#142, #270, #272));
#2272 = FACE_OUTER_BOUND('', #2271, .T.);
#2273 = ADVANCED_FACE('', (#2272), #12, .T.);
#2274 = DIRECTION('', (-0.662886, 0.600805, 0.446782));
#2275 = POLY_LOOP('', (#142, #272, #144));
#2276 = FACE_OUTER_BOUND('', #2275, .T.);
#2277 = ADVANCED_FACE('', (#2276), #12, .T.);
#2278 = DIRECTION('', (-0.718584, 0.532938, 0.446782));
#2279 = POLY_LOOP('', (#144, #272, #274));
#2280 = FACE_OUTER_BOUND('', #2279, .T.);
#2281 = ADVANCED_FACE('', (#2280), #12, .T.);
#2282 = DIRECTION('', (-0.718584, 0.532938, 0.446782));
#2283 = POLY_LOOP('', (#144, #274, #146));
#2284 = FACE_OUTER_BOUND('', #2283, .T.);
#2285 = ADVANCED_FACE('', (#2284), #12, .T.);
#2286 = DIRECTION('', (-0.767361, 0.459938, 0.446782));
#2287 = POLY_LOOP('', (#146, #274, #276));
#2288 = FACE_OUTER_BOUND('', #2287, .T.);
#2289 = ADVANCED_FACE('', (#2288), #12, .T.);
#2290 = DIRECTION('', (-0.767361, 0.459938, 0.446782));
#2291 = POLY_LOOP('', (#146, #276, #148));
#2292 = FACE_OUTER_BOUND('', #2291, .T.);
#2293 = ADVANCED_FACE('', (#2292), #12, .T.);
#2294 = DIRECTION('', (-0.808747, 0.382509, 0.446782));
#2295 = POLY_LOOP('', (#148, #276, #278));
#2296 = FACE_OUTER_BOUND('', #2295, .T.);
#2297 = ADVANCED_FACE('', (#2296), #12, .T.);
#2298 = DIRECTION('', (-0.808747, 0.382509, 0.446782));
#2299 = POLY_LOOP('', (#148, #278, #150));
#2300 = FACE_OUTER_BOUND('', #2299, .T.);
#2301 = ADVANCED_FACE('', (#2300), #12, .T.);
#2302 = DIRECTION('', (-0.842345, 0.301396, 0.446782));
#2303 = POLY_LOOP('', (#150, #278, #280));
#2304 = FACE_OUTER_BOUND('', #2303, .T.);
#2305 = ADVANCED_FACE('', (#2304), #12, .T.);
#2306 = DIRECTION('', (-0.842345, 0.301396, 0.446782));
#2307 = POLY_LOOP('', (#150, #280, #152));
#2308 = FACE_OUTER_BOUND('', #2307, .T.);
#2309 = ADVANCED_FACE('', (#2308), #12, .T.);
#2310 = DIRECTION('', (-0.867831, 0.217380, 0.446782));
#2311 = POLY_LOOP('', (#152, #280, #282));
#2312 = FACE_OUTER_BOUND('', #2311, .T.);
#2313 = ADVANCED_FACE('', (#2312), #12, .T.);
#2314 = DIRECTION('', (-0.867831, 0.217380, 0.446782));
#2315 = POLY_LOOP('', (#152, #282, #154));
#2316 = FACE_OUTER_BOUND('', #2315, .T.);
#2317 = ADVANCED_FACE('', (#2316), #12, .T.);
#2318 = DIRECTION('', (-0.884959, 0.131271, 0.446782));
#2319 = POLY_LOOP('', (#154, #282, #284));
#2320 = FACE_OUTER_BOUND('', #2319, .T.);
#2321 = ADVANCED_FACE('', (#2320), #12, .T.);
#2322 = DIRECTION('', (-0.884959, 0.131271, 0.446782));
#2323 = POLY_LOOP('', (#154, #284, #156));
#2324 = FACE_OUTER_BOUND('', #2323, .T.);
#2325 = ADVANCED_FACE('', (#2324), #12, .T.);
#2326 = DIRECTION('', (-0.893565, 0.043898, 0.446782));
#2327 = POLY_LOOP('', (#156, #284, #158));
#2328 = FACE_OUTER_BOUND('', #2327, .T.);
#2329 = ADVANCED_FACE('', (#2328), #12, .T.);
#2330 = DIRECTION('', (-0.893565, 0.043898, 0.446782));
#2331 = POLY_LOOP('', (#156, #158, #30));
#2332 = FACE_OUTER_BOUND('', #2331, .T.);
#2333 = ADVANCED_FACE('', (#2332), #12, .T.);
#2334 = DIRECTION('', (-0.704655, -0.034617, 0.708705));
#2335 = POLY_LOOP('', (#158, #286, #288));
#2336 = FACE_OUTER_BOUND('', #2335, .T.);
#2337 = ADVANCED_FACE('', (#2336), #12, .T.);
#2338 = DIRECTION('', (-0.704655, -0.034617, 0.708705));
#2339 = POLY_LOOP('', (#158, #288, #160));
#2340 = FACE_OUTER_BOUND('', #2339, .T.);
#2341 = ADVANCED_FACE('', (#2340), #12, .T.);
#2342 = DIRECTION('', (-0.697869, -0.103519, 0.708705));
#2343 = POLY_LOOP('', (#160, #288, #290));
#2344 = FACE_OUTER_BOUND('', #2343, .T.);
#2345 = ADVANCED_FACE('', (#2344), #12, .T.);
#2346 = DIRECTION('', (-0.697869, -0.103519, 0.708705));
#2347 = POLY_LOOP('', (#160, #290, #162));
#2348 = FACE_OUTER_BOUND('', #2347, .T.);
#2349 = ADVANCED_FACE('', (#2348), #12, .T.);
#2350 = DIRECTION('', (-0.684362, -0.171424, 0.708705));
#2351 = POLY_LOOP('', (#162, #290, #292));
#2352 = FACE_OUTER_BOUND('', #2351, .T.);
#2353 = ADVANCED_FACE('', (#2352), #12, .T.);
#2354 = DIRECTION('', (-0.684362, -0.171424, 0.708705));
#2355 = POLY_LOOP('', (#162, #292, #164));
#2356 = FACE_OUTER_BOUND('', #2355, .T.);
#2357 = ADVANCED_FACE('', (#2356), #12, .T.);
#2358 = DIRECTION('', (-0.664264, -0.237677, 0.708705));
#2359 = POLY_LOOP('', (#164, #292, #294));
#2360 = FACE_OUTER_BOUND('', #2359, .T.);
#2361 = ADVANCED_FACE('', (#2360), #12, .T.);
#2362 = DIRECTION('', (-0.664264, -0.237677, 0.708705));
#2363 = POLY_LOOP('', (#164, #294, #166));
#2364 = FACE_OUTER_BOUND('', #2363, .T.);
#2365 = ADVANCED_FACE('', (#2364), #12, .T.);
#2366 = DIRECTION('', (-0.637769, -0.301642, 0.708705));
#2367 = POLY_LOOP('', (#166, #294, #296));
#2368 = FACE_OUTER_BOUND('', #2367, .T.);
#2369 = ADVANCED_FACE('', (#2368), #12, .T.);
#2370 = DIRECTION('', (-0.637769, -0.301642, 0.708705));
#2371 = POLY_LOOP('', (#166, #296, #168));
#2372 = FACE_OUTER_BOUND('', #2371, .T.);
#2373 = ADVANCED_FACE('', (#2372), #12, .T.);
#2374 = DIRECTION('', (-0.605132, -0.362702, 0.708705));
#2375 = POLY_LOOP('', (#168, #296, #298));
#2376 = FACE_OUTER_BOUND('', #2375, .T.);
#2377 = ADVANCED_FACE('', (#2376), #12, .T.);
#2378 = DIRECTION('', (-0.605132, -0.362702, 0.708705));
#2379 = POLY_LOOP('', (#168, #298, #170));
#2380 = FACE_OUTER_BOUND('', #2379, .T.);
#2381 = ADVANCED_FACE('', (#2380), #12, .T.);
#2382 = DIRECTION('', (-0.566667, -0.420269, 0.708705));
#2383 = POLY_LOOP('', (#170, #298, #300));
#2384 = FACE_OUTER_BOUND('', #2383, .T.);
#2385 = ADVANCED_FACE('', (#2384), #12, .T.);
#2386 = DIRECTION('', (-0.566667, -0.420269, 0.708705));
#2387 = POLY_LOOP('', (#170, #300, #172));
#2388 = FACE_OUTER_BOUND('', #2387, .T.);
#2389 = ADVANCED_FACE('', (#2388), #12, .T.);
#2390 = DIRECTION('', (-0.522745, -0.473788, 0.708705));
#2391 = POLY_LOOP('', (#172, #300, #302));
#2392 = FACE_OUTER_BOUND('', #2391, .T.);
#2393 = ADVANCED_FACE('', (#2392), #12, .T.);
#2394 = DIRECTION('', (-0.522745, -0.473788, 0.708705));
#2395 = POLY_LOOP('', (#172, #302, #174));
#2396 = FACE_OUTER_BOUND('', #2395, .T.);
#2397 = ADVANCED_FACE('', (#2396), #12, .T.);
#2398 = DIRECTION('', (-0.473788, -0.522745, 0.708705));
#2399 = POLY_LOOP('', (#174, #302, #304));
#2400 = FACE_OUTER_BOUND('', #2399, .T.);
#2401 = ADVANCED_FACE('', (#2400), #12, .T.);
#2402 = DIRECTION('', (-0.473788, -0.522745, 0.708705));
#2403 = POLY_LOOP('', (#174, #304, #176));
#2404 = FACE_OUTER_BOUND('', #2403, .T.);
#2405 = ADVANCED_FACE('', (#2404), #12, .T.);
#2406 = DIRECTION('', (-0.420269, -0.566667, 0.708705));
#2407 = POLY_LOOP('', (#176, #304, #306));
#2408 = FACE_OUTER_BOUND('', #2407, .T.);
#2409 = ADVANCED_FACE('', (#2408), #12, .T.);
#2410 = DIRECTION('', (-0.420269, -0.566667, 0.708705));
#2411 = POLY_LOOP('', (#176, #306, #178));
#2412 = FACE_OUTER_BOUND('', #2411, .T.);
#2413 = ADVANCED_FACE('', (#2412), #12, .T.);
#2414 = DIRECTION('', (-0.362702, -0.605132, 0.708705));
#2415 = POLY_LOOP('', (#178, #306, #308));
#2416 = FACE_OUTER_BOUND('', #2415, .T.);
#2417 = ADVANCED_FACE('', (#2416), #12, .T.);
#2418 = DIRECTION('', (-0.362702, -0.605132, 0.708705));
#2419 = POLY_LOOP('', (#178, #308, #180));
#2420 = FACE_OUTER_BOUND('', #2419, .T.);
#2421 = ADVANCED_FACE('', (#2420), #12, .T.);
#2422 = DIRECTION('', (-0.301642, -0.637769, 0.708705));
#2423 = POLY_LOOP('', (#180, #308, #310));
#2424 = FACE_OUTER_BOUND('', #2423, .T.);
#2425 = ADVANCED_FACE('', (#2424), #12, .T.);
#2426 = DIRECTION('', (-0.301642, -0.637769, 0.708705));
#2427 = POLY_LOOP('', (#180, #310, #182));
#2428 = FACE_OUTER_BOUND('', #2427, .T.);
#2429 = ADVANCED_FACE('', (#2428), #12, .T.);
#2430 = DIRECTION('', (-0.237677, -0.664264, 0.708705));
#2431 = POLY_LOOP('', (#182, #310, #312));
#2432 = FACE_OUTER_BOUND('', #2431, .T.);
#2433 = ADVANCED_FACE('', (#2432), #12, .T.);
#2434 = DIRECTION('', (-0.237677, -0.664264, 0.708705));
#2435 = POLY_LOOP('', (#182, #312, #184));
#2436 = FACE_OUTER_BOUND('', #2435, .T.);
#2437 = ADVANCED_FACE('', (#2436), #12, .T.);
#2438 = DIRECTION('', (-0.171424, -0.684362, 0.708705));
#2439 = POLY_LOOP('', (#184, #312, #314));
#2440 = FACE_OUTER_BOUND('', #2439, .T.);
#2441 = ADVANCED_FACE('', (#2440), #12, .T.);
#2442 = DIRECTION('', (-0.171424, -0.684362, 0.708705));
#2443 = POLY_LOOP('', (#184, #314, #186));
#2444 = FACE_OUTER_BOUND('', #2443, .T.);
#2445 = ADVANCED_FACE('', (#2444), #12, .T.);
#2446 = DIRECTION('', (-0.103519, -0.697869, 0.708705));
#2447 = POLY_LOOP('', (#186, #314, #316));
#2448 = FACE_OUTER_BOUND('', #2447, .T.);
#2449 = ADVANCED_FACE('', (#2448), #12, .T.);
#2450 = DIRECTION('', (-0.103519, -0.697869, 0.708705));
#2451 = POLY_LOOP('', (#186, #316, #188));
#2452 = FACE_OUTER_BOUND('', #2451, .T.);
#2453 = ADVANCED_FACE('', (#2452), #12, .T.);
#2454 = DIRECTION('', (-0.034617, -0.704655, 0.708705));
#2455 = POLY_LOOP('', (#188, #316, #318));
#2456 = FACE_OUTER_BOUND('', #2455, .T.);
#2457 = ADVANCED_FACE('', (#2456), #12, .T.);
#2458 = DIRECTION('', (-0.034617, -0.704655, 0.708705));
#2459 = POLY_LOOP('', (#188, #318, #190));
#2460 = FACE_OUTER_BOUND('', #2459, .T.);
#2461 = ADVANCED_FACE('', (#2460), #12, .T.);
#2462 = DIRECTION('', (0.034617, -0.704655, 0.708705));
#2463 = POLY_LOOP('', (#190, #318, #320));
#2464 = FACE_OUTER_BOUND('', #2463, .T.);
#2465 = ADVANCED_FACE('', (#2464), #12, .T.);
#2466 = DIRECTION('', (0.034617, -0.704655, 0.708705));
#2467 = POLY_LOOP('', (#190, #320, #192));
#2468 = FACE_OUTER_BOUND('', #2467, .T.);
#2469 = ADVANCED_FACE('', (#2468), #12, .T.);
#2470 = DIRECTION('', (0.103519, -0.697869, 0.708705));
#2471 = POLY_LOOP('', (#192, #320, #322));
#2472 = FACE_OUTER_BOUND('', #2471, .T.);
#2473 = ADVANCED_FACE('', (#2472), #12, .T.);
#2474 = DIRECTION('', (0.103519, -0.697869, 0.708705));
#2475 = POLY_LOOP('', (#192, #322, #194));
#2476 = FACE_OUTER_BOUND('', #2475, .T.);
#2477 = ADVANCED_FACE('', (#2476), #12, .T.);
#2478 = DIRECTION('', (0.171424, -0.684362, 0.708705));
#2479 = POLY_LOOP('', (#194, #322, #324));
#2480 = FACE_OUTER_BOUND('', #2479, .T.);
#2481 = ADVANCED_FACE('', (#2480), #12, .T.);
#2482 = DIRECTION('', (0.171424, -0.684362, 0.708705));
#2483 = POLY_LOOP('', (#194, #324, #196));
#2484 = FACE_OUTER_BOUND('', #2483, .T.);
#2485 = ADVANCED_FACE('', (#2484), #12, .T.);
#2486 = DIRECTION('', (0.237677, -0.664264, 0.708705));
#2487 = POLY_LOOP('', (#196, #324, #326));
#2488 = FACE_OUTER_BOUND('', #2487, .T.);
#2489 = ADVANCED_FACE('', (#2488), #12, .T.);
#2490 = DIRECTION('', (0.237677, -0.664264, 0.708705));
#2491 = POLY_LOOP('', (#196, #326, #198));
#2492 = FACE_OUTER_BOUND('', #2491, .T.);
#2493 = ADVANCED_FACE('', (#2492), #12, .T.);
#2494 = DIRECTION('', (0.301642, -0.637769, 0.708705));
#2495 = POLY_LOOP('', (#198, #326, #328));
#2496 = FACE_OUTER_BOUND('', #2495, .T.);
#2497 = ADVANCED_FACE('', (#2496), #12, .T.);
#2498 = DIRECTION('', (0.301642, -0.637769, 0.708705));
#2499 = POLY_LOOP('', (#198, #328, #200));
#2500 = FACE_OUTER_BOUND('', #2499, .T.);
#2501 = ADVANCED_FACE('', (#2500), #12, .T.);
#2502 = DIRECTION('', (0.362702, -0.605132, 0.708705));
#2503 = POLY_LOOP('', (#200, #328, #330));
#2504 = FACE_OUTER_BOUND('', #2503, .T.);
#2505 = ADVANCED_FACE('', (#2504), #12, .T.);
#2506 = DIRECTION('', (0.362702, -0.605132, 0.708705));
#2507 = POLY_LOOP('', (#200, #330, #202));
#2508 = FACE_OUTER_BOUND('', #2507, .T.);
#2509 = ADVANCED_FACE('', (#2508), #12, .T.);
#2510 = DIRECTION('', (0.420269, -0.566667, 0.708705));
#2511 = POLY_LOOP('', (#202, #330, #332));
#2512 = FACE_OUTER_BOUND('', #2511, .T.);
#2513 = ADVANCED_FACE('', (#2512), #12, .T.);
#2514 = DIRECTION('', (0.420269, -0.566667, 0.708705));
#2515 = POLY_LOOP('', (#202, #332, #204));
#2516 = FACE_OUTER_BOUND('', #2515, .T.);
#2517 = ADVANCED_FACE('', (#2516), #12, .T.);
#2518 = DIRECTION('', (0.473788, -0.522745, 0.708705));
#2519 = POLY_LOOP('', (#204, #332, #334));
#2520 = FACE_OUTER_BOUND('', #2519, .T.);
#2521 = ADVANCED_FACE('', (#2520), #12, .T.);
#2522 = DIRECTION('', (0.473788, -0.522745, 0.708705));
#2523 = POLY_LOOP('', (#204, #334, #206));
#2524 = FACE_OUTER_BOUND('', #2523, .T.);
#2525 = ADVANCED_FACE('', (#2524), #12, .T.);
#2526 = DIRECTION('', (0.522745, -0.473788, 0.708705));
#2527 = POLY_LOOP('', (#206, #334, #336));
#2528 = FACE_OUTER_BOUND('', #2527, .T.);
#2529 = ADVANCED_FACE('', (#2528), #12, .T.);
#2530 = DIRECTION('', (0.522745, -0.473788, 0.708705));
#2531 = POLY_LOOP('', (#206, #336, #208));
#2532 = FACE_OUTER_BOUND('', #2531, .T.);
#2533 = ADVANCED_FACE('', (#2532), #12, .T.);
#2534 = DIRECTION('', (0.566667, -0.420269, 0.708705));
#2535 = POLY_LOOP('', (#208, #336, #338));
#2536 = FACE_OUTER_BOUND('', #2535, .T.);
#2537 = ADVANCED_FACE('', (#2536), #12, .T.);
#2538 = DIRECTION('', (0.566667, -0.420269, 0.708705));
#2539 = POLY_LOOP('', (#208, #338, #210));
#2540 = FACE_OUTER_BOUND('', #2539, .T.);
#2541 = ADVANCED_FACE('', (#2540), #12, .T.);
#2542 = DIRECTION('', (0.605132, -0.362702, 0.708705));
#2543 = POLY_LOOP('', (#210, #338, #340));
#2544 = FACE_OUTER_BOUND('', #2543, .T.);
#2545 = ADVANCED_FACE('', (#2544), #12, .T.);
#2546 = DIRECTION('', (0.605132, -0.362702, 0.708705));
#2547 = POLY_LOOP('', (#210, #340, #212));
#2548 = FACE_OUTER_BOUND('', #2547, .T.);
#2549 = ADVANCED_FACE('', (#2548), #12, .T.);
#2550 = DIRECTION('', (0.637769, -0.301642, 0.708705));
#2551 = POLY_LOOP('', (#212, #340, #342));
#2552 = FACE_OUTER_BOUND('', #2551, .T.);
#2553 = ADVANCED_FACE('', (#2552), #12, .T.);
#2554 = DIRECTION('', (0.637769, -0.301642, 0.708705));
#2555 = POLY_LOOP('', (#212, #342, #214));
#2556 = FACE_OUTER_BOUND('', #2555, .T.);
#2557 = ADVANCED_FACE('', (#2556), #12, .T.);
#2558 = DIRECTION('', (0.664264, -0.237677, 0.708705));
#2559 = POLY_LOOP('', (#214, #342, #344));
#2560 = FACE_OUTER_BOUND('', #2559, .T.);
#2561 = ADVANCED_FACE('', (#2560), #12, .T.);
#2562 = DIRECTION('', (0.664264, -0.237677, 0.708705));
#2563 = POLY_LOOP('', (#214, #344, #216));
#2564 = FACE_OUTER_BOUND('', #2563, .T.);
#2565 = ADVANCED_FACE('', (#2564), #12, .T.);
#2566 = DIRECTION('', (0.684362, -0.171424, 0.708705));
#2567 = POLY_LOOP('', (#216, #344, #346));
#2568 = FACE_OUTER_BOUND('', #2567, .T.);
#2569 = ADVANCED_FACE('', (#2568), #12, .T.);
#2570 = DIRECTION('', (0.684362, -0.171424, 0.708705));
#2571 = POLY_LOOP('', (#216, #346, #218));
#2572 = FACE_OUTER_BOUND('', #2571, .T.);
#2573 = ADVANCED_FACE('', (#2572), #12, .T.);
#2574 = DIRECTION('', (0.697869, -0.103519, 0.708705));
#2575 = POLY_LOOP('', (#218, #346, #348));
#2576 = FACE_OUTER_BOUND('', #2575, .T.);
#2577 = ADVANCED_FACE('', (#2576), #12, .T.);
#2578 = DIRECTION('', (0.697869, -0.103519, 0.708705));
#2579 = POLY_LOOP('', (#218, #348, #220));
#2580 = FACE_OUTER_BOUND('', #2579, .T.);
#2581 = ADVANCED_FACE('', (#2580), #12, .T.);
#2582 = DIRECTION('', (0.704655, -0.034617, 0.708705));
#2583 = POLY_LOOP('', (#220, #348, #350));
#2584 = FACE_OUTER_BOUND('', #2583, .T.);
#2585 = ADVANCED_FACE('', (#2584), #12, .T.);
#2586 = DIRECTION('', (0.704655, -0.034617, 0.708705));
#2587 = POLY_LOOP('', (#220, #350, #222));
#2588 = FACE_OUTER_BOUND('', #2587, .T.);
#2589 = ADVANCED_FACE('', (#2588), #12, .T.);
#2590 = DIRECTION('', (0.704655, 0.034617, 0.708705));
#2591 = POLY_LOOP('', (#222, #350, #352));
#2592 = FACE_OUTER_BOUND('', #2591, .T.);
#2593 = ADVANCED_FACE('', (#2592), #12, .T.);
#2594 = DIRECTION('', (0.704655, 0.034617, 0.708705));
#2595 = POLY_LOOP('', (#222, #352, #224));
#2596 = FACE_OUTER_BOUND('', #2595, .T.);
#2597 = ADVANCED_FACE('', (#2596), #12, .T.);
#2598 = DIRECTION('', (0.697869, 0.103519, 0.708705));
#2599 = POLY_LOOP('', (#224, #352, #354));
#2600 = FACE_OUTER_BOUND('', #2599, .T.);
#2601 = ADVANCED_FACE('', (#2600), #12, .T.);
#2602 = DIRECTION('', (0.697869, 0.103519, 0.708705));
#2603 = POLY_LOOP('', (#224, #354, #226));
#2604 = FACE_OUTER_BOUND('', #2603, .T.);
#2605 = ADVANCED_FACE('', (#2604), #12, .T.);
#2606 = DIRECTION('', (0.684362, 0.171424, 0.708705));
#2607 = POLY_LOOP('', (#226, #354, #356));
#2608 = FACE_OUTER_BOUND('', #2607, .T.);
#2609 = ADVANCED_FACE('', (#2608), #12, .T.);
#2610 = DIRECTION('', (0.684362, 0.171424, 0.708705));
#2611 = POLY_LOOP('', (#226, #356, #228));
#2612 = FACE_OUTER_BOUND('', #2611, .T.);
#2613 = ADVANCED_FACE('', (#2612), #12, .T.);
#2614 = DIRECTION('', (0.664264, 0.237677, 0.708705));
#2615 = POLY_LOOP('', (#228, #356, #358));
#2616 = FACE_OUTER_BOUND('', #2615, .T.);
#2617 = ADVANCED_FACE('', (#2616), #12, .T.);
#2618 = DIRECTION('', (0.664264, 0.237677, 0.708705));
#2619 = POLY_LOOP('', (#228, #358, #230));
#2620 = FACE_OUTER_BOUND('', #2619, .T.);
#2621 = ADVANCED_FACE('', (#2620), #12, .T.);
#2622 = DIRECTION('', (0.637769, 0.301642, 0.708705));
#2623 = POLY_LOOP('', (#230, #358, #360));
#2624 = FACE_OUTER_BOUND('', #2623, .T.);
#2625 = ADVANCED_FACE('', (#2624), #12, .T.);
#2626 = DIRECTION('', (0.637769, 0.301642, 0.708705));
#2627 = POLY_LOOP('', (#230, #360, #232));
#2628 = FACE_OUTER_BOUND('', #2627, .T.);
#2629 = ADVANCED_FACE('', (#2628), #12, .T.);
#2630 = DIRECTION('', (0.605132, 0.362702, 0.708705));
#2631 = POLY_LOOP('', (#232, #360, #362));
#2632 = FACE_OUTER_BOUND('', #2631, .T.);
#2633 = ADVANCED_FACE('', (#2632), #12, .T.);
#2634 = DIRECTION('', (0.605132, 0.362702, 0.708705));
#2635 = POLY_LOOP('', (#232, #362, #234));
#2636 = FACE_OUTER_BOUND('', #2635, .T.);
#2637 = ADVANCED_FACE('', (#2636), #12, .T.);
#2638 = DIRECTION('', (0.566667, 0.420269, 0.708705));
#2639 = POLY_LOOP('', (#234, #362, #364));
#2640 = FACE_OUTER_BOUND('', #2639, .T.);
#2641 = ADVANCED_FACE('', (#2640), #12, .T.);
#2642 = DIRECTION('', (0.566667, 0.420269, 0.708705));
#2643 = POLY_LOOP('', (#234, #364, #236));
#2644 = FACE_OUTER_BOUND('', #2643, .T.);
#2645 = ADVANCED_FACE('', (#2644), #12, .T.);
#2646 = DIRECTION('', (0.522745, 0.473788, 0.708705));
#2647 = POLY_LOOP('', (#236, #364, #366));
#2648 = FACE_OUTER_BOUND('', #2647, .T.);
#2649 = ADVANCED_FACE('', (#2648), #12, .T.);
#2650 = DIRECTION('', (0.522745, 0.473788, 0.708705));
#2651 = POLY_LOOP('', (#236, #366, #238));
#2652 = FACE_OUTER_BOUND('', #2651, .T.);
#2653 = ADVANCED_FACE('', (#2652), #12, .T.);
#2654 = DIRECTION('', (0.473788, 0.522745, 0.708705));
#2655 = POLY_LOOP('', (#238, #366, #368));
#2656 = FACE_OUTER_BOUND('', #2655, .T.);
#2657 = ADVANCED_FACE('', (#2656), #12, .T.);
#2658 = DIRECTION('', (0.473788, 0.522745, 0.708705));
#2659 = POLY_LOOP('', (#238, #368, #240));
#2660 = FACE_OUTER_BOUND('', #2659, .T.);
#2661 = ADVANCED_FACE('', (#2660), #12, .T.);
#2662 = DIRECTION('', (0.420269, 0.566667, 0.708705));
#2663 = POLY_LOOP('', (#240, #368, #370));
#2664 = FACE_OUTER_BOUND('', #2663, .T.);
#2665 = ADVANCED_FACE('', (#2664), #12, .T.);
#2666 = DIRECTION('', (0.420269, 0.566667, 0.708705));
#2667 = POLY_LOOP('', (#240, #370, #242));
#2668 = FACE_OUTER_BOUND('', #2667, .T.);
#2669 = ADVANCED_FACE('', (#2668), #12, .T.);
#2670 = DIRECTION('', (0.362702, 0.605132, 0.708705));
#2671 = POLY_LOOP('', (#242, #370, #372));
#2672 = FACE_OUTER_BOUND('', #2671, .T.);
#2673 = ADVANCED_FACE('', (#2672), #12, .T.);
#2674 = DIRECTION('', (0.362702, 0.605132, 0.708705));
#2675 = POLY_LOOP('', (#242, #372, #244));
#2676 = FACE_OUTER_BOUND('', #2675, .T.);
#2677 = ADVANCED_FACE('', (#2676), #12, .T.);
#2678 = DIRECTION('', (0.301642, 0.637769, 0.708705));
#2679 = POLY_LOOP('', (#244, #372, #374));
#2680 = FACE_OUTER_BOUND('', #2679, .T.);
#2681 = ADVANCED_FACE('', (#2680), #12, .T.);
#2682 = DIRECTION('', (0.301642, 0.637769, 0.708705));
#2683 = POLY_LOOP('', (#244, #374, #246));
#2684 = FACE_OUTER_BOUND('', #2683, .T.);
#2685 = ADVANCED_FACE('', (#2684), #12, .T.);
#2686 = DIRECTION('', (0.237677, 0.664264, 0.708705));
#2687 = POLY_LOOP('', (#246, #374, #376));
#2688 = FACE_OUTER_BOUND('', #2687, .T.);
#2689 = ADVANCED_FACE('', (#2688), #12, .T.);
#2690 = DIRECTION('', (0.237677, 0.664264, 0.708705));
#2691 = POLY_LOOP('', (#246, #376, #248));
#2692 = FACE_OUTER_BOUND('', #2691, .T.);
#2693 = ADVANCED_FACE('', (#2692), #12, .T.);
#2694 = DIRECTION('', (0.171424, 0.684362, 0.708705));
#2695 = POLY_LOOP('', (#248, #376, #378));
#2696 = FACE_OUTER_BOUND('', #2695, .T.);
#2697 = ADVANCED_FACE('', (#2696), #12, .T.);
#2698 = DIRECTION('', (0.171424, 0.684362, 0.708705));
#2699 = POLY_LOOP('', (#248, #378, #250));
#2700 = FACE_OUTER_BOUND('', #2699, .T.);
#2701 = ADVANCED_FACE('', (#2700), #12, .T.);
#2702 = DIRECTION('', (0.103519, 0.697869, 0.708705));
#2703 = POLY_LOOP('', (#250, #378, #380));
#2704 = FACE_OUTER_BOUND('', #2703, .T.);
#2705 = ADVANCED_FACE('', (#2704), #12, .T.);
#2706 = DIRECTION('', (0.103519, 0.697869, 0.708705));
#2707 = POLY_LOOP('', (#250, #380, #252));
#2708 = FACE_OUTER_BOUND('', #2707, .T.);
#2709 = ADVANCED_FACE('', (#2708), #12, .T.);
#2710 = DIRECTION('', (0.034617, 0.704655, 0.708705));
#2711 = POLY_LOOP('', (#252, #380, #382));
#2712 = FACE_OUTER_BOUND('', #2711, .T.);
#2713 = ADVANCED_FACE('', (#2712), #12, .T.);
#2714 = DIRECTION('', (0.034617, 0.704655, 0.708705));
#2715 = POLY_LOOP('', (#252, #382, #254));
#2716 = FACE_OUTER_BOUND('', #2715, .T.);
#2717 = ADVANCED_FACE('', (#2716), #12, .T.);
#2718 = DIRECTION('', (-0.034617, 0.704655, 0.708705));
#2719 = POLY_LOOP('', (#254, #382, #384));
#2720 = FACE_OUTER_BOUND('', #2719, .T.);
#2721 = ADVANCED_FACE('', (#2720), #12, .T.);
#2722 = DIRECTION('', (-0.034617, 0.704655, 0.708705));
#2723 = POLY_LOOP('', (#254, #384, #256));
#2724 = FACE_OUTER_BOUND('', #2723, .T.);
#2725 = ADVANCED_FACE('', (#2724), #12, .T.);
#2726 = DIRECTION('', (-0.103519, 0.697869, 0.708705));
#2727 = POLY_LOOP('', (#256, #384, #386));
#2728 = FACE_OUTER_BOUND('', #2727, .T.);
#2729 = ADVANCED_FACE('', (#2728), #12, .T.);
#2730 = DIRECTION('', (-0.103519, 0.697869, 0.708705));
#2731 = POLY_LOOP('', (#256, #386, #258));
#2732 = FACE_OUTER_BOUND('', #2731, .T.);
#2733 = ADVANCED_FACE('', (#2732), #12, .T.);
#2734 = DIRECTION('', (-0.171424, 0.684362, 0.708705));
#2735 = POLY_LOOP('', (#258, #386, #388));
#2736 = FACE_OUTER_BOUND('', #2735, .T.);
#2737 = ADVANCED_FACE('', (#2736), #12, .T.);
#2738 = DIRECTION('', (-0.171424, 0.684362, 0.708705));
#2739 = POLY_LOOP('', (#258, #388, #260));
#2740 = FACE_OUTER_BOUND('', #2739, .T.);
#2741 = ADVANCED_FACE('', (#2740), #12, .T.);
#2742 = DIRECTION('', (-0.237677, 0.664264, 0.708705));
#2743 = POLY_LOOP('', (#260, #388, #390));
#2744 = FACE_OUTER_BOUND('', #2743, .T.);
#2745 = ADVANCED_FACE('', (#2744), #12, .T.);
#2746 = DIRECTION('', (-0.237677, 0.664264, 0.708705));
#2747 = POLY_LOOP('', (#260, #390, #262));
#2748 = FACE_OUTER_BOUND('', #2747, .T.);
#2749 = ADVANCED_FACE('', (#2748), #12, .T.);
#2750 = DIRECTION('', (-0.301642, 0.637769, 0.708705));
#2751 = POLY_LOOP('', (#262, #390, #392));
#2752 = FACE_OUTER_BOUND('', #2751, .T.);
#2753 = ADVANCED_FACE('', (#2752), #12, .T.);
#2754 = DIRECTION('', (-0.301642, 0.637769, 0.708705));
#2755 = POLY_LOOP('', (#262, #392, #264));
#2756 = FACE_OUTER_BOUND('', #2755, .T.);
#2757 = ADVANCED_FACE('', (#2756), #12, .T.);
#2758 = DIRECTION('', (-0.362702, 0.605132, 0.708705));
#2759 = POLY_LOOP('', (#264, #392, #394));
#2760 = FACE_OUTER_BOUND('', #2759, .T.);
#2761 = ADVANCED_FACE('', (#2760), #12, .T.);
#2762 = DIRECTION('', (-0.362702, 0.605132, 0.708705));
#2763 = POLY_LOOP('', (#264, #394, #266));
#2764 = FACE_OUTER_BOUND('', #2763, .T.);
#2765 = ADVANCED_FACE('', (#2764), #12, .T.);
#2766 = DIRECTION('', (-0.420269, 0.566667, 0.708705));
#2767 = POLY_LOOP('', (#266, #394, #396));
#2768 = FACE_OUTER_BOUND('', #2767, .T.);
#2769 = ADVANCED_FACE('', (#2768), #12, .T.);
#2770 = DIRECTION('', (-0.420269, 0.566667, 0.708705));
#2771 = POLY_LOOP('', (#266, #396, #268));
#2772 = FACE_OUTER_BOUND('', #2771, .T.);
#2773 = ADVANCED_FACE('', (#2772), #12, .T.);
#2774 = DIRECTION('', (-0.473788, 0.522745, 0.708705));
#2775 = POLY_LOOP('', (#268, #396, #398));
#2776 = FACE_OUTER_BOUND('', #2775, .T.);
#2777 = ADVANCED_FACE('', (#2776), #12, .T.);
#2778 = DIRECTION('', (-0.473788, 0.522745, 0.708705));
#2779 = POLY_LOOP('', (#268, #398, #270));
#2780 = FACE_OUTER_BOUND('', #2779, .T.);
#2781 = ADVANCED_FACE('', (#2780), #12, .T.);
#2782 = DIRECTION('', (-0.522745, 0.473788, 0.708705));
#2783 = POLY_LOOP('', (#270, #398, #400));
#2784 = FACE_OUTER_BOUND('', #2783, .T.);
#2785 = ADVANCED_FACE('', (#2784), #12, .T.);
#2786 = DIRECTION('', (-0.522745, 0.473788, 0.708705));
#2787 = POLY_LOOP('', (#270, #400, #272));
#2788 = FACE_OUTER_BOUND('', #2787, .T.);
#2789 = ADVANCED_FACE('', (#2788), #12, .T.);
#2790 = DIRECTION('', (-0.566667, 0.420269, 0.708705));
#2791 = POLY_LOOP('', (#272, #400, #402));
#2792 = FACE_OUTER_BOUND('', #2791, .T.);
#2793 = ADVANCED_FACE('', (#2792), #12, .T.);
#2794 = DIRECTION('', (-0.566667, 0.420269, 0.708705));
#2795 = POLY_LOOP('', (#272, #402, #274));
#2796 = FACE_OUTER_BOUND('', #2795, .T.);
#2797 = ADVANCED_FACE('', (#2796), #12, .T.);
#2798 = DIRECTION('', (-0.605132, 0.362702, 0.708705));
#2799 = POLY_LOOP('', (#274, #402, #404));
#2800 = FACE_OUTER_BOUND('', #2799, .T.);
#2801 = ADVANCED_FACE('', (#2800), #12, .T.);
#2802 = DIRECTION('', (-0.605132, 0.362702, 0.708705));
#2803 = POLY_LOOP('', (#274, #404, #276));
#2804 = FACE_OUTER_BOUND('', #2803, .T.);
#2805 = ADVANCED_FACE('', (#2804), #12, .T.);
#2806 = DIRECTION('', (-0.637769, 0.301642, 0.708705));
#2807 = POLY_LOOP('', (#276, #404, #406));
#2808 = FACE_OUTER_BOUND('', #2807, .T.);
#2809 = ADVANCED_FACE('', (#2808), #12, .T.);
#2810 = DIRECTION('', (-0.637769, 0.301642, 0.708705));
#2811 = POLY_LOOP('', (#276, #406, #278));
#2812 = FACE_OUTER_BOUND('', #2811, .T.);
#2813 = ADVANCED_FACE('', (#2812), #12, .T.);
#2814 = DIRECTION('', (-0.664264, 0.237677, 0.708705));
#2815 = POLY_LOOP('', (#278, #406, #408));
#2816 = FACE_OUTER_BOUND('', #2815, .T.);
#2817 = ADVANCED_FACE('', (#2816), #12, .T.);
#2818 = DIRECTION('', (-0.664264, 0.237677, 0.708705));
#2819 = POLY_LOOP('', (#278, #408, #280));
#2820 = FACE_OUTER_BOUND('', #2819, .T.);
#2821 = ADVANCED_FACE('', (#2820), #12, .T.);
#2822 = DIRECTION('', (-0.684362, 0.171424, 0.708705));
#2823 = POLY_LOOP('', (#280, #408, #410));
#2824 = FACE_OUTER_BOUND('', #2823, .T.);
#2825 = ADVANCED_FACE('', (#2824), #12, .T.);
#2826 = DIRECTION('', (-0.684362, 0.171424, 0.708705));
#2827 = POLY_LOOP('', (#280, #410, #282));
#2828 = FACE_OUTER_BOUND('', #2827, .T.);
#2829 = ADVANCED_FACE('', (#2828), #12, .T.);
#2830 = DIRECTION('', (-0.697869, 0.103519, 0.708705));
#2831 = POLY_LOOP('', (#282, #410, #412));
#2832 = FACE_OUTER_BOUND('', #2831, .T.);
#2833 = ADVANCED_FACE('', (#2832), #12, .T.);
#2834 = DIRECTION('', (-0.697869, 0.103519, 0.708705));
#2835 = POLY_LOOP('', (#282, #412, #284));
#2836 = FACE_OUTER_BOUND('', #2835, .T.);
#2837 = ADVANCED_FACE('', (#2836), #12, .T.);
#2838 = DIRECTION('', (-0.704655, 0.034617, 0.708705));
#2839 = POLY_LOOP('', (#284, #412, #286));
#2840 = FACE_OUTER_BOUND('', #2839, .T.);
#2841 = ADVANCED_FACE('', (#2840), #12, .T.);
#2842 = DIRECTION('', (-0.704655, 0.034617, 0.708705));
#2843 = POLY_LOOP('', (#284, #286, #158));
#2844 = FACE_OUTER_BOUND('', #2843, .T.);
#2845 = ADVANCED_FACE('', (#2844), #12, .T.);
#2846 = DIRECTION('', (-0.681935, -0.033501, 0.730645));
#2847 = POLY_LOOP('', (#286, #414, #416));
#2848 = FACE_OUTER_BOUND('', #2847, .T.);
#2849 = ADVANCED_FACE('', (#2848), #12, .T.);
#2850 = DIRECTION('', (-0.681935, -0.033501, 0.730645));
#2851 = POLY_LOOP('', (#286, #416, #288));
#2852 = FACE_OUTER_BOUND('', #2851, .T.);
#2853 = ADVANCED_FACE('', (#2852), #12, .T.);
#2854 = DIRECTION('', (-0.675368, -0.100181, 0.730645));
#2855 = POLY_LOOP('', (#288, #416, #418));
#2856 = FACE_OUTER_BOUND('', #2855, .T.);
#2857 = ADVANCED_FACE('', (#2856), #12, .T.);
#2858 = DIRECTION('', (-0.675368, -0.100181, 0.730645));
#2859 = POLY_LOOP('', (#288, #418, #290));
#2860 = FACE_OUTER_BOUND('', #2859, .T.);
#2861 = ADVANCED_FACE('', (#2860), #12, .T.);
#2862 = DIRECTION('', (-0.662296, -0.165897, 0.730645));
#2863 = POLY_LOOP('', (#290, #418, #420));
#2864 = FACE_OUTER_BOUND('', #2863, .T.);
#2865 = ADVANCED_FACE('', (#2864), #12, .T.);
#2866 = DIRECTION('', (-0.662296, -0.165897, 0.730645));
#2867 = POLY_LOOP('', (#290, #420, #292));
#2868 = FACE_OUTER_BOUND('', #2867, .T.);
#2869 = ADVANCED_FACE('', (#2868), #12, .T.);
#2870 = DIRECTION('', (-0.642846, -0.230014, 0.730645));
#2871 = POLY_LOOP('', (#292, #420, #422));
#2872 = FACE_OUTER_BOUND('', #2871, .T.);
#2873 = ADVANCED_FACE('', (#2872), #12, .T.);
#2874 = DIRECTION('', (-0.642846, -0.230014, 0.730645));
#2875 = POLY_LOOP('', (#292, #422, #294));
#2876 = FACE_OUTER_BOUND('', #2875, .T.);
#2877 = ADVANCED_FACE('', (#2876), #12, .T.);
#2878 = DIRECTION('', (-0.617206, -0.291917, 0.730645));
#2879 = POLY_LOOP('', (#294, #422, #424));
#2880 = FACE_OUTER_BOUND('', #2879, .T.);
#2881 = ADVANCED_FACE('', (#2880), #12, .T.);
#2882 = DIRECTION('', (-0.617206, -0.291917, 0.730645));
#2883 = POLY_LOOP('', (#294, #424, #296));
#2884 = FACE_OUTER_BOUND('', #2883, .T.);
#2885 = ADVANCED_FACE('', (#2884), #12, .T.);
#2886 = DIRECTION('', (-0.585621, -0.351008, 0.730645));
#2887 = POLY_LOOP('', (#296, #424, #426));
#2888 = FACE_OUTER_BOUND('', #2887, .T.);
#2889 = ADVANCED_FACE('', (#2888), #12, .T.);
#2890 = DIRECTION('', (-0.585621, -0.351008, 0.730645));
#2891 = POLY_LOOP('', (#296, #426, #298));
#2892 = FACE_OUTER_BOUND('', #2891, .T.);
#2893 = ADVANCED_FACE('', (#2892), #12, .T.);
#2894 = DIRECTION('', (-0.548396, -0.406718, 0.730645));
#2895 = POLY_LOOP('', (#298, #426, #428));
#2896 = FACE_OUTER_BOUND('', #2895, .T.);
#2897 = ADVANCED_FACE('', (#2896), #12, .T.);
#2898 = DIRECTION('', (-0.548396, -0.406718, 0.730645));
#2899 = POLY_LOOP('', (#298, #428, #300));
#2900 = FACE_OUTER_BOUND('', #2899, .T.);
#2901 = ADVANCED_FACE('', (#2900), #12, .T.);
#2902 = DIRECTION('', (-0.505890, -0.458512, 0.730645));
#2903 = POLY_LOOP('', (#300, #428, #430));
#2904 = FACE_OUTER_BOUND('', #2903, .T.);
#2905 = ADVANCED_FACE('', (#2904), #12, .T.);
#2906 = DIRECTION('', (-0.505890, -0.458512, 0.730645));
#2907 = POLY_LOOP('', (#300, #430, #302));
#2908 = FACE_OUTER_BOUND('', #2907, .T.);
#2909 = ADVANCED_FACE('', (#2908), #12, .T.);
#2910 = DIRECTION('', (-0.458512, -0.505890, 0.730645));
#2911 = POLY_LOOP('', (#302, #430, #432));
#2912 = FACE_OUTER_BOUND('', #2911, .T.);
#2913 = ADVANCED_FACE('', (#2912), #12, .T.);
#2914 = DIRECTION('', (-0.458512, -0.505890, 0.730645));
#2915 = POLY_LOOP('', (#302, #432, #304));
#2916 = FACE_OUTER_BOUND('', #2915, .T.);
#2917 = ADVANCED_FACE('', (#2916), #12, .T.);
#2918 = DIRECTION('', (-0.406718, -0.548396, 0.730645));
#2919 = POLY_LOOP('', (#304, #432, #434));
#2920 = FACE_OUTER_BOUND('', #2919, .T.);
#2921 = ADVANCED_FACE('', (#2920), #12, .T.);
#2922 = DIRECTION('', (-0.406718, -0.548396, 0.730645));
#2923 = POLY_LOOP('', (#304, #434, #306));
#2924 = FACE_OUTER_BOUND('', #2923, .T.);
#2925 = ADVANCED_FACE('', (#2924), #12, .T.);
#2926 = DIRECTION('', (-0.351008, -0.585621, 0.730645));
#2927 = POLY_LOOP('', (#306, #434, #436));
#2928 = FACE_OUTER_BOUND('', #2927, .T.);
#2929 = ADVANCED_FACE('', (#2928), #12, .T.);
#2930 = DIRECTION('', (-0.351008, -0.585621, 0.730645));
#2931 = POLY_LOOP('', (#306, #436, #308));
#2932 = FACE_OUTER_BOUND('', #2931, .T.);
#2933 = ADVANCED_FACE('', (#2932), #12, .T.);
#2934 = DIRECTION('', (-0.291917, -0.617206, 0.730645));
#2935 = POLY_LOOP('', (#308, #436, #438));
#2936 = FACE_OUTER_BOUND('', #2935, .T.);
#2937 = ADVANCED_FACE('', (#2936), #12, .T.);
#2938 = DIRECTION('', (-0.291917, -0.617206, 0.730645));
#2939 = POLY_LOOP('', (#308, #438, #310));
#2940 = FACE_OUTER_BOUND('', #2939, .T.);
#2941 = ADVANCED_FACE('', (#2940), #12, .T.);
#2942 = DIRECTION('', (-0.230014, -0.642846, 0.730645));
#2943 = POLY_LOOP('', (#310, #438, #440));
#2944 = FACE_OUTER_BOUND('', #2943, .T.);
#2945 = ADVANCED_FACE('', (#2944), #12, .T.);
#2946 = DIRECTION('', (-0.230014, -0.642846, 0.730645));
#2947 = POLY_LOOP('', (#310, #440, #312));
#2948 = FACE_OUTER_BOUND('', #2947, .T.);
#2949 = ADVANCED_FACE('', (#2948), #12, .T.);
#2950 = DIRECTION('', (-0.165897, -0.662296, 0.730645));
#2951 = POLY_LOOP('', (#312, #440, #442));
#2952 = FACE_OUTER_BOUND('', #2951, .T.);
#2953 = ADVANCED_FACE('', (#2952), #12, .T.);
#2954 = DIRECTION('', (-0.165897, -0.662296, 0.730645));
#2955 = POLY_LOOP('', (#312, #442, #314));
#2956 = FACE_OUTER_BOUND('', #2955, .T.);
#2957 = ADVANCED_FACE('', (#2956), #12, .T.);
#2958 = DIRECTION('', (-0.100181, -0.675368, 0.730645));
#2959 = POLY_LOOP('', (#314, #442, #444));
#2960 = FACE_OUTER_BOUND('', #2959, .T.);
#2961 = ADVANCED_FACE('', (#2960), #12, .T.);
#2962 = DIRECTION('', (-0.100181, -0.675368, 0.730645));
#2963 = POLY_LOOP('', (#314, #444, #316));
#2964 = FACE_OUTER_BOUND('', #2963, .T.);
#2965 = ADVANCED_FACE('', (#2964), #12, .T.);
#2966 = DIRECTION('', (-0.033501, -0.681935, 0.730645));
#2967 = POLY_LOOP('', (#316, #444, #446));
#2968 = FACE_OUTER_BOUND('', #2967, .T.);
#2969 = ADVANCED_FACE('', (#2968), #12, .T.);
#2970 = DIRECTION('', (-0.033501, -0.681935, 0.730645));
#2971 = POLY_LOOP('', (#316, #446, #318));
#2972 = FACE_OUTER_BOUND('', #2971, .T.);
#2973 = ADVANCED_FACE('', (#2972), #12, .T.);
#2974 = DIRECTION('', (0.033501, -0.681935, 0.730645));
#2975 = POLY_LOOP('', (#318, #446, #448));
#2976 = FACE_OUTER_BOUND('', #2975, .T.);
#2977 = ADVANCED_FACE('', (#2976), #12, .T.);
#2978 = DIRECTION('', (0.033501, -0.681935, 0.730645));
#2979 = POLY_LOOP('', (#318, #448, #320));
#2980 = FACE_OUTER_BOUND('', #2979, .T.);
#2981 = ADVANCED_FACE('', (#2980), #12, .T.);
#2982 = DIRECTION('', (0.100181, -0.675368, 0.730645));
#2983 = POLY_LOOP('', (#320, #448, #450));
#2984 = FACE_OUTER_BOUND('', #2983, .T.);
#2985 = ADVANCED_FACE('', (#2984), #12, .T.);
#2986 = DIRECTION('', (0.100181, -0.675368, 0.730645));
#2987 = POLY_LOOP('', (#320, #450, #322));
#2988 = FACE_OUTER_BOUND('', #2987, .T.);
#2989 = ADVANCED_FACE('', (#2988), #12, .T.);
#2990 = DIRECTION('', (0.165897, -0.662296, 0.730645));
#2991 = POLY_LOOP('', (#322, #450, #452));
#2992 = FACE_OUTER_BOUND('', #2991, .T.);
#2993 = ADVANCED_FACE('', (#2992), #12, .T.);
#2994 = DIRECTION('', (0.165897, -0.662296, 0.730645));
#2995 = POLY_LOOP('', (#322, #452, #324));
#2996 = FACE_OUTER_BOUND('', #2995, .T.);
#2997 = ADVANCED_FACE('', (#2996), #12, .T.);
#2998 = DIRECTION('', (0.230014, -0.642846, 0.730645));
#2999 = POLY_LOOP('', (#324, #452, #454));
#3000 = FACE_OUTER_BOUND('', #2999, .T.);
#3001 = ADVANCED_FACE('', (#3000), #12, .T.);
#3002 = DIRECTION('', (0.230014, -0.642846, 0.730645));
#3003 = POLY_LOOP('', (#324, #454, #326));
#3004 = FACE_OUTER_BOUND('', #3003, .T.);
#3005 = ADVANCED_FACE('', (#3004), #12, .T.);
#3006 = DIRECTION('', (0.291917, -0.617206, 0.730645));
#3007 = POLY_LOOP('', (#326, #454, #456));
#3008 = FACE_OUTER_BOUND('', #3007, .T.);
#3009 = ADVANCED_FACE('', (#3008), #12, .T.);
#3010 = DIRECTION('', (0.291917, -0.617206, 0.730645));
#3011 = POLY_LOOP('', (#326, #456, #328));
#3012 = FACE_OUTER_BOUND('', #3011, .T.);
#3013 = ADVANCED_FACE('', (#3012), #12, .T.);
#3014 = DIRECTION('', (0.351008, -0.585621, 0.730645));
#3015 = POLY_LOOP('', (#328, #456, #458));
#3016 = FACE_OUTER_BOUND('', #3015, .T.);
#3017 = ADVANCED_FACE('', (#3016), #12, .T.);
#3018 = DIRECTION('', (0.351008, -0.585621, 0.730645));
#3019 = POLY_LOOP('', (#328, #458, #330));
#3020 = FACE_OUTER_BOUND('', #3019, .T.);
#3021 = ADVANCED_FACE('', (#3020), #12, .T.);
#3022 = DIRECTION('', (0.406718, -0.548396, 0.730645));
#3023 = POLY_LOOP('', (#330, #458, #460));
#3024 = FACE_OUTER_BOUND('', #3023, .T.);
#3025 = ADVANCED_FACE('', (#3024), #12, .T.);
#3026 = DIRECTION('', (0.406718, -0.548396, 0.730645));
#3027 = POLY_LOOP('', (#330, #460, #332));
#3028 = FACE_OUTER_BOUND('', #3027, .T.);
#3029 = ADVANCED_FACE('', (#3028), #12, .T.);
#3030 = DIRECTION('', (0.458512, -0.505890, 0.730645));
#3031 = POLY_LOOP('', (#332, #460, #462));
#3032 = FACE_OUTER_BOUND('', #3031, .T.);
#3033 = ADVANCED_FACE('', (#3032), #12, .T.);
#3034 = DIRECTION('', (0.458512, -0.505890, 0.730645));
#3035 = POLY_LOOP('', (#332, #462, #334));
#3036 = FACE_OUTER_BOUND('', #3035, .T.);
#3037 = ADVANCED_FACE('', (#3036), #12, .T.);
#3038 = DIRECTION('', (0.505890, -0.458512, 0.730645));
#3039 = POLY_LOOP('', (#334, #462, #464));
#3040 = FACE_OUTER_BOUND('', #3039, .T.);
#3041 = ADVANCED_FACE('', (#3040), #12, .T.);
#3042 = DIRECTION('', (0.505890, -0.458512, 0.730645));
#3043 = POLY_LOOP('', (#334, #464, #336));
#3044 = FACE_OUTER_BOUND('', #3043, .T.);
#3045 = ADVANCED_FACE('', (#3044), #12, .T.);
#3046 = DIRECTION('', (0.548396, -0.406718, 0.730645));
#3047 = POLY_LOOP('', (#336, #464, #466));
#3048 = FACE_OUTER_BOUND('', #3047, .T.);
#3049 = ADVANCED_FACE('', (#3048), #12, .T.);
#3050 = DIRECTION('', (0.548396, -0.406718, 0.730645));
#3051 = POLY_LOOP('', (#336, #466, #338));
#3052 = FACE_OUTER_BOUND('', #3051, .T.);
#3053 = ADVANCED_FACE('', (#3052), #12, .T.);
#3054 = DIRECTION('', (0.585621, -0.351008, 0.730645));
#3055 = POLY_LOOP('', (#338, #466, #468));
#3056 = FACE_OUTER_BOUND('', #3055, .T.);
#3057 = ADVANCED_FACE('', (#3056), #12, .T.);
#3058 = DIRECTION('', (0.585621, -0.351008, 0.730645));
#3059 = POLY_LOOP('', (#338, #468, #340));
#3060 = FACE_OUTER_BOUND('', #3059, .T.);
#3061 = ADVANCED_FACE('', (#3060), #12, .T.);
#3062 = DIRECTION('', (0.617206, -0.291917, 0.730645));
#3063 = POLY_LOOP('', (#340, #468, #470));
#3064 = FACE_OUTER_BOUND('', #3063, .T.);
#3065 = ADVANCED_FACE('', (#3064), #12, .T.);
#3066 = DIRECTION('', (0.617206, -0.291917, 0.730645));
#3067 = POLY_LOOP('', (#340, #470, #342));
#3068 = FACE_OUTER_BOUND('', #3067, .T.);
#3069 = ADVANCED_FACE('', (#3068), #12, .T.);
#3070 = DIRECTION('', (0.642846, -0.230014, 0.730645));
#3071 = POLY_LOOP('', (#342, #470, #472));
#3072 = FACE_OUTER_BOUND('', #3071, .T.);
#3073 = ADVANCED_FACE('', (#3072), #12, .T.);
#3074 = DIRECTION('', (0.642846, -0.230014, 0.730645));
#3075 = POLY_LOOP('', (#342, #472, #344));
#3076 = FACE_OUTER_BOUND('', #3075, .T.);
#3077 = ADVANCED_FACE('', (#3076), #12, .T.);
#3078 = DIRECTION('', (0.662296, -0.165897, 0.730645));
#3079 = POLY_LOOP('', (#344, #472, #474));
#3080 = FACE_OUTER_BOUND('', #3079, .T.);
#3081 = ADVANCED_FACE('', (#3080), #12, .T.);
#3082 = DIRECTION('', (0.662296, -0.165897, 0.730645));
#3083 = POLY_LOOP('', (#344, #474, #346));
#3084 = FACE_OUTER_BOUND('', #3083, .T.);
#3085 = ADVANCED_FACE('', (#3084), #12, .T.);
#3086 = DIRECTION('', (0.675368, -0.100181, 0.730645));
#3087 = POLY_LOOP('', (#346, #474, #476));
#3088 = FACE_OUTER_BOUND('', #3087, .T.);
#3089 = ADVANCED_FACE('', (#3088), #12, .T.);
#3090 = DIRECTION('', (0.675368, -0.100181, 0.730645));
#3091 = POLY_LOOP('', (#346, #476, #348));
#3092 = FACE_OUTER_BOUND('', #3091, .T.);
#3093 = ADVANCED_FACE('', (#3092), #12, .T.);
#3094 = DIRECTION('', (0.681935, -0.033501, 0.730645));
#3095 = POLY_LOOP('', (#348, #476, #478));
#3096 = FACE_OUTER_BOUND('', #3095, .T.);
#3097 = ADVANCED_FACE('', (#3096), #12, .T.);
#3098 = DIRECTION('', (0.681935, -0.033501, 0.730645));
#3099 = POLY_LOOP('', (#348, #478, #350));
#3100 = FACE_OUTER_BOUND('', #3099, .T.);
#3101 = ADVANCED_FACE('', (#3100), #12, .T.);
#3102 = DIRECTION('', (0.681935, 0.033501, 0.730645));
#3103 = POLY_LOOP('', (#350, #478, #480));
#3104 = FACE_OUTER_BOUND('', #3103, .T.);
#3105 = ADVANCED_FACE('', (#3104), #12, .T.);
#3106 = DIRECTION('', (0.681935, 0.033501, 0.730645));
#3107 = POLY_LOOP('', (#350, #480, #352));
#3108 = FACE_OUTER_BOUND('', #3107, .T.);
#3109 = ADVANCED_FACE('', (#3108), #12, .T.);
#3110 = DIRECTION('', (0.675368, 0.100181, 0.730645));
#3111 = POLY_LOOP('', (#352, #480, #482));
#3112 = FACE_OUTER_BOUND('', #3111, .T.);
#3113 = ADVANCED_FACE('', (#3112), #12, .T.);
#3114 = DIRECTION('', (0.675368, 0.100181, 0.730645));
#3115 = POLY_LOOP('', (#352, #482, #354));
#3116 = FACE_OUTER_BOUND('', #3115, .T.);
#3117 = ADVANCED_FACE('', (#3116), #12, .T.);
#3118 = DIRECTION('', (0.662296, 0.165897, 0.730645));
#3119 = POLY_LOOP('', (#354, #482, #484));
#3120 = FACE_OUTER_BOUND('', #3119, .T.);
#3121 = ADVANCED_FACE('', (#3120), #12, .T.);
#3122 = DIRECTION('', (0.662296, 0.165897, 0.730645));
#3123 = POLY_LOOP('', (#354, #484, #356));
#3124 = FACE_OUTER_BOUND('', #3123, .T.);
#3125 = ADVANCED_FACE('', (#3124), #12, .T.);
#3126 = DIRECTION('', (0.642846, 0.230014, 0.730645));
#3127 = POLY_LOOP('', (#356, #484, #486));
#3128 = FACE_OUTER_BOUND('', #3127, .T.);
#3129 = ADVANCED_FACE('', (#3128), #12, .T.);
#3130 = DIRECTION('', (0.642846, 0.230014, 0.730645));
#3131 = POLY_LOOP('', (#356, #486, #358));
#3132 = FACE_OUTER_BOUND('', #3131, .T.);
#3133 = ADVANCED_FACE('', (#3132), #12, .T.);
#3134 = DIRECTION('', (0.617206, 0.291917, 0.730645));
#3135 = POLY_LOOP('', (#358, #486, #488));
#3136 = FACE_OUTER_BOUND('', #3135, .T.);
#3137 = ADVANCED_FACE('', (#3136), #12, .T.);
#3138 = DIRECTION('', (0.617206, 0.291917, 0.730645));
#3139 = POLY_LOOP('', (#358, #488, #360));
#3140 = FACE_OUTER_BOUND('', #3139, .T.);
#3141 = ADVANCED_FACE('', (#3140), #12, .T.);
#3142 = DIRECTION('', (0.585621, 0.351008, 0.730645));
#3143 = POLY_LOOP('', (#360, #488, #490));
#3144 = FACE_OUTER_BOUND('', #3143, .T.);
#3145 = ADVANCED_FACE('', (#3144), #12, .T.);
#3146 = DIRECTION('', (0.585621, 0.351008, 0.730645));
#3147 = POLY_LOOP('', (#360, #490, #362));
#3148 = FACE_OUTER_BOUND('', #3147, .T.);
#3149 = ADVANCED_FACE('', (#3148), #12, .T.);
#3150 = DIRECTION('', (0.548396, 0.406718, 0.730645));
#3151 = POLY_LOOP('', (#362, #490, #492));
#3152 = FACE_OUTER_BOUND('', #3151, .T.);
#3153 = ADVANCED_FACE('', (#3152), #12, .T.);
#3154 = DIRECTION('', (0.548396, 0.406718, 0.730645));
#3155 = POLY_LOOP('', (#362, #492, #364));
#3156 = FACE_OUTER_BOUND('', #3155, .T.);
#3157 = ADVANCED_FACE('', (#3156), #12, .T.);
#3158 = DIRECTION('', (0.505890, 0.458512, 0.730645));
#3159 = POLY_LOOP('', (#364, #492, #494));
#3160 = FACE_OUTER_BOUND('', #3159, .T.);
#3161 = ADVANCED_FACE('', (#3160), #12, .T.);
#3162 = DIRECTION('', (0.505890, 0.458512, 0.730645));
#3163 = POLY_LOOP('', (#364, #494, #366));
#3164 = FACE_OUTER_BOUND('', #3163, .T.);
#3165 = ADVANCED_FACE('', (#3164), #12, .T.);
#3166 = DIRECTION('', (0.458512, 0.505890, 0.730645));
#3167 = POLY_LOOP('', (#366, #494, #496));
#3168 = FACE_OUTER_BOUND('', #3167, .T.);
#3169 = ADVANCED_FACE('', (#3168), #12, .T.);
#3170 = DIRECTION('', (0.458512, 0.505890, 0.730645));
#3171 = POLY_LOOP('', (#366, #496, #368));
#3172 = FACE_OUTER_BOUND('', #3171, .T.);
#3173 = ADVANCED_FACE('', (#3172), #12, .T.);
#3174 = DIRECTION('', (0.406718, 0.548396, 0.730645));
#3175 = POLY_LOOP('', (#368, #496, #498));
#3176 = FACE_OUTER_BOUND('', #3175, .T.);
#3177 = ADVANCED_FACE('', (#3176), #12, .T.);
#3178 = DIRECTION('', (0.406718, 0.548396, 0.730645));
#3179 = POLY_LOOP('', (#368, #498, #370));
#3180 = FACE_OUTER_BOUND('', #3179, .T.);
#3181 = ADVANCED_FACE('', (#3180), #12, .T.);
#3182 = DIRECTION('', (0.351008, 0.585621, 0.730645));
#3183 = POLY_LOOP('', (#370, #498, #500));
#3184 = FACE_OUTER_BOUND('', #3183, .T.);
#3185 = ADVANCED_FACE('', (#3184), #12, .T.);
#3186 = DIRECTION('', (0.351008, 0.585621, 0.730645));
#3187 = POLY_LOOP('', (#370, #500, #372));
#3188 = FACE_OUTER_BOUND('', #3187, .T.);
#3189 = ADVANCED_FACE('', (#3188), #12, .T.);
#3190 = DIRECTION('', (0.291917, 0.617206, 0.730645));
#3191 = POLY_LOOP('', (#372, #500, #502));
#3192 = FACE_OUTER_BOUND('', #3191, .T.);
#3193 = ADVANCED_FACE('', (#3192), #12, .T.);
#3194 = DIRECTION('', (0.291917, 0.617206, 0.730645));
#3195 = POLY_LOOP('', (#372, #502, #374));
#3196 = FACE_OUTER_BOUND('', #3195, .T.);
#3197 = ADVANCED_FACE('', (#3196), #12, .T.);
#3198 = DIRECTION('', (0.230014, 0.642846, 0.730645));
#3199 = POLY_LOOP('', (#374, #502, #504));
#3200 = FACE_OUTER_BOUND('', #3199, .T.);
#3201 = ADVANCED_FACE('', (#3200), #12, .T.);
#3202 = DIRECTION('', (0.230014, 0.642846, 0.730645));
#3203 = POLY_LOOP('', (#374, #504, #376));
#3204 = FACE_OUTER_BOUND('', #3203, .T.);
#3205 = ADVANCED_FACE('', (#3204), #12, .T.);
#3206 = DIRECTION('', (0.165897, 0.662296, 0.730645));
#3207 = POLY_LOOP('', (#376, #504, #506));
#3208 = FACE_OUTER_BOUND('', #3207, .T.);
#3209 = ADVANCED_FACE('', (#3208), #12, .T.);
#3210 = DIRECTION('', (0.165897, 0.662296, 0.730645));
#3211 = POLY_LOOP('', (#376, #506, #378));
#3212 = FACE_OUTER_BOUND('', #3211, .T.);
#3213 = ADVANCED_FACE('', (#3212), #12, .T.);
#3214 = DIRECTION('', (0.100181, 0.675368, 0.730645));
#3215 = POLY_LOOP('', (#378, #506, #508));
#3216 = FACE_OUTER_BOUND('', #3215, .T.);
#3217 = ADVANCED_FACE('', (#3216), #12, .T.);
#3218 = DIRECTION('', (0.100181, 0.675368, 0.730645));
#3219 = POLY_LOOP('', (#378, #508, #380));
#3220 = FACE_OUTER_BOUND('', #3219, .T.);
#3221 = ADVANCED_FACE('', (#3220), #12, .T.);
#3222 = DIRECTION('', (0.033501, 0.681935, 0.730645));
#3223 = POLY_LOOP('', (#380, #508, #510));
#3224 = FACE_OUTER_BOUND('', #3223, .T.);
#3225 = ADVANCED_FACE('', (#3224), #12, .T.);
#3226 = DIRECTION('', (0.033501, 0.681935, 0.730645));
#3227 = POLY_LOOP('', (#380, #510, #382));
#3228 = FACE_OUTER_BOUND('', #3227, .T.);
#3229 = ADVANCED_FACE('', (#3228), #12, .T.);
#3230 = DIRECTION('', (-0.033501, 0.681935, 0.730645));
#3231 = POLY_LOOP('', (#382, #510, #512));
#3232 = FACE_OUTER_BOUND('', #3231, .T.);
#3233 = ADVANCED_FACE('', (#3232), #12, .T.);
#3234 = DIRECTION('', (-0.033501, 0.681935, 0.730645));
#3235 = POLY_LOOP('', (#382, #512, #384));
#3236 = FACE_OUTER_BOUND('', #3235, .T.);
#3237 = ADVANCED_FACE('', (#3236), #12, .T.);
#3238 = DIRECTION('', (-0.100181, 0.675368, 0.730645));
#3239 = POLY_LOOP('', (#384, #512, #514));
#3240 = FACE_OUTER_BOUND('', #3239, .T.);
#3241 = ADVANCED_FACE('', (#3240), #12, .T.);
#3242 = DIRECTION('', (-0.100181, 0.675368, 0.730645));
#3243 = POLY_LOOP('', (#384, #514, #386));
#3244 = FACE_OUTER_BOUND('', #3243, .T.);
#3245 = ADVANCED_FACE('', (#3244), #12, .T.);
#3246 = DIRECTION('', (-0.165897, 0.662296, 0.730645));
#3247 = POLY_LOOP('', (#386, #514, #516));
#3248 = FACE_OUTER_BOUND('', #3247, .T.);
#3249 = ADVANCED_FACE('', (#3248), #12, .T.);
#3250 = DIRECTION('', (-0.165897, 0.662296, 0.730645));
#3251 = POLY_LOOP('', (#386, #516, #388));
#3252 = FACE_OUTER_BOUND('', #3251, .T.);
#3253 = ADVANCED_FACE('', (#3252), #12, .T.);
#3254 = DIRECTION('', (-0.230014, 0.642846, 0.730645));
#3255 = POLY_LOOP('', (#388, #516, #518));
#3256 = FACE_OUTER_BOUND('', #3255, .T.);
#3257 = ADVANCED_FACE('', (#3256), #12, .T.);
#3258 = DIRECTION('', (-0.230014, 0.642846, 0.730645));
#3259 = POLY_LOOP('', (#388, #518, #390));
#3260 = FACE_OUTER_BOUND('', #3259, .T.);
#3261 = ADVANCED_FACE('', (#3260), #12, .T.);
#3262 = DIRECTION('', (-0.291917, 0.617206, 0.730645));
#3263 = POLY_LOOP('', (#390, #518, #520));
#3264 = FACE_OUTER_BOUND('', #3263, .T.);
#3265 = ADVANCED_FACE('', (#3264), #12, .T.);
#3266 = DIRECTION('', (-0.291917, 0.617206, 0.730645));
#3267 = POLY_LOOP('', (#390, #520, #392));
#3268 = FACE_OUTER_BOUND('', #3267, .T.);
#3269 = ADVANCED_FACE('', (#3268), #12, .T.);
#3270 = DIRECTION('', (-0.351008, 0.585621, 0.730645));
#3271 = POLY_LOOP('', (#392, #520, #522));
#3272 = FACE_OUTER_BOUND('', #3271, .T.);
#3273 = ADVANCED_FACE('', (#3272), #12, .T.);
#3274 = DIRECTION('', (-0.351008, 0.585621, 0.730645));
#3275 = POLY_LOOP('', (#392, #522, #394));
#3276 = FACE_OUTER_BOUND('', #3275, .T.);
#3277 = ADVANCED_FACE('', (#3276), #12, .T.);
#3278 = DIRECTION('', (-0.406718, 0.548396, 0.730645));
#3279 = POLY_LOOP('', (#394, #522, #524));
#3280 = FACE_OUTER_BOUND('', #3279, .T.);
#3281 = ADVANCED_FACE('', (#3280), #12, .T.);
#3282 = DIRECTION('', (-0.406718, 0.548396, 0.730645));
#3283 = POLY_LOOP('', (#394, #524, #396));
#3284 = FACE_OUTER_BOUND('', #3283, .T.);
#3285 = ADVANCED_FACE('', (#3284), #12, .T.);
#3286 = DIRECTION('', (-0.458512, 0.505890, 0.730645));
#3287 = POLY_LOOP('', (#396, #524, #526));
#3288 = FACE_OUTER_BOUND('', #3287, .T.);
#3289 = ADVANCED_FACE('', (#3288), #12, .T.);
#3290 = DIRECTION('', (-0.458512, 0.505890, 0.730645));
#3291 = POLY_LOOP('', (#396, #526, #398));
#3292 = FACE_OUTER_BOUND('', #3291, .T.);
#3293 = ADVANCED_FACE('', (#3292), #12, .T.);
#3294 = DIRECTION('', (-0.505890, 0.458512, 0.730645));
#3295 = POLY_LOOP('', (#398, #526, #528));
#3296 = FACE_OUTER_BOUND('', #3295, .T.);
#3297 = ADVANCED_FACE('', (#3296), #12, .T.);
#3298 = DIRECTION('', (-0.505890, 0.458512, 0.730645));
#3299 = POLY_LOOP('', (#398, #528, #400));
#3300 = FACE_OUTER_BOUND('', #3299, .T.);
#3301 = ADVANCED_FACE('', (#3300), #12, .T.);
#3302 = DIRECTION('', (-0.548396, 0.406718, 0.730645));
#3303 = POLY_LOOP('', (#400, #528, #530));
#3304 = FACE_OUTER_BOUND('', #3303, .T.);
#3305 = ADVANCED_FACE('', (#3304), #12, .T.);
#3306 = DIRECTION('', (-0.548396, 0.406718, 0.730645));
#3307 = POLY_LOOP('', (#400, #530, #402));
#3308 = FACE_OUTER_BOUND('', #3307, .T.);
#3309 = ADVANCED_FACE('', (#3308), #12, .T.);
#3310 = DIRECTION('', (-0.585621, 0.351008, 0.730645));
#3311 = POLY_LOOP('', (#402, #530, #532));
#3312 = FACE_OUTER_BOUND('', #3311, .T.);
#3313 = ADVANCED_FACE('', (#3312), #12, .T.);
#3314 = DIRECTION('', (-0.585621, 0.351008, 0.730645));
#3315 = POLY_LOOP('', (#402, #532, #404));
#3316 = FACE_OUTER_BOUND('', #3315, .T.);
#3317 = ADVANCED_FACE('', (#3316), #12, .T.);
#3318 = DIRECTION('', (-0.617206, 0.291917, 0.730645));
#3319 = POLY_LOOP('', (#404, #532, #534));
#3320 = FACE_OUTER_BOUND('', #3319, .T.);
#3321 = ADVANCED_FACE('', (#3320), #12, .T.);
#3322 = DIRECTION('', (-0.617206, 0.291917, 0.730645));
#3323 = POLY_LOOP('', (#404, #534, #406));
#3324 = FACE_OUTER_BOUND('', #3323, .T.);
#3325 = ADVANCED_FACE('', (#3324), #12, .T.);
#3326 = DIRECTION('', (-0.642846, 0.230014, 0.730645));
#3327 = POLY_LOOP('', (#406, #534, #536));
#3328 = FACE_OUTER_BOUND('', #3327, .T.);
#3329 = ADVANCED_FACE('', (#3328), #12, .T.);
#3330 = DIRECTION('', (-0.642846, 0.230014, 0.730645));
#3331 = POLY_LOOP('', (#406, #536, #408));
#3332 = FACE_OUTER_BOUND('', #3331, .T.);
#3333 = ADVANCED_FACE('', (#3332), #12, .T.);
#3334 = DIRECTION('', (-0.662296, 0.165897, 0.730645));
#3335 = POLY_LOOP('', (#408, #536, #538));
#3336 = FACE_OUTER_BOUND('', #3335, .T.);
#3337 = ADVANCED_FACE('', (#3336), #12, .T.);
#3338 = DIRECTION('', (-0.662296, 0.165897, 0.730645));
#3339 = POLY_LOOP('', (#408, #538, #410));
#3340 = FACE_OUTER_BOUND('', #3339, .T.);
#3341 = ADVANCED_FACE('', (#3340), #12, .T.);
#3342 = DIRECTION('', (-0.675368, 0.100181, 0.730645));
#3343 = POLY_LOOP('', (#410, #538, #540));
#3344 = FACE_OUTER_BOUND('', #3343, .T.);
#3345 = ADVANCED_FACE('', (#3344), #12, .T.);
#3346 = DIRECTION('', (-0.675368, 0.100181, 0.730645));
#3347 = POLY_LOOP('', (#410, #540, #412));
#3348 = FACE_OUTER_BOUND('', #3347, .T.);
#3349 = ADVANCED_FACE('', (#3348), #12, .T.);
#3350 = DIRECTION('', (-0.681935, 0.033501, 0.730645));
#3351 = POLY_LOOP('', (#412, #540, #414));
#3352 = FACE_OUTER_BOUND('', #3351, .T.);
#3353 = ADVANCED_FACE('', (#3352), #12, .T.);
#3354 = DIRECTION('', (-0.681935, 0.033501, 0.730645));
#3355 = POLY_LOOP('', (#412, #414, #286));
#3356 = FACE_OUTER_BOUND('', #3355, .T.);
#3357 = ADVANCED_FACE('', (#3356), #12, .T.);
#3358 = DIRECTION('', (-0.421342, -0.020699, 0.906666));
#3359 = POLY_LOOP('', (#414, #542, #544));
#3360 = FACE_OUTER_BOUND('', #3359, .T.);
#3361 = ADVANCED_FACE('', (#3360), #12, .T.);
#3362 = DIRECTION('', (-0.421342, -0.020699, 0.906666));
#3363 = POLY_LOOP('', (#414, #544, #416));
#3364 = FACE_OUTER_BOUND('', #3363, .T.);
#3365 = ADVANCED_FACE('', (#3364), #12, .T.);
#3366 = DIRECTION('', (-0.417284, -0.061898, 0.906666));
#3367 = POLY_LOOP('', (#416, #544, #546));
#3368 = FACE_OUTER_BOUND('', #3367, .T.);
#3369 = ADVANCED_FACE('', (#3368), #12, .T.);
#3370 = DIRECTION('', (-0.417284, -0.061898, 0.906666));
#3371 = POLY_LOOP('', (#416, #546, #418));
#3372 = FACE_OUTER_BOUND('', #3371, .T.);
#3373 = ADVANCED_FACE('', (#3372), #12, .T.);
#3374 = DIRECTION('', (-0.409208, -0.102501, 0.906666));
#3375 = POLY_LOOP('', (#418, #546, #548));
#3376 = FACE_OUTER_BOUND('', #3375, .T.);
#3377 = ADVANCED_FACE('', (#3376), #12, .T.);
#3378 = DIRECTION('', (-0.409208, -0.102501, 0.906666));
#3379 = POLY_LOOP('', (#418, #548, #420));
#3380 = FACE_OUTER_BOUND('', #3379, .T.);
#3381 = ADVANCED_FACE('', (#3380), #12, .T.);
#3382 = DIRECTION('', (-0.397190, -0.142117, 0.906666));
#3383 = POLY_LOOP('', (#420, #548, #550));
#3384 = FACE_OUTER_BOUND('', #3383, .T.);
#3385 = ADVANCED_FACE('', (#3384), #12, .T.);
#3386 = DIRECTION('', (-0.397190, -0.142117, 0.906666));
#3387 = POLY_LOOP('', (#420, #550, #422));
#3388 = FACE_OUTER_BOUND('', #3387, .T.);
#3389 = ADVANCED_FACE('', (#3388), #12, .T.);
#3390 = DIRECTION('', (-0.381348, -0.180364, 0.906666));
#3391 = POLY_LOOP('', (#422, #550, #552));
#3392 = FACE_OUTER_BOUND('', #3391, .T.);
#3393 = ADVANCED_FACE('', (#3392), #12, .T.);
#3394 = DIRECTION('', (-0.381348, -0.180364, 0.906666));
#3395 = POLY_LOOP('', (#422, #552, #424));
#3396 = FACE_OUTER_BOUND('', #3395, .T.);
#3397 = ADVANCED_FACE('', (#3396), #12, .T.);
#3398 = DIRECTION('', (-0.361833, -0.216874, 0.906666));
#3399 = POLY_LOOP('', (#424, #552, #554));
#3400 = FACE_OUTER_BOUND('', #3399, .T.);
#3401 = ADVANCED_FACE('', (#3400), #12, .T.);
#3402 = DIRECTION('', (-0.361833, -0.216874, 0.906666));
#3403 = POLY_LOOP('', (#424, #554, #426));
#3404 = FACE_OUTER_BOUND('', #3403, .T.);
#3405 = ADVANCED_FACE('', (#3404), #12, .T.);
#3406 = DIRECTION('', (-0.338833, -0.251296, 0.906666));
#3407 = POLY_LOOP('', (#426, #554, #556));
#3408 = FACE_OUTER_BOUND('', #3407, .T.);
#3409 = ADVANCED_FACE('', (#3408), #12, .T.);
#3410 = DIRECTION('', (-0.338833, -0.251296, 0.906666));
#3411 = POLY_LOOP('', (#426, #556, #428));
#3412 = FACE_OUTER_BOUND('', #3411, .T.);
#3413 = ADVANCED_FACE('', (#3412), #12, .T.);
#3414 = DIRECTION('', (-0.312570, -0.283297, 0.906666));
#3415 = POLY_LOOP('', (#428, #556, #558));
#3416 = FACE_OUTER_BOUND('', #3415, .T.);
#3417 = ADVANCED_FACE('', (#3416), #12, .T.);
#3418 = DIRECTION('', (-0.312570, -0.283297, 0.906666));
#3419 = POLY_LOOP('', (#428, #558, #430));
#3420 = FACE_OUTER_BOUND('', #3419, .T.);
#3421 = ADVANCED_FACE('', (#3420), #12, .T.);
#3422 = DIRECTION('', (-0.283297, -0.312570, 0.906666));
#3423 = POLY_LOOP('', (#430, #558, #560));
#3424 = FACE_OUTER_BOUND('', #3423, .T.);
#3425 = ADVANCED_FACE('', (#3424), #12, .T.);
#3426 = DIRECTION('', (-0.283297, -0.312570, 0.906666));
#3427 = POLY_LOOP('', (#430, #560, #432));
#3428 = FACE_OUTER_BOUND('', #3427, .T.);
#3429 = ADVANCED_FACE('', (#3428), #12, .T.);
#3430 = DIRECTION('', (-0.251296, -0.338833, 0.906666));
#3431 = POLY_LOOP('', (#432, #560, #562));
#3432 = FACE_OUTER_BOUND('', #3431, .T.);
#3433 = ADVANCED_FACE('', (#3432), #12, .T.);
#3434 = DIRECTION('', (-0.251296, -0.338833, 0.906666));
#3435 = POLY_LOOP('', (#432, #562, #434));
#3436 = FACE_OUTER_BOUND('', #3435, .T.);
#3437 = ADVANCED_FACE('', (#3436), #12, .T.);
#3438 = DIRECTION('', (-0.216874, -0.361833, 0.906666));
#3439 = POLY_LOOP('', (#434, #562, #564));
#3440 = FACE_OUTER_BOUND('', #3439, .T.);
#3441 = ADVANCED_FACE('', (#3440), #12, .T.);
#3442 = DIRECTION('', (-0.216874, -0.361833, 0.906666));
#3443 = POLY_LOOP('', (#434, #564, #436));
#3444 = FACE_OUTER_BOUND('', #3443, .T.);
#3445 = ADVANCED_FACE('', (#3444), #12, .T.);
#3446 = DIRECTION('', (-0.180364, -0.381348, 0.906666));
#3447 = POLY_LOOP('', (#436, #564, #566));
#3448 = FACE_OUTER_BOUND('', #3447, .T.);
#3449 = ADVANCED_FACE('', (#3448), #12, .T.);
#3450 = DIRECTION('', (-0.180364, -0.381348, 0.906666));
#3451 = POLY_LOOP('', (#436, #566, #438));
#3452 = FACE_OUTER_BOUND('', #3451, .T.);
#3453 = ADVANCED_FACE('', (#3452), #12, .T.);
#3454 = DIRECTION('', (-0.142117, -0.397190, 0.906666));
#3455 = POLY_LOOP('', (#438, #566, #568));
#3456 = FACE_OUTER_BOUND('', #3455, .T.);
#3457 = ADVANCED_FACE('', (#3456), #12, .T.);
#3458 = DIRECTION('', (-0.142117, -0.397190, 0.906666));
#3459 = POLY_LOOP('', (#438, #568, #440));
#3460 = FACE_OUTER_BOUND('', #3459, .T.);
#3461 = ADVANCED_FACE('', (#3460), #12, .T.);
#3462 = DIRECTION('', (-0.102501, -0.409208, 0.906666));
#3463 = POLY_LOOP('', (#440, #568, #570));
#3464 = FACE_OUTER_BOUND('', #3463, .T.);
#3465 = ADVANCED_FACE('', (#3464), #12, .T.);
#3466 = DIRECTION('', (-0.102501, -0.409208, 0.906666));
#3467 = POLY_LOOP('', (#440, #570, #442));
#3468 = FACE_OUTER_BOUND('', #3467, .T.);
#3469 = ADVANCED_FACE('', (#3468), #12, .T.);
#3470 = DIRECTION('', (-0.061898, -0.417284, 0.906666));
#3471 = POLY_LOOP('', (#442, #570, #572));
#3472 = FACE_OUTER_BOUND('', #3471, .T.);
#3473 = ADVANCED_FACE('', (#3472), #12, .T.);
#3474 = DIRECTION('', (-0.061898, -0.417284, 0.906666));
#3475 = POLY_LOOP('', (#442, #572, #444));
#3476 = FACE_OUTER_BOUND('', #3475, .T.);
#3477 = ADVANCED_FACE('', (#3476), #12, .T.);
#3478 = DIRECTION('', (-0.020699, -0.421342, 0.906666));
#3479 = POLY_LOOP('', (#444, #572, #574));
#3480 = FACE_OUTER_BOUND('', #3479, .T.);
#3481 = ADVANCED_FACE('', (#3480), #12, .T.);
#3482 = DIRECTION('', (-0.020699, -0.421342, 0.906666));
#3483 = POLY_LOOP('', (#444, #574, #446));
#3484 = FACE_OUTER_BOUND('', #3483, .T.);
#3485 = ADVANCED_FACE('', (#3484), #12, .T.);
#3486 = DIRECTION('', (0.020699, -0.421342, 0.906666));
#3487 = POLY_LOOP('', (#446, #574, #576));
#3488 = FACE_OUTER_BOUND('', #3487, .T.);
#3489 = ADVANCED_FACE('', (#3488), #12, .T.);
#3490 = DIRECTION('', (0.020699, -0.421342, 0.906666));
#3491 = POLY_LOOP('', (#446, #576, #448));
#3492 = FACE_OUTER_BOUND('', #3491, .T.);
#3493 = ADVANCED_FACE('', (#3492), #12, .T.);
#3494 = DIRECTION('', (0.061898, -0.417284, 0.906666));
#3495 = POLY_LOOP('', (#448, #576, #578));
#3496 = FACE_OUTER_BOUND('', #3495, .T.);
#3497 = ADVANCED_FACE('', (#3496), #12, .T.);
#3498 = DIRECTION('', (0.061898, -0.417284, 0.906666));
#3499 = POLY_LOOP('', (#448, #578, #450));
#3500 = FACE_OUTER_BOUND('', #3499, .T.);
#3501 = ADVANCED_FACE('', (#3500), #12, .T.);
#3502 = DIRECTION('', (0.102501, -0.409208, 0.906666));
#3503 = POLY_LOOP('', (#450, #578, #580));
#3504 = FACE_OUTER_BOUND('', #3503, .T.);
#3505 = ADVANCED_FACE('', (#3504), #12, .T.);
#3506 = DIRECTION('', (0.102501, -0.409208, 0.906666));
#3507 = POLY_LOOP('', (#450, #580, #452));
#3508 = FACE_OUTER_BOUND('', #3507, .T.);
#3509 = ADVANCED_FACE('', (#3508), #12, .T.);
#3510 = DIRECTION('', (0.142117, -0.397190, 0.906666));
#3511 = POLY_LOOP('', (#452, #580, #582));
#3512 = FACE_OUTER_BOUND('', #3511, .T.);
#3513 = ADVANCED_FACE('', (#3512), #12, .T.);
#3514 = DIRECTION('', (0.142117, -0.397190, 0.906666));
#3515 = POLY_LOOP('', (#452, #582, #454));
#3516 = FACE_OUTER_BOUND('', #3515, .T.);
#3517 = ADVANCED_FACE('', (#3516), #12, .T.);
#3518 = DIRECTION('', (0.180364, -0.381348, 0.906666));
#3519 = POLY_LOOP('', (#454, #582, #584));
#3520 = FACE_OUTER_BOUND('', #3519, .T.);
#3521 = ADVANCED_FACE('', (#3520), #12, .T.);
#3522 = DIRECTION('', (0.180364, -0.381348, 0.906666));
#3523 = POLY_LOOP('', (#454, #584, #456));
#3524 = FACE_OUTER_BOUND('', #3523, .T.);
#3525 = ADVANCED_FACE('', (#3524), #12, .T.);
#3526 = DIRECTION('', (0.216874, -0.361833, 0.906666));
#3527 = POLY_LOOP('', (#456, #584, #586));
#3528 = FACE_OUTER_BOUND('', #3527, .T.);
#3529 = ADVANCED_FACE('', (#3528), #12, .T.);
#3530 = DIRECTION('', (0.216874, -0.361833, 0.906666));
#3531 = POLY_LOOP('', (#456, #586, #458));
#3532 = FACE_OUTER_BOUND('', #3531, .T.);
#3533 = ADVANCED_FACE('', (#3532), #12, .T.);
#3534 = DIRECTION('', (0.251296, -0.338833, 0.906666));
#3535 = POLY_LOOP('', (#458, #586, #588));
#3536 = FACE_OUTER_BOUND('', #3535, .T.);
#3537 = ADVANCED_FACE('', (#3536), #12, .T.);
#3538 = DIRECTION('', (0.251296, -0.338833, 0.906666));
#3539 = POLY_LOOP('', (#458, #588, #460));
#3540 = FACE_OUTER_BOUND('', #3539, .T.);
#3541 = ADVANCED_FACE('', (#3540), #12, .T.);
#3542 = DIRECTION('', (0.283297, -0.312570, 0.906666));
#3543 = POLY_LOOP('', (#460, #588, #590));
#3544 = FACE_OUTER_BOUND('', #3543, .T.);
#3545 = ADVANCED_FACE('', (#3544), #12, .T.);
#3546 = DIRECTION('', (0.283297, -0.312570, 0.906666));
#3547 = POLY_LOOP('', (#460, #590, #462));
#3548 = FACE_OUTER_BOUND('', #3547, .T.);
#3549 = ADVANCED_FACE('', (#3548), #12, .T.);
#3550 = DIRECTION('', (0.312570, -0.283297, 0.906666));
#3551 = POLY_LOOP('', (#462, #590, #592));
#3552 = FACE_OUTER_BOUND('', #3551, .T.);
#3553 = ADVANCED_FACE('', (#3552), #12, .T.);
#3554 = DIRECTION('', (0.312570, -0.283297, 0.906666));
#3555 = POLY_LOOP('', (#462, #592, #464));
#3556 = FACE_OUTER_BOUND('', #3555, .T.);
#3557 = ADVANCED_FACE('', (#3556), #12, .T.);
#3558 = DIRECTION('', (0.338833, -0.251296, 0.906666));
#3559 = POLY_LOOP('', (#464, #592, #594));
#3560 = FACE_OUTER_BOUND('', #3559, .T.);
#3561 = ADVANCED_FACE('', (#3560), #12, .T.);
#3562 = DIRECTION('', (0.338833, -0.251296, 0.906666));
#3563 = POLY_LOOP('', (#464, #594, #466));
#3564 = FACE_OUTER_BOUND('', #3563, .T.);
#3565 = ADVANCED_FACE('', (#3564), #12, .T.);
#3566 = DIRECTION('', (0.361833, -0.216874, 0.906666));
#3567 = POLY_LOOP('', (#466, #594, #596));
#3568 = FACE_OUTER_BOUND('', #3567, .T.);
#3569 = ADVANCED_FACE('', (#3568), #12, .T.);
#3570 = DIRECTION('', (0.361833, -0.216874, 0.906666));
#3571 = POLY_LOOP('', (#466, #596, #468));
#3572 = FACE_OUTER_BOUND('', #3571, .T.);
#3573 = ADVANCED_FACE('', (#3572), #12, .T.);
#3574 = DIRECTION('', (0.381348, -0.180364, 0.906666));
#3575 = POLY_LOOP('', (#468, #596, #598));
#3576 = FACE_OUTER_BOUND('', #3575, .T.);
#3577 = ADVANCED_FACE('', (#3576), #12, .T.);
#3578 = DIRECTION('', (0.381348, -0.180364, 0.906666));
#3579 = POLY_LOOP('', (#468, #598, #470));
#3580 = FACE_OUTER_BOUND('', #3579, .T.);
#3581 = ADVANCED_FACE('', (#3580), #12, .T.);
#3582 = DIRECTION('', (0.397190, -0.142117, 0.906666));
#3583 = POLY_LOOP('', (#470, #598, #600));
#3584 = FACE_OUTER_BOUND('', #3583, .T.);
#3585 = ADVANCED_FACE('', (#3584), #12, .T.);
#3586 = DIRECTION('', (0.397190, -0.142117, 0.906666));
#3587 = POLY_LOOP('', (#470, #600, #472));
#3588 = FACE_OUTER_BOUND('', #3587, .T.);
#3589 = ADVANCED_FACE('', (#3588), #12, .T.);
#3590 = DIRECTION('', (0.409208, -0.102501, 0.906666));
#3591 = POLY_LOOP('', (#472, #600, #602));
#3592 = FACE_OUTER_BOUND('', #3591, .T.);
#3593 = ADVANCED_FACE('', (#3592), #12, .T.);
#3594 = DIRECTION('', (0.409208, -0.102501, 0.906666));
#3595 = POLY_LOOP('', (#472, #602, #474));
#3596 = FACE_OUTER_BOUND('', #3595, .T.);
#3597 = ADVANCED_FACE('', (#3596), #12, .T.);
#3598 = DIRECTION('', (0.417284, -0.061898, 0.906666));
#3599 = POLY_LOOP('', (#474, #602, #604));
#3600 = FACE_OUTER_BOUND('', #3599, .T.);
#3601 = ADVANCED_FACE('', (#3600), #12, .T.);
#3602 = DIRECTION('', (0.417284, -0.061898, 0.906666));
#3603 = POLY_LOOP('', (#474, #604, #476));
#3604 = FACE_OUTER_BOUND('', #3603, .T.);
#3605 = ADVANCED_FACE('', (#3604), #12, .T.);
#3606 = DIRECTION('', (0.421342, -0.020699, 0.906666));
#3607 = POLY_LOOP('', (#476, #604, #606));
#3608 = FACE_OUTER_BOUND('', #3607, .T.);
#3609 = ADVANCED_FACE('', (#3608), #12, .T.);
#3610 = DIRECTION('', (0.421342, -0.020699, 0.906666));
#3611 = POLY_LOOP('', (#476, #606, #478));
#3612 = FACE_OUTER_BOUND('', #3611, .T.);
#3613 = ADVANCED_FACE('', (#3612), #12, .T.);
#3614 = DIRECTION('', (0.421342, 0.020699, 0.906666));
#3615 = POLY_LOOP('', (#478, #606, #608));
#3616 = FACE_OUTER_BOUND('', #3615, .T.);
#3617 = ADVANCED_FACE('', (#3616), #12, .T.);
#3618 = DIRECTION('', (0.421342, 0.020699, 0.906666));
#3619 = POLY_LOOP('', (#478, #608, #480));
#3620 = FACE_OUTER_BOUND('', #3619, .T.);
#3621 = ADVANCED_FACE('', (#3620), #12, .T.);
#3622 = DIRECTION('', (0.417284, 0.061898, 0.906666));
#3623 = POLY_LOOP('', (#480, #608, #610));
#3624 = FACE_OUTER_BOUND('', #3623, .T.);
#3625 = ADVANCED_FACE('', (#3624), #12, .T.);
#3626 = DIRECTION('', (0.417284, 0.061898, 0.906666));
#3627 = POLY_LOOP('', (#480, #610, #482));
#3628 = FACE_OUTER_BOUND('', #3627, .T.);
#3629 = ADVANCED_FACE('', (#3628), #12, .T.);
#3630 = DIRECTION('', (0.409208, 0.102501, 0.906666));
#3631 = POLY_LOOP('', (#482, #610, #612));
#3632 = FACE_OUTER_BOUND('', #3631, .T.);
#3633 = ADVANCED_FACE('', (#3632), #12, .T.);
#3634 = DIRECTION('', (0.409208, 0.102501, 0.906666));
#3635 = POLY_LOOP('', (#482, #612, #484));
#3636 = FACE_OUTER_BOUND('', #3635, .T.);
#3637 = ADVANCED_FACE('', (#3636), #12, .T.);
#3638 = DIRECTION('', (0.397190, 0.142117, 0.906666));
#3639 = POLY_LOOP('', (#484, #612, #614));
#3640 = FACE_OUTER_BOUND('', #3639, .T.);
#3641 = ADVANCED_FACE('', (#3640), #12, .T.);
#3642 = DIRECTION('', (0.397190, 0.142117, 0.906666));
#3643 = POLY_LOOP('', (#484, #614, #486));
#3644 = FACE_OUTER_BOUND('', #3643, .T.);
#3645 = ADVANCED_FACE('', (#3644), #12, .T.);
#3646 = DIRECTION('', (0.381348, 0.180364, 0.906666));
#3647 = POLY_LOOP('', (#486, #614, #616));
#3648 = FACE_OUTER_BOUND('', #3647, .T.);
#3649 = ADVANCED_FACE('', (#3648), #12, .T.);
#3650 = DIRECTION('', (0.381348, 0.180364, 0.906666));
#3651 = POLY_LOOP('', (#486, #616, #488));
#3652 = FACE_OUTER_BOUND('', #3651, .T.);
#3653 = ADVANCED_FACE('', (#3652), #12, .T.);
#3654 = DIRECTION('', (0.361833, 0.216874, 0.906666));
#3655 = POLY_LOOP('', (#488, #616, #618));
#3656 = FACE_OUTER_BOUND('', #3655, .T.);
#3657 = ADVANCED_FACE('', (#3656), #12, .T.);
#3658 = DIRECTION('', (0.361833, 0.216874, 0.906666));
#3659 = POLY_LOOP('', (#488, #618, #490));
#3660 = FACE_OUTER_BOUND('', #3659, .T.);
#3661 = ADVANCED_FACE('', (#3660), #12, .T.);
#3662 = DIRECTION('', (0.338833, 0.251296, 0.906666));
#3663 = POLY_LOOP('', (#490, #618, #620));
#3664 = FACE_OUTER_BOUND('', #3663, .T.);
#3665 = ADVANCED_FACE('', (#3664), #12, .T.);
#3666 = DIRECTION('', (0.338833, 0.251296, 0.906666));
#3667 = POLY_LOOP('', (#490, #620, #492));
#3668 = FACE_OUTER_BOUND('', #3667, .T.);
#3669 = ADVANCED_FACE('', (#3668), #12, .T.);
#3670 = DIRECTION('', (0.312570, 0.283297, 0.906666));
#3671 = POLY_LOOP('', (#492, #620, #622));
#3672 = FACE_OUTER_BOUND('', #3671, .T.);
#3673 = ADVANCED_FACE('', (#3672), #12, .T.);
#3674 = DIRECTION('', (0.312570, 0.283297, 0.906666));
#3675 = POLY_LOOP('', (#492, #622, #494));
#3676 = FACE_OUTER_BOUND('', #3675, .T.);
#3677 = ADVANCED_FACE('', (#3676), #12, .T.);
#3678 = DIRECTION('', (0.283297, 0.312570, 0.906666));
#3679 = POLY_LOOP('', (#494, #622, #624));
#3680 = FACE_OUTER_BOUND('', #3679, .T.);
#3681 = ADVANCED_FACE('', (#3680), #12, .T.);
#3682 = DIRECTION('', (0.283297, 0.312570, 0.906666));
#3683 = POLY_LOOP('', (#494, #624, #496));
#3684 = FACE_OUTER_BOUND('', #3683, .T.);
#3685 = ADVANCED_FACE('', (#3684), #12, .T.);
#3686 = DIRECTION('', (0.251296, 0.338833, 0.906666));
#3687 = POLY_LOOP('', (#496, #624, #626));
#3688 = FACE_OUTER_BOUND('', #3687, .T.);
#3689 = ADVANCED_FACE('', (#3688), #12, .T.);
#3690 = DIRECTION('', (0.251296, 0.338833, 0.906666));
#3691 = POLY_LOOP('', (#496, #626, #498));
#3692 = FACE_OUTER_BOUND('', #3691, .T.);
#3693 = ADVANCED_FACE('', (#3692), #12, .T.);
#3694 = DIRECTION('', (0.216874, 0.361833, 0.906666));
#3695 = POLY_LOOP('', (#498, #626, #628));
#3696 = FACE_OUTER_BOUND('', #3695, .T.);
#3697 = ADVANCED_FACE('', (#3696), #12, .T.);
#3698 = DIRECTION('', (0.216874, 0.361833, 0.906666));
#3699 = POLY_LOOP('', (#498, #628, #500));
#3700 = FACE_OUTER_BOUND('', #3699, .T.);
#3701 = ADVANCED_FACE('', (#3700), #12, .T.);
#3702 = DIRECTION('', (0.180364, 0.381348, 0.906666));
#3703 = POLY_LOOP('', (#500, #628, #630));
#3704 = FACE_OUTER_BOUND('', #3703, .T.);
#3705 = ADVANCED_FACE('', (#3704), #12, .T.);
#3706 = DIRECTION('', (0.180364, 0.381348, 0.906666));
#3707 = POLY_LOOP('', (#500, #630, #502));
#3708 = FACE_OUTER_BOUND('', #3707, .T.);
#3709 = ADVANCED_FACE('', (#3708), #12, .T.);
#3710 = DIRECTION('', (0.142117, 0.397190, 0.906666));
#3711 = POLY_LOOP('', (#502, #630, #632));
#3712 = FACE_OUTER_BOUND('', #3711, .T.);
#3713 = ADVANCED_FACE('', (#3712), #12, .T.);
#3714 = DIRECTION('', (0.142117, 0.397190, 0.906666));
#3715 = POLY_LOOP('', (#502, #632, #504));
#3716 = FACE_OUTER_BOUND('', #3715, .T.);
#3717 = ADVANCED_FACE('', (#3716), #12, .T.);
#3718 = DIRECTION('', (0.102501, 0.409208, 0.906666));
#3719 = POLY_LOOP('', (#504, #632, #634));
#3720 = FACE_OUTER_BOUND('', #3719, .T.);
#3721 = ADVANCED_FACE('', (#3720), #12, .T.);
#3722 = DIRECTION('', (0.102501, 0.409208, 0.906666));
#3723 = POLY_LOOP('', (#504, #634, #506));
#3724 = FACE_OUTER_BOUND('', #3723, .T.);
#3725 = ADVANCED_FACE('', (#3724), #12, .T.);
#3726 = DIRECTION('', (0.061898, 0.417284, 0.906666));
#3727 = POLY_LOOP('', (#506, #634, #636));
#3728 = FACE_OUTER_BOUND('', #3727, .T.);
#3729 = ADVANCED_FACE('', (#3728), #12, .T.);
#3730 = DIRECTION('', (0.061898, 0.417284, 0.906666));
#3731 = POLY_LOOP('', (#506, #636, #508));
#3732 = FACE_OUTER_BOUND('', #3731, .T.);
#3733 = ADVANCED_FACE('', (#3732), #12, .T.);
#3734 = DIRECTION('', (0.020699, 0.421342, 0.906666));
#3735 = POLY_LOOP('', (#508, #636, #638));
#3736 = FACE_OUTER_BOUND('', #3735, .T.);
#3737 = ADVANCED_FACE('', (#3736), #12, .T.);
#3738 = DIRECTION('', (0.020699, 0.421342, 0.906666));
#3739 = POLY_LOOP('', (#508, #638, #510));
#3740 = FACE_OUTER_BOUND('', #3739, .T.);
#3741 = ADVANCED_FACE('', (#3740), #12, .T.);
#3742 = DIRECTION('', (-0.020699, 0.421342, 0.906666));
#3743 = POLY_LOOP('', (#510, #638, #640));
#3744 = FACE_OUTER_BOUND('', #3743, .T.);
#3745 = ADVANCED_FACE('', (#3744), #12, .T.);
#3746 = DIRECTION('', (-0.020699, 0.421342, 0.906666));
#3747 = POLY_LOOP('', (#510, #640, #512));
#3748 = FACE_OUTER_BOUND('', #3747, .T.);
#3749 = ADVANCED_FACE('', (#3748), #12, .T.);
#3750 = DIRECTION('', (-0.061898, 0.417284, 0.906666));
#3751 = POLY_LOOP('', (#512, #640, #642));
#3752 = FACE_OUTER_BOUND('', #3751, .T.);
#3753 = ADVANCED_FACE('', (#3752), #12, .T.);
#3754 = DIRECTION('', (-0.061898, 0.417284, 0.906666));
#3755 = POLY_LOOP('', (#512, #642, #514));
#3756 = FACE_OUTER_BOUND('', #3755, .T.);
#3757 = ADVANCED_FACE('', (#3756), #12, .T.);
#3758 = DIRECTION('', (-0.102501, 0.409208, 0.906666));
#3759 = POLY_LOOP('', (#514, #642, #644));
#3760 = FACE_OUTER_BOUND('', #3759, .T.);
#3761 = ADVANCED_FACE('', (#3760), #12, .T.);
#3762 = DIRECTION('', (-0.102501, 0.409208, 0.906666));
#3763 = POLY_LOOP('', (#514, #644, #516));
#3764 = FACE_OUTER_BOUND('', #3763, .T.);
#3765 = ADVANCED_FACE('', (#3764), #12, .T.);
#3766 = DIRECTION('', (-0.142117, 0.397190, 0.906666));
#3767 = POLY_LOOP('', (#516, #644, #646));
#3768 = FACE_OUTER_BOUND('', #3767, .T.);
#3769 = ADVANCED_FACE('', (#3768), #12, .T.);
#3770 = DIRECTION('', (-0.142117, 0.397190, 0.906666));
#3771 = POLY_LOOP('', (#516, #646, #518));
#3772 = FACE_OUTER_BOUND('', #3771, .T.);
#3773 = ADVANCED_FACE('', (#3772), #12, .T.);
#3774 = DIRECTION('', (-0.180364, 0.381348, 0.906666));
#3775 = POLY_LOOP('', (#518, #646, #648));
#3776 = FACE_OUTER_BOUND('', #3775, .T.);
#3777 = ADVANCED_FACE('', (#3776), #12, .T.);
#3778 = DIRECTION('', (-0.180364, 0.381348, 0.906666));
#3779 = POLY_LOOP('', (#518, #648, #520));
#3780 = FACE_OUTER_BOUND('', #3779, .T.);
#3781 = ADVANCED_FACE('', (#3780), #12, .T.);
#3782 = DIRECTION('', (-0.216874, 0.361833, 0.906666));
#3783 = POLY_LOOP('', (#520, #648, #650));
#3784 = FACE_OUTER_BOUND('', #3783, .T.);
#3785 = ADVANCED_FACE('', (#3784), #12, .T.);
#3786 = DIRECTION('', (-0.216874, 0.361833, 0.906666));
#3787 = POLY_LOOP('', (#520, #650, #522));
#3788 = FACE_OUTER_BOUND('', #3787, .T.);
#3789 = ADVANCED_FACE('', (#3788), #12, .T.);
#3790 = DIRECTION('', (-0.251296, 0.338833, 0.906666));
#3791 = POLY_LOOP('', (#522, #650, #652));
#3792 = FACE_OUTER_BOUND('', #3791, .T.);
#3793 = ADVANCED_FACE('', (#3792), #12, .T.);
#3794 = DIRECTION('', (-0.251296, 0.338833, 0.906666));
#3795 = POLY_LOOP('', (#522, #652, #524));
#3796 = FACE_OUTER_BOUND('', #3795, .T.);
#3797 = ADVANCED_FACE('', (#3796), #12, .T.);
#3798 = DIRECTION('', (-0.283297, 0.312570, 0.906666));
#3799 = POLY_LOOP('', (#524, #652, #654));
#3800 = FACE_OUTER_BOUND('', #3799, .T.);
#3801 = ADVANCED_FACE('', (#3800), #12, .T.);
#3802 = DIRECTION('', (-0.283297, 0.312570, 0.906666));
#3803 = POLY_LOOP('', (#524, #654, #526));
#3804 = FACE_OUTER_BOUND('', #3803, .T.);
#3805 = ADVANCED_FACE('', (#3804), #12, .T.);
#3806 = DIRECTION('', (-0.312570, 0.283297, 0.906666));
#3807 = POLY_LOOP('', (#526, #654, #656));
#3808 = FACE_OUTER_BOUND('', #3807, .T.);
#3809 = ADVANCED_FACE('', (#3808), #12, .T.);
#3810 = DIRECTION('', (-0.312570, 0.283297, 0.906666));
#3811 = POLY_LOOP('', (#526, #656, #528));
#3812 = FACE_OUTER_BOUND('', #3811, .T.);
#3813 = ADVANCED_FACE('', (#3812), #12, .T.);
#3814 = DIRECTION('', (-0.338833, 0.251296, 0.906666));
#3815 = POLY_LOOP('', (#528, #656, #658));
#3816 = FACE_OUTER_BOUND('', #3815, .T.);
#3817 = ADVANCED_FACE('', (#3816), #12, .T.);
#3818 = DIRECTION('', (-0.338833, 0.251296, 0.906666));
#3819 = POLY_LOOP('', (#528, #658, #530));
#3820 = FACE_OUTER_BOUND('', #3819, .T.);
#3821 = ADVANCED_FACE('', (#3820), #12, .T.);
#3822 = DIRECTION('', (-0.361833, 0.216874, 0.906666));
#3823 = POLY_LOOP('', (#530, #658, #660));
#3824 = FACE_OUTER_BOUND('', #3823, .T.);
#3825 = ADVANCED_FACE('', (#3824), #12, .T.);
#3826 = DIRECTION('', (-0.361833, 0.216874, 0.906666));
#3827 = POLY_LOOP('', (#530, #660, #532));
#3828 = FACE_OUTER_BOUND('', #3827, .T.);
#3829 = ADVANCED_FACE('', (#3828), #12, .T.);
#3830 = DIRECTION('', (-0.381348, 0.180364, 0.906666));
#3831 = POLY_LOOP('', (#532, #660, #662));
#3832 = FACE_OUTER_BOUND('', #3831, .T.);
#3833 = ADVANCED_FACE('', (#3832), #12, .T.);
#3834 = DIRECTION('', (-0.381348, 0.180364, 0.906666));
#3835 = POLY_LOOP('', (#532, #662, #534));
#3836 = FACE_OUTER_BOUND('', #3835, .T.);
#3837 = ADVANCED_FACE('', (#3836), #12, .T.);
#3838 = DIRECTION('', (-0.397190, 0.142117, 0.906666));
#3839 = POLY_LOOP('', (#534, #662, #664));
#3840 = FACE_OUTER_BOUND('', #3839, .T.);
#3841 = ADVANCED_FACE('', (#3840), #12, .T.);
#3842 = DIRECTION('', (-0.397190, 0.142117, 0.906666));
#3843 = POLY_LOOP('', (#534, #664, #536));
#3844 = FACE_OUTER_BOUND('', #3843, .T.);
#3845 = ADVANCED_FACE('', (#3844), #12, .T.);
#3846 = DIRECTION('', (-0.409208, 0.102501, 0.906666));
#3847 = POLY_LOOP('', (#536, #664, #666));
#3848 = FACE_OUTER_BOUND('', #3847, .T.);
#3849 = ADVANCED_FACE('', (#3848), #12, .T.);
#3850 = DIRECTION('', (-0.409208, 0.102501, 0.906666));
#3851 = POLY_LOOP('', (#536, #666, #538));
#3852 = FACE_OUTER_BOUND('', #3851, .T.);
#3853 = ADVANCED_FACE('', (#3852), #12, .T.);
#3854 = DIRECTION('', (-0.417284, 0.061898, 0.906666));
#3855 = POLY_LOOP('', (#538, #666, #668));
#3856 = FACE_OUTER_BOUND('', #3855, .T.);
#3857 = ADVANCED_FACE('', (#3856), #12, .T.);
#3858 = DIRECTION('', (-0.417284, 0.061898, 0.906666));
#3859 = POLY_LOOP('', (#538, #668, #540));
#3860 = FACE_OUTER_BOUND('', #3859, .T.);
#3861 = ADVANCED_FACE('', (#3860), #12, .T.);
#3862 = DIRECTION('', (-0.421342, 0.020699, 0.906666));
#3863 = POLY_LOOP('', (#540, #668, #542));
#3864 = FACE_OUTER_BOUND('', #3863, .T.);
#3865 = ADVANCED_FACE('', (#3864), #12, .T.);
#3866 = DIRECTION('', (-0.421342, 0.020699, 0.906666));
#3867 = POLY_LOOP('', (#540, #542, #414));
#3868 = FACE_OUTER_BOUND('', #3867, .T.);
#3869 = ADVANCED_FACE('', (#3868), #12, .T.);
#3870 = DIRECTION('', (-0.309309, -0.015195, 0.950840));
#3871 = POLY_LOOP('', (#542, #670, #672));
#3872 = FACE_OUTER_BOUND('', #3871, .T.);
#3873 = ADVANCED_FACE('', (#3872), #12, .T.);
#3874 = DIRECTION('', (-0.309309, -0.015195, 0.950840));
#3875 = POLY_LOOP('', (#542, #672, #544));
#3876 = FACE_OUTER_BOUND('', #3875, .T.);
#3877 = ADVANCED_FACE('', (#3876), #12, .T.);
#3878 = DIRECTION('', (-0.306330, -0.045440, 0.950840));
#3879 = POLY_LOOP('', (#544, #672, #674));
#3880 = FACE_OUTER_BOUND('', #3879, .T.);
#3881 = ADVANCED_FACE('', (#3880), #12, .T.);
#3882 = DIRECTION('', (-0.306330, -0.045440, 0.950840));
#3883 = POLY_LOOP('', (#544, #674, #546));
#3884 = FACE_OUTER_BOUND('', #3883, .T.);
#3885 = ADVANCED_FACE('', (#3884), #12, .T.);
#3886 = DIRECTION('', (-0.300401, -0.075247, 0.950840));
#3887 = POLY_LOOP('', (#546, #674, #676));
#3888 = FACE_OUTER_BOUND('', #3887, .T.);
#3889 = ADVANCED_FACE('', (#3888), #12, .T.);
#3890 = DIRECTION('', (-0.300401, -0.075247, 0.950840));
#3891 = POLY_LOOP('', (#546, #676, #548));
#3892 = FACE_OUTER_BOUND('', #3891, .T.);
#3893 = ADVANCED_FACE('', (#3892), #12, .T.);
#3894 = DIRECTION('', (-0.291579, -0.104329, 0.950840));
#3895 = POLY_LOOP('', (#548, #676, #678));
#3896 = FACE_OUTER_BOUND('', #3895, .T.);
#3897 = ADVANCED_FACE('', (#3896), #12, .T.);
#3898 = DIRECTION('', (-0.291579, -0.104329, 0.950840));
#3899 = POLY_LOOP('', (#548, #678, #550));
#3900 = FACE_OUTER_BOUND('', #3899, .T.);
#3901 = ADVANCED_FACE('', (#3900), #12, .T.);
#3902 = DIRECTION('', (-0.279949, -0.132406, 0.950840));
#3903 = POLY_LOOP('', (#550, #678, #680));
#3904 = FACE_OUTER_BOUND('', #3903, .T.);
#3905 = ADVANCED_FACE('', (#3904), #12, .T.);
#3906 = DIRECTION('', (-0.279949, -0.132406, 0.950840));
#3907 = POLY_LOOP('', (#550, #680, #552));
#3908 = FACE_OUTER_BOUND('', #3907, .T.);
#3909 = ADVANCED_FACE('', (#3908), #12, .T.);
#3910 = DIRECTION('', (-0.265623, -0.159209, 0.950840));
#3911 = POLY_LOOP('', (#552, #680, #682));
#3912 = FACE_OUTER_BOUND('', #3911, .T.);
#3913 = ADVANCED_FACE('', (#3912), #12, .T.);
#3914 = DIRECTION('', (-0.265623, -0.159209, 0.950840));
#3915 = POLY_LOOP('', (#552, #682, #554));
#3916 = FACE_OUTER_BOUND('', #3915, .T.);
#3917 = ADVANCED_FACE('', (#3916), #12, .T.);
#3918 = DIRECTION('', (-0.248739, -0.184478, 0.950840));
#3919 = POLY_LOOP('', (#554, #682, #684));
#3920 = FACE_OUTER_BOUND('', #3919, .T.);
#3921 = ADVANCED_FACE('', (#3920), #12, .T.);
#3922 = DIRECTION('', (-0.248739, -0.184478, 0.950840));
#3923 = POLY_LOOP('', (#554, #684, #556));
#3924 = FACE_OUTER_BOUND('', #3923, .T.);
#3925 = ADVANCED_FACE('', (#3924), #12, .T.);
#3926 = DIRECTION('', (-0.229459, -0.207970, 0.950840));
#3927 = POLY_LOOP('', (#556, #684, #686));
#3928 = FACE_OUTER_BOUND('', #3927, .T.);
#3929 = ADVANCED_FACE('', (#3928), #12, .T.);
#3930 = DIRECTION('', (-0.229459, -0.207970, 0.950840));
#3931 = POLY_LOOP('', (#556, #686, #558));
#3932 = FACE_OUTER_BOUND('', #3931, .T.);
#3933 = ADVANCED_FACE('', (#3932), #12, .T.);
#3934 = DIRECTION('', (-0.207970, -0.229459, 0.950840));
#3935 = POLY_LOOP('', (#558, #686, #688));
#3936 = FACE_OUTER_BOUND('', #3935, .T.);
#3937 = ADVANCED_FACE('', (#3936), #12, .T.);
#3938 = DIRECTION('', (-0.207970, -0.229459, 0.950840));
#3939 = POLY_LOOP('', (#558, #688, #560));
#3940 = FACE_OUTER_BOUND('', #3939, .T.);
#3941 = ADVANCED_FACE('', (#3940), #12, .T.);
#3942 = DIRECTION('', (-0.184478, -0.248739, 0.950840));
#3943 = POLY_LOOP('', (#560, #688, #690));
#3944 = FACE_OUTER_BOUND('', #3943, .T.);
#3945 = ADVANCED_FACE('', (#3944), #12, .T.);
#3946 = DIRECTION('', (-0.184478, -0.248739, 0.950840));
#3947 = POLY_LOOP('', (#560, #690, #562));
#3948 = FACE_OUTER_BOUND('', #3947, .T.);
#3949 = ADVANCED_FACE('', (#3948), #12, .T.);
#3950 = DIRECTION('', (-0.159209, -0.265623, 0.950840));
#3951 = POLY_LOOP('', (#562, #690, #692));
#3952 = FACE_OUTER_BOUND('', #3951, .T.);
#3953 = ADVANCED_FACE('', (#3952), #12, .T.);
#3954 = DIRECTION('', (-0.159209, -0.265623, 0.950840));
#3955 = POLY_LOOP('', (#562, #692, #564));
#3956 = FACE_OUTER_BOUND('', #3955, .T.);
#3957 = ADVANCED_FACE('', (#3956), #12, .T.);
#3958 = DIRECTION('', (-0.132406, -0.279949, 0.950840));
#3959 = POLY_LOOP('', (#564, #692, #694));
#3960 = FACE_OUTER_BOUND('', #3959, .T.);
#3961 = ADVANCED_FACE('', (#3960), #12, .T.);
#3962 = DIRECTION('', (-0.132406, -0.279949, 0.950840));
#3963 = POLY_LOOP('', (#564, #694, #566));
#3964 = FACE_OUTER_BOUND('', #3963, .T.);
#3965 = ADVANCED_FACE('', (#3964), #12, .T.);
#3966 = DIRECTION('', (-0.104329, -0.291579, 0.950840));
#3967 = POLY_LOOP('', (#566, #694, #696));
#3968 = FACE_OUTER_BOUND('', #3967, .T.);
#3969 = ADVANCED_FACE('', (#3968), #12, .T.);
#3970 = DIRECTION('', (-0.104329, -0.291579, 0.950840));
#3971 = POLY_LOOP('', (#566, #696, #568));
#3972 = FACE_OUTER_BOUND('', #3971, .T.);
#3973 = ADVANCED_FACE('', (#3972), #12, .T.);
#3974 = DIRECTION('', (-0.075247, -0.300401, 0.950840));
#3975 = POLY_LOOP('', (#568, #696, #698));
#3976 = FACE_OUTER_BOUND('', #3975, .T.);
#3977 = ADVANCED_FACE('', (#3976), #12, .T.);
#3978 = DIRECTION('', (-0.075247, -0.300401, 0.950840));
#3979 = POLY_LOOP('', (#568, #698, #570));
#3980 = FACE_OUTER_BOUND('', #3979, .T.);
#3981 = ADVANCED_FACE('', (#3980), #12, .T.);
#3982 = DIRECTION('', (-0.045440, -0.306330, 0.950840));
#3983 = POLY_LOOP('', (#570, #698, #700));
#3984 = FACE_OUTER_BOUND('', #3983, .T.);
#3985 = ADVANCED_FACE('', (#3984), #12, .T.);
#3986 = DIRECTION('', (-0.045440, -0.306330, 0.950840));
#3987 = POLY_LOOP('', (#570, #700, #572));
#3988 = FACE_OUTER_BOUND('', #3987, .T.);
#3989 = ADVANCED_FACE('', (#3988), #12, .T.);
#3990 = DIRECTION('', (-0.015195, -0.309309, 0.950840));
#3991 = POLY_LOOP('', (#572, #700, #702));
#3992 = FACE_OUTER_BOUND('', #3991, .T.);
#3993 = ADVANCED_FACE('', (#3992), #12, .T.);
#3994 = DIRECTION('', (-0.015195, -0.309309, 0.950840));
#3995 = POLY_LOOP('', (#572, #702, #574));
#3996 = FACE_OUTER_BOUND('', #3995, .T.);
#3997 = ADVANCED_FACE('', (#3996), #12, .T.);
#3998 = DIRECTION('', (0.015195, -0.309309, 0.950840));
#3999 = POLY_LOOP('', (#574, #702, #704));
#4000 = FACE_OUTER_BOUND('', #3999, .T.);
#4001 = ADVANCED_FACE('', (#4000), #12, .T.);
#4002 = DIRECTION('', (0.015195, -0.309309, 0.950840));
#4003 = POLY_LOOP('', (#574, #704, #576));
#4004 = FACE_OUTER_BOUND('', #4003, .T.);
#4005 = ADVANCED_FACE('', (#4004), #12, .T.);
#4006 = DIRECTION('', (0.045440, -0.306330, 0.950840));
#4007 = POLY_LOOP('', (#576, #704, #706));
#4008 = FACE_OUTER_BOUND('', #4007, .T.);
#4009 = ADVANCED_FACE('', (#4008), #12, .T.);
#4010 = DIRECTION('', (0.045440, -0.306330, 0.950840));
#4011 = POLY_LOOP('', (#576, #706, #578));
#4012 = FACE_OUTER_BOUND('', #4011, .T.);
#4013 = ADVANCED_FACE('', (#4012), #12, .T.);
#4014 = DIRECTION('', (0.075247, -0.300401, 0.950840));
#4015 = POLY_LOOP('', (#578, #706, #708));
#4016 = FACE_OUTER_BOUND('', #4015, .T.);
#4017 = ADVANCED_FACE('', (#4016), #12, .T.);
#4018 = DIRECTION('', (0.075247, -0.300401, 0.950840));
#4019 = POLY_LOOP('', (#578, #708, #580));
#4020 = FACE_OUTER_BOUND('', #4019, .T.);
#4021 = ADVANCED_FACE('', (#4020), #12, .T.);
#4022 = DIRECTION('', (0.104329, -0.291579, 0.950840));
#4023 = POLY_LOOP('', (#580, #708, #710));
#4024 = FACE_OUTER_BOUND('', #4023, .T.);
#4025 = ADVANCED_FACE('', (#4024), #12, .T.);
#4026 = DIRECTION('', (0.104329, -0.291579, 0.950840));
#4027 = POLY_LOOP('', (#580, #710, #582));
#4028 = FACE_OUTER_BOUND('', #4027, .T.);
#4029 = ADVANCED_FACE('', (#4028), #12, .T.);
#4030 = DIRECTION('', (0.132406, -0.279949, 0.950840));
#4031 = POLY_LOOP('', (#582, #710, #712));
#4032 = FACE_OUTER_BOUND('', #4031, .T.);
#4033 = ADVANCED_FACE('', (#4032), #12, .T.);
#4034 = DIRECTION('', (0.132406, -0.279949, 0.950840));
#4035 = POLY_LOOP('', (#582, #712, #584));
#4036 = FACE_OUTER_BOUND('', #4035, .T.);
#4037 = ADVANCED_FACE('', (#4036), #12, .T.);
#4038 = DIRECTION('', (0.159209, -0.265623, 0.950840));
#4039 = POLY_LOOP('', (#584, #712, #714));
#4040 = FACE_OUTER_BOUND('', #4039, .T.);
#4041 = ADVANCED_FACE('', (#4040), #12, .T.);
#4042 = DIRECTION('', (0.159209, -0.265623, 0.950840));
#4043 = POLY_LOOP('', (#584, #714, #586));
#4044 = FACE_OUTER_BOUND('', #4043, .T.);
#4045 = ADVANCED_FACE('', (#4044), #12, .T.);
#4046 = DIRECTION('', (0.184478, -0.248739, 0.950840));
#4047 = POLY_LOOP('', (#586, #714, #716));
#4048 = FACE_OUTER_BOUND('', #4047, .T.);
#4049 = ADVANCED_FACE('', (#4048), #12, .T.);
#4050 = DIRECTION('', (0.184478, -0.248739, 0.950840));
#4051 = POLY_LOOP('', (#586, #716, #588));
#4052 = FACE_OUTER_BOUND('', #4051, .T.);
#4053 = ADVANCED_FACE('', (#4052), #12, .T.);
#4054 = DIRECTION('', (0.207970, -0.229459, 0.950840));
#4055 = POLY_LOOP('', (#588, #716, #718));
#4056 = FACE_OUTER_BOUND('', #4055, .T.);
#4057 = ADVANCED_FACE('', (#4056), #12, .T.);
#4058 = DIRECTION('', (0.207970, -0.229459, 0.950840));
#4059 = POLY_LOOP('', (#588, #718, #590));
#4060 = FACE_OUTER_BOUND('', #4059, .T.);
#4061 = ADVANCED_FACE('', (#4060), #12, .T.);
#4062 = DIRECTION('', (0.229459, -0.207970, 0.950840));
#4063 = POLY_LOOP('', (#590, #718, #720));
#4064 = FACE_OUTER_BOUND('', #4063, .T.);
#4065 = ADVANCED_FACE('', (#4064), #12, .T.);
#4066 = DIRECTION('', (0.229459, -0.207970, 0.950840));
#4067 = POLY_LOOP('', (#590, #720, #592));
#4068 = FACE_OUTER_BOUND('', #4067, .T.);
#4069 = ADVANCED_FACE('', (#4068), #12, .T.);
#4070 = DIRECTION('', (0.248739, -0.184478, 0.950840));
#4071 = POLY_LOOP('', (#592, #720, #722));
#4072 = FACE_OUTER_BOUND('', #4071, .T.);
#4073 = ADVANCED_FACE('', (#4072), #12, .T.);
#4074 = DIRECTION('', (0.248739, -0.184478, 0.950840));
#4075 = POLY_LOOP('', (#592, #722, #594));
#4076 = FACE_OUTER_BOUND('', #4075, .T.);
#4077 = ADVANCED_FACE('', (#4076), #12, .T.);
#4078 = DIRECTION('', (0.265623, -0.159209, 0.950840));
#4079 = POLY_LOOP('', (#594, #722, #724));
#4080 = FACE_OUTER_BOUND('', #4079, .T.);
#4081 = ADVANCED_FACE('', (#4080), #12, .T.);
#4082 = DIRECTION('', (0.265623, -0.159209, 0.950840));
#4083 = POLY_LOOP('', (#594, #724, #596));
#4084 = FACE_OUTER_BOUND('', #4083, .T.);
#4085 = ADVANCED_FACE('', (#4084), #12, .T.);
#4086 = DIRECTION('', (0.279949, -0.132406, 0.950840));
#4087 = POLY_LOOP('', (#596, #724, #726));
#4088 = FACE_OUTER_BOUND('', #4087, .T.);
#4089 = ADVANCED_FACE('', (#4088), #12, .T.);
#4090 = DIRECTION('', (0.279949, -0.132406, 0.950840));
#4091 = POLY_LOOP('', (#596, #726, #598));
#4092 = FACE_OUTER_BOUND('', #4091, .T.);
#4093 = ADVANCED_FACE('', (#4092), #12, .T.);
#4094 = DIRECTION('', (0.291579, -0.104329, 0.950840));
#4095 = POLY_LOOP('', (#598, #726, #728));
#4096 = FACE_OUTER_BOUND('', #4095, .T.);
#4097 = ADVANCED_FACE('', (#4096), #12, .T.);
#4098 = DIRECTION('', (0.291579, -0.104329, 0.950840));
#4099 = POLY_LOOP('', (#598, #728, #600));
#4100 = FACE_OUTER_BOUND('', #4099, .T.);
#4101 = ADVANCED_FACE('', (#4100), #12, .T.);
#4102 = DIRECTION('', (0.300401, -0.075247, 0.950840));
#4103 = POLY_LOOP('', (#600, #728, #730));
#4104 = FACE_OUTER_BOUND('', #4103, .T.);
#4105 = ADVANCED_FACE('', (#4104), #12, .T.);
#4106 = DIRECTION('', (0.300401, -0.075247, 0.950840));
#4107 = POLY_LOOP('', (#600, #730, #602));
#4108 = FACE_OUTER_BOUND('', #4107, .T.);
#4109 = ADVANCED_FACE('', (#4108), #12, .T.);
#4110 = DIRECTION('', (0.306330, -0.045440, 0.950840));
#4111 = POLY_LOOP('', (#602, #730, #732));
#4112 = FACE_OUTER_BOUND('', #4111, .T.);
#4113 = ADVANCED_FACE('', (#4112), #12, .T.);
#4114 = DIRECTION('', (0.306330, -0.045440, 0.950840));
#4115 = POLY_LOOP('', (#602, #732, #604));
#4116 = FACE_OUTER_BOUND('', #4115, .T.);
#4117 = ADVANCED_FACE('', (#4116), #12, .T.);
#4118 = DIRECTION('', (0.309309, -0.015195, 0.950840));
#4119 = POLY_LOOP('', (#604, #732, #734));
#4120 = FACE_OUTER_BOUND('', #4119, .T.);
#4121 = ADVANCED_FACE('', (#4120), #12, .T.);
#4122 = DIRECTION('', (0.309309, -0.015195, 0.950840));
#4123 = POLY_LOOP('', (#604, #734, #606));
#4124 = FACE_OUTER_BOUND('', #4123, .T.);
#4125 = ADVANCED_FACE('', (#4124), #12, .T.);
#4126 = DIRECTION('', (0.309309, 0.015195, 0.950840));
#4127 = POLY_LOOP('', (#606, #734, #736));
#4128 = FACE_OUTER_BOUND('', #4127, .T.);
#4129 = ADVANCED_FACE('', (#4128), #12, .T.);
#4130 = DIRECTION('', (0.309309, 0.015195, 0.950840));
#4131 = POLY_LOOP('', (#606, #736, #608));
#4132 = FACE_OUTER_BOUND('', #4131, .T.);
#4133 = ADVANCED_FACE('', (#4132), #12, .T.);
#4134 = DIRECTION('', (0.306330, 0.045440, 0.950840));
#4135 = POLY_LOOP('', (#608, #736, #738));
#4136 = FACE_OUTER_BOUND('', #4135, .T.);
#4137 = ADVANCED_FACE('', (#4136), #12, .T.);
#4138 = DIRECTION('', (0.306330, 0.045440, 0.950840));
#4139 = POLY_LOOP('', (#608, #738, #610));
#4140 = FACE_OUTER_BOUND('', #4139, .T.);
#4141 = ADVANCED_FACE('', (#4140), #12, .T.);
#4142 = DIRECTION('', (0.300401, 0.075247, 0.950840));
#4143 = POLY_LOOP('', (#610, #738, #740));
#4144 = FACE_OUTER_BOUND('', #4143, .T.);
#4145 = ADVANCED_FACE('', (#4144), #12, .T.);
#4146 = DIRECTION('', (0.300401, 0.075247, 0.950840));
#4147 = POLY_LOOP('', (#610, #740, #612));
#4148 = FACE_OUTER_BOUND('', #4147, .T.);
#4149 = ADVANCED_FACE('', (#4148), #12, .T.);
#4150 = DIRECTION('', (0.291579, 0.104329, 0.950840));
#4151 = POLY_LOOP('', (#612, #740, #742));
#4152 = FACE_OUTER_BOUND('', #4151, .T.);
#4153 = ADVANCED_FACE('', (#4152), #12, .T.);
#4154 = DIRECTION('', (0.291579, 0.104329, 0.950840));
#4155 = POLY_LOOP('', (#612, #742, #614));
#4156 = FACE_OUTER_BOUND('', #4155, .T.);
#4157 = ADVANCED_FACE('', (#4156), #12, .T.);
#4158 = DIRECTION('', (0.279949, 0.132406, 0.950840));
#4159 = POLY_LOOP('', (#614, #742, #744));
#4160 = FACE_OUTER_BOUND('', #4159, .T.);
#4161 = ADVANCED_FACE('', (#4160), #12, .T.);
#4162 = DIRECTION('', (0.279949, 0.132406, 0.950840));
#4163 = POLY_LOOP('', (#614, #744, #616));
#4164 = FACE_OUTER_BOUND('', #4163, .T.);
#4165 = ADVANCED_FACE('', (#4164), #12, .T.);
#4166 = DIRECTION('', (0.265623, 0.159209, 0.950840));
#4167 = POLY_LOOP('', (#616, #744, #746));
#4168 = FACE_OUTER_BOUND('', #4167, .T.);
#4169 = ADVANCED_FACE('', (#4168), #12, .T.);
#4170 = DIRECTION('', (0.265623, 0.159209, 0.950840));
#4171 = POLY_LOOP('', (#616, #746, #618));
#4172 = FACE_OUTER_BOUND('', #4171, .T.);
#4173 = ADVANCED_FACE('', (#4172), #12, .T.);
#4174 = DIRECTION('', (0.248739, 0.184478, 0.950840));
#4175 = POLY_LOOP('', (#618, #746, #748));
#4176 = FACE_OUTER_BOUND('', #4175, .T.);
#4177 = ADVANCED_FACE('', (#4176), #12, .T.);
#4178 = DIRECTION('', (0.248739, 0.184478, 0.950840));
#4179 = POLY_LOOP('', (#618, #748, #620));
#4180 = FACE_OUTER_BOUND('', #4179, .T.);
#4181 = ADVANCED_FACE('', (#4180), #12, .T.);
#4182 = DIRECTION('', (0.229459, 0.207970, 0.950840));
#4183 = POLY_LOOP('', (#620, #748, #750));
#4184 = FACE_OUTER_BOUND('', #4183, .T.);
#4185 = ADVANCED_FACE('', (#4184), #12, .T.);
#4186 = DIRECTION('', (0.229459, 0.207970, 0.950840));
#4187 = POLY_LOOP('', (#620, #750, #622));
#4188 = FACE_OUTER_BOUND('', #4187, .T.);
#4189 = ADVANCED_FACE('', (#4188), #12, .T.);
#4190 = DIRECTION('', (0.207970, 0.229459, 0.950840));
#4191 = POLY_LOOP('', (#622, #750, #752));
#4192 = FACE_OUTER_BOUND('', #4191, .T.);
#4193 = ADVANCED_FACE('', (#4192), #12, .T.);
#4194 = DIRECTION('', (0.207970, 0.229459, 0.950840));
#4195 = POLY_LOOP('', (#622, #752, #624));
#4196 = FACE_OUTER_BOUND('', #4195, .T.);
#4197 = ADVANCED_FACE('', (#4196), #12, .T.);
#4198 = DIRECTION('', (0.184478, 0.248739, 0.950840));
#4199 = POLY_LOOP('', (#624, #752, #754));
#4200 = FACE_OUTER_BOUND('', #4199, .T.);
#4201 = ADVANCED_FACE('', (#4200), #12, .T.);
#4202 = DIRECTION('', (0.184478, 0.248739, 0.950840));
#4203 = POLY_LOOP('', (#624, #754, #626));
#4204 = FACE_OUTER_BOUND('', #4203, .T.);
#4205 = ADVANCED_FACE('', (#4204), #12, .T.);
#4206 = DIRECTION('', (0.159209, 0.265623, 0.950840));
#4207 = POLY_LOOP('', (#626, #754, #756));
#4208 = FACE_OUTER_BOUND('', #4207, .T.);
#4209 = ADVANCED_FACE('', (#4208), #12, .T.);
#4210 = DIRECTION('', (0.159209, 0.265623, 0.950840));
#4211 = POLY_LOOP('', (#626, #756, #628));
#4212 = FACE_OUTER_BOUND('', #4211, .T.);
#4213 = ADVANCED_FACE('', (#4212), #12, .T.);
#4214 = DIRECTION('', (0.132406, 0.279949, 0.950840));
#4215 = POLY_LOOP('', (#628, #756, #758));
#4216 = FACE_OUTER_BOUND('', #4215, .T.);
#4217 = ADVANCED_FACE('', (#4216), #12, .T.);
#4218 = DIRECTION('', (0.132406, 0.279949, 0.950840));
#4219 = POLY_LOOP('', (#628, #758, #630));
#4220 = FACE_OUTER_BOUND('', #4219, .T.);
#4221 = ADVANCED_FACE('', (#4220), #12, .T.);
#4222 = DIRECTION('', (0.104329, 0.291579, 0.950840));
#4223 = POLY_LOOP('', (#630, #758, #760));
#4224 = FACE_OUTER_BOUND('', #4223, .T.);
#4225 = ADVANCED_FACE('', (#4224), #12, .T.);
#4226 = DIRECTION('', (0.104329, 0.291579, 0.950840));
#4227 = POLY_LOOP('', (#630, #760, #632));
#4228 = FACE_OUTER_BOUND('', #4227, .T.);
#4229 = ADVANCED_FACE('', (#4228), #12, .T.);
#4230 = DIRECTION('', (0.075247, 0.300401, 0.950840));
#4231 = POLY_LOOP('', (#632, #760, #762));
#4232 = FACE_OUTER_BOUND('', #4231, .T.);
#4233 = ADVANCED_FACE('', (#4232), #12, .T.);
#4234 = DIRECTION('', (0.075247, 0.300401, 0.950840));
#4235 = POLY_LOOP('', (#632, #762, #634));
#4236 = FACE_OUTER_BOUND('', #4235, .T.);
#4237 = ADVANCED_FACE('', (#4236), #12, .T.);
#4238 = DIRECTION('', (0.045440, 0.306330, 0.950840));
#4239 = POLY_LOOP('', (#634, #762, #764));
#4240 = FACE_OUTER_BOUND('', #4239, .T.);
#4241 = ADVANCED_FACE('', (#4240), #12, .T.);
#4242 = DIRECTION('', (0.045440, 0.306330, 0.950840));
#4243 = POLY_LOOP('', (#634, #764, #636));
#4244 = FACE_OUTER_BOUND('', #4243, .T.);
#4245 = ADVANCED_FACE('', (#4244), #12, .T.);
#4246 = DIRECTION('', (0.015195, 0.309309, 0.950840));
#4247 = POLY_LOOP('', (#636, #764, #766));
#4248 = FACE_OUTER_BOUND('', #4247, .T.);
#4249 = ADVANCED_FACE('', (#4248), #12, .T.);
#4250 = DIRECTION('', (0.015195, 0.309309, 0.950840));
#4251 = POLY_LOOP('', (#636, #766, #638));
#4252 = FACE_OUTER_BOUND('', #4251, .T.);
#4253 = ADVANCED_FACE('', (#4252), #12, .T.);
#4254 = DIRECTION('', (-0.015195, 0.309309, 0.950840));
#4255 = POLY_LOOP('', (#638, #766, #768));
#4256 = FACE_OUTER_BOUND('', #4255, .T.);
#4257 = ADVANCED_FACE('', (#4256), #12, .T.);
#4258 = DIRECTION('', (-0.015195, 0.309309, 0.950840));
#4259 = POLY_LOOP('', (#638, #768, #640));
#4260 = FACE_OUTER_BOUND('', #4259, .T.);
#4261 = ADVANCED_FACE('', (#4260), #12, .T.);
#4262 = DIRECTION('', (-0.045440, 0.306330, 0.950840));
#4263 = POLY_LOOP('', (#640, #768, #770));
#4264 = FACE_OUTER_BOUND('', #4263, .T.);
#4265 = ADVANCED_FACE('', (#4264), #12, .T.);
#4266 = DIRECTION('', (-0.045440, 0.306330, 0.950840));
#4267 = POLY_LOOP('', (#640, #770, #642));
#4268 = FACE_OUTER_BOUND('', #4267, .T.);
#4269 = ADVANCED_FACE('', (#4268), #12, .T.);
#4270 = DIRECTION('', (-0.075247, 0.300401, 0.950840));
#4271 = POLY_LOOP('', (#642, #770, #772));
#4272 = FACE_OUTER_BOUND('', #4271, .T.);
#4273 = ADVANCED_FACE('', (#4272), #12, .T.);
#4274 = DIRECTION('', (-0.075247, 0.300401, 0.950840));
#4275 = POLY_LOOP('', (#642, #772, #644));
#4276 = FACE_OUTER_BOUND('', #4275, .T.);
#4277 = ADVANCED_FACE('', (#4276), #12, .T.);
#4278 = DIRECTION('', (-0.104329, 0.291579, 0.950840));
#4279 = POLY_LOOP('', (#644, #772, #774));
#4280 = FACE_OUTER_BOUND('', #4279, .T.);
#4281 = ADVANCED_FACE('', (#4280), #12, .T.);
#4282 = DIRECTION('', (-0.104329, 0.291579, 0.950840));
#4283 = POLY_LOOP('', (#644, #774, #646));
#4284 = FACE_OUTER_BOUND('', #4283, .T.);
#4285 = ADVANCED_FACE('', (#4284), #12, .T.);
#4286 = DIRECTION('', (-0.132406, 0.279949, 0.950840));
#4287 = POLY_LOOP('', (#646, #774, #776));
#4288 = FACE_OUTER_BOUND('', #4287, .T.);
#4289 = ADVANCED_FACE('', (#4288), #12, .T.);
#4290 = DIRECTION('', (-0.132406, 0.279949, 0.950840));
#4291 = POLY_LOOP('', (#646, #776, #648));
#4292 = FACE_OUTER_BOUND('', #4291, .T.);
#4293 = ADVANCED_FACE('', (#4292), #12, .T.);
#4294 = DIRECTION('', (-0.159209, 0.265623, 0.950840));
#4295 = POLY_LOOP('', (#648, #776, #778));
#4296 = FACE_OUTER_BOUND('', #4295, .T.);
#4297 = ADVANCED_FACE('', (#4296), #12, .T.);
#4298 = DIRECTION('', (-0.159209, 0.265623, 0.950840));
#4299 = POLY_LOOP('', (#648, #778, #650));
#4300 = FACE_OUTER_BOUND('', #4299, .T.);
#4301 = ADVANCED_FACE('', (#4300), #12, .T.);
#4302 = DIRECTION('', (-0.184478, 0.248739, 0.950840));
#4303 = POLY_LOOP('', (#650, #778, #780));
#4304 = FACE_OUTER_BOUND('', #4303, .T.);
#4305 = ADVANCED_FACE('', (#4304), #12, .T.);
#4306 = DIRECTION('', (-0.184478, 0.248739, 0.950840));
#4307 = POLY_LOOP('', (#650, #780, #652));
#4308 = FACE_OUTER_BOUND('', #4307, .T.);
#4309 = ADVANCED_FACE('', (#4308), #12, .T.);
#4310 = DIRECTION('', (-0.207970, 0.229459, 0.950840));
#4311 = POLY_LOOP('', (#652, #780, #782));
#4312 = FACE_OUTER_BOUND('', #4311, .T.);
#4313 = ADVANCED_FACE('', (#4312), #12, .T.);
#4314 = DIRECTION('', (-0.207970, 0.229459, 0.950840));
#4315 = POLY_LOOP('', (#652, #782, #654));
#4316 = FACE_OUTER_BOUND('', #4315, .T.);
#4317 = ADVANCED_FACE('', (#4316), #12, .T.);
#4318 = DIRECTION('', (-0.229459, 0.207970, 0.950840));
#4319 = POLY_LOOP('', (#654, #782, #784));
#4320 = FACE_OUTER_BOUND('', #4319, .T.);
#4321 = ADVANCED_FACE('', (#4320), #12, .T.);
#4322 = DIRECTION('', (-0.229459, 0.207970, 0.950840));
#4323 = POLY_LOOP('', (#654, #784, #656));
#4324 = FACE_OUTER_BOUND('', #4323, .T.);
#4325 = ADVANCED_FACE('', (#4324), #12, .T.);
#4326 = DIRECTION('', (-0.248739, 0.184478, 0.950840));
#4327 = POLY_LOOP('', (#656, #784, #786));
#4328 = FACE_OUTER_BOUND('', #4327, .T.);
#4329 = ADVANCED_FACE('', (#4328), #12, .T.);
#4330 = DIRECTION('', (-0.248739, 0.184478, 0.950840));
#4331 = POLY_LOOP('', (#656, #786, #658));
#4332 = FACE_OUTER_BOUND('', #4331, .T.);
#4333 = ADVANCED_FACE('', (#4332), #12, .T.);
#4334 = DIRECTION('', (-0.265623, 0.159209, 0.950840));
#4335 = POLY_LOOP('', (#658, #786, #788));
#4336 = FACE_OUTER_BOUND('', #4335, .T.);
#4337 = ADVANCED_FACE('', (#4336), #12, .T.);
#4338 = DIRECTION('', (-0.265623, 0.159209, 0.950840));
#4339 = POLY_LOOP('', (#658, #788, #660));
#4340 = FACE_OUTER_BOUND('', #4339, .T.);
#4341 = ADVANCED_FACE('', (#4340), #12, .T.);
#4342 = DIRECTION('', (-0.279949, 0.132406, 0.950840));
#4343 = POLY_LOOP('', (#660, #788, #790));
#4344 = FACE_OUTER_BOUND('', #4343, .T.);
#4345 = ADVANCED_FACE('', (#4344), #12, .T.);
#4346 = DIRECTION('', (-0.279949, 0.132406, 0.950840));
#4347 = POLY_LOOP('', (#660, #790, #662));
#4348 = FACE_OUTER_BOUND('', #4347, .T.);
#4349 = ADVANCED_FACE('', (#4348), #12, .T.);
#4350 = DIRECTION('', (-0.291579, 0.104329, 0.950840));
#4351 = POLY_LOOP('', (#662, #790, #792));
#4352 = FACE_OUTER_BOUND('', #4351, .T.);
#4353 = ADVANCED_FACE('', (#4352), #12, .T.);
#4354 = DIRECTION('', (-0.291579, 0.104329, 0.950840));
#4355 = POLY_LOOP('', (#662, #792, #664));
#4356 = FACE_OUTER_BOUND('', #4355, .T.);
#4357 = ADVANCED_FACE('', (#4356), #12, .T.);
#4358 = DIRECTION('', (-0.300401, 0.075247, 0.950840));
#4359 = POLY_LOOP('', (#664, #792, #794));
#4360 = FACE_OUTER_BOUND('', #4359, .T.);
#4361 = ADVANCED_FACE('', (#4360), #12, .T.);
#4362 = DIRECTION('', (-0.300401, 0.075247, 0.950840));
#4363 = POLY_LOOP('', (#664, #794, #666));
#4364 = FACE_OUTER_BOUND('', #4363, .T.);
#4365 = ADVANCED_FACE('', (#4364), #12, .T.);
#4366 = DIRECTION('', (-0.306330, 0.045440, 0.950840));
#4367 = POLY_LOOP('', (#666, #794, #796));
#4368 = FACE_OUTER_BOUND('', #4367, .T.);
#4369 = ADVANCED_FACE('', (#4368), #12, .T.);
#4370 = DIRECTION('', (-0.306330, 0.045440, 0.950840));
#4371 = POLY_LOOP('', (#666, #796, #668));
#4372 = FACE_OUTER_BOUND('', #4371, .T.);
#4373 = ADVANCED_FACE('', (#4372), #12, .T.);
#4374 = DIRECTION('', (-0.309309, 0.015195, 0.950840));
#4375 = POLY_LOOP('', (#668, #796, #670));
#4376 = FACE_OUTER_BOUND('', #4375, .T.);
#4377 = ADVANCED_FACE('', (#4376), #12, .T.);
#4378 = DIRECTION('', (-0.309309, 0.015195, 0.950840));
#4379 = POLY_LOOP('', (#668, #670, #542));
#4380 = FACE_OUTER_BOUND('', #4379, .T.);
#4381 = ADVANCED_FACE('', (#4380), #12, .T.);
#4382 = DIRECTION('', (-0.433660, 0.009361, 0.901028));
#4383 = POLY_LOOP('', (#670, #798, #800));
#4384 = FACE_OUTER_BOUND('', #4383, .T.);
#4385 = ADVANCED_FACE('', (#4384), #12, .T.);
#4386 = DIRECTION('', (-0.426389, -0.020947, 0.904297));
#4387 = POLY_LOOP('', (#670, #800, #672));
#4388 = FACE_OUTER_BOUND('', #4387, .T.);
#4389 = ADVANCED_FACE('', (#4388), #12, .T.);
#4390 = DIRECTION('', (-0.429103, 0.012003, 0.903176));
#4391 = POLY_LOOP('', (#672, #800, #802));
#4392 = FACE_OUTER_BOUND('', #4391, .T.);
#4393 = ADVANCED_FACE('', (#4392), #12, .T.);
#4394 = DIRECTION('', (-0.404432, -0.059992, 0.912599));
#4395 = POLY_LOOP('', (#672, #802, #674));
#4396 = FACE_OUTER_BOUND('', #4395, .T.);
#4397 = ADVANCED_FACE('', (#4396), #12, .T.);
#4398 = DIRECTION('', (-0.411046, -0.023769, 0.911305));
#4399 = POLY_LOOP('', (#674, #802, #804));
#4400 = FACE_OUTER_BOUND('', #4399, .T.);
#4401 = ADVANCED_FACE('', (#4400), #12, .T.);
#4402 = DIRECTION('', (-0.378143, -0.094720, 0.920889));
#4403 = POLY_LOOP('', (#674, #804, #676));
#4404 = FACE_OUTER_BOUND('', #4403, .T.);
#4405 = ADVANCED_FACE('', (#4404), #12, .T.);
#4406 = DIRECTION('', (-0.376557, -0.100071, 0.920973));
#4407 = POLY_LOOP('', (#676, #804, #806));
#4408 = FACE_OUTER_BOUND('', #4407, .T.);
#4409 = ADVANCED_FACE('', (#4408), #12, .T.);
#4410 = DIRECTION('', (-0.359333, -0.128571, 0.924310));
#4411 = POLY_LOOP('', (#676, #806, #678));
#4412 = FACE_OUTER_BOUND('', #4411, .T.);
#4413 = ADVANCED_FACE('', (#4412), #12, .T.);
#4414 = DIRECTION('', (-0.332020, -0.193358, 0.923242));
#4415 = POLY_LOOP('', (#678, #806, #808));
#4416 = FACE_OUTER_BOUND('', #4415, .T.);
#4417 = ADVANCED_FACE('', (#4416), #12, .T.);
#4418 = DIRECTION('', (-0.352398, -0.166672, 0.920889));
#4419 = POLY_LOOP('', (#678, #808, #680));
#4420 = FACE_OUTER_BOUND('', #4419, .T.);
#4421 = ADVANCED_FACE('', (#4420), #12, .T.);
#4422 = DIRECTION('', (-0.296059, -0.268324, 0.916707));
#4423 = POLY_LOOP('', (#680, #808, #810));
#4424 = FACE_OUTER_BOUND('', #4423, .T.);
#4425 = ADVANCED_FACE('', (#4424), #12, .T.);
#4426 = DIRECTION('', (-0.350688, -0.210194, 0.912599));
#4427 = POLY_LOOP('', (#680, #810, #682));
#4428 = FACE_OUTER_BOUND('', #4427, .T.);
#4429 = ADVANCED_FACE('', (#4428), #12, .T.);
#4430 = DIRECTION('', (-0.284715, -0.305684, 0.908568));
#4431 = POLY_LOOP('', (#682, #810, #812));
#4432 = FACE_OUTER_BOUND('', #4431, .T.);
#4433 = ADVANCED_FACE('', (#4432), #12, .T.);
#4434 = DIRECTION('', (-0.342892, -0.254306, 0.904297));
#4435 = POLY_LOOP('', (#682, #812, #684));
#4436 = FACE_OUTER_BOUND('', #4435, .T.);
#4437 = ADVANCED_FACE('', (#4436), #12, .T.);
#4438 = DIRECTION('', (-0.296390, -0.310216, 0.903283));
#4439 = POLY_LOOP('', (#684, #812, #814));
#4440 = FACE_OUTER_BOUND('', #4439, .T.);
#4441 = ADVANCED_FACE('', (#4440), #12, .T.);
#4442 = DIRECTION('', (-0.321649, -0.291526, 0.900863));
#4443 = POLY_LOOP('', (#684, #814, #686));
#4444 = FACE_OUTER_BOUND('', #4443, .T.);
#4445 = ADVANCED_FACE('', (#4444), #12, .T.);
#4446 = DIRECTION('', (-0.313263, -0.300025, 0.901028));
#4447 = POLY_LOOP('', (#686, #814, #816));
#4448 = FACE_OUTER_BOUND('', #4447, .T.);
#4449 = ADVANCED_FACE('', (#4448), #12, .T.);
#4450 = DIRECTION('', (-0.286691, -0.316315, 0.904297));
#4451 = POLY_LOOP('', (#686, #816, #688));
#4452 = FACE_OUTER_BOUND('', #4451, .T.);
#4453 = ADVANCED_FACE('', (#4452), #12, .T.);
#4454 = DIRECTION('', (-0.311909, -0.294934, 0.903176));
#4455 = POLY_LOOP('', (#688, #816, #818));
#4456 = FACE_OUTER_BOUND('', #4455, .T.);
#4457 = ADVANCED_FACE('', (#4456), #12, .T.);
#4458 = DIRECTION('', (-0.243556, -0.328397, 0.912599));
#4459 = POLY_LOOP('', (#688, #818, #690));
#4460 = FACE_OUTER_BOUND('', #4459, .T.);
#4461 = ADVANCED_FACE('', (#4460), #12, .T.);
#4462 = DIRECTION('', (-0.273847, -0.307461, 0.911305));
#4463 = POLY_LOOP('', (#690, #818, #820));
#4464 = FACE_OUTER_BOUND('', #4463, .T.);
#4465 = ADVANCED_FACE('', (#4464), #12, .T.);
#4466 = DIRECTION('', (-0.200410, -0.334365, 0.920889));
#4467 = POLY_LOOP('', (#690, #820, #692));
#4468 = FACE_OUTER_BOUND('', #4467, .T.);
#4469 = ADVANCED_FACE('', (#4468), #12, .T.);
#4470 = DIRECTION('', (-0.195505, -0.337027, 0.920973));
#4471 = POLY_LOOP('', (#692, #820, #822));
#4472 = FACE_OUTER_BOUND('', #4471, .T.);
#4473 = ADVANCED_FACE('', (#4472), #12, .T.);
#4474 = DIRECTION('', (-0.163173, -0.345000, 0.924310));
#4475 = POLY_LOOP('', (#692, #822, #694));
#4476 = FACE_OUTER_BOUND('', #4475, .T.);
#4477 = ADVANCED_FACE('', (#4476), #12, .T.);
#4478 = DIRECTION('', (-0.098049, -0.371498, 0.923242));
#4479 = POLY_LOOP('', (#694, #822, #824));
#4480 = FACE_OUTER_BOUND('', #4479, .T.);
#4481 = ADVANCED_FACE('', (#4480), #12, .T.);
#4482 = DIRECTION('', (-0.131328, -0.367038, 0.920889));
#4483 = POLY_LOOP('', (#694, #824, #696));
#4484 = FACE_OUTER_BOUND('', #4483, .T.);
#4485 = ADVANCED_FACE('', (#4484), #12, .T.);
#4486 = DIRECTION('', (-0.019612, -0.399079, 0.916707));
#4487 = POLY_LOOP('', (#696, #824, #826));
#4488 = FACE_OUTER_BOUND('', #4487, .T.);
#4489 = ADVANCED_FACE('', (#4488), #12, .T.);
#4490 = DIRECTION('', (-0.099344, -0.396604, 0.912599));
#4491 = POLY_LOOP('', (#696, #826, #698));
#4492 = FACE_OUTER_BOUND('', #4491, .T.);
#4493 = ADVANCED_FACE('', (#4492), #12, .T.);
#4494 = DIRECTION('', (0.014827, -0.417475, 0.908568));
#4495 = POLY_LOOP('', (#698, #826, #828));
#4496 = FACE_OUTER_BOUND('', #4495, .T.);
#4497 = ADVANCED_FACE('', (#4496), #12, .T.);
#4498 = DIRECTION('', (-0.062640, -0.422283, 0.904297));
#4499 = POLY_LOOP('', (#698, #828, #700));
#4500 = FACE_OUTER_BOUND('', #4499, .T.);
#4501 = ADVANCED_FACE('', (#4500), #12, .T.);
#4502 = DIRECTION('', (0.009776, -0.428935, 0.903283));
#4503 = POLY_LOOP('', (#700, #828, #830));
#4504 = FACE_OUTER_BOUND('', #4503, .T.);
#4505 = ADVANCED_FACE('', (#4504), #12, .T.);
#4506 = DIRECTION('', (-0.021300, -0.433580, 0.900863));
#4507 = POLY_LOOP('', (#700, #830, #702));
#4508 = FACE_OUTER_BOUND('', #4507, .T.);
#4509 = ADVANCED_FACE('', (#4508), #12, .T.);
#4510 = DIRECTION('', (-0.009361, -0.433660, 0.901028));
#4511 = POLY_LOOP('', (#702, #830, #832));
#4512 = FACE_OUTER_BOUND('', #4511, .T.);
#4513 = ADVANCED_FACE('', (#4512), #12, .T.);
#4514 = DIRECTION('', (0.020947, -0.426389, 0.904297));
#4515 = POLY_LOOP('', (#702, #832, #704));
#4516 = FACE_OUTER_BOUND('', #4515, .T.);
#4517 = ADVANCED_FACE('', (#4516), #12, .T.);
#4518 = DIRECTION('', (-0.012003, -0.429103, 0.903176));
#4519 = POLY_LOOP('', (#704, #832, #834));
#4520 = FACE_OUTER_BOUND('', #4519, .T.);
#4521 = ADVANCED_FACE('', (#4520), #12, .T.);
#4522 = DIRECTION('', (0.059992, -0.404432, 0.912599));
#4523 = POLY_LOOP('', (#704, #834, #706));
#4524 = FACE_OUTER_BOUND('', #4523, .T.);
#4525 = ADVANCED_FACE('', (#4524), #12, .T.);
#4526 = DIRECTION('', (0.023769, -0.411046, 0.911305));
#4527 = POLY_LOOP('', (#706, #834, #836));
#4528 = FACE_OUTER_BOUND('', #4527, .T.);
#4529 = ADVANCED_FACE('', (#4528), #12, .T.);
#4530 = DIRECTION('', (0.094720, -0.378143, 0.920889));
#4531 = POLY_LOOP('', (#706, #836, #708));
#4532 = FACE_OUTER_BOUND('', #4531, .T.);
#4533 = ADVANCED_FACE('', (#4532), #12, .T.);
#4534 = DIRECTION('', (0.100071, -0.376557, 0.920973));
#4535 = POLY_LOOP('', (#708, #836, #838));
#4536 = FACE_OUTER_BOUND('', #4535, .T.);
#4537 = ADVANCED_FACE('', (#4536), #12, .T.);
#4538 = DIRECTION('', (0.128571, -0.359333, 0.924310));
#4539 = POLY_LOOP('', (#708, #838, #710));
#4540 = FACE_OUTER_BOUND('', #4539, .T.);
#4541 = ADVANCED_FACE('', (#4540), #12, .T.);
#4542 = DIRECTION('', (0.193358, -0.332020, 0.923242));
#4543 = POLY_LOOP('', (#710, #838, #840));
#4544 = FACE_OUTER_BOUND('', #4543, .T.);
#4545 = ADVANCED_FACE('', (#4544), #12, .T.);
#4546 = DIRECTION('', (0.166672, -0.352398, 0.920889));
#4547 = POLY_LOOP('', (#710, #840, #712));
#4548 = FACE_OUTER_BOUND('', #4547, .T.);
#4549 = ADVANCED_FACE('', (#4548), #12, .T.);
#4550 = DIRECTION('', (0.268324, -0.296059, 0.916707));
#4551 = POLY_LOOP('', (#712, #840, #842));
#4552 = FACE_OUTER_BOUND('', #4551, .T.);
#4553 = ADVANCED_FACE('', (#4552), #12, .T.);
#4554 = DIRECTION('', (0.210194, -0.350688, 0.912599));
#4555 = POLY_LOOP('', (#712, #842, #714));
#4556 = FACE_OUTER_BOUND('', #4555, .T.);
#4557 = ADVANCED_FACE('', (#4556), #12, .T.);
#4558 = DIRECTION('', (0.305684, -0.284715, 0.908568));
#4559 = POLY_LOOP('', (#714, #842, #844));
#4560 = FACE_OUTER_BOUND('', #4559, .T.);
#4561 = ADVANCED_FACE('', (#4560), #12, .T.);
#4562 = DIRECTION('', (0.254306, -0.342892, 0.904297));
#4563 = POLY_LOOP('', (#714, #844, #716));
#4564 = FACE_OUTER_BOUND('', #4563, .T.);
#4565 = ADVANCED_FACE('', (#4564), #12, .T.);
#4566 = DIRECTION('', (0.310216, -0.296390, 0.903283));
#4567 = POLY_LOOP('', (#716, #844, #846));
#4568 = FACE_OUTER_BOUND('', #4567, .T.);
#4569 = ADVANCED_FACE('', (#4568), #12, .T.);
#4570 = DIRECTION('', (0.291526, -0.321649, 0.900863));
#4571 = POLY_LOOP('', (#716, #846, #718));
#4572 = FACE_OUTER_BOUND('', #4571, .T.);
#4573 = ADVANCED_FACE('', (#4572), #12, .T.);
#4574 = DIRECTION('', (0.300025, -0.313263, 0.901028));
#4575 = POLY_LOOP('', (#718, #846, #848));
#4576 = FACE_OUTER_BOUND('', #4575, .T.);
#4577 = ADVANCED_FACE('', (#4576), #12, .T.);
#4578 = DIRECTION('', (0.316315, -0.286691, 0.904297));
#4579 = POLY_LOOP('', (#718, #848, #720));
#4580 = FACE_OUTER_BOUND('', #4579, .T.);
#4581 = ADVANCED_FACE('', (#4580), #12, .T.);
#4582 = DIRECTION('', (0.294934, -0.311909, 0.903176));
#4583 = POLY_LOOP('', (#720, #848, #850));
#4584 = FACE_OUTER_BOUND('', #4583, .T.);
#4585 = ADVANCED_FACE('', (#4584), #12, .T.);
#4586 = DIRECTION('', (0.328397, -0.243556, 0.912599));
#4587 = POLY_LOOP('', (#720, #850, #722));
#4588 = FACE_OUTER_BOUND('', #4587, .T.);
#4589 = ADVANCED_FACE('', (#4588), #12, .T.);
#4590 = DIRECTION('', (0.307461, -0.273847, 0.911305));
#4591 = POLY_LOOP('', (#722, #850, #852));
#4592 = FACE_OUTER_BOUND('', #4591, .T.);
#4593 = ADVANCED_FACE('', (#4592), #12, .T.);
#4594 = DIRECTION('', (0.334365, -0.200410, 0.920889));
#4595 = POLY_LOOP('', (#722, #852, #724));
#4596 = FACE_OUTER_BOUND('', #4595, .T.);
#4597 = ADVANCED_FACE('', (#4596), #12, .T.);
#4598 = DIRECTION('', (0.337027, -0.195505, 0.920973));
#4599 = POLY_LOOP('', (#724, #852, #854));
#4600 = FACE_OUTER_BOUND('', #4599, .T.);
#4601 = ADVANCED_FACE('', (#4600), #12, .T.);
#4602 = DIRECTION('', (0.345000, -0.163173, 0.924310));
#4603 = POLY_LOOP('', (#724, #854, #726));
#4604 = FACE_OUTER_BOUND('', #4603, .T.);
#4605 = ADVANCED_FACE('', (#4604), #12, .T.);
#4606 = DIRECTION('', (0.371498, -0.098049, 0.923242));
#4607 = POLY_LOOP('', (#726, #854, #856));
#4608 = FACE_OUTER_BOUND('', #4607, .T.);
#4609 = ADVANCED_FACE('', (#4608), #12, .T.);
#4610 = DIRECTION('', (0.367038, -0.131328, 0.920889));
#4611 = POLY_LOOP('', (#726, #856, #728));
#4612 = FACE_OUTER_BOUND('', #4611, .T.);
#4613 = ADVANCED_FACE('', (#4612), #12, .T.);
#4614 = DIRECTION('', (0.399079, -0.019612, 0.916707));
#4615 = POLY_LOOP('', (#728, #856, #858));
#4616 = FACE_OUTER_BOUND('', #4615, .T.);
#4617 = ADVANCED_FACE('', (#4616), #12, .T.);
#4618 = DIRECTION('', (0.396604, -0.099344, 0.912599));
#4619 = POLY_LOOP('', (#728, #858, #730));
#4620 = FACE_OUTER_BOUND('', #4619, .T.);
#4621 = ADVANCED_FACE('', (#4620), #12, .T.);
#4622 = DIRECTION('', (0.417475, 0.014827, 0.908568));
#4623 = POLY_LOOP('', (#730, #858, #860));
#4624 = FACE_OUTER_BOUND('', #4623, .T.);
#4625 = ADVANCED_FACE('', (#4624), #12, .T.);
#4626 = DIRECTION('', (0.422283, -0.062640, 0.904297));
#4627 = POLY_LOOP('', (#730, #860, #732));
#4628 = FACE_OUTER_BOUND('', #4627, .T.);
#4629 = ADVANCED_FACE('', (#4628), #12, .T.);
#4630 = DIRECTION('', (0.428935, 0.009776, 0.903283));
#4631 = POLY_LOOP('', (#732, #860, #862));
#4632 = FACE_OUTER_BOUND('', #4631, .T.);
#4633 = ADVANCED_FACE('', (#4632), #12, .T.);
#4634 = DIRECTION('', (0.433580, -0.021300, 0.900863));
#4635 = POLY_LOOP('', (#732, #862, #734));
#4636 = FACE_OUTER_BOUND('', #4635, .T.);
#4637 = ADVANCED_FACE('', (#4636), #12, .T.);
#4638 = DIRECTION('', (0.433660, -0.009361, 0.901028));
#4639 = POLY_LOOP('', (#734, #862, #864));
#4640 = FACE_OUTER_BOUND('', #4639, .T.);
#4641 = ADVANCED_FACE('', (#4640), #12, .T.);
#4642 = DIRECTION('', (0.426389, 0.020947, 0.904297));
#4643 = POLY_LOOP('', (#734, #864, #736));
#4644 = FACE_OUTER_BOUND('', #4643, .T.);
#4645 = ADVANCED_FACE('', (#4644), #12, .T.);
#4646 = DIRECTION('', (0.429103, -0.012003, 0.903176));
#4647 = POLY_LOOP('', (#736, #864, #866));
#4648 = FACE_OUTER_BOUND('', #4647, .T.);
#4649 = ADVANCED_FACE('', (#4648), #12, .T.);
#4650 = DIRECTION('', (0.404432, 0.059992, 0.912599));
#4651 = POLY_LOOP('', (#736, #866, #738));
#4652 = FACE_OUTER_BOUND('', #4651, .T.);
#4653 = ADVANCED_FACE('', (#4652), #12, .T.);
#4654 = DIRECTION('', (0.411046, 0.023769, 0.911305));
#4655 = POLY_LOOP('', (#738, #866, #868));
#4656 = FACE_OUTER_BOUND('', #4655, .T.);
#4657 = ADVANCED_FACE('', (#4656), #12, .T.);
#4658 = DIRECTION('', (0.378143, 0.094720, 0.920889));
#4659 = POLY_LOOP('', (#738, #868, #740));
#4660 = FACE_OUTER_BOUND('', #4659, .T.);
#4661 = ADVANCED_FACE('', (#4660), #12, .T.);
#4662 = DIRECTION('', (0.376557, 0.100071, 0.920973));
#4663 = POLY_LOOP('', (#740, #868, #870));
#4664 = FACE_OUTER_BOUND('', #4663, .T.);
#4665 = ADVANCED_FACE('', (#4664), #12, .T.);
#4666 = DIRECTION('', (0.359333, 0.128571, 0.924310));
#4667 = POLY_LOOP('', (#740, #870, #742));
#4668 = FACE_OUTER_BOUND('', #4667, .T.);
#4669 = ADVANCED_FACE('', (#4668), #12, .T.);
#4670 = DIRECTION('', (0.332020, 0.193358, 0.923242));
#4671 = POLY_LOOP('', (#742, #870, #872));
#4672 = FACE_OUTER_BOUND('', #4671, .T.);
#4673 = ADVANCED_FACE('', (#4672), #12, .T.);
#4674 = DIRECTION('', (0.352398, 0.166672, 0.920889));
#4675 = POLY_LOOP('', (#742, #872, #744));
#4676 = FACE_OUTER_BOUND('', #4675, .T.);
#4677 = ADVANCED_FACE('', (#4676), #12, .T.);
#4678 = DIRECTION('', (0.296059, 0.268324, 0.916707));
#4679 = POLY_LOOP('', (#744, #872, #874));
#4680 = FACE_OUTER_BOUND('', #4679, .T.);
#4681 = ADVANCED_FACE('', (#4680), #12, .T.);
#4682 = DIRECTION('', (0.350688, 0.210194, 0.912599));
#4683 = POLY_LOOP('', (#744, #874, #746));
#4684 = FACE_OUTER_BOUND('', #4683, .T.);
#4685 = ADVANCED_FACE('', (#4684), #12, .T.);
#4686 = DIRECTION('', (0.284715, 0.305684, 0.908568));
#4687 = POLY_LOOP('', (#746, #874, #876));
#4688 = FACE_OUTER_BOUND('', #4687, .T.);
#4689 = ADVANCED_FACE('', (#4688), #12, .T.);
#4690 = DIRECTION('', (0.342892, 0.254306, 0.904297));
#4691 = POLY_LOOP('', (#746, #876, #748));
#4692 = FACE_OUTER_BOUND('', #4691, .T.);
#4693 = ADVANCED_FACE('', (#4692), #12, .T.);
#4694 = DIRECTION('', (0.296390, 0.310216, 0.903283));
#4695 = POLY_LOOP('', (#748, #876, #878));
#4696 = FACE_OUTER_BOUND('', #4695, .T.);
#4697 = ADVANCED_FACE('', (#4696), #12, .T.);
#4698 = DIRECTION('', (0.321649, 0.291526, 0.900863));
#4699 = POLY_LOOP('', (#748, #878, #750));
#4700 = FACE_OUTER_BOUND('', #4699, .T.);
#4701 = ADVANCED_FACE('', (#4700), #12, .T.);
#4702 = DIRECTION('', (0.313263, 0.300025, 0.901028));
#4703 = POLY_LOOP('', (#750, #878, #880));
#4704 = FACE_OUTER_BOUND('', #4703, .T.);
#4705 = ADVANCED_FACE('', (#4704), #12, .T.);
#4706 = DIRECTION('', (0.286691, 0.316315, 0.904297));
#4707 = POLY_LOOP('', (#750, #880, #752));
#4708 = FACE_OUTER_BOUND('', #4707, .T.);
#4709 = ADVANCED_FACE('', (#4708), #12, .T.);
#4710 = DIRECTION('', (0.311909, 0.294934, 0.903176));
#4711 = POLY_LOOP('', (#752, #880, #882));
#4712 = FACE_OUTER_BOUND('', #4711, .T.);
#4713 = ADVANCED_FACE('', (#4712), #12, .T.);
#4714 = DIRECTION('', (0.243556, 0.328397, 0.912599));
#4715 = POLY_LOOP('', (#752, #882, #754));
#4716 = FACE_OUTER_BOUND('', #4715, .T.);
#4717 = ADVANCED_FACE('', (#4716), #12, .T.);
#4718 = DIRECTION('', (0.273847, 0.307461, 0.911305));
#4719 = POLY_LOOP('', (#754, #882, #884));
#4720 = FACE_OUTER_BOUND('', #4719, .T.);
#4721 = ADVANCED_FACE('', (#4720), #12, .T.);
#4722 = DIRECTION('', (0.200410, 0.334365, 0.920889));
#4723 = POLY_LOOP('', (#754, #884, #756));
#4724 = FACE_OUTER_BOUND('', #4723, .T.);
#4725 = ADVANCED_FACE('', (#4724), #12, .T.);
#4726 = DIRECTION('', (0.195505, 0.337027, 0.920973));
#4727 = POLY_LOOP('', (#756, #884, #886));
#4728 = FACE_OUTER_BOUND('', #4727, .T.);
#4729 = ADVANCED_FACE('', (#4728), #12, .T.);
#4730 = DIRECTION('', (0.163173, 0.345000, 0.924310));
#4731 = POLY_LOOP('', (#756, #886, #758));
#4732 = FACE_OUTER_BOUND('', #4731, .T.);
#4733 = ADVANCED_FACE('', (#4732), #12, .T.);
#4734 = DIRECTION('', (0.098049, 0.371498, 0.923242));
#4735 = POLY_LOOP('', (#758, #886, #888));
#4736 = FACE_OUTER_BOUND('', #4735, .T.);
#4737 = ADVANCED_FACE('', (#4736), #12, .T.);
#4738 = DIRECTION('', (0.131328, 0.367038, 0.920889));
#4739 = POLY_LOOP('', (#758, #888, #760));
#4740 = FACE_OUTER_BOUND('', #4739, .T.);
#4741 = ADVANCED_FACE('', (#4740), #12, .T.);
#4742 = DIRECTION('', (0.019612, 0.399079, 0.916707));
#4743 = POLY_LOOP('', (#760, #888, #890));
#4744 = FACE_OUTER_BOUND('', #4743, .T.);
#4745 = ADVANCED_FACE('', (#4744), #12, .T.);
#4746 = DIRECTION('', (0.099344, 0.396604, 0.912599));
#4747 = POLY_LOOP('', (#760, #890, #762));
#4748 = FACE_OUTER_BOUND('', #4747, .T.);
#4749 = ADVANCED_FACE('', (#4748), #12, .T.);
#4750 = DIRECTION('', (-0.014827, 0.417475, 0.908568));
#4751 = POLY_LOOP('', (#762, #890, #892));
#4752 = FACE_OUTER_BOUND('', #4751, .T.);
#4753 = ADVANCED_FACE('', (#4752), #12, .T.);
#4754 = DIRECTION('', (0.062640, 0.422283, 0.904297));
#4755 = POLY_LOOP('', (#762, #892, #764));
#4756 = FACE_OUTER_BOUND('', #4755, .T.);
#4757 = ADVANCED_FACE('', (#4756), #12, .T.);
#4758 = DIRECTION('', (-0.009776, 0.428935, 0.903283));
#4759 = POLY_LOOP('', (#764, #892, #894));
#4760 = FACE_OUTER_BOUND('', #4759, .T.);
#4761 = ADVANCED_FACE('', (#4760), #12, .T.);
#4762 = DIRECTION('', (0.021300, 0.433580, 0.900863));
#4763 = POLY_LOOP('', (#764, #894, #766));
#4764 = FACE_OUTER_BOUND('', #4763, .T.);
#4765 = ADVANCED_FACE('', (#4764), #12, .T.);
#4766 = DIRECTION('', (0.009361, 0.433660, 0.901028));
#4767 = POLY_LOOP('', (#766, #894, #896));
#4768 = FACE_OUTER_BOUND('', #4767, .T.);
#4769 = ADVANCED_FACE('', (#4768), #12, .T.);
#4770 = DIRECTION('', (-0.020947, 0.426389, 0.904297));
#4771 = POLY_LOOP('', (#766, #896, #768));
#4772 = FACE_OUTER_BOUND('', #4771, .T.);
#4773 = ADVANCED_FACE('', (#4772), #12, .T.);
#4774 = DIRECTION('', (0.012003, 0.429103, 0.903176));
#4775 = POLY_LOOP('', (#768, #896, #898));
#4776 = FACE_OUTER_BOUND('', #4775, .T.);
#4777 = ADVANCED_FACE('', (#4776), #12, .T.);
#4778 = DIRECTION('', (-0.059992, 0.404432, 0.912599));
#4779 = POLY_LOOP('', (#768, #898, #770));
#4780 = FACE_OUTER_BOUND('', #4779, .T.);
#4781 = ADVANCED_FACE('', (#4780), #12, .T.);
#4782 = DIRECTION('', (-0.023769, 0.411046, 0.911305));
#4783 = POLY_LOOP('', (#770, #898, #900));
#4784 = FACE_OUTER_BOUND('', #4783, .T.);
#4785 = ADVANCED_FACE('', (#4784), #12, .T.);
#4786 = DIRECTION('', (-0.094720, 0.378143, 0.920889));
#4787 = POLY_LOOP('', (#770, #900, #772));
#4788 = FACE_OUTER_BOUND('', #4787, .T.);
#4789 = ADVANCED_FACE('', (#4788), #12, .T.);
#4790 = DIRECTION('', (-0.100071, 0.376557, 0.920973));
#4791 = POLY_LOOP('', (#772, #900, #902));
#4792 = FACE_OUTER_BOUND('', #4791, .T.);
#4793 = ADVANCED_FACE('', (#4792), #12, .T.);
#4794 = DIRECTION('', (-0.128571, 0.359333, 0.924310));
#4795 = POLY_LOOP('', (#772, #902, #774));
#4796 = FACE_OUTER_BOUND('', #4795, .T.);
#4797 = ADVANCED_FACE('', (#4796), #12, .T.);
#4798 = DIRECTION('', (-0.193358, 0.332020, 0.923242));
#4799 = POLY_LOOP('', (#774, #902, #904));
#4800 = FACE_OUTER_BOUND('', #4799, .T.);
#4801 = ADVANCED_FACE('', (#4800), #12, .T.);
#4802 = DIRECTION('', (-0.166672, 0.352398, 0.920889));
#4803 = POLY_LOOP('', (#774, #904, #776));
#4804 = FACE_OUTER_BOUND('', #4803, .T.);
#4805 = ADVANCED_FACE('', (#4804), #12, .T.);
#4806 = DIRECTION('', (-0.268324, 0.296059, 0.916707));
#4807 = POLY_LOOP('', (#776, #904, #906));
#4808 = FACE_OUTER_BOUND('', #4807, .T.);
#4809 = ADVANCED_FACE('', (#4808), #12, .T.);
#4810 = DIRECTION('', (-0.210194, 0.350688, 0.912599));
#4811 = POLY_LOOP('', (#776, #906, #778));
#4812 = FACE_OUTER_BOUND('', #4811, .T.);
#4813 = ADVANCED_FACE('', (#4812), #12, .T.);
#4814 = DIRECTION('', (-0.305684, 0.284715, 0.908568));
#4815 = POLY_LOOP('', (#778, #906, #908));
#4816 = FACE_OUTER_BOUND('', #4815, .T.);
#4817 = ADVANCED_FACE('', (#4816), #12, .T.);
#4818 = DIRECTION('', (-0.254306, 0.342892, 0.904297));
#4819 = POLY_LOOP('', (#778, #908, #780));
#4820 = FACE_OUTER_BOUND('', #4819, .T.);
#4821 = ADVANCED_FACE('', (#4820), #12, .T.);
#4822 = DIRECTION('', (-0.310216, 0.296390, 0.903283));
#4823 = POLY_LOOP('', (#780, #908, #910));
#4824 = FACE_OUTER_BOUND('', #4823, .T.);
#4825 = ADVANCED_FACE('', (#4824), #12, .T.);
#4826 = DIRECTION('', (-0.291526, 0.321649, 0.900863));
#4827 = POLY_LOOP('', (#780, #910, #782));
#4828 = FACE_OUTER_BOUND('', #4827, .T.);
#4829 = ADVANCED_FACE('', (#4828), #12, .T.);
#4830 = DIRECTION('', (-0.300025, 0.313263, 0.901028));
#4831 = POLY_LOOP('', (#782, #910, #912));
#4832 = FACE_OUTER_BOUND('', #4831, .T.);
#4833 = ADVANCED_FACE('', (#4832), #12, .T.);
#4834 = DIRECTION('', (-0.316315, 0.286691, 0.904297));
#4835 = POLY_LOOP('', (#782, #912, #784));
#4836 = FACE_OUTER_BOUND('', #4835, .T.);
#4837 = ADVANCED_FACE('', (#4836), #12, .T.);
#4838 = DIRECTION('', (-0.294934, 0.311909, 0.903176));
#4839 = POLY_LOOP('', (#784, #912, #914));
#4840 = FACE_OUTER_BOUND('', #4839, .T.);
#4841 = ADVANCED_FACE('', (#4840), #12, .T.);
#4842 = DIRECTION('', (-0.328397, 0.243556, 0.912599));
#4843 = POLY_LOOP('', (#784, #914, #786));
#4844 = FACE_OUTER_BOUND('', #4843, .T.);
#4845 = ADVANCED_FACE('', (#4844), #12, .T.);
#4846 = DIRECTION('', (-0.307461, 0.273847, 0.911305));
#4847 = POLY_LOOP('', (#786, #914, #916));
#4848 = FACE_OUTER_BOUND('', #4847, .T.);
#4849 = ADVANCED_FACE('', (#4848), #12, .T.);
#4850 = DIRECTION('', (-0.334365, 0.200410, 0.920889));
#4851 = POLY_LOOP('', (#786, #916, #788));
#4852 = FACE_OUTER_BOUND('', #4851, .T.);
#4853 = ADVANCED_FACE('', (#4852), #12, .T.);
#4854 = DIRECTION('', (-0.337027, 0.195505, 0.920973));
#4855 = POLY_LOOP('', (#788, #916, #918));
#4856 = FACE_OUTER_BOUND('', #4855, .T.);
#4857 = ADVANCED_FACE('', (#4856), #12, .T.);
#4858 = DIRECTION('', (-0.345000, 0.163173, 0.924310));
#4859 = POLY_LOOP('', (#788, #918, #790));
#4860 = FACE_OUTER_BOUND('', #4859, .T.);
#4861 = ADVANCED_FACE('', (#4860), #12, .T.);
#4862 = DIRECTION('', (-0.371498, 0.098049, 0.923242));
#4863 = POLY_LOOP('', (#790, #918, #920));
#4864 = FACE_OUTER_BOUND('', #4863, .T.);
#4865 = ADVANCED_FACE('', (#4864), #12, .T.);
#4866 = DIRECTION('', (-0.367038, 0.131328, 0.920889));
#4867 = POLY_LOOP('', (#790, #920, #792));
#4868 = FACE_OUTER_BOUND('', #4867, .T.);
#4869 = ADVANCED_FACE('', (#4868), #12, .T.);
#4870 = DIRECTION('', (-0.399079, 0.019612, 0.916707));
#4871 = POLY_LOOP('', (#792, #920, #922));
#4872 = FACE_OUTER_BOUND('', #4871, .T.);
#4873 = ADVANCED_FACE('', (#4872), #12, .T.);
#4874 = DIRECTION('', (-0.396604, 0.099344, 0.912599));
#4875 = POLY_LOOP('', (#792, #922, #794));
#4876 = FACE_OUTER_BOUND('', #4875, .T.);
#4877 = ADVANCED_FACE('', (#4876), #12, .T.);
#4878 = DIRECTION('', (-0.417475, -0.014827, 0.908568));
#4879 = POLY_LOOP('', (#794, #922, #924));
#4880 = FACE_OUTER_BOUND('', #4879, .T.);
#4881 = ADVANCED_FACE('', (#4880), #12, .T.);
#4882 = DIRECTION('', (-0.422283, 0.062640, 0.904297));
#4883 = POLY_LOOP('', (#794, #924, #796));
#4884 = FACE_OUTER_BOUND('', #4883, .T.);
#4885 = ADVANCED_FACE('', (#4884), #12, .T.);
#4886 = DIRECTION('', (-0.428935, -0.009776, 0.903283));
#4887 = POLY_LOOP('', (#796, #924, #798));
#4888 = FACE_OUTER_BOUND('', #4887, .T.);
#4889 = ADVANCED_FACE('', (#4888), #12, .T.);
#4890 = DIRECTION('', (-0.433580, 0.021300, 0.900863));
#4891 = POLY_LOOP('', (#796, #798, #670));
#4892 = FACE_OUTER_BOUND('', #4891, .T.);
#4893 = ADVANCED_FACE('', (#4892), #12, .T.);
#4894 = DIRECTION('', (0.893565, 0.043898, -0.446782));
#4895 = POLY_LOOP('', (#926, #1056, #1054));
#4896 = FACE_OUTER_BOUND('', #4895, .T.);
#4897 = ADVANCED_FACE('', (#4896), #12, .T.);
#4898 = DIRECTION('', (0.893565, 0.043898, -0.446782));
#4899 = POLY_LOOP('', (#926, #928, #1056));
#4900 = FACE_OUTER_BOUND('', #4899, .T.);
#4901 = ADVANCED_FACE('', (#4900), #12, .T.);
#4902 = DIRECTION('', (0.884959, 0.131271, -0.446782));
#4903 = POLY_LOOP('', (#928, #1058, #1056));
#4904 = FACE_OUTER_BOUND('', #4903, .T.);
#4905 = ADVANCED_FACE('', (#4904), #12, .T.);
#4906 = DIRECTION('', (0.884959, 0.131271, -0.446782));
#4907 = POLY_LOOP('', (#928, #930, #1058));
#4908 = FACE_OUTER_BOUND('', #4907, .T.);
#4909 = ADVANCED_FACE('', (#4908), #12, .T.);
#4910 = DIRECTION('', (0.867831, 0.217380, -0.446782));
#4911 = POLY_LOOP('', (#930, #1060, #1058));
#4912 = FACE_OUTER_BOUND('', #4911, .T.);
#4913 = ADVANCED_FACE('', (#4912), #12, .T.);
#4914 = DIRECTION('', (0.867831, 0.217380, -0.446782));
#4915 = POLY_LOOP('', (#930, #932, #1060));
#4916 = FACE_OUTER_BOUND('', #4915, .T.);
#4917 = ADVANCED_FACE('', (#4916), #12, .T.);
#4918 = DIRECTION('', (0.842345, 0.301396, -0.446782));
#4919 = POLY_LOOP('', (#932, #1062, #1060));
#4920 = FACE_OUTER_BOUND('', #4919, .T.);
#4921 = ADVANCED_FACE('', (#4920), #12, .T.);
#4922 = DIRECTION('', (0.842345, 0.301396, -0.446782));
#4923 = POLY_LOOP('', (#932, #934, #1062));
#4924 = FACE_OUTER_BOUND('', #4923, .T.);
#4925 = ADVANCED_FACE('', (#4924), #12, .T.);
#4926 = DIRECTION('', (0.808747, 0.382509, -0.446782));
#4927 = POLY_LOOP('', (#934, #1064, #1062));
#4928 = FACE_OUTER_BOUND('', #4927, .T.);
#4929 = ADVANCED_FACE('', (#4928), #12, .T.);
#4930 = DIRECTION('', (0.808747, 0.382509, -0.446782));
#4931 = POLY_LOOP('', (#934, #936, #1064));
#4932 = FACE_OUTER_BOUND('', #4931, .T.);
#4933 = ADVANCED_FACE('', (#4932), #12, .T.);
#4934 = DIRECTION('', (0.767361, 0.459938, -0.446782));
#4935 = POLY_LOOP('', (#936, #1066, #1064));
#4936 = FACE_OUTER_BOUND('', #4935, .T.);
#4937 = ADVANCED_FACE('', (#4936), #12, .T.);
#4938 = DIRECTION('', (0.767361, 0.459938, -0.446782));
#4939 = POLY_LOOP('', (#936, #938, #1066));
#4940 = FACE_OUTER_BOUND('', #4939, .T.);
#4941 = ADVANCED_FACE('', (#4940), #12, .T.);
#4942 = DIRECTION('', (0.718584, 0.532938, -0.446782));
#4943 = POLY_LOOP('', (#938, #1068, #1066));
#4944 = FACE_OUTER_BOUND('', #4943, .T.);
#4945 = ADVANCED_FACE('', (#4944), #12, .T.);
#4946 = DIRECTION('', (0.718584, 0.532938, -0.446782));
#4947 = POLY_LOOP('', (#938, #940, #1068));
#4948 = FACE_OUTER_BOUND('', #4947, .T.);
#4949 = ADVANCED_FACE('', (#4948), #12, .T.);
#4950 = DIRECTION('', (0.662886, 0.600805, -0.446782));
#4951 = POLY_LOOP('', (#940, #1070, #1068));
#4952 = FACE_OUTER_BOUND('', #4951, .T.);
#4953 = ADVANCED_FACE('', (#4952), #12, .T.);
#4954 = DIRECTION('', (0.662886, 0.600805, -0.446782));
#4955 = POLY_LOOP('', (#940, #942, #1070));
#4956 = FACE_OUTER_BOUND('', #4955, .T.);
#4957 = ADVANCED_FACE('', (#4956), #12, .T.);
#4958 = DIRECTION('', (0.600805, 0.662886, -0.446782));
#4959 = POLY_LOOP('', (#942, #1072, #1070));
#4960 = FACE_OUTER_BOUND('', #4959, .T.);
#4961 = ADVANCED_FACE('', (#4960), #12, .T.);
#4962 = DIRECTION('', (0.600805, 0.662886, -0.446782));
#4963 = POLY_LOOP('', (#942, #944, #1072));
#4964 = FACE_OUTER_BOUND('', #4963, .T.);
#4965 = ADVANCED_FACE('', (#4964), #12, .T.);
#4966 = DIRECTION('', (0.532938, 0.718584, -0.446782));
#4967 = POLY_LOOP('', (#944, #1074, #1072));
#4968 = FACE_OUTER_BOUND('', #4967, .T.);
#4969 = ADVANCED_FACE('', (#4968), #12, .T.);
#4970 = DIRECTION('', (0.532938, 0.718584, -0.446782));
#4971 = POLY_LOOP('', (#944, #946, #1074));
#4972 = FACE_OUTER_BOUND('', #4971, .T.);
#4973 = ADVANCED_FACE('', (#4972), #12, .T.);
#4974 = DIRECTION('', (0.459938, 0.767361, -0.446782));
#4975 = POLY_LOOP('', (#946, #1076, #1074));
#4976 = FACE_OUTER_BOUND('', #4975, .T.);
#4977 = ADVANCED_FACE('', (#4976), #12, .T.);
#4978 = DIRECTION('', (0.459938, 0.767361, -0.446782));
#4979 = POLY_LOOP('', (#946, #948, #1076));
#4980 = FACE_OUTER_BOUND('', #4979, .T.);
#4981 = ADVANCED_FACE('', (#4980), #12, .T.);
#4982 = DIRECTION('', (0.382509, 0.808747, -0.446782));
#4983 = POLY_LOOP('', (#948, #1078, #1076));
#4984 = FACE_OUTER_BOUND('', #4983, .T.);
#4985 = ADVANCED_FACE('', (#4984), #12, .T.);
#4986 = DIRECTION('', (0.382509, 0.808747, -0.446782));
#4987 = POLY_LOOP('', (#948, #950, #1078));
#4988 = FACE_OUTER_BOUND('', #4987, .T.);
#4989 = ADVANCED_FACE('', (#4988), #12, .T.);
#4990 = DIRECTION('', (0.301396, 0.842345, -0.446782));
#4991 = POLY_LOOP('', (#950, #1080, #1078));
#4992 = FACE_OUTER_BOUND('', #4991, .T.);
#4993 = ADVANCED_FACE('', (#4992), #12, .T.);
#4994 = DIRECTION('', (0.301396, 0.842345, -0.446782));
#4995 = POLY_LOOP('', (#950, #952, #1080));
#4996 = FACE_OUTER_BOUND('', #4995, .T.);
#4997 = ADVANCED_FACE('', (#4996), #12, .T.);
#4998 = DIRECTION('', (0.217380, 0.867831, -0.446782));
#4999 = POLY_LOOP('', (#952, #1082, #1080));
#5000 = FACE_OUTER_BOUND('', #4999, .T.);
#5001 = ADVANCED_FACE('', (#5000), #12, .T.);
#5002 = DIRECTION('', (0.217380, 0.867831, -0.446782));
#5003 = POLY_LOOP('', (#952, #954, #1082));
#5004 = FACE_OUTER_BOUND('', #5003, .T.);
#5005 = ADVANCED_FACE('', (#5004), #12, .T.);
#5006 = DIRECTION('', (0.131271, 0.884959, -0.446782));
#5007 = POLY_LOOP('', (#954, #1084, #1082));
#5008 = FACE_OUTER_BOUND('', #5007, .T.);
#5009 = ADVANCED_FACE('', (#5008), #12, .T.);
#5010 = DIRECTION('', (0.131271, 0.884959, -0.446782));
#5011 = POLY_LOOP('', (#954, #956, #1084));
#5012 = FACE_OUTER_BOUND('', #5011, .T.);
#5013 = ADVANCED_FACE('', (#5012), #12, .T.);
#5014 = DIRECTION('', (0.043898, 0.893565, -0.446782));
#5015 = POLY_LOOP('', (#956, #1086, #1084));
#5016 = FACE_OUTER_BOUND('', #5015, .T.);
#5017 = ADVANCED_FACE('', (#5016), #12, .T.);
#5018 = DIRECTION('', (0.043898, 0.893565, -0.446782));
#5019 = POLY_LOOP('', (#956, #958, #1086));
#5020 = FACE_OUTER_BOUND('', #5019, .T.);
#5021 = ADVANCED_FACE('', (#5020), #12, .T.);
#5022 = DIRECTION('', (-0.043898, 0.893565, -0.446782));
#5023 = POLY_LOOP('', (#958, #1088, #1086));
#5024 = FACE_OUTER_BOUND('', #5023, .T.);
#5025 = ADVANCED_FACE('', (#5024), #12, .T.);
#5026 = DIRECTION('', (-0.043898, 0.893565, -0.446782));
#5027 = POLY_LOOP('', (#958, #960, #1088));
#5028 = FACE_OUTER_BOUND('', #5027, .T.);
#5029 = ADVANCED_FACE('', (#5028), #12, .T.);
#5030 = DIRECTION('', (-0.131271, 0.884959, -0.446782));
#5031 = POLY_LOOP('', (#960, #1090, #1088));
#5032 = FACE_OUTER_BOUND('', #5031, .T.);
#5033 = ADVANCED_FACE('', (#5032), #12, .T.);
#5034 = DIRECTION('', (-0.131271, 0.884959, -0.446782));
#5035 = POLY_LOOP('', (#960, #962, #1090));
#5036 = FACE_OUTER_BOUND('', #5035, .T.);
#5037 = ADVANCED_FACE('', (#5036), #12, .T.);
#5038 = DIRECTION('', (-0.217380, 0.867831, -0.446782));
#5039 = POLY_LOOP('', (#962, #1092, #1090));
#5040 = FACE_OUTER_BOUND('', #5039, .T.);
#5041 = ADVANCED_FACE('', (#5040), #12, .T.);
#5042 = DIRECTION('', (-0.217380, 0.867831, -0.446782));
#5043 = POLY_LOOP('', (#962, #964, #1092));
#5044 = FACE_OUTER_BOUND('', #5043, .T.);
#5045 = ADVANCED_FACE('', (#5044), #12, .T.);
#5046 = DIRECTION('', (-0.301396, 0.842345, -0.446782));
#5047 = POLY_LOOP('', (#964, #1094, #1092));
#5048 = FACE_OUTER_BOUND('', #5047, .T.);
#5049 = ADVANCED_FACE('', (#5048), #12, .T.);
#5050 = DIRECTION('', (-0.301396, 0.842345, -0.446782));
#5051 = POLY_LOOP('', (#964, #966, #1094));
#5052 = FACE_OUTER_BOUND('', #5051, .T.);
#5053 = ADVANCED_FACE('', (#5052), #12, .T.);
#5054 = DIRECTION('', (-0.382509, 0.808747, -0.446782));
#5055 = POLY_LOOP('', (#966, #1096, #1094));
#5056 = FACE_OUTER_BOUND('', #5055, .T.);
#5057 = ADVANCED_FACE('', (#5056), #12, .T.);
#5058 = DIRECTION('', (-0.382509, 0.808747, -0.446782));
#5059 = POLY_LOOP('', (#966, #968, #1096));
#5060 = FACE_OUTER_BOUND('', #5059, .T.);
#5061 = ADVANCED_FACE('', (#5060), #12, .T.);
#5062 = DIRECTION('', (-0.459938, 0.767361, -0.446782));
#5063 = POLY_LOOP('', (#968, #1098, #1096));
#5064 = FACE_OUTER_BOUND('', #5063, .T.);
#5065 = ADVANCED_FACE('', (#5064), #12, .T.);
#5066 = DIRECTION('', (-0.459938, 0.767361, -0.446782));
#5067 = POLY_LOOP('', (#968, #970, #1098));
#5068 = FACE_OUTER_BOUND('', #5067, .T.);
#5069 = ADVANCED_FACE('', (#5068), #12, .T.);
#5070 = DIRECTION('', (-0.532938, 0.718584, -0.446782));
#5071 = POLY_LOOP('', (#970, #1100, #1098));
#5072 = FACE_OUTER_BOUND('', #5071, .T.);
#5073 = ADVANCED_FACE('', (#5072), #12, .T.);
#5074 = DIRECTION('', (-0.532938, 0.718584, -0.446782));
#5075 = POLY_LOOP('', (#970, #972, #1100));
#5076 = FACE_OUTER_BOUND('', #5075, .T.);
#5077 = ADVANCED_FACE('', (#5076), #12, .T.);
#5078 = DIRECTION('', (-0.600805, 0.662886, -0.446782));
#5079 = POLY_LOOP('', (#972, #1102, #1100));
#5080 = FACE_OUTER_BOUND('', #5079, .T.);
#5081 = ADVANCED_FACE('', (#5080), #12, .T.);
#5082 = DIRECTION('', (-0.600805, 0.662886, -0.446782));
#5083 = POLY_LOOP('', (#972, #974, #1102));
#5084 = FACE_OUTER_BOUND('', #5083, .T.);
#5085 = ADVANCED_FACE('', (#5084), #12, .T.);
#5086 = DIRECTION('', (-0.662886, 0.600805, -0.446782));
#5087 = POLY_LOOP('', (#974, #1104, #1102));
#5088 = FACE_OUTER_BOUND('', #5087, .T.);
#5089 = ADVANCED_FACE('', (#5088), #12, .T.);
#5090 = DIRECTION('', (-0.662886, 0.600805, -0.446782));
#5091 = POLY_LOOP('', (#974, #976, #1104));
#5092 = FACE_OUTER_BOUND('', #5091, .T.);
#5093 = ADVANCED_FACE('', (#5092), #12, .T.);
#5094 = DIRECTION('', (-0.718584, 0.532938, -0.446782));
#5095 = POLY_LOOP('', (#976, #1106, #1104));
#5096 = FACE_OUTER_BOUND('', #5095, .T.);
#5097 = ADVANCED_FACE('', (#5096), #12, .T.);
#5098 = DIRECTION('', (-0.718584, 0.532938, -0.446782));
#5099 = POLY_LOOP('', (#976, #978, #1106));
#5100 = FACE_OUTER_BOUND('', #5099, .T.);
#5101 = ADVANCED_FACE('', (#5100), #12, .T.);
#5102 = DIRECTION('', (-0.767361, 0.459938, -0.446782));
#5103 = POLY_LOOP('', (#978, #1108, #1106));
#5104 = FACE_OUTER_BOUND('', #5103, .T.);
#5105 = ADVANCED_FACE('', (#5104), #12, .T.);
#5106 = DIRECTION('', (-0.767361, 0.459938, -0.446782));
#5107 = POLY_LOOP('', (#978, #980, #1108));
#5108 = FACE_OUTER_BOUND('', #5107, .T.);
#5109 = ADVANCED_FACE('', (#5108), #12, .T.);
#5110 = DIRECTION('', (-0.808747, 0.382509, -0.446782));
#5111 = POLY_LOOP('', (#980, #1110, #1108));
#5112 = FACE_OUTER_BOUND('', #5111, .T.);
#5113 = ADVANCED_FACE('', (#5112), #12, .T.);
#5114 = DIRECTION('', (-0.808747, 0.382509, -0.446782));
#5115 = POLY_LOOP('', (#980, #982, #1110));
#5116 = FACE_OUTER_BOUND('', #5115, .T.);
#5117 = ADVANCED_FACE('', (#5116), #12, .T.);
#5118 = DIRECTION('', (-0.842345, 0.301396, -0.446782));
#5119 = POLY_LOOP('', (#982, #1112, #1110));
#5120 = FACE_OUTER_BOUND('', #5119, .T.);
#5121 = ADVANCED_FACE('', (#5120), #12, .T.);
#5122 = DIRECTION('', (-0.842345, 0.301396, -0.446782));
#5123 = POLY_LOOP('', (#982, #984, #1112));
#5124 = FACE_OUTER_BOUND('', #5123, .T.);
#5125 = ADVANCED_FACE('', (#5124), #12, .T.);
#5126 = DIRECTION('', (-0.867831, 0.217380, -0.446782));
#5127 = POLY_LOOP('', (#984, #1114, #1112));
#5128 = FACE_OUTER_BOUND('', #5127, .T.);
#5129 = ADVANCED_FACE('', (#5128), #12, .T.);
#5130 = DIRECTION('', (-0.867831, 0.217380, -0.446782));
#5131 = POLY_LOOP('', (#984, #986, #1114));
#5132 = FACE_OUTER_BOUND('', #5131, .T.);
#5133 = ADVANCED_FACE('', (#5132), #12, .T.);
#5134 = DIRECTION('', (-0.884959, 0.131271, -0.446782));
#5135 = POLY_LOOP('', (#986, #1116, #1114));
#5136 = FACE_OUTER_BOUND('', #5135, .T.);
#5137 = ADVANCED_FACE('', (#5136), #12, .T.);
#5138 = DIRECTION('', (-0.884959, 0.131271, -0.446782));
#5139 = POLY_LOOP('', (#986, #988, #1116));
#5140 = FACE_OUTER_BOUND('', #5139, .T.);
#5141 = ADVANCED_FACE('', (#5140), #12, .T.);
#5142 = DIRECTION('', (-0.893565, 0.043898, -0.446782));
#5143 = POLY_LOOP('', (#988, #1118, #1116));
#5144 = FACE_OUTER_BOUND('', #5143, .T.);
#5145 = ADVANCED_FACE('', (#5144), #12, .T.);
#5146 = DIRECTION('', (-0.893565, 0.043898, -0.446782));
#5147 = POLY_LOOP('', (#988, #990, #1118));
#5148 = FACE_OUTER_BOUND('', #5147, .T.);
#5149 = ADVANCED_FACE('', (#5148), #12, .T.);
#5150 = DIRECTION('', (-0.893565, -0.043898, -0.446782));
#5151 = POLY_LOOP('', (#990, #1120, #1118));
#5152 = FACE_OUTER_BOUND('', #5151, .T.);
#5153 = ADVANCED_FACE('', (#5152), #12, .T.);
#5154 = DIRECTION('', (-0.893565, -0.043898, -0.446782));
#5155 = POLY_LOOP('', (#990, #992, #1120));
#5156 = FACE_OUTER_BOUND('', #5155, .T.);
#5157 = ADVANCED_FACE('', (#5156), #12, .T.);
#5158 = DIRECTION('', (-0.884959, -0.131271, -0.446782));
#5159 = POLY_LOOP('', (#992, #1122, #1120));
#5160 = FACE_OUTER_BOUND('', #5159, .T.);
#5161 = ADVANCED_FACE('', (#5160), #12, .T.);
#5162 = DIRECTION('', (-0.884959, -0.131271, -0.446782));
#5163 = POLY_LOOP('', (#992, #994, #1122));
#5164 = FACE_OUTER_BOUND('', #5163, .T.);
#5165 = ADVANCED_FACE('', (#5164), #12, .T.);
#5166 = DIRECTION('', (-0.867831, -0.217380, -0.446782));
#5167 = POLY_LOOP('', (#994, #1124, #1122));
#5168 = FACE_OUTER_BOUND('', #5167, .T.);
#5169 = ADVANCED_FACE('', (#5168), #12, .T.);
#5170 = DIRECTION('', (-0.867831, -0.217380, -0.446782));
#5171 = POLY_LOOP('', (#994, #996, #1124));
#5172 = FACE_OUTER_BOUND('', #5171, .T.);
#5173 = ADVANCED_FACE('', (#5172), #12, .T.);
#5174 = DIRECTION('', (-0.842345, -0.301396, -0.446782));
#5175 = POLY_LOOP('', (#996, #1126, #1124));
#5176 = FACE_OUTER_BOUND('', #5175, .T.);
#5177 = ADVANCED_FACE('', (#5176), #12, .T.);
#5178 = DIRECTION('', (-0.842345, -0.301396, -0.446782));
#5179 = POLY_LOOP('', (#996, #998, #1126));
#5180 = FACE_OUTER_BOUND('', #5179, .T.);
#5181 = ADVANCED_FACE('', (#5180), #12, .T.);
#5182 = DIRECTION('', (-0.808747, -0.382509, -0.446782));
#5183 = POLY_LOOP('', (#998, #1128, #1126));
#5184 = FACE_OUTER_BOUND('', #5183, .T.);
#5185 = ADVANCED_FACE('', (#5184), #12, .T.);
#5186 = DIRECTION('', (-0.808747, -0.382509, -0.446782));
#5187 = POLY_LOOP('', (#998, #1000, #1128));
#5188 = FACE_OUTER_BOUND('', #5187, .T.);
#5189 = ADVANCED_FACE('', (#5188), #12, .T.);
#5190 = DIRECTION('', (-0.767361, -0.459938, -0.446782));
#5191 = POLY_LOOP('', (#1000, #1130, #1128));
#5192 = FACE_OUTER_BOUND('', #5191, .T.);
#5193 = ADVANCED_FACE('', (#5192), #12, .T.);
#5194 = DIRECTION('', (-0.767361, -0.459938, -0.446782));
#5195 = POLY_LOOP('', (#1000, #1002, #1130));
#5196 = FACE_OUTER_BOUND('', #5195, .T.);
#5197 = ADVANCED_FACE('', (#5196), #12, .T.);
#5198 = DIRECTION('', (-0.718584, -0.532938, -0.446782));
#5199 = POLY_LOOP('', (#1002, #1132, #1130));
#5200 = FACE_OUTER_BOUND('', #5199, .T.);
#5201 = ADVANCED_FACE('', (#5200), #12, .T.);
#5202 = DIRECTION('', (-0.718584, -0.532938, -0.446782));
#5203 = POLY_LOOP('', (#1002, #1004, #1132));
#5204 = FACE_OUTER_BOUND('', #5203, .T.);
#5205 = ADVANCED_FACE('', (#5204), #12, .T.);
#5206 = DIRECTION('', (-0.662886, -0.600805, -0.446782));
#5207 = POLY_LOOP('', (#1004, #1134, #1132));
#5208 = FACE_OUTER_BOUND('', #5207, .T.);
#5209 = ADVANCED_FACE('', (#5208), #12, .T.);
#5210 = DIRECTION('', (-0.662886, -0.600805, -0.446782));
#5211 = POLY_LOOP('', (#1004, #1006, #1134));
#5212 = FACE_OUTER_BOUND('', #5211, .T.);
#5213 = ADVANCED_FACE('', (#5212), #12, .T.);
#5214 = DIRECTION('', (-0.600805, -0.662886, -0.446782));
#5215 = POLY_LOOP('', (#1006, #1136, #1134));
#5216 = FACE_OUTER_BOUND('', #5215, .T.);
#5217 = ADVANCED_FACE('', (#5216), #12, .T.);
#5218 = DIRECTION('', (-0.600805, -0.662886, -0.446782));
#5219 = POLY_LOOP('', (#1006, #1008, #1136));
#5220 = FACE_OUTER_BOUND('', #5219, .T.);
#5221 = ADVANCED_FACE('', (#5220), #12, .T.);
#5222 = DIRECTION('', (-0.532938, -0.718584, -0.446782));
#5223 = POLY_LOOP('', (#1008, #1138, #1136));
#5224 = FACE_OUTER_BOUND('', #5223, .T.);
#5225 = ADVANCED_FACE('', (#5224), #12, .T.);
#5226 = DIRECTION('', (-0.532938, -0.718584, -0.446782));
#5227 = POLY_LOOP('', (#1008, #1010, #1138));
#5228 = FACE_OUTER_BOUND('', #5227, .T.);
#5229 = ADVANCED_FACE('', (#5228), #12, .T.);
#5230 = DIRECTION('', (-0.459938, -0.767361, -0.446782));
#5231 = POLY_LOOP('', (#1010, #1140, #1138));
#5232 = FACE_OUTER_BOUND('', #5231, .T.);
#5233 = ADVANCED_FACE('', (#5232), #12, .T.);
#5234 = DIRECTION('', (-0.459938, -0.767361, -0.446782));
#5235 = POLY_LOOP('', (#1010, #1012, #1140));
#5236 = FACE_OUTER_BOUND('', #5235, .T.);
#5237 = ADVANCED_FACE('', (#5236), #12, .T.);
#5238 = DIRECTION('', (-0.382509, -0.808747, -0.446782));
#5239 = POLY_LOOP('', (#1012, #1142, #1140));
#5240 = FACE_OUTER_BOUND('', #5239, .T.);
#5241 = ADVANCED_FACE('', (#5240), #12, .T.);
#5242 = DIRECTION('', (-0.382509, -0.808747, -0.446782));
#5243 = POLY_LOOP('', (#1012, #1014, #1142));
#5244 = FACE_OUTER_BOUND('', #5243, .T.);
#5245 = ADVANCED_FACE('', (#5244), #12, .T.);
#5246 = DIRECTION('', (-0.301396, -0.842345, -0.446782));
#5247 = POLY_LOOP('', (#1014, #1144, #1142));
#5248 = FACE_OUTER_BOUND('', #5247, .T.);
#5249 = ADVANCED_FACE('', (#5248), #12, .T.);
#5250 = DIRECTION('', (-0.301396, -0.842345, -0.446782));
#5251 = POLY_LOOP('', (#1014, #1016, #1144));
#5252 = FACE_OUTER_BOUND('', #5251, .T.);
#5253 = ADVANCED_FACE('', (#5252), #12, .T.);
#5254 = DIRECTION('', (-0.217380, -0.867831, -0.446782));
#5255 = POLY_LOOP('', (#1016, #1146, #1144));
#5256 = FACE_OUTER_BOUND('', #5255, .T.);
#5257 = ADVANCED_FACE('', (#5256), #12, .T.);
#5258 = DIRECTION('', (-0.217380, -0.867831, -0.446782));
#5259 = POLY_LOOP('', (#1016, #1018, #1146));
#5260 = FACE_OUTER_BOUND('', #5259, .T.);
#5261 = ADVANCED_FACE('', (#5260), #12, .T.);
#5262 = DIRECTION('', (-0.131271, -0.884959, -0.446782));
#5263 = POLY_LOOP('', (#1018, #1148, #1146));
#5264 = FACE_OUTER_BOUND('', #5263, .T.);
#5265 = ADVANCED_FACE('', (#5264), #12, .T.);
#5266 = DIRECTION('', (-0.131271, -0.884959, -0.446782));
#5267 = POLY_LOOP('', (#1018, #1020, #1148));
#5268 = FACE_OUTER_BOUND('', #5267, .T.);
#5269 = ADVANCED_FACE('', (#5268), #12, .T.);
#5270 = DIRECTION('', (-0.043898, -0.893565, -0.446782));
#5271 = POLY_LOOP('', (#1020, #1150, #1148));
#5272 = FACE_OUTER_BOUND('', #5271, .T.);
#5273 = ADVANCED_FACE('', (#5272), #12, .T.);
#5274 = DIRECTION('', (-0.043898, -0.893565, -0.446782));
#5275 = POLY_LOOP('', (#1020, #1022, #1150));
#5276 = FACE_OUTER_BOUND('', #5275, .T.);
#5277 = ADVANCED_FACE('', (#5276), #12, .T.);
#5278 = DIRECTION('', (0.043898, -0.893565, -0.446782));
#5279 = POLY_LOOP('', (#1022, #1152, #1150));
#5280 = FACE_OUTER_BOUND('', #5279, .T.);
#5281 = ADVANCED_FACE('', (#5280), #12, .T.);
#5282 = DIRECTION('', (0.043898, -0.893565, -0.446782));
#5283 = POLY_LOOP('', (#1022, #1024, #1152));
#5284 = FACE_OUTER_BOUND('', #5283, .T.);
#5285 = ADVANCED_FACE('', (#5284), #12, .T.);
#5286 = DIRECTION('', (0.131271, -0.884959, -0.446782));
#5287 = POLY_LOOP('', (#1024, #1154, #1152));
#5288 = FACE_OUTER_BOUND('', #5287, .T.);
#5289 = ADVANCED_FACE('', (#5288), #12, .T.);
#5290 = DIRECTION('', (0.131271, -0.884959, -0.446782));
#5291 = POLY_LOOP('', (#1024, #1026, #1154));
#5292 = FACE_OUTER_BOUND('', #5291, .T.);
#5293 = ADVANCED_FACE('', (#5292), #12, .T.);
#5294 = DIRECTION('', (0.217380, -0.867831, -0.446782));
#5295 = POLY_LOOP('', (#1026, #1156, #1154));
#5296 = FACE_OUTER_BOUND('', #5295, .T.);
#5297 = ADVANCED_FACE('', (#5296), #12, .T.);
#5298 = DIRECTION('', (0.217380, -0.867831, -0.446782));
#5299 = POLY_LOOP('', (#1026, #1028, #1156));
#5300 = FACE_OUTER_BOUND('', #5299, .T.);
#5301 = ADVANCED_FACE('', (#5300), #12, .T.);
#5302 = DIRECTION('', (0.301396, -0.842345, -0.446782));
#5303 = POLY_LOOP('', (#1028, #1158, #1156));
#5304 = FACE_OUTER_BOUND('', #5303, .T.);
#5305 = ADVANCED_FACE('', (#5304), #12, .T.);
#5306 = DIRECTION('', (0.301396, -0.842345, -0.446782));
#5307 = POLY_LOOP('', (#1028, #1030, #1158));
#5308 = FACE_OUTER_BOUND('', #5307, .T.);
#5309 = ADVANCED_FACE('', (#5308), #12, .T.);
#5310 = DIRECTION('', (0.382509, -0.808747, -0.446782));
#5311 = POLY_LOOP('', (#1030, #1160, #1158));
#5312 = FACE_OUTER_BOUND('', #5311, .T.);
#5313 = ADVANCED_FACE('', (#5312), #12, .T.);
#5314 = DIRECTION('', (0.382509, -0.808747, -0.446782));
#5315 = POLY_LOOP('', (#1030, #1032, #1160));
#5316 = FACE_OUTER_BOUND('', #5315, .T.);
#5317 = ADVANCED_FACE('', (#5316), #12, .T.);
#5318 = DIRECTION('', (0.459938, -0.767361, -0.446782));
#5319 = POLY_LOOP('', (#1032, #1162, #1160));
#5320 = FACE_OUTER_BOUND('', #5319, .T.);
#5321 = ADVANCED_FACE('', (#5320), #12, .T.);
#5322 = DIRECTION('', (0.459938, -0.767361, -0.446782));
#5323 = POLY_LOOP('', (#1032, #1034, #1162));
#5324 = FACE_OUTER_BOUND('', #5323, .T.);
#5325 = ADVANCED_FACE('', (#5324), #12, .T.);
#5326 = DIRECTION('', (0.532938, -0.718584, -0.446782));
#5327 = POLY_LOOP('', (#1034, #1164, #1162));
#5328 = FACE_OUTER_BOUND('', #5327, .T.);
#5329 = ADVANCED_FACE('', (#5328), #12, .T.);
#5330 = DIRECTION('', (0.532938, -0.718584, -0.446782));
#5331 = POLY_LOOP('', (#1034, #1036, #1164));
#5332 = FACE_OUTER_BOUND('', #5331, .T.);
#5333 = ADVANCED_FACE('', (#5332), #12, .T.);
#5334 = DIRECTION('', (0.600805, -0.662886, -0.446782));
#5335 = POLY_LOOP('', (#1036, #1166, #1164));
#5336 = FACE_OUTER_BOUND('', #5335, .T.);
#5337 = ADVANCED_FACE('', (#5336), #12, .T.);
#5338 = DIRECTION('', (0.600805, -0.662886, -0.446782));
#5339 = POLY_LOOP('', (#1036, #1038, #1166));
#5340 = FACE_OUTER_BOUND('', #5339, .T.);
#5341 = ADVANCED_FACE('', (#5340), #12, .T.);
#5342 = DIRECTION('', (0.662886, -0.600805, -0.446782));
#5343 = POLY_LOOP('', (#1038, #1168, #1166));
#5344 = FACE_OUTER_BOUND('', #5343, .T.);
#5345 = ADVANCED_FACE('', (#5344), #12, .T.);
#5346 = DIRECTION('', (0.662886, -0.600805, -0.446782));
#5347 = POLY_LOOP('', (#1038, #1040, #1168));
#5348 = FACE_OUTER_BOUND('', #5347, .T.);
#5349 = ADVANCED_FACE('', (#5348), #12, .T.);
#5350 = DIRECTION('', (0.718584, -0.532938, -0.446782));
#5351 = POLY_LOOP('', (#1040, #1170, #1168));
#5352 = FACE_OUTER_BOUND('', #5351, .T.);
#5353 = ADVANCED_FACE('', (#5352), #12, .T.);
#5354 = DIRECTION('', (0.718584, -0.532938, -0.446782));
#5355 = POLY_LOOP('', (#1040, #1042, #1170));
#5356 = FACE_OUTER_BOUND('', #5355, .T.);
#5357 = ADVANCED_FACE('', (#5356), #12, .T.);
#5358 = DIRECTION('', (0.767361, -0.459938, -0.446782));
#5359 = POLY_LOOP('', (#1042, #1172, #1170));
#5360 = FACE_OUTER_BOUND('', #5359, .T.);
#5361 = ADVANCED_FACE('', (#5360), #12, .T.);
#5362 = DIRECTION('', (0.767361, -0.459938, -0.446782));
#5363 = POLY_LOOP('', (#1042, #1044, #1172));
#5364 = FACE_OUTER_BOUND('', #5363, .T.);
#5365 = ADVANCED_FACE('', (#5364), #12, .T.);
#5366 = DIRECTION('', (0.808747, -0.382509, -0.446782));
#5367 = POLY_LOOP('', (#1044, #1174, #1172));
#5368 = FACE_OUTER_BOUND('', #5367, .T.);
#5369 = ADVANCED_FACE('', (#5368), #12, .T.);
#5370 = DIRECTION('', (0.808747, -0.382509, -0.446782));
#5371 = POLY_LOOP('', (#1044, #1046, #1174));
#5372 = FACE_OUTER_BOUND('', #5371, .T.);
#5373 = ADVANCED_FACE('', (#5372), #12, .T.);
#5374 = DIRECTION('', (0.842345, -0.301396, -0.446782));
#5375 = POLY_LOOP('', (#1046, #1176, #1174));
#5376 = FACE_OUTER_BOUND('', #5375, .T.);
#5377 = ADVANCED_FACE('', (#5376), #12, .T.);
#5378 = DIRECTION('', (0.842345, -0.301396, -0.446782));
#5379 = POLY_LOOP('', (#1046, #1048, #1176));
#5380 = FACE_OUTER_BOUND('', #5379, .T.);
#5381 = ADVANCED_FACE('', (#5380), #12, .T.);
#5382 = DIRECTION('', (0.867831, -0.217380, -0.446782));
#5383 = POLY_LOOP('', (#1048, #1178, #1176));
#5384 = FACE_OUTER_BOUND('', #5383, .T.);
#5385 = ADVANCED_FACE('', (#5384), #12, .T.);
#5386 = DIRECTION('', (0.867831, -0.217380, -0.446782));
#5387 = POLY_LOOP('', (#1048, #1050, #1178));
#5388 = FACE_OUTER_BOUND('', #5387, .T.);
#5389 = ADVANCED_FACE('', (#5388), #12, .T.);
#5390 = DIRECTION('', (0.884959, -0.131271, -0.446782));
#5391 = POLY_LOOP('', (#1050, #1180, #1178));
#5392 = FACE_OUTER_BOUND('', #5391, .T.);
#5393 = ADVANCED_FACE('', (#5392), #12, .T.);
#5394 = DIRECTION('', (0.884959, -0.131271, -0.446782));
#5395 = POLY_LOOP('', (#1050, #1052, #1180));
#5396 = FACE_OUTER_BOUND('', #5395, .T.);
#5397 = ADVANCED_FACE('', (#5396), #12, .T.);
#5398 = DIRECTION('', (0.893565, -0.043898, -0.446782));
#5399 = POLY_LOOP('', (#1052, #1054, #1180));
#5400 = FACE_OUTER_BOUND('', #5399, .T.);
#5401 = ADVANCED_FACE('', (#5400), #12, .T.);
#5402 = DIRECTION('', (0.893565, -0.043898, -0.446782));
#5403 = POLY_LOOP('', (#1052, #926, #1054));
#5404 = FACE_OUTER_BOUND('', #5403, .T.);
#5405 = ADVANCED_FACE('', (#5404), #12, .T.);
#5406 = DIRECTION('', (0.704655, 0.034617, -0.708705));
#5407 = POLY_LOOP('', (#1054, #1184, #1182));
#5408 = FACE_OUTER_BOUND('', #5407, .T.);
#5409 = ADVANCED_FACE('', (#5408), #12, .T.);
#5410 = DIRECTION('', (0.704655, 0.034617, -0.708705));
#5411 = POLY_LOOP('', (#1054, #1056, #1184));
#5412 = FACE_OUTER_BOUND('', #5411, .T.);
#5413 = ADVANCED_FACE('', (#5412), #12, .T.);
#5414 = DIRECTION('', (0.697869, 0.103519, -0.708705));
#5415 = POLY_LOOP('', (#1056, #1186, #1184));
#5416 = FACE_OUTER_BOUND('', #5415, .T.);
#5417 = ADVANCED_FACE('', (#5416), #12, .T.);
#5418 = DIRECTION('', (0.697869, 0.103519, -0.708705));
#5419 = POLY_LOOP('', (#1056, #1058, #1186));
#5420 = FACE_OUTER_BOUND('', #5419, .T.);
#5421 = ADVANCED_FACE('', (#5420), #12, .T.);
#5422 = DIRECTION('', (0.684362, 0.171424, -0.708705));
#5423 = POLY_LOOP('', (#1058, #1188, #1186));
#5424 = FACE_OUTER_BOUND('', #5423, .T.);
#5425 = ADVANCED_FACE('', (#5424), #12, .T.);
#5426 = DIRECTION('', (0.684362, 0.171424, -0.708705));
#5427 = POLY_LOOP('', (#1058, #1060, #1188));
#5428 = FACE_OUTER_BOUND('', #5427, .T.);
#5429 = ADVANCED_FACE('', (#5428), #12, .T.);
#5430 = DIRECTION('', (0.664264, 0.237677, -0.708705));
#5431 = POLY_LOOP('', (#1060, #1190, #1188));
#5432 = FACE_OUTER_BOUND('', #5431, .T.);
#5433 = ADVANCED_FACE('', (#5432), #12, .T.);
#5434 = DIRECTION('', (0.664264, 0.237677, -0.708705));
#5435 = POLY_LOOP('', (#1060, #1062, #1190));
#5436 = FACE_OUTER_BOUND('', #5435, .T.);
#5437 = ADVANCED_FACE('', (#5436), #12, .T.);
#5438 = DIRECTION('', (0.637769, 0.301642, -0.708705));
#5439 = POLY_LOOP('', (#1062, #1192, #1190));
#5440 = FACE_OUTER_BOUND('', #5439, .T.);
#5441 = ADVANCED_FACE('', (#5440), #12, .T.);
#5442 = DIRECTION('', (0.637769, 0.301642, -0.708705));
#5443 = POLY_LOOP('', (#1062, #1064, #1192));
#5444 = FACE_OUTER_BOUND('', #5443, .T.);
#5445 = ADVANCED_FACE('', (#5444), #12, .T.);
#5446 = DIRECTION('', (0.605132, 0.362702, -0.708705));
#5447 = POLY_LOOP('', (#1064, #1194, #1192));
#5448 = FACE_OUTER_BOUND('', #5447, .T.);
#5449 = ADVANCED_FACE('', (#5448), #12, .T.);
#5450 = DIRECTION('', (0.605132, 0.362702, -0.708705));
#5451 = POLY_LOOP('', (#1064, #1066, #1194));
#5452 = FACE_OUTER_BOUND('', #5451, .T.);
#5453 = ADVANCED_FACE('', (#5452), #12, .T.);
#5454 = DIRECTION('', (0.566667, 0.420269, -0.708705));
#5455 = POLY_LOOP('', (#1066, #1196, #1194));
#5456 = FACE_OUTER_BOUND('', #5455, .T.);
#5457 = ADVANCED_FACE('', (#5456), #12, .T.);
#5458 = DIRECTION('', (0.566667, 0.420269, -0.708705));
#5459 = POLY_LOOP('', (#1066, #1068, #1196));
#5460 = FACE_OUTER_BOUND('', #5459, .T.);
#5461 = ADVANCED_FACE('', (#5460), #12, .T.);
#5462 = DIRECTION('', (0.522745, 0.473788, -0.708705));
#5463 = POLY_LOOP('', (#1068, #1198, #1196));
#5464 = FACE_OUTER_BOUND('', #5463, .T.);
#5465 = ADVANCED_FACE('', (#5464), #12, .T.);
#5466 = DIRECTION('', (0.522745, 0.473788, -0.708705));
#5467 = POLY_LOOP('', (#1068, #1070, #1198));
#5468 = FACE_OUTER_BOUND('', #5467, .T.);
#5469 = ADVANCED_FACE('', (#5468), #12, .T.);
#5470 = DIRECTION('', (0.473788, 0.522745, -0.708705));
#5471 = POLY_LOOP('', (#1070, #1200, #1198));
#5472 = FACE_OUTER_BOUND('', #5471, .T.);
#5473 = ADVANCED_FACE('', (#5472), #12, .T.);
#5474 = DIRECTION('', (0.473788, 0.522745, -0.708705));
#5475 = POLY_LOOP('', (#1070, #1072, #1200));
#5476 = FACE_OUTER_BOUND('', #5475, .T.);
#5477 = ADVANCED_FACE('', (#5476), #12, .T.);
#5478 = DIRECTION('', (0.420269, 0.566667, -0.708705));
#5479 = POLY_LOOP('', (#1072, #1202, #1200));
#5480 = FACE_OUTER_BOUND('', #5479, .T.);
#5481 = ADVANCED_FACE('', (#5480), #12, .T.);
#5482 = DIRECTION('', (0.420269, 0.566667, -0.708705));
#5483 = POLY_LOOP('', (#1072, #1074, #1202));
#5484 = FACE_OUTER_BOUND('', #5483, .T.);
#5485 = ADVANCED_FACE('', (#5484), #12, .T.);
#5486 = DIRECTION('', (0.362702, 0.605132, -0.708705));
#5487 = POLY_LOOP('', (#1074, #1204, #1202));
#5488 = FACE_OUTER_BOUND('', #5487, .T.);
#5489 = ADVANCED_FACE('', (#5488), #12, .T.);
#5490 = DIRECTION('', (0.362702, 0.605132, -0.708705));
#5491 = POLY_LOOP('', (#1074, #1076, #1204));
#5492 = FACE_OUTER_BOUND('', #5491, .T.);
#5493 = ADVANCED_FACE('', (#5492), #12, .T.);
#5494 = DIRECTION('', (0.301642, 0.637769, -0.708705));
#5495 = POLY_LOOP('', (#1076, #1206, #1204));
#5496 = FACE_OUTER_BOUND('', #5495, .T.);
#5497 = ADVANCED_FACE('', (#5496), #12, .T.);
#5498 = DIRECTION('', (0.301642, 0.637769, -0.708705));
#5499 = POLY_LOOP('', (#1076, #1078, #1206));
#5500 = FACE_OUTER_BOUND('', #5499, .T.);
#5501 = ADVANCED_FACE('', (#5500), #12, .T.);
#5502 = DIRECTION('', (0.237677, 0.664264, -0.708705));
#5503 = POLY_LOOP('', (#1078, #1208, #1206));
#5504 = FACE_OUTER_BOUND('', #5503, .T.);
#5505 = ADVANCED_FACE('', (#5504), #12, .T.);
#5506 = DIRECTION('', (0.237677, 0.664264, -0.708705));
#5507 = POLY_LOOP('', (#1078, #1080, #1208));
#5508 = FACE_OUTER_BOUND('', #5507, .T.);
#5509 = ADVANCED_FACE('', (#5508), #12, .T.);
#5510 = DIRECTION('', (0.171424, 0.684362, -0.708705));
#5511 = POLY_LOOP('', (#1080, #1210, #1208));
#5512 = FACE_OUTER_BOUND('', #5511, .T.);
#5513 = ADVANCED_FACE('', (#5512), #12, .T.);
#5514 = DIRECTION('', (0.171424, 0.684362, -0.708705));
#5515 = POLY_LOOP('', (#1080, #1082, #1210));
#5516 = FACE_OUTER_BOUND('', #5515, .T.);
#5517 = ADVANCED_FACE('', (#5516), #12, .T.);
#5518 = DIRECTION('', (0.103519, 0.697869, -0.708705));
#5519 = POLY_LOOP('', (#1082, #1212, #1210));
#5520 = FACE_OUTER_BOUND('', #5519, .T.);
#5521 = ADVANCED_FACE('', (#5520), #12, .T.);
#5522 = DIRECTION('', (0.103519, 0.697869, -0.708705));
#5523 = POLY_LOOP('', (#1082, #1084, #1212));
#5524 = FACE_OUTER_BOUND('', #5523, .T.);
#5525 = ADVANCED_FACE('', (#5524), #12, .T.);
#5526 = DIRECTION('', (0.034617, 0.704655, -0.708705));
#5527 = POLY_LOOP('', (#1084, #1214, #1212));
#5528 = FACE_OUTER_BOUND('', #5527, .T.);
#5529 = ADVANCED_FACE('', (#5528), #12, .T.);
#5530 = DIRECTION('', (0.034617, 0.704655, -0.708705));
#5531 = POLY_LOOP('', (#1084, #1086, #1214));
#5532 = FACE_OUTER_BOUND('', #5531, .T.);
#5533 = ADVANCED_FACE('', (#5532), #12, .T.);
#5534 = DIRECTION('', (-0.034617, 0.704655, -0.708705));
#5535 = POLY_LOOP('', (#1086, #1216, #1214));
#5536 = FACE_OUTER_BOUND('', #5535, .T.);
#5537 = ADVANCED_FACE('', (#5536), #12, .T.);
#5538 = DIRECTION('', (-0.034617, 0.704655, -0.708705));
#5539 = POLY_LOOP('', (#1086, #1088, #1216));
#5540 = FACE_OUTER_BOUND('', #5539, .T.);
#5541 = ADVANCED_FACE('', (#5540), #12, .T.);
#5542 = DIRECTION('', (-0.103519, 0.697869, -0.708705));
#5543 = POLY_LOOP('', (#1088, #1218, #1216));
#5544 = FACE_OUTER_BOUND('', #5543, .T.);
#5545 = ADVANCED_FACE('', (#5544), #12, .T.);
#5546 = DIRECTION('', (-0.103519, 0.697869, -0.708705));
#5547 = POLY_LOOP('', (#1088, #1090, #1218));
#5548 = FACE_OUTER_BOUND('', #5547, .T.);
#5549 = ADVANCED_FACE('', (#5548), #12, .T.);
#5550 = DIRECTION('', (-0.171424, 0.684362, -0.708705));
#5551 = POLY_LOOP('', (#1090, #1220, #1218));
#5552 = FACE_OUTER_BOUND('', #5551, .T.);
#5553 = ADVANCED_FACE('', (#5552), #12, .T.);
#5554 = DIRECTION('', (-0.171424, 0.684362, -0.708705));
#5555 = POLY_LOOP('', (#1090, #1092, #1220));
#5556 = FACE_OUTER_BOUND('', #5555, .T.);
#5557 = ADVANCED_FACE('', (#5556), #12, .T.);
#5558 = DIRECTION('', (-0.237677, 0.664264, -0.708705));
#5559 = POLY_LOOP('', (#1092, #1222, #1220));
#5560 = FACE_OUTER_BOUND('', #5559, .T.);
#5561 = ADVANCED_FACE('', (#5560), #12, .T.);
#5562 = DIRECTION('', (-0.237677, 0.664264, -0.708705));
#5563 = POLY_LOOP('', (#1092, #1094, #1222));
#5564 = FACE_OUTER_BOUND('', #5563, .T.);
#5565 = ADVANCED_FACE('', (#5564), #12, .T.);
#5566 = DIRECTION('', (-0.301642, 0.637769, -0.708705));
#5567 = POLY_LOOP('', (#1094, #1224, #1222));
#5568 = FACE_OUTER_BOUND('', #5567, .T.);
#5569 = ADVANCED_FACE('', (#5568), #12, .T.);
#5570 = DIRECTION('', (-0.301642, 0.637769, -0.708705));
#5571 = POLY_LOOP('', (#1094, #1096, #1224));
#5572 = FACE_OUTER_BOUND('', #5571, .T.);
#5573 = ADVANCED_FACE('', (#5572), #12, .T.);
#5574 = DIRECTION('', (-0.362702, 0.605132, -0.708705));
#5575 = POLY_LOOP('', (#1096, #1226, #1224));
#5576 = FACE_OUTER_BOUND('', #5575, .T.);
#5577 = ADVANCED_FACE('', (#5576), #12, .T.);
#5578 = DIRECTION('', (-0.362702, 0.605132, -0.708705));
#5579 = POLY_LOOP('', (#1096, #1098, #1226));
#5580 = FACE_OUTER_BOUND('', #5579, .T.);
#5581 = ADVANCED_FACE('', (#5580), #12, .T.);
#5582 = DIRECTION('', (-0.420269, 0.566667, -0.708705));
#5583 = POLY_LOOP('', (#1098, #1228, #1226));
#5584 = FACE_OUTER_BOUND('', #5583, .T.);
#5585 = ADVANCED_FACE('', (#5584), #12, .T.);
#5586 = DIRECTION('', (-0.420269, 0.566667, -0.708705));
#5587 = POLY_LOOP('', (#1098, #1100, #1228));
#5588 = FACE_OUTER_BOUND('', #5587, .T.);
#5589 = ADVANCED_FACE('', (#5588), #12, .T.);
#5590 = DIRECTION('', (-0.473788, 0.522745, -0.708705));
#5591 = POLY_LOOP('', (#1100, #1230, #1228));
#5592 = FACE_OUTER_BOUND('', #5591, .T.);
#5593 = ADVANCED_FACE('', (#5592), #12, .T.);
#5594 = DIRECTION('', (-0.473788, 0.522745, -0.708705));
#5595 = POLY_LOOP('', (#1100, #1102, #1230));
#5596 = FACE_OUTER_BOUND('', #5595, .T.);
#5597 = ADVANCED_FACE('', (#5596), #12, .T.);
#5598 = DIRECTION('', (-0.522745, 0.473788, -0.708705));
#5599 = POLY_LOOP('', (#1102, #1232, #1230));
#5600 = FACE_OUTER_BOUND('', #5599, .T.);
#5601 = ADVANCED_FACE('', (#5600), #12, .T.);
#5602 = DIRECTION('', (-0.522745, 0.473788, -0.708705));
#5603 = POLY_LOOP('', (#1102, #1104, #1232));
#5604 = FACE_OUTER_BOUND('', #5603, .T.);
#5605 = ADVANCED_FACE('', (#5604), #12, .T.);
#5606 = DIRECTION('', (-0.566667, 0.420269, -0.708705));
#5607 = POLY_LOOP('', (#1104, #1234, #1232));
#5608 = FACE_OUTER_BOUND('', #5607, .T.);
#5609 = ADVANCED_FACE('', (#5608), #12, .T.);
#5610 = DIRECTION('', (-0.566667, 0.420269, -0.708705));
#5611 = POLY_LOOP('', (#1104, #1106, #1234));
#5612 = FACE_OUTER_BOUND('', #5611, .T.);
#5613 = ADVANCED_FACE('', (#5612), #12, .T.);
#5614 = DIRECTION('', (-0.605132, 0.362702, -0.708705));
#5615 = POLY_LOOP('', (#1106, #1236, #1234));
#5616 = FACE_OUTER_BOUND('', #5615, .T.);
#5617 = ADVANCED_FACE('', (#5616), #12, .T.);
#5618 = DIRECTION('', (-0.605132, 0.362702, -0.708705));
#5619 = POLY_LOOP('', (#1106, #1108, #1236));
#5620 = FACE_OUTER_BOUND('', #5619, .T.);
#5621 = ADVANCED_FACE('', (#5620), #12, .T.);
#5622 = DIRECTION('', (-0.637769, 0.301642, -0.708705));
#5623 = POLY_LOOP('', (#1108, #1238, #1236));
#5624 = FACE_OUTER_BOUND('', #5623, .T.);
#5625 = ADVANCED_FACE('', (#5624), #12, .T.);
#5626 = DIRECTION('', (-0.637769, 0.301642, -0.708705));
#5627 = POLY_LOOP('', (#1108, #1110, #1238));
#5628 = FACE_OUTER_BOUND('', #5627, .T.);
#5629 = ADVANCED_FACE('', (#5628), #12, .T.);
#5630 = DIRECTION('', (-0.664264, 0.237677, -0.708705));
#5631 = POLY_LOOP('', (#1110, #1240, #1238));
#5632 = FACE_OUTER_BOUND('', #5631, .T.);
#5633 = ADVANCED_FACE('', (#5632), #12, .T.);
#5634 = DIRECTION('', (-0.664264, 0.237677, -0.708705));
#5635 = POLY_LOOP('', (#1110, #1112, #1240));
#5636 = FACE_OUTER_BOUND('', #5635, .T.);
#5637 = ADVANCED_FACE('', (#5636), #12, .T.);
#5638 = DIRECTION('', (-0.684362, 0.171424, -0.708705));
#5639 = POLY_LOOP('', (#1112, #1242, #1240));
#5640 = FACE_OUTER_BOUND('', #5639, .T.);
#5641 = ADVANCED_FACE('', (#5640), #12, .T.);
#5642 = DIRECTION('', (-0.684362, 0.171424, -0.708705));
#5643 = POLY_LOOP('', (#1112, #1114, #1242));
#5644 = FACE_OUTER_BOUND('', #5643, .T.);
#5645 = ADVANCED_FACE('', (#5644), #12, .T.);
#5646 = DIRECTION('', (-0.697869, 0.103519, -0.708705));
#5647 = POLY_LOOP('', (#1114, #1244, #1242));
#5648 = FACE_OUTER_BOUND('', #5647, .T.);
#5649 = ADVANCED_FACE('', (#5648), #12, .T.);
#5650 = DIRECTION('', (-0.697869, 0.103519, -0.708705));
#5651 = POLY_LOOP('', (#1114, #1116, #1244));
#5652 = FACE_OUTER_BOUND('', #5651, .T.);
#5653 = ADVANCED_FACE('', (#5652), #12, .T.);
#5654 = DIRECTION('', (-0.704655, 0.034617, -0.708705));
#5655 = POLY_LOOP('', (#1116, #1246, #1244));
#5656 = FACE_OUTER_BOUND('', #5655, .T.);
#5657 = ADVANCED_FACE('', (#5656), #12, .T.);
#5658 = DIRECTION('', (-0.704655, 0.034617, -0.708705));
#5659 = POLY_LOOP('', (#1116, #1118, #1246));
#5660 = FACE_OUTER_BOUND('', #5659, .T.);
#5661 = ADVANCED_FACE('', (#5660), #12, .T.);
#5662 = DIRECTION('', (-0.704655, -0.034617, -0.708705));
#5663 = POLY_LOOP('', (#1118, #1248, #1246));
#5664 = FACE_OUTER_BOUND('', #5663, .T.);
#5665 = ADVANCED_FACE('', (#5664), #12, .T.);
#5666 = DIRECTION('', (-0.704655, -0.034617, -0.708705));
#5667 = POLY_LOOP('', (#1118, #1120, #1248));
#5668 = FACE_OUTER_BOUND('', #5667, .T.);
#5669 = ADVANCED_FACE('', (#5668), #12, .T.);
#5670 = DIRECTION('', (-0.697869, -0.103519, -0.708705));
#5671 = POLY_LOOP('', (#1120, #1250, #1248));
#5672 = FACE_OUTER_BOUND('', #5671, .T.);
#5673 = ADVANCED_FACE('', (#5672), #12, .T.);
#5674 = DIRECTION('', (-0.697869, -0.103519, -0.708705));
#5675 = POLY_LOOP('', (#1120, #1122, #1250));
#5676 = FACE_OUTER_BOUND('', #5675, .T.);
#5677 = ADVANCED_FACE('', (#5676), #12, .T.);
#5678 = DIRECTION('', (-0.684362, -0.171424, -0.708705));
#5679 = POLY_LOOP('', (#1122, #1252, #1250));
#5680 = FACE_OUTER_BOUND('', #5679, .T.);
#5681 = ADVANCED_FACE('', (#5680), #12, .T.);
#5682 = DIRECTION('', (-0.684362, -0.171424, -0.708705));
#5683 = POLY_LOOP('', (#1122, #1124, #1252));
#5684 = FACE_OUTER_BOUND('', #5683, .T.);
#5685 = ADVANCED_FACE('', (#5684), #12, .T.);
#5686 = DIRECTION('', (-0.664264, -0.237677, -0.708705));
#5687 = POLY_LOOP('', (#1124, #1254, #1252));
#5688 = FACE_OUTER_BOUND('', #5687, .T.);
#5689 = ADVANCED_FACE('', (#5688), #12, .T.);
#5690 = DIRECTION('', (-0.664264, -0.237677, -0.708705));
#5691 = POLY_LOOP('', (#1124, #1126, #1254));
#5692 = FACE_OUTER_BOUND('', #5691, .T.);
#5693 = ADVANCED_FACE('', (#5692), #12, .T.);
#5694 = DIRECTION('', (-0.637769, -0.301642, -0.708705));
#5695 = POLY_LOOP('', (#1126, #1256, #1254));
#5696 = FACE_OUTER_BOUND('', #5695, .T.);
#5697 = ADVANCED_FACE('', (#5696), #12, .T.);
#5698 = DIRECTION('', (-0.637769, -0.301642, -0.708705));
#5699 = POLY_LOOP('', (#1126, #1128, #1256));
#5700 = FACE_OUTER_BOUND('', #5699, .T.);
#5701 = ADVANCED_FACE('', (#5700), #12, .T.);
#5702 = DIRECTION('', (-0.605132, -0.362702, -0.708705));
#5703 = POLY_LOOP('', (#1128, #1258, #1256));
#5704 = FACE_OUTER_BOUND('', #5703, .T.);
#5705 = ADVANCED_FACE('', (#5704), #12, .T.);
#5706 = DIRECTION('', (-0.605132, -0.362702, -0.708705));
#5707 = POLY_LOOP('', (#1128, #1130, #1258));
#5708 = FACE_OUTER_BOUND('', #5707, .T.);
#5709 = ADVANCED_FACE('', (#5708), #12, .T.);
#5710 = DIRECTION('', (-0.566667, -0.420269, -0.708705));
#5711 = POLY_LOOP('', (#1130, #1260, #1258));
#5712 = FACE_OUTER_BOUND('', #5711, .T.);
#5713 = ADVANCED_FACE('', (#5712), #12, .T.);
#5714 = DIRECTION('', (-0.566667, -0.420269, -0.708705));
#5715 = POLY_LOOP('', (#1130, #1132, #1260));
#5716 = FACE_OUTER_BOUND('', #5715, .T.);
#5717 = ADVANCED_FACE('', (#5716), #12, .T.);
#5718 = DIRECTION('', (-0.522745, -0.473788, -0.708705));
#5719 = POLY_LOOP('', (#1132, #1262, #1260));
#5720 = FACE_OUTER_BOUND('', #5719, .T.);
#5721 = ADVANCED_FACE('', (#5720), #12, .T.);
#5722 = DIRECTION('', (-0.522745, -0.473788, -0.708705));
#5723 = POLY_LOOP('', (#1132, #1134, #1262));
#5724 = FACE_OUTER_BOUND('', #5723, .T.);
#5725 = ADVANCED_FACE('', (#5724), #12, .T.);
#5726 = DIRECTION('', (-0.473788, -0.522745, -0.708705));
#5727 = POLY_LOOP('', (#1134, #1264, #1262));
#5728 = FACE_OUTER_BOUND('', #5727, .T.);
#5729 = ADVANCED_FACE('', (#5728), #12, .T.);
#5730 = DIRECTION('', (-0.473788, -0.522745, -0.708705));
#5731 = POLY_LOOP('', (#1134, #1136, #1264));
#5732 = FACE_OUTER_BOUND('', #5731, .T.);
#5733 = ADVANCED_FACE('', (#5732), #12, .T.);
#5734 = DIRECTION('', (-0.420269, -0.566667, -0.708705));
#5735 = POLY_LOOP('', (#1136, #1266, #1264));
#5736 = FACE_OUTER_BOUND('', #5735, .T.);
#5737 = ADVANCED_FACE('', (#5736), #12, .T.);
#5738 = DIRECTION('', (-0.420269, -0.566667, -0.708705));
#5739 = POLY_LOOP('', (#1136, #1138, #1266));
#5740 = FACE_OUTER_BOUND('', #5739, .T.);
#5741 = ADVANCED_FACE('', (#5740), #12, .T.);
#5742 = DIRECTION('', (-0.362702, -0.605132, -0.708705));
#5743 = POLY_LOOP('', (#1138, #1268, #1266));
#5744 = FACE_OUTER_BOUND('', #5743, .T.);
#5745 = ADVANCED_FACE('', (#5744), #12, .T.);
#5746 = DIRECTION('', (-0.362702, -0.605132, -0.708705));
#5747 = POLY_LOOP('', (#1138, #1140, #1268));
#5748 = FACE_OUTER_BOUND('', #5747, .T.);
#5749 = ADVANCED_FACE('', (#5748), #12, .T.);
#5750 = DIRECTION('', (-0.301642, -0.637769, -0.708705));
#5751 = POLY_LOOP('', (#1140, #1270, #1268));
#5752 = FACE_OUTER_BOUND('', #5751, .T.);
#5753 = ADVANCED_FACE('', (#5752), #12, .T.);
#5754 = DIRECTION('', (-0.301642, -0.637769, -0.708705));
#5755 = POLY_LOOP('', (#1140, #1142, #1270));
#5756 = FACE_OUTER_BOUND('', #5755, .T.);
#5757 = ADVANCED_FACE('', (#5756), #12, .T.);
#5758 = DIRECTION('', (-0.237677, -0.664264, -0.708705));
#5759 = POLY_LOOP('', (#1142, #1272, #1270));
#5760 = FACE_OUTER_BOUND('', #5759, .T.);
#5761 = ADVANCED_FACE('', (#5760), #12, .T.);
#5762 = DIRECTION('', (-0.237677, -0.664264, -0.708705));
#5763 = POLY_LOOP('', (#1142, #1144, #1272));
#5764 = FACE_OUTER_BOUND('', #5763, .T.);
#5765 = ADVANCED_FACE('', (#5764), #12, .T.);
#5766 = DIRECTION('', (-0.171424, -0.684362, -0.708705));
#5767 = POLY_LOOP('', (#1144, #1274, #1272));
#5768 = FACE_OUTER_BOUND('', #5767, .T.);
#5769 = ADVANCED_FACE('', (#5768), #12, .T.);
#5770 = DIRECTION('', (-0.171424, -0.684362, -0.708705));
#5771 = POLY_LOOP('', (#1144, #1146, #1274));
#5772 = FACE_OUTER_BOUND('', #5771, .T.);
#5773 = ADVANCED_FACE('', (#5772), #12, .T.);
#5774 = DIRECTION('', (-0.103519, -0.697869, -0.708705));
#5775 = POLY_LOOP('', (#1146, #1276, #1274));
#5776 = FACE_OUTER_BOUND('', #5775, .T.);
#5777 = ADVANCED_FACE('', (#5776), #12, .T.);
#5778 = DIRECTION('', (-0.103519, -0.697869, -0.708705));
#5779 = POLY_LOOP('', (#1146, #1148, #1276));
#5780 = FACE_OUTER_BOUND('', #5779, .T.);
#5781 = ADVANCED_FACE('', (#5780), #12, .T.);
#5782 = DIRECTION('', (-0.034617, -0.704655, -0.708705));
#5783 = POLY_LOOP('', (#1148, #1278, #1276));
#5784 = FACE_OUTER_BOUND('', #5783, .T.);
#5785 = ADVANCED_FACE('', (#5784), #12, .T.);
#5786 = DIRECTION('', (-0.034617, -0.704655, -0.708705));
#5787 = POLY_LOOP('', (#1148, #1150, #1278));
#5788 = FACE_OUTER_BOUND('', #5787, .T.);
#5789 = ADVANCED_FACE('', (#5788), #12, .T.);
#5790 = DIRECTION('', (0.034617, -0.704655, -0.708705));
#5791 = POLY_LOOP('', (#1150, #1280, #1278));
#5792 = FACE_OUTER_BOUND('', #5791, .T.);
#5793 = ADVANCED_FACE('', (#5792), #12, .T.);
#5794 = DIRECTION('', (0.034617, -0.704655, -0.708705));
#5795 = POLY_LOOP('', (#1150, #1152, #1280));
#5796 = FACE_OUTER_BOUND('', #5795, .T.);
#5797 = ADVANCED_FACE('', (#5796), #12, .T.);
#5798 = DIRECTION('', (0.103519, -0.697869, -0.708705));
#5799 = POLY_LOOP('', (#1152, #1282, #1280));
#5800 = FACE_OUTER_BOUND('', #5799, .T.);
#5801 = ADVANCED_FACE('', (#5800), #12, .T.);
#5802 = DIRECTION('', (0.103519, -0.697869, -0.708705));
#5803 = POLY_LOOP('', (#1152, #1154, #1282));
#5804 = FACE_OUTER_BOUND('', #5803, .T.);
#5805 = ADVANCED_FACE('', (#5804), #12, .T.);
#5806 = DIRECTION('', (0.171424, -0.684362, -0.708705));
#5807 = POLY_LOOP('', (#1154, #1284, #1282));
#5808 = FACE_OUTER_BOUND('', #5807, .T.);
#5809 = ADVANCED_FACE('', (#5808), #12, .T.);
#5810 = DIRECTION('', (0.171424, -0.684362, -0.708705));
#5811 = POLY_LOOP('', (#1154, #1156, #1284));
#5812 = FACE_OUTER_BOUND('', #5811, .T.);
#5813 = ADVANCED_FACE('', (#5812), #12, .T.);
#5814 = DIRECTION('', (0.237677, -0.664264, -0.708705));
#5815 = POLY_LOOP('', (#1156, #1286, #1284));
#5816 = FACE_OUTER_BOUND('', #5815, .T.);
#5817 = ADVANCED_FACE('', (#5816), #12, .T.);
#5818 = DIRECTION('', (0.237677, -0.664264, -0.708705));
#5819 = POLY_LOOP('', (#1156, #1158, #1286));
#5820 = FACE_OUTER_BOUND('', #5819, .T.);
#5821 = ADVANCED_FACE('', (#5820), #12, .T.);
#5822 = DIRECTION('', (0.301642, -0.637769, -0.708705));
#5823 = POLY_LOOP('', (#1158, #1288, #1286));
#5824 = FACE_OUTER_BOUND('', #5823, .T.);
#5825 = ADVANCED_FACE('', (#5824), #12, .T.);
#5826 = DIRECTION('', (0.301642, -0.637769, -0.708705));
#5827 = POLY_LOOP('', (#1158, #1160, #1288));
#5828 = FACE_OUTER_BOUND('', #5827, .T.);
#5829 = ADVANCED_FACE('', (#5828), #12, .T.);
#5830 = DIRECTION('', (0.362702, -0.605132, -0.708705));
#5831 = POLY_LOOP('', (#1160, #1290, #1288));
#5832 = FACE_OUTER_BOUND('', #5831, .T.);
#5833 = ADVANCED_FACE('', (#5832), #12, .T.);
#5834 = DIRECTION('', (0.362702, -0.605132, -0.708705));
#5835 = POLY_LOOP('', (#1160, #1162, #1290));
#5836 = FACE_OUTER_BOUND('', #5835, .T.);
#5837 = ADVANCED_FACE('', (#5836), #12, .T.);
#5838 = DIRECTION('', (0.420269, -0.566667, -0.708705));
#5839 = POLY_LOOP('', (#1162, #1292, #1290));
#5840 = FACE_OUTER_BOUND('', #5839, .T.);
#5841 = ADVANCED_FACE('', (#5840), #12, .T.);
#5842 = DIRECTION('', (0.420269, -0.566667, -0.708705));
#5843 = POLY_LOOP('', (#1162, #1164, #1292));
#5844 = FACE_OUTER_BOUND('', #5843, .T.);
#5845 = ADVANCED_FACE('', (#5844), #12, .T.);
#5846 = DIRECTION('', (0.473788, -0.522745, -0.708705));
#5847 = POLY_LOOP('', (#1164, #1294, #1292));
#5848 = FACE_OUTER_BOUND('', #5847, .T.);
#5849 = ADVANCED_FACE('', (#5848), #12, .T.);
#5850 = DIRECTION('', (0.473788, -0.522745, -0.708705));
#5851 = POLY_LOOP('', (#1164, #1166, #1294));
#5852 = FACE_OUTER_BOUND('', #5851, .T.);
#5853 = ADVANCED_FACE('', (#5852), #12, .T.);
#5854 = DIRECTION('', (0.522745, -0.473788, -0.708705));
#5855 = POLY_LOOP('', (#1166, #1296, #1294));
#5856 = FACE_OUTER_BOUND('', #5855, .T.);
#5857 = ADVANCED_FACE('', (#5856), #12, .T.);
#5858 = DIRECTION('', (0.522745, -0.473788, -0.708705));
#5859 = POLY_LOOP('', (#1166, #1168, #1296));
#5860 = FACE_OUTER_BOUND('', #5859, .T.);
#5861 = ADVANCED_FACE('', (#5860), #12, .T.);
#5862 = DIRECTION('', (0.566667, -0.420269, -0.708705));
#5863 = POLY_LOOP('', (#1168, #1298, #1296));
#5864 = FACE_OUTER_BOUND('', #5863, .T.);
#5865 = ADVANCED_FACE('', (#5864), #12, .T.);
#5866 = DIRECTION('', (0.566667, -0.420269, -0.708705));
#5867 = POLY_LOOP('', (#1168, #1170, #1298));
#5868 = FACE_OUTER_BOUND('', #5867, .T.);
#5869 = ADVANCED_FACE('', (#5868), #12, .T.);
#5870 = DIRECTION('', (0.605132, -0.362702, -0.708705));
#5871 = POLY_LOOP('', (#1170, #1300, #1298));
#5872 = FACE_OUTER_BOUND('', #5871, .T.);
#5873 = ADVANCED_FACE('', (#5872), #12, .T.);
#5874 = DIRECTION('', (0.605132, -0.362702, -0.708705));
#5875 = POLY_LOOP('', (#1170, #1172, #1300));
#5876 = FACE_OUTER_BOUND('', #5875, .T.);
#5877 = ADVANCED_FACE('', (#5876), #12, .T.);
#5878 = DIRECTION('', (0.637769, -0.301642, -0.708705));
#5879 = POLY_LOOP('', (#1172, #1302, #1300));
#5880 = FACE_OUTER_BOUND('', #5879, .T.);
#5881 = ADVANCED_FACE('', (#5880), #12, .T.);
#5882 = DIRECTION('', (0.637769, -0.301642, -0.708705));
#5883 = POLY_LOOP('', (#1172, #1174, #1302));
#5884 = FACE_OUTER_BOUND('', #5883, .T.);
#5885 = ADVANCED_FACE('', (#5884), #12, .T.);
#5886 = DIRECTION('', (0.664264, -0.237677, -0.708705));
#5887 = POLY_LOOP('', (#1174, #1304, #1302));
#5888 = FACE_OUTER_BOUND('', #5887, .T.);
#5889 = ADVANCED_FACE('', (#5888), #12, .T.);
#5890 = DIRECTION('', (0.664264, -0.237677, -0.708705));
#5891 = POLY_LOOP('', (#1174, #1176, #1304));
#5892 = FACE_OUTER_BOUND('', #5891, .T.);
#5893 = ADVANCED_FACE('', (#5892), #12, .T.);
#5894 = DIRECTION('', (0.684362, -0.171424, -0.708705));
#5895 = POLY_LOOP('', (#1176, #1306, #1304));
#5896 = FACE_OUTER_BOUND('', #5895, .T.);
#5897 = ADVANCED_FACE('', (#5896), #12, .T.);
#5898 = DIRECTION('', (0.684362, -0.171424, -0.708705));
#5899 = POLY_LOOP('', (#1176, #1178, #1306));
#5900 = FACE_OUTER_BOUND('', #5899, .T.);
#5901 = ADVANCED_FACE('', (#5900), #12, .T.);
#5902 = DIRECTION('', (0.697869, -0.103519, -0.708705));
#5903 = POLY_LOOP('', (#1178, #1308, #1306));
#5904 = FACE_OUTER_BOUND('', #5903, .T.);
#5905 = ADVANCED_FACE('', (#5904), #12, .T.);
#5906 = DIRECTION('', (0.697869, -0.103519, -0.708705));
#5907 = POLY_LOOP('', (#1178, #1180, #1308));
#5908 = FACE_OUTER_BOUND('', #5907, .T.);
#5909 = ADVANCED_FACE('', (#5908), #12, .T.);
#5910 = DIRECTION('', (0.704655, -0.034617, -0.708705));
#5911 = POLY_LOOP('', (#1180, #1182, #1308));
#5912 = FACE_OUTER_BOUND('', #5911, .T.);
#5913 = ADVANCED_FACE('', (#5912), #12, .T.);
#5914 = DIRECTION('', (0.704655, -0.034617, -0.708705));
#5915 = POLY_LOOP('', (#1180, #1054, #1182));
#5916 = FACE_OUTER_BOUND('', #5915, .T.);
#5917 = ADVANCED_FACE('', (#5916), #12, .T.);
#5918 = DIRECTION('', (0.681935, 0.033501, -0.730645));
#5919 = POLY_LOOP('', (#1182, #1312, #1310));
#5920 = FACE_OUTER_BOUND('', #5919, .T.);
#5921 = ADVANCED_FACE('', (#5920), #12, .T.);
#5922 = DIRECTION('', (0.681935, 0.033501, -0.730645));
#5923 = POLY_LOOP('', (#1182, #1184, #1312));
#5924 = FACE_OUTER_BOUND('', #5923, .T.);
#5925 = ADVANCED_FACE('', (#5924), #12, .T.);
#5926 = DIRECTION('', (0.675368, 0.100181, -0.730645));
#5927 = POLY_LOOP('', (#1184, #1314, #1312));
#5928 = FACE_OUTER_BOUND('', #5927, .T.);
#5929 = ADVANCED_FACE('', (#5928), #12, .T.);
#5930 = DIRECTION('', (0.675368, 0.100181, -0.730645));
#5931 = POLY_LOOP('', (#1184, #1186, #1314));
#5932 = FACE_OUTER_BOUND('', #5931, .T.);
#5933 = ADVANCED_FACE('', (#5932), #12, .T.);
#5934 = DIRECTION('', (0.662296, 0.165897, -0.730645));
#5935 = POLY_LOOP('', (#1186, #1316, #1314));
#5936 = FACE_OUTER_BOUND('', #5935, .T.);
#5937 = ADVANCED_FACE('', (#5936), #12, .T.);
#5938 = DIRECTION('', (0.662296, 0.165897, -0.730645));
#5939 = POLY_LOOP('', (#1186, #1188, #1316));
#5940 = FACE_OUTER_BOUND('', #5939, .T.);
#5941 = ADVANCED_FACE('', (#5940), #12, .T.);
#5942 = DIRECTION('', (0.642846, 0.230014, -0.730645));
#5943 = POLY_LOOP('', (#1188, #1318, #1316));
#5944 = FACE_OUTER_BOUND('', #5943, .T.);
#5945 = ADVANCED_FACE('', (#5944), #12, .T.);
#5946 = DIRECTION('', (0.642846, 0.230014, -0.730645));
#5947 = POLY_LOOP('', (#1188, #1190, #1318));
#5948 = FACE_OUTER_BOUND('', #5947, .T.);
#5949 = ADVANCED_FACE('', (#5948), #12, .T.);
#5950 = DIRECTION('', (0.617206, 0.291917, -0.730645));
#5951 = POLY_LOOP('', (#1190, #1320, #1318));
#5952 = FACE_OUTER_BOUND('', #5951, .T.);
#5953 = ADVANCED_FACE('', (#5952), #12, .T.);
#5954 = DIRECTION('', (0.617206, 0.291917, -0.730645));
#5955 = POLY_LOOP('', (#1190, #1192, #1320));
#5956 = FACE_OUTER_BOUND('', #5955, .T.);
#5957 = ADVANCED_FACE('', (#5956), #12, .T.);
#5958 = DIRECTION('', (0.585621, 0.351008, -0.730645));
#5959 = POLY_LOOP('', (#1192, #1322, #1320));
#5960 = FACE_OUTER_BOUND('', #5959, .T.);
#5961 = ADVANCED_FACE('', (#5960), #12, .T.);
#5962 = DIRECTION('', (0.585621, 0.351008, -0.730645));
#5963 = POLY_LOOP('', (#1192, #1194, #1322));
#5964 = FACE_OUTER_BOUND('', #5963, .T.);
#5965 = ADVANCED_FACE('', (#5964), #12, .T.);
#5966 = DIRECTION('', (0.548396, 0.406718, -0.730645));
#5967 = POLY_LOOP('', (#1194, #1324, #1322));
#5968 = FACE_OUTER_BOUND('', #5967, .T.);
#5969 = ADVANCED_FACE('', (#5968), #12, .T.);
#5970 = DIRECTION('', (0.548396, 0.406718, -0.730645));
#5971 = POLY_LOOP('', (#1194, #1196, #1324));
#5972 = FACE_OUTER_BOUND('', #5971, .T.);
#5973 = ADVANCED_FACE('', (#5972), #12, .T.);
#5974 = DIRECTION('', (0.505890, 0.458512, -0.730645));
#5975 = POLY_LOOP('', (#1196, #1326, #1324));
#5976 = FACE_OUTER_BOUND('', #5975, .T.);
#5977 = ADVANCED_FACE('', (#5976), #12, .T.);
#5978 = DIRECTION('', (0.505890, 0.458512, -0.730645));
#5979 = POLY_LOOP('', (#1196, #1198, #1326));
#5980 = FACE_OUTER_BOUND('', #5979, .T.);
#5981 = ADVANCED_FACE('', (#5980), #12, .T.);
#5982 = DIRECTION('', (0.458512, 0.505890, -0.730645));
#5983 = POLY_LOOP('', (#1198, #1328, #1326));
#5984 = FACE_OUTER_BOUND('', #5983, .T.);
#5985 = ADVANCED_FACE('', (#5984), #12, .T.);
#5986 = DIRECTION('', (0.458512, 0.505890, -0.730645));
#5987 = POLY_LOOP('', (#1198, #1200, #1328));
#5988 = FACE_OUTER_BOUND('', #5987, .T.);
#5989 = ADVANCED_FACE('', (#5988), #12, .T.);
#5990 = DIRECTION('', (0.406718, 0.548396, -0.730645));
#5991 = POLY_LOOP('', (#1200, #1330, #1328));
#5992 = FACE_OUTER_BOUND('', #5991, .T.);
#5993 = ADVANCED_FACE('', (#5992), #12, .T.);
#5994 = DIRECTION('', (0.406718, 0.548396, -0.730645));
#5995 = POLY_LOOP('', (#1200, #1202, #1330));
#5996 = FACE_OUTER_BOUND('', #5995, .T.);
#5997 = ADVANCED_FACE('', (#5996), #12, .T.);
#5998 = DIRECTION('', (0.351008, 0.585621, -0.730645));
#5999 = POLY_LOOP('', (#1202, #1332, #1330));
#6000 = FACE_OUTER_BOUND('', #5999, .T.);
#6001 = ADVANCED_FACE('', (#6000), #12, .T.);
#6002 = DIRECTION('', (0.351008, 0.585621, -0.730645));
#6003 = POLY_LOOP('', (#1202, #1204, #1332));
#6004 = FACE_OUTER_BOUND('', #6003, .T.);
#6005 = ADVANCED_FACE('', (#6004), #12, .T.);
#6006 = DIRECTION('', (0.291917, 0.617206, -0.730645));
#6007 = POLY_LOOP('', (#1204, #1334, #1332));
#6008 = FACE_OUTER_BOUND('', #6007, .T.);
#6009 = ADVANCED_FACE('', (#6008), #12, .T.);
#6010 = DIRECTION('', (0.291917, 0.617206, -0.730645));
#6011 = POLY_LOOP('', (#1204, #1206, #1334));
#6012 = FACE_OUTER_BOUND('', #6011, .T.);
#6013 = ADVANCED_FACE('', (#6012), #12, .T.);
#6014 = DIRECTION('', (0.230014, 0.642846, -0.730645));
#6015 = POLY_LOOP('', (#1206, #1336, #1334));
#6016 = FACE_OUTER_BOUND('', #6015, .T.);
#6017 = ADVANCED_FACE('', (#6016), #12, .T.);
#6018 = DIRECTION('', (0.230014, 0.642846, -0.730645));
#6019 = POLY_LOOP('', (#1206, #1208, #1336));
#6020 = FACE_OUTER_BOUND('', #6019, .T.);
#6021 = ADVANCED_FACE('', (#6020), #12, .T.);
#6022 = DIRECTION('', (0.165897, 0.662296, -0.730645));
#6023 = POLY_LOOP('', (#1208, #1338, #1336));
#6024 = FACE_OUTER_BOUND('', #6023, .T.);
#6025 = ADVANCED_FACE('', (#6024), #12, .T.);
#6026 = DIRECTION('', (0.165897, 0.662296, -0.730645));
#6027 = POLY_LOOP('', (#1208, #1210, #1338));
#6028 = FACE_OUTER_BOUND('', #6027, .T.);
#6029 = ADVANCED_FACE('', (#6028), #12, .T.);
#6030 = DIRECTION('', (0.100181, 0.675368, -0.730645));
#6031 = POLY_LOOP('', (#1210, #1340, #1338));
#6032 = FACE_OUTER_BOUND('', #6031, .T.);
#6033 = ADVANCED_FACE('', (#6032), #12, .T.);
#6034 = DIRECTION('', (0.100181, 0.675368, -0.730645));
#6035 = POLY_LOOP('', (#1210, #1212, #1340));
#6036 = FACE_OUTER_BOUND('', #6035, .T.);
#6037 = ADVANCED_FACE('', (#6036), #12, .T.);
#6038 = DIRECTION('', (0.033501, 0.681935, -0.730645));
#6039 = POLY_LOOP('', (#1212, #1342, #1340));
#6040 = FACE_OUTER_BOUND('', #6039, .T.);
#6041 = ADVANCED_FACE('', (#6040), #12, .T.);
#6042 = DIRECTION('', (0.033501, 0.681935, -0.730645));
#6043 = POLY_LOOP('', (#1212, #1214, #1342));
#6044 = FACE_OUTER_BOUND('', #6043, .T.);
#6045 = ADVANCED_FACE('', (#6044), #12, .T.);
#6046 = DIRECTION('', (-0.033501, 0.681935, -0.730645));
#6047 = POLY_LOOP('', (#1214, #1344, #1342));
#6048 = FACE_OUTER_BOUND('', #6047, .T.);
#6049 = ADVANCED_FACE('', (#6048), #12, .T.);
#6050 = DIRECTION('', (-0.033501, 0.681935, -0.730645));
#6051 = POLY_LOOP('', (#1214, #1216, #1344));
#6052 = FACE_OUTER_BOUND('', #6051, .T.);
#6053 = ADVANCED_FACE('', (#6052), #12, .T.);
#6054 = DIRECTION('', (-0.100181, 0.675368, -0.730645));
#6055 = POLY_LOOP('', (#1216, #1346, #1344));
#6056 = FACE_OUTER_BOUND('', #6055, .T.);
#6057 = ADVANCED_FACE('', (#6056), #12, .T.);
#6058 = DIRECTION('', (-0.100181, 0.675368, -0.730645));
#6059 = POLY_LOOP('', (#1216, #1218, #1346));
#6060 = FACE_OUTER_BOUND('', #6059, .T.);
#6061 = ADVANCED_FACE('', (#6060), #12, .T.);
#6062 = DIRECTION('', (-0.165897, 0.662296, -0.730645));
#6063 = POLY_LOOP('', (#1218, #1348, #1346));
#6064 = FACE_OUTER_BOUND('', #6063, .T.);
#6065 = ADVANCED_FACE('', (#6064), #12, .T.);
#6066 = DIRECTION('', (-0.165897, 0.662296, -0.730645));
#6067 = POLY_LOOP('', (#1218, #1220, #1348));
#6068 = FACE_OUTER_BOUND('', #6067, .T.);
#6069 = ADVANCED_FACE('', (#6068), #12, .T.);
#6070 = DIRECTION('', (-0.230014, 0.642846, -0.730645));
#6071 = POLY_LOOP('', (#1220, #1350, #1348));
#6072 = FACE_OUTER_BOUND('', #6071, .T.);
#6073 = ADVANCED_FACE('', (#6072), #12, .T.);
#6074 = DIRECTION('', (-0.230014, 0.642846, -0.730645));
#6075 = POLY_LOOP('', (#1220, #1222, #1350));
#6076 = FACE_OUTER_BOUND('', #6075, .T.);
#6077 = ADVANCED_FACE('', (#6076), #12, .T.);
#6078 = DIRECTION('', (-0.291917, 0.617206, -0.730645));
#6079 = POLY_LOOP('', (#1222, #1352, #1350));
#6080 = FACE_OUTER_BOUND('', #6079, .T.);
#6081 = ADVANCED_FACE('', (#6080), #12, .T.);
#6082 = DIRECTION('', (-0.291917, 0.617206, -0.730645));
#6083 = POLY_LOOP('', (#1222, #1224, #1352));
#6084 = FACE_OUTER_BOUND('', #6083, .T.);
#6085 = ADVANCED_FACE('', (#6084), #12, .T.);
#6086 = DIRECTION('', (-0.351008, 0.585621, -0.730645));
#6087 = POLY_LOOP('', (#1224, #1354, #1352));
#6088 = FACE_OUTER_BOUND('', #6087, .T.);
#6089 = ADVANCED_FACE('', (#6088), #12, .T.);
#6090 = DIRECTION('', (-0.351008, 0.585621, -0.730645));
#6091 = POLY_LOOP('', (#1224, #1226, #1354));
#6092 = FACE_OUTER_BOUND('', #6091, .T.);
#6093 = ADVANCED_FACE('', (#6092), #12, .T.);
#6094 = DIRECTION('', (-0.406718, 0.548396, -0.730645));
#6095 = POLY_LOOP('', (#1226, #1356, #1354));
#6096 = FACE_OUTER_BOUND('', #6095, .T.);
#6097 = ADVANCED_FACE('', (#6096), #12, .T.);
#6098 = DIRECTION('', (-0.406718, 0.548396, -0.730645));
#6099 = POLY_LOOP('', (#1226, #1228, #1356));
#6100 = FACE_OUTER_BOUND('', #6099, .T.);
#6101 = ADVANCED_FACE('', (#6100), #12, .T.);
#6102 = DIRECTION('', (-0.458512, 0.505890, -0.730645));
#6103 = POLY_LOOP('', (#1228, #1358, #1356));
#6104 = FACE_OUTER_BOUND('', #6103, .T.);
#6105 = ADVANCED_FACE('', (#6104), #12, .T.);
#6106 = DIRECTION('', (-0.458512, 0.505890, -0.730645));
#6107 = POLY_LOOP('', (#1228, #1230, #1358));
#6108 = FACE_OUTER_BOUND('', #6107, .T.);
#6109 = ADVANCED_FACE('', (#6108), #12, .T.);
#6110 = DIRECTION('', (-0.505890, 0.458512, -0.730645));
#6111 = POLY_LOOP('', (#1230, #1360, #1358));
#6112 = FACE_OUTER_BOUND('', #6111, .T.);
#6113 = ADVANCED_FACE('', (#6112), #12, .T.);
#6114 = DIRECTION('', (-0.505890, 0.458512, -0.730645));
#6115 = POLY_LOOP('', (#1230, #1232, #1360));
#6116 = FACE_OUTER_BOUND('', #6115, .T.);
#6117 = ADVANCED_FACE('', (#6116), #12, .T.);
#6118 = DIRECTION('', (-0.548396, 0.406718, -0.730645));
#6119 = POLY_LOOP('', (#1232, #1362, #1360));
#6120 = FACE_OUTER_BOUND('', #6119, .T.);
#6121 = ADVANCED_FACE('', (#6120), #12, .T.);
#6122 = DIRECTION('', (-0.548396, 0.406718, -0.730645));
#6123 = POLY_LOOP('', (#1232, #1234, #1362));
#6124 = FACE_OUTER_BOUND('', #6123, .T.);
#6125 = ADVANCED_FACE('', (#6124), #12, .T.);
#6126 = DIRECTION('', (-0.585621, 0.351008, -0.730645));
#6127 = POLY_LOOP('', (#1234, #1364, #1362));
#6128 = FACE_OUTER_BOUND('', #6127, .T.);
#6129 = ADVANCED_FACE('', (#6128), #12, .T.);
#6130 = DIRECTION('', (-0.585621, 0.351008, -0.730645));
#6131 = POLY_LOOP('', (#1234, #1236, #1364));
#6132 = FACE_OUTER_BOUND('', #6131, .T.);
#6133 = ADVANCED_FACE('', (#6132), #12, .T.);
#6134 = DIRECTION('', (-0.617206, 0.291917, -0.730645));
#6135 = POLY_LOOP('', (#1236, #1366, #1364));
#6136 = FACE_OUTER_BOUND('', #6135, .T.);
#6137 = ADVANCED_FACE('', (#6136), #12, .T.);
#6138 = DIRECTION('', (-0.617206, 0.291917, -0.730645));
#6139 = POLY_LOOP('', (#1236, #1238, #1366));
#6140 = FACE_OUTER_BOUND('', #6139, .T.);
#6141 = ADVANCED_FACE('', (#6140), #12, .T.);
#6142 = DIRECTION('', (-0.642846, 0.230014, -0.730645));
#6143 = POLY_LOOP('', (#1238, #1368, #1366));
#6144 = FACE_OUTER_BOUND('', #6143, .T.);
#6145 = ADVANCED_FACE('', (#6144), #12, .T.);
#6146 = DIRECTION('', (-0.642846, 0.230014, -0.730645));
#6147 = POLY_LOOP('', (#1238, #1240, #1368));
#6148 = FACE_OUTER_BOUND('', #6147, .T.);
#6149 = ADVANCED_FACE('', (#6148), #12, .T.);
#6150 = DIRECTION('', (-0.662296, 0.165897, -0.730645));
#6151 = POLY_LOOP('', (#1240, #1370, #1368));
#6152 = FACE_OUTER_BOUND('', #6151, .T.);
#6153 = ADVANCED_FACE('', (#6152), #12, .T.);
#6154 = DIRECTION('', (-0.662296, 0.165897, -0.730645));
#6155 = POLY_LOOP('', (#1240, #1242, #1370));
#6156 = FACE_OUTER_BOUND('', #6155, .T.);
#6157 = ADVANCED_FACE('', (#6156), #12, .T.);
#6158 = DIRECTION('', (-0.675368, 0.100181, -0.730645));
#6159 = POLY_LOOP('', (#1242, #1372, #1370));
#6160 = FACE_OUTER_BOUND('', #6159, .T.);
#6161 = ADVANCED_FACE('', (#6160), #12, .T.);
#6162 = DIRECTION('', (-0.675368, 0.100181, -0.730645));
#6163 = POLY_LOOP('', (#1242, #1244, #1372));
#6164 = FACE_OUTER_BOUND('', #6163, .T.);
#6165 = ADVANCED_FACE('', (#6164), #12, .T.);
#6166 = DIRECTION('', (-0.681935, 0.033501, -0.730645));
#6167 = POLY_LOOP('', (#1244, #1374, #1372));
#6168 = FACE_OUTER_BOUND('', #6167, .T.);
#6169 = ADVANCED_FACE('', (#6168), #12, .T.);
#6170 = DIRECTION('', (-0.681935, 0.033501, -0.730645));
#6171 = POLY_LOOP('', (#1244, #1246, #1374));
#6172 = FACE_OUTER_BOUND('', #6171, .T.);
#6173 = ADVANCED_FACE('', (#6172), #12, .T.);
#6174 = DIRECTION('', (-0.681935, -0.033501, -0.730645));
#6175 = POLY_LOOP('', (#1246, #1376, #1374));
#6176 = FACE_OUTER_BOUND('', #6175, .T.);
#6177 = ADVANCED_FACE('', (#6176), #12, .T.);
#6178 = DIRECTION('', (-0.681935, -0.033501, -0.730645));
#6179 = POLY_LOOP('', (#1246, #1248, #1376));
#6180 = FACE_OUTER_BOUND('', #6179, .T.);
#6181 = ADVANCED_FACE('', (#6180), #12, .T.);
#6182 = DIRECTION('', (-0.675368, -0.100181, -0.730645));
#6183 = POLY_LOOP('', (#1248, #1378, #1376));
#6184 = FACE_OUTER_BOUND('', #6183, .T.);
#6185 = ADVANCED_FACE('', (#6184), #12, .T.);
#6186 = DIRECTION('', (-0.675368, -0.100181, -0.730645));
#6187 = POLY_LOOP('', (#1248, #1250, #1378));
#6188 = FACE_OUTER_BOUND('', #6187, .T.);
#6189 = ADVANCED_FACE('', (#6188), #12, .T.);
#6190 = DIRECTION('', (-0.662296, -0.165897, -0.730645));
#6191 = POLY_LOOP('', (#1250, #1380, #1378));
#6192 = FACE_OUTER_BOUND('', #6191, .T.);
#6193 = ADVANCED_FACE('', (#6192), #12, .T.);
#6194 = DIRECTION('', (-0.662296, -0.165897, -0.730645));
#6195 = POLY_LOOP('', (#1250, #1252, #1380));
#6196 = FACE_OUTER_BOUND('', #6195, .T.);
#6197 = ADVANCED_FACE('', (#6196), #12, .T.);
#6198 = DIRECTION('', (-0.642846, -0.230014, -0.730645));
#6199 = POLY_LOOP('', (#1252, #1382, #1380));
#6200 = FACE_OUTER_BOUND('', #6199, .T.);
#6201 = ADVANCED_FACE('', (#6200), #12, .T.);
#6202 = DIRECTION('', (-0.642846, -0.230014, -0.730645));
#6203 = POLY_LOOP('', (#1252, #1254, #1382));
#6204 = FACE_OUTER_BOUND('', #6203, .T.);
#6205 = ADVANCED_FACE('', (#6204), #12, .T.);
#6206 = DIRECTION('', (-0.617206, -0.291917, -0.730645));
#6207 = POLY_LOOP('', (#1254, #1384, #1382));
#6208 = FACE_OUTER_BOUND('', #6207, .T.);
#6209 = ADVANCED_FACE('', (#6208), #12, .T.);
#6210 = DIRECTION('', (-0.617206, -0.291917, -0.730645));
#6211 = POLY_LOOP('', (#1254, #1256, #1384));
#6212 = FACE_OUTER_BOUND('', #6211, .T.);
#6213 = ADVANCED_FACE('', (#6212), #12, .T.);
#6214 = DIRECTION('', (-0.585621, -0.351008, -0.730645));
#6215 = POLY_LOOP('', (#1256, #1386, #1384));
#6216 = FACE_OUTER_BOUND('', #6215, .T.);
#6217 = ADVANCED_FACE('', (#6216), #12, .T.);
#6218 = DIRECTION('', (-0.585621, -0.351008, -0.730645));
#6219 = POLY_LOOP('', (#1256, #1258, #1386));
#6220 = FACE_OUTER_BOUND('', #6219, .T.);
#6221 = ADVANCED_FACE('', (#6220), #12, .T.);
#6222 = DIRECTION('', (-0.548396, -0.406718, -0.730645));
#6223 = POLY_LOOP('', (#1258, #1388, #1386));
#6224 = FACE_OUTER_BOUND('', #6223, .T.);
#6225 = ADVANCED_FACE('', (#6224), #12, .T.);
#6226 = DIRECTION('', (-0.548396, -0.406718, -0.730645));
#6227 = POLY_LOOP('', (#1258, #1260, #1388));
#6228 = FACE_OUTER_BOUND('', #6227, .T.);
#6229 = ADVANCED_FACE('', (#6228), #12, .T.);
#6230 = DIRECTION('', (-0.505890, -0.458512, -0.730645));
#6231 = POLY_LOOP('', (#1260, #1390, #1388));
#6232 = FACE_OUTER_BOUND('', #6231, .T.);
#6233 = ADVANCED_FACE('', (#6232), #12, .T.);
#6234 = DIRECTION('', (-0.505890, -0.458512, -0.730645));
#6235 = POLY_LOOP('', (#1260, #1262, #1390));
#6236 = FACE_OUTER_BOUND('', #6235, .T.);
#6237 = ADVANCED_FACE('', (#6236), #12, .T.);
#6238 = DIRECTION('', (-0.458512, -0.505890, -0.730645));
#6239 = POLY_LOOP('', (#1262, #1392, #1390));
#6240 = FACE_OUTER_BOUND('', #6239, .T.);
#6241 = ADVANCED_FACE('', (#6240), #12, .T.);
#6242 = DIRECTION('', (-0.458512, -0.505890, -0.730645));
#6243 = POLY_LOOP('', (#1262, #1264, #1392));
#6244 = FACE_OUTER_BOUND('', #6243, .T.);
#6245 = ADVANCED_FACE('', (#6244), #12, .T.);
#6246 = DIRECTION('', (-0.406718, -0.548396, -0.730645));
#6247 = POLY_LOOP('', (#1264, #1394, #1392));
#6248 = FACE_OUTER_BOUND('', #6247, .T.);
#6249 = ADVANCED_FACE('', (#6248), #12, .T.);
#6250 = DIRECTION('', (-0.406718, -0.548396, -0.730645));
#6251 = POLY_LOOP('', (#1264, #1266, #1394));
#6252 = FACE_OUTER_BOUND('', #6251, .T.);
#6253 = ADVANCED_FACE('', (#6252), #12, .T.);
#6254 = DIRECTION('', (-0.351008, -0.585621, -0.730645));
#6255 = POLY_LOOP('', (#1266, #1396, #1394));
#6256 = FACE_OUTER_BOUND('', #6255, .T.);
#6257 = ADVANCED_FACE('', (#6256), #12, .T.);
#6258 = DIRECTION('', (-0.351008, -0.585621, -0.730645));
#6259 = POLY_LOOP('', (#1266, #1268, #1396));
#6260 = FACE_OUTER_BOUND('', #6259, .T.);
#6261 = ADVANCED_FACE('', (#6260), #12, .T.);
#6262 = DIRECTION('', (-0.291917, -0.617206, -0.730645));
#6263 = POLY_LOOP('', (#1268, #1398, #1396));
#6264 = FACE_OUTER_BOUND('', #6263, .T.);
#6265 = ADVANCED_FACE('', (#6264), #12, .T.);
#6266 = DIRECTION('', (-0.291917, -0.617206, -0.730645));
#6267 = POLY_LOOP('', (#1268, #1270, #1398));
#6268 = FACE_OUTER_BOUND('', #6267, .T.);
#6269 = ADVANCED_FACE('', (#6268), #12, .T.);
#6270 = DIRECTION('', (-0.230014, -0.642846, -0.730645));
#6271 = POLY_LOOP('', (#1270, #1400, #1398));
#6272 = FACE_OUTER_BOUND('', #6271, .T.);
#6273 = ADVANCED_FACE('', (#6272), #12, .T.);
#6274 = DIRECTION('', (-0.230014, -0.642846, -0.730645));
#6275 = POLY_LOOP('', (#1270, #1272, #1400));
#6276 = FACE_OUTER_BOUND('', #6275, .T.);
#6277 = ADVANCED_FACE('', (#6276), #12, .T.);
#6278 = DIRECTION('', (-0.165897, -0.662296, -0.730645));
#6279 = POLY_LOOP('', (#1272, #1402, #1400));
#6280 = FACE_OUTER_BOUND('', #6279, .T.);
#6281 = ADVANCED_FACE('', (#6280), #12, .T.);
#6282 = DIRECTION('', (-0.165897, -0.662296, -0.730645));
#6283 = POLY_LOOP('', (#1272, #1274, #1402));
#6284 = FACE_OUTER_BOUND('', #6283, .T.);
#6285 = ADVANCED_FACE('', (#6284), #12, .T.);
#6286 = DIRECTION('', (-0.100181, -0.675368, -0.730645));
#6287 = POLY_LOOP('', (#1274, #1404, #1402));
#6288 = FACE_OUTER_BOUND('', #6287, .T.);
#6289 = ADVANCED_FACE('', (#6288), #12, .T.);
#6290 = DIRECTION('', (-0.100181, -0.675368, -0.730645));
#6291 = POLY_LOOP('', (#1274, #1276, #1404));
#6292 = FACE_OUTER_BOUND('', #6291, .T.);
#6293 = ADVANCED_FACE('', (#6292), #12, .T.);
#6294 = DIRECTION('', (-0.033501, -0.681935, -0.730645));
#6295 = POLY_LOOP('', (#1276, #1406, #1404));
#6296 = FACE_OUTER_BOUND('', #6295, .T.);
#6297 = ADVANCED_FACE('', (#6296), #12, .T.);
#6298 = DIRECTION('', (-0.033501, -0.681935, -0.730645));
#6299 = POLY_LOOP('', (#1276, #1278, #1406));
#6300 = FACE_OUTER_BOUND('', #6299, .T.);
#6301 = ADVANCED_FACE('', (#6300), #12, .T.);
#6302 = DIRECTION('', (0.033501, -0.681935, -0.730645));
#6303 = POLY_LOOP('', (#1278, #1408, #1406));
#6304 = FACE_OUTER_BOUND('', #6303, .T.);
#6305 = ADVANCED_FACE('', (#6304), #12, .T.);
#6306 = DIRECTION('', (0.033501, -0.681935, -0.730645));
#6307 = POLY_LOOP('', (#1278, #1280, #1408));
#6308 = FACE_OUTER_BOUND('', #6307, .T.);
#6309 = ADVANCED_FACE('', (#6308), #12, .T.);
#6310 = DIRECTION('', (0.100181, -0.675368, -0.730645));
#6311 = POLY_LOOP('', (#1280, #1410, #1408));
#6312 = FACE_OUTER_BOUND('', #6311, .T.);
#6313 = ADVANCED_FACE('', (#6312), #12, .T.);
#6314 = DIRECTION('', (0.100181, -0.675368, -0.730645));
#6315 = POLY_LOOP('', (#1280, #1282, #1410));
#6316 = FACE_OUTER_BOUND('', #6315, .T.);
#6317 = ADVANCED_FACE('', (#6316), #12, .T.);
#6318 = DIRECTION('', (0.165897, -0.662296, -0.730645));
#6319 = POLY_LOOP('', (#1282, #1412, #1410));
#6320 = FACE_OUTER_BOUND('', #6319, .T.);
#6321 = ADVANCED_FACE('', (#6320), #12, .T.);
#6322 = DIRECTION('', (0.165897, -0.662296, -0.730645));
#6323 = POLY_LOOP('', (#1282, #1284, #1412));
#6324 = FACE_OUTER_BOUND('', #6323, .T.);
#6325 = ADVANCED_FACE('', (#6324), #12, .T.);
#6326 = DIRECTION('', (0.230014, -0.642846, -0.730645));
#6327 = POLY_LOOP('', (#1284, #1414, #1412));
#6328 = FACE_OUTER_BOUND('', #6327, .T.);
#6329 = ADVANCED_FACE('', (#6328), #12, .T.);
#6330 = DIRECTION('', (0.230014, -0.642846, -0.730645));
#6331 = POLY_LOOP('', (#1284, #1286, #1414));
#6332 = FACE_OUTER_BOUND('', #6331, .T.);
#6333 = ADVANCED_FACE('', (#6332), #12, .T.);
#6334 = DIRECTION('', (0.291917, -0.617206, -0.730645));
#6335 = POLY_LOOP('', (#1286, #1416, #1414));
#6336 = FACE_OUTER_BOUND('', #6335, .T.);
#6337 = ADVANCED_FACE('', (#6336), #12, .T.);
#6338 = DIRECTION('', (0.291917, -0.617206, -0.730645));
#6339 = POLY_LOOP('', (#1286, #1288, #1416));
#6340 = FACE_OUTER_BOUND('', #6339, .T.);
#6341 = ADVANCED_FACE('', (#6340), #12, .T.);
#6342 = DIRECTION('', (0.351008, -0.585621, -0.730645));
#6343 = POLY_LOOP('', (#1288, #1418, #1416));
#6344 = FACE_OUTER_BOUND('', #6343, .T.);
#6345 = ADVANCED_FACE('', (#6344), #12, .T.);
#6346 = DIRECTION('', (0.351008, -0.585621, -0.730645));
#6347 = POLY_LOOP('', (#1288, #1290, #1418));
#6348 = FACE_OUTER_BOUND('', #6347, .T.);
#6349 = ADVANCED_FACE('', (#6348), #12, .T.);
#6350 = DIRECTION('', (0.406718, -0.548396, -0.730645));
#6351 = POLY_LOOP('', (#1290, #1420, #1418));
#6352 = FACE_OUTER_BOUND('', #6351, .T.);
#6353 = ADVANCED_FACE('', (#6352), #12, .T.);
#6354 = DIRECTION('', (0.406718, -0.548396, -0.730645));
#6355 = POLY_LOOP('', (#1290, #1292, #1420));
#6356 = FACE_OUTER_BOUND('', #6355, .T.);
#6357 = ADVANCED_FACE('', (#6356), #12, .T.);
#6358 = DIRECTION('', (0.458512, -0.505890, -0.730645));
#6359 = POLY_LOOP('', (#1292, #1422, #1420));
#6360 = FACE_OUTER_BOUND('', #6359, .T.);
#6361 = ADVANCED_FACE('', (#6360), #12, .T.);
#6362 = DIRECTION('', (0.458512, -0.505890, -0.730645));
#6363 = POLY_LOOP('', (#1292, #1294, #1422));
#6364 = FACE_OUTER_BOUND('', #6363, .T.);
#6365 = ADVANCED_FACE('', (#6364), #12, .T.);
#6366 = DIRECTION('', (0.505890, -0.458512, -0.730645));
#6367 = POLY_LOOP('', (#1294, #1424, #1422));
#6368 = FACE_OUTER_BOUND('', #6367, .T.);
#6369 = ADVANCED_FACE('', (#6368), #12, .T.);
#6370 = DIRECTION('', (0.505890, -0.458512, -0.730645));
#6371 = POLY_LOOP('', (#1294, #1296, #1424));
#6372 = FACE_OUTER_BOUND('', #6371, .T.);
#6373 = ADVANCED_FACE('', (#6372), #12, .T.);
#6374 = DIRECTION('', (0.548396, -0.406718, -0.730645));
#6375 = POLY_LOOP('', (#1296, #1426, #1424));
#6376 = FACE_OUTER_BOUND('', #6375, .T.);
#6377 = ADVANCED_FACE('', (#6376), #12, .T.);
#6378 = DIRECTION('', (0.548396, -0.406718, -0.730645));
#6379 = POLY_LOOP('', (#1296, #1298, #1426));
#6380 = FACE_OUTER_BOUND('', #6379, .T.);
#6381 = ADVANCED_FACE('', (#6380), #12, .T.);
#6382 = DIRECTION('', (0.585621, -0.351008, -0.730645));
#6383 = POLY_LOOP('', (#1298, #1428, #1426));
#6384 = FACE_OUTER_BOUND('', #6383, .T.);
#6385 = ADVANCED_FACE('', (#6384), #12, .T.);
#6386 = DIRECTION('', (0.585621, -0.351008, -0.730645));
#6387 = POLY_LOOP('', (#1298, #1300, #1428));
#6388 = FACE_OUTER_BOUND('', #6387, .T.);
#6389 = ADVANCED_FACE('', (#6388), #12, .T.);
#6390 = DIRECTION('', (0.617206, -0.291917, -0.730645));
#6391 = POLY_LOOP('', (#1300, #1430, #1428));
#6392 = FACE_OUTER_BOUND('', #6391, .T.);
#6393 = ADVANCED_FACE('', (#6392), #12, .T.);
#6394 = DIRECTION('', (0.617206, -0.291917, -0.730645));
#6395 = POLY_LOOP('', (#1300, #1302, #1430));
#6396 = FACE_OUTER_BOUND('', #6395, .T.);
#6397 = ADVANCED_FACE('', (#6396), #12, .T.);
#6398 = DIRECTION('', (0.642846, -0.230014, -0.730645));
#6399 = POLY_LOOP('', (#1302, #1432, #1430));
#6400 = FACE_OUTER_BOUND('', #6399, .T.);
#6401 = ADVANCED_FACE('', (#6400), #12, .T.);
#6402 = DIRECTION('', (0.642846, -0.230014, -0.730645));
#6403 = POLY_LOOP('', (#1302, #1304, #1432));
#6404 = FACE_OUTER_BOUND('', #6403, .T.);
#6405 = ADVANCED_FACE('', (#6404), #12, .T.);
#6406 = DIRECTION('', (0.662296, -0.165897, -0.730645));
#6407 = POLY_LOOP('', (#1304, #1434, #1432));
#6408 = FACE_OUTER_BOUND('', #6407, .T.);
#6409 = ADVANCED_FACE('', (#6408), #12, .T.);
#6410 = DIRECTION('', (0.662296, -0.165897, -0.730645));
#6411 = POLY_LOOP('', (#1304, #1306, #1434));
#6412 = FACE_OUTER_BOUND('', #6411, .T.);
#6413 = ADVANCED_FACE('', (#6412), #12, .T.);
#6414 = DIRECTION('', (0.675368, -0.100181, -0.730645));
#6415 = POLY_LOOP('', (#1306, #1436, #1434));
#6416 = FACE_OUTER_BOUND('', #6415, .T.);
#6417 = ADVANCED_FACE('', (#6416), #12, .T.);
#6418 = DIRECTION('', (0.675368, -0.100181, -0.730645));
#6419 = POLY_LOOP('', (#1306, #1308, #1436));
#6420 = FACE_OUTER_BOUND('', #6419, .T.);
#6421 = ADVANCED_FACE('', (#6420), #12, .T.);
#6422 = DIRECTION('', (0.681935, -0.033501, -0.730645));
#6423 = POLY_LOOP('', (#1308, #1310, #1436));
#6424 = FACE_OUTER_BOUND('', #6423, .T.);
#6425 = ADVANCED_FACE('', (#6424), #12, .T.);
#6426 = DIRECTION('', (0.681935, -0.033501, -0.730645));
#6427 = POLY_LOOP('', (#1308, #1182, #1310));
#6428 = FACE_OUTER_BOUND('', #6427, .T.);
#6429 = ADVANCED_FACE('', (#6428), #12, .T.);
#6430 = DIRECTION('', (0.421342, 0.020699, -0.906666));
#6431 = POLY_LOOP('', (#1310, #1440, #1438));
#6432 = FACE_OUTER_BOUND('', #6431, .T.);
#6433 = ADVANCED_FACE('', (#6432), #12, .T.);
#6434 = DIRECTION('', (0.421342, 0.020699, -0.906666));
#6435 = POLY_LOOP('', (#1310, #1312, #1440));
#6436 = FACE_OUTER_BOUND('', #6435, .T.);
#6437 = ADVANCED_FACE('', (#6436), #12, .T.);
#6438 = DIRECTION('', (0.417284, 0.061898, -0.906666));
#6439 = POLY_LOOP('', (#1312, #1442, #1440));
#6440 = FACE_OUTER_BOUND('', #6439, .T.);
#6441 = ADVANCED_FACE('', (#6440), #12, .T.);
#6442 = DIRECTION('', (0.417284, 0.061898, -0.906666));
#6443 = POLY_LOOP('', (#1312, #1314, #1442));
#6444 = FACE_OUTER_BOUND('', #6443, .T.);
#6445 = ADVANCED_FACE('', (#6444), #12, .T.);
#6446 = DIRECTION('', (0.409208, 0.102501, -0.906666));
#6447 = POLY_LOOP('', (#1314, #1444, #1442));
#6448 = FACE_OUTER_BOUND('', #6447, .T.);
#6449 = ADVANCED_FACE('', (#6448), #12, .T.);
#6450 = DIRECTION('', (0.409208, 0.102501, -0.906666));
#6451 = POLY_LOOP('', (#1314, #1316, #1444));
#6452 = FACE_OUTER_BOUND('', #6451, .T.);
#6453 = ADVANCED_FACE('', (#6452), #12, .T.);
#6454 = DIRECTION('', (0.397190, 0.142117, -0.906666));
#6455 = POLY_LOOP('', (#1316, #1446, #1444));
#6456 = FACE_OUTER_BOUND('', #6455, .T.);
#6457 = ADVANCED_FACE('', (#6456), #12, .T.);
#6458 = DIRECTION('', (0.397190, 0.142117, -0.906666));
#6459 = POLY_LOOP('', (#1316, #1318, #1446));
#6460 = FACE_OUTER_BOUND('', #6459, .T.);
#6461 = ADVANCED_FACE('', (#6460), #12, .T.);
#6462 = DIRECTION('', (0.381348, 0.180364, -0.906666));
#6463 = POLY_LOOP('', (#1318, #1448, #1446));
#6464 = FACE_OUTER_BOUND('', #6463, .T.);
#6465 = ADVANCED_FACE('', (#6464), #12, .T.);
#6466 = DIRECTION('', (0.381348, 0.180364, -0.906666));
#6467 = POLY_LOOP('', (#1318, #1320, #1448));
#6468 = FACE_OUTER_BOUND('', #6467, .T.);
#6469 = ADVANCED_FACE('', (#6468), #12, .T.);
#6470 = DIRECTION('', (0.361833, 0.216874, -0.906666));
#6471 = POLY_LOOP('', (#1320, #1450, #1448));
#6472 = FACE_OUTER_BOUND('', #6471, .T.);
#6473 = ADVANCED_FACE('', (#6472), #12, .T.);
#6474 = DIRECTION('', (0.361833, 0.216874, -0.906666));
#6475 = POLY_LOOP('', (#1320, #1322, #1450));
#6476 = FACE_OUTER_BOUND('', #6475, .T.);
#6477 = ADVANCED_FACE('', (#6476), #12, .T.);
#6478 = DIRECTION('', (0.338833, 0.251296, -0.906666));
#6479 = POLY_LOOP('', (#1322, #1452, #1450));
#6480 = FACE_OUTER_BOUND('', #6479, .T.);
#6481 = ADVANCED_FACE('', (#6480), #12, .T.);
#6482 = DIRECTION('', (0.338833, 0.251296, -0.906666));
#6483 = POLY_LOOP('', (#1322, #1324, #1452));
#6484 = FACE_OUTER_BOUND('', #6483, .T.);
#6485 = ADVANCED_FACE('', (#6484), #12, .T.);
#6486 = DIRECTION('', (0.312570, 0.283297, -0.906666));
#6487 = POLY_LOOP('', (#1324, #1454, #1452));
#6488 = FACE_OUTER_BOUND('', #6487, .T.);
#6489 = ADVANCED_FACE('', (#6488), #12, .T.);
#6490 = DIRECTION('', (0.312570, 0.283297, -0.906666));
#6491 = POLY_LOOP('', (#1324, #1326, #1454));
#6492 = FACE_OUTER_BOUND('', #6491, .T.);
#6493 = ADVANCED_FACE('', (#6492), #12, .T.);
#6494 = DIRECTION('', (0.283297, 0.312570, -0.906666));
#6495 = POLY_LOOP('', (#1326, #1456, #1454));
#6496 = FACE_OUTER_BOUND('', #6495, .T.);
#6497 = ADVANCED_FACE('', (#6496), #12, .T.);
#6498 = DIRECTION('', (0.283297, 0.312570, -0.906666));
#6499 = POLY_LOOP('', (#1326, #1328, #1456));
#6500 = FACE_OUTER_BOUND('', #6499, .T.);
#6501 = ADVANCED_FACE('', (#6500), #12, .T.);
#6502 = DIRECTION('', (0.251296, 0.338833, -0.906666));
#6503 = POLY_LOOP('', (#1328, #1458, #1456));
#6504 = FACE_OUTER_BOUND('', #6503, .T.);
#6505 = ADVANCED_FACE('', (#6504), #12, .T.);
#6506 = DIRECTION('', (0.251296, 0.338833, -0.906666));
#6507 = POLY_LOOP('', (#1328, #1330, #1458));
#6508 = FACE_OUTER_BOUND('', #6507, .T.);
#6509 = ADVANCED_FACE('', (#6508), #12, .T.);
#6510 = DIRECTION('', (0.216874, 0.361833, -0.906666));
#6511 = POLY_LOOP('', (#1330, #1460, #1458));
#6512 = FACE_OUTER_BOUND('', #6511, .T.);
#6513 = ADVANCED_FACE('', (#6512), #12, .T.);
#6514 = DIRECTION('', (0.216874, 0.361833, -0.906666));
#6515 = POLY_LOOP('', (#1330, #1332, #1460));
#6516 = FACE_OUTER_BOUND('', #6515, .T.);
#6517 = ADVANCED_FACE('', (#6516), #12, .T.);
#6518 = DIRECTION('', (0.180364, 0.381348, -0.906666));
#6519 = POLY_LOOP('', (#1332, #1462, #1460));
#6520 = FACE_OUTER_BOUND('', #6519, .T.);
#6521 = ADVANCED_FACE('', (#6520), #12, .T.);
#6522 = DIRECTION('', (0.180364, 0.381348, -0.906666));
#6523 = POLY_LOOP('', (#1332, #1334, #1462));
#6524 = FACE_OUTER_BOUND('', #6523, .T.);
#6525 = ADVANCED_FACE('', (#6524), #12, .T.);
#6526 = DIRECTION('', (0.142117, 0.397190, -0.906666));
#6527 = POLY_LOOP('', (#1334, #1464, #1462));
#6528 = FACE_OUTER_BOUND('', #6527, .T.);
#6529 = ADVANCED_FACE('', (#6528), #12, .T.);
#6530 = DIRECTION('', (0.142117, 0.397190, -0.906666));
#6531 = POLY_LOOP('', (#1334, #1336, #1464));
#6532 = FACE_OUTER_BOUND('', #6531, .T.);
#6533 = ADVANCED_FACE('', (#6532), #12, .T.);
#6534 = DIRECTION('', (0.102501, 0.409208, -0.906666));
#6535 = POLY_LOOP('', (#1336, #1466, #1464));
#6536 = FACE_OUTER_BOUND('', #6535, .T.);
#6537 = ADVANCED_FACE('', (#6536), #12, .T.);
#6538 = DIRECTION('', (0.102501, 0.409208, -0.906666));
#6539 = POLY_LOOP('', (#1336, #1338, #1466));
#6540 = FACE_OUTER_BOUND('', #6539, .T.);
#6541 = ADVANCED_FACE('', (#6540), #12, .T.);
#6542 = DIRECTION('', (0.061898, 0.417284, -0.906666));
#6543 = POLY_LOOP('', (#1338, #1468, #1466));
#6544 = FACE_OUTER_BOUND('', #6543, .T.);
#6545 = ADVANCED_FACE('', (#6544), #12, .T.);
#6546 = DIRECTION('', (0.061898, 0.417284, -0.906666));
#6547 = POLY_LOOP('', (#1338, #1340, #1468));
#6548 = FACE_OUTER_BOUND('', #6547, .T.);
#6549 = ADVANCED_FACE('', (#6548), #12, .T.);
#6550 = DIRECTION('', (0.020699, 0.421342, -0.906666));
#6551 = POLY_LOOP('', (#1340, #1470, #1468));
#6552 = FACE_OUTER_BOUND('', #6551, .T.);
#6553 = ADVANCED_FACE('', (#6552), #12, .T.);
#6554 = DIRECTION('', (0.020699, 0.421342, -0.906666));
#6555 = POLY_LOOP('', (#1340, #1342, #1470));
#6556 = FACE_OUTER_BOUND('', #6555, .T.);
#6557 = ADVANCED_FACE('', (#6556), #12, .T.);
#6558 = DIRECTION('', (-0.020699, 0.421342, -0.906666));
#6559 = POLY_LOOP('', (#1342, #1472, #1470));
#6560 = FACE_OUTER_BOUND('', #6559, .T.);
#6561 = ADVANCED_FACE('', (#6560), #12, .T.);
#6562 = DIRECTION('', (-0.020699, 0.421342, -0.906666));
#6563 = POLY_LOOP('', (#1342, #1344, #1472));
#6564 = FACE_OUTER_BOUND('', #6563, .T.);
#6565 = ADVANCED_FACE('', (#6564), #12, .T.);
#6566 = DIRECTION('', (-0.061898, 0.417284, -0.906666));
#6567 = POLY_LOOP('', (#1344, #1474, #1472));
#6568 = FACE_OUTER_BOUND('', #6567, .T.);
#6569 = ADVANCED_FACE('', (#6568), #12, .T.);
#6570 = DIRECTION('', (-0.061898, 0.417284, -0.906666));
#6571 = POLY_LOOP('', (#1344, #1346, #1474));
#6572 = FACE_OUTER_BOUND('', #6571, .T.);
#6573 = ADVANCED_FACE('', (#6572), #12, .T.);
#6574 = DIRECTION('', (-0.102501, 0.409208, -0.906666));
#6575 = POLY_LOOP('', (#1346, #1476, #1474));
#6576 = FACE_OUTER_BOUND('', #6575, .T.);
#6577 = ADVANCED_FACE('', (#6576), #12, .T.);
#6578 = DIRECTION('', (-0.102501, 0.409208, -0.906666));
#6579 = POLY_LOOP('', (#1346, #1348, #1476));
#6580 = FACE_OUTER_BOUND('', #6579, .T.);
#6581 = ADVANCED_FACE('', (#6580), #12, .T.);
#6582 = DIRECTION('', (-0.142117, 0.397190, -0.906666));
#6583 = POLY_LOOP('', (#1348, #1478, #1476));
#6584 = FACE_OUTER_BOUND('', #6583, .T.);
#6585 = ADVANCED_FACE('', (#6584), #12, .T.);
#6586 = DIRECTION('', (-0.142117, 0.397190, -0.906666));
#6587 = POLY_LOOP('', (#1348, #1350, #1478));
#6588 = FACE_OUTER_BOUND('', #6587, .T.);
#6589 = ADVANCED_FACE('', (#6588), #12, .T.);
#6590 = DIRECTION('', (-0.180364, 0.381348, -0.906666));
#6591 = POLY_LOOP('', (#1350, #1480, #1478));
#6592 = FACE_OUTER_BOUND('', #6591, .T.);
#6593 = ADVANCED_FACE('', (#6592), #12, .T.);
#6594 = DIRECTION('', (-0.180364, 0.381348, -0.906666));
#6595 = POLY_LOOP('', (#1350, #1352, #1480));
#6596 = FACE_OUTER_BOUND('', #6595, .T.);
#6597 = ADVANCED_FACE('', (#6596), #12, .T.);
#6598 = DIRECTION('', (-0.216874, 0.361833, -0.906666));
#6599 = POLY_LOOP('', (#1352, #1482, #1480));
#6600 = FACE_OUTER_BOUND('', #6599, .T.);
#6601 = ADVANCED_FACE('', (#6600), #12, .T.);
#6602 = DIRECTION('', (-0.216874, 0.361833, -0.906666));
#6603 = POLY_LOOP('', (#1352, #1354, #1482));
#6604 = FACE_OUTER_BOUND('', #6603, .T.);
#6605 = ADVANCED_FACE('', (#6604), #12, .T.);
#6606 = DIRECTION('', (-0.251296, 0.338833, -0.906666));
#6607 = POLY_LOOP('', (#1354, #1484, #1482));
#6608 = FACE_OUTER_BOUND('', #6607, .T.);
#6609 = ADVANCED_FACE('', (#6608), #12, .T.);
#6610 = DIRECTION('', (-0.251296, 0.338833, -0.906666));
#6611 = POLY_LOOP('', (#1354, #1356, #1484));
#6612 = FACE_OUTER_BOUND('', #6611, .T.);
#6613 = ADVANCED_FACE('', (#6612), #12, .T.);
#6614 = DIRECTION('', (-0.283297, 0.312570, -0.906666));
#6615 = POLY_LOOP('', (#1356, #1486, #1484));
#6616 = FACE_OUTER_BOUND('', #6615, .T.);
#6617 = ADVANCED_FACE('', (#6616), #12, .T.);
#6618 = DIRECTION('', (-0.283297, 0.312570, -0.906666));
#6619 = POLY_LOOP('', (#1356, #1358, #1486));
#6620 = FACE_OUTER_BOUND('', #6619, .T.);
#6621 = ADVANCED_FACE('', (#6620), #12, .T.);
#6622 = DIRECTION('', (-0.312570, 0.283297, -0.906666));
#6623 = POLY_LOOP('', (#1358, #1488, #1486));
#6624 = FACE_OUTER_BOUND('', #6623, .T.);
#6625 = ADVANCED_FACE('', (#6624), #12, .T.);
#6626 = DIRECTION('', (-0.312570, 0.283297, -0.906666));
#6627 = POLY_LOOP('', (#1358, #1360, #1488));
#6628 = FACE_OUTER_BOUND('', #6627, .T.);
#6629 = ADVANCED_FACE('', (#6628), #12, .T.);
#6630 = DIRECTION('', (-0.338833, 0.251296, -0.906666));
#6631 = POLY_LOOP('', (#1360, #1490, #1488));
#6632 = FACE_OUTER_BOUND('', #6631, .T.);
#6633 = ADVANCED_FACE('', (#6632), #12, .T.);
#6634 = DIRECTION('', (-0.338833, 0.251296, -0.906666));
#6635 = POLY_LOOP('', (#1360, #1362, #1490));
#6636 = FACE_OUTER_BOUND('', #6635, .T.);
#6637 = ADVANCED_FACE('', (#6636), #12, .T.);
#6638 = DIRECTION('', (-0.361833, 0.216874, -0.906666));
#6639 = POLY_LOOP('', (#1362, #1492, #1490));
#6640 = FACE_OUTER_BOUND('', #6639, .T.);
#6641 = ADVANCED_FACE('', (#6640), #12, .T.);
#6642 = DIRECTION('', (-0.361833, 0.216874, -0.906666));
#6643 = POLY_LOOP('', (#1362, #1364, #1492));
#6644 = FACE_OUTER_BOUND('', #6643, .T.);
#6645 = ADVANCED_FACE('', (#6644), #12, .T.);
#6646 = DIRECTION('', (-0.381348, 0.180364, -0.906666));
#6647 = POLY_LOOP('', (#1364, #1494, #1492));
#6648 = FACE_OUTER_BOUND('', #6647, .T.);
#6649 = ADVANCED_FACE('', (#6648), #12, .T.);
#6650 = DIRECTION('', (-0.381348, 0.180364, -0.906666));
#6651 = POLY_LOOP('', (#1364, #1366, #1494));
#6652 = FACE_OUTER_BOUND('', #6651, .T.);
#6653 = ADVANCED_FACE('', (#6652), #12, .T.);
#6654 = DIRECTION('', (-0.397190, 0.142117, -0.906666));
#6655 = POLY_LOOP('', (#1366, #1496, #1494));
#6656 = FACE_OUTER_BOUND('', #6655, .T.);
#6657 = ADVANCED_FACE('', (#6656), #12, .T.);
#6658 = DIRECTION('', (-0.397190, 0.142117, -0.906666));
#6659 = POLY_LOOP('', (#1366, #1368, #1496));
#6660 = FACE_OUTER_BOUND('', #6659, .T.);
#6661 = ADVANCED_FACE('', (#6660), #12, .T.);
#6662 = DIRECTION('', (-0.409208, 0.102501, -0.906666));
#6663 = POLY_LOOP('', (#1368, #1498, #1496));
#6664 = FACE_OUTER_BOUND('', #6663, .T.);
#6665 = ADVANCED_FACE('', (#6664), #12, .T.);
#6666 = DIRECTION('', (-0.409208, 0.102501, -0.906666));
#6667 = POLY_LOOP('', (#1368, #1370, #1498));
#6668 = FACE_OUTER_BOUND('', #6667, .T.);
#6669 = ADVANCED_FACE('', (#6668), #12, .T.);
#6670 = DIRECTION('', (-0.417284, 0.061898, -0.906666));
#6671 = POLY_LOOP('', (#1370, #1500, #1498));
#6672 = FACE_OUTER_BOUND('', #6671, .T.);
#6673 = ADVANCED_FACE('', (#6672), #12, .T.);
#6674 = DIRECTION('', (-0.417284, 0.061898, -0.906666));
#6675 = POLY_LOOP('', (#1370, #1372, #1500));
#6676 = FACE_OUTER_BOUND('', #6675, .T.);
#6677 = ADVANCED_FACE('', (#6676), #12, .T.);
#6678 = DIRECTION('', (-0.421342, 0.020699, -0.906666));
#6679 = POLY_LOOP('', (#1372, #1502, #1500));
#6680 = FACE_OUTER_BOUND('', #6679, .T.);
#6681 = ADVANCED_FACE('', (#6680), #12, .T.);
#6682 = DIRECTION('', (-0.421342, 0.020699, -0.906666));
#6683 = POLY_LOOP('', (#1372, #1374, #1502));
#6684 = FACE_OUTER_BOUND('', #6683, .T.);
#6685 = ADVANCED_FACE('', (#6684), #12, .T.);
#6686 = DIRECTION('', (-0.421342, -0.020699, -0.906666));
#6687 = POLY_LOOP('', (#1374, #1504, #1502));
#6688 = FACE_OUTER_BOUND('', #6687, .T.);
#6689 = ADVANCED_FACE('', (#6688), #12, .T.);
#6690 = DIRECTION('', (-0.421342, -0.020699, -0.906666));
#6691 = POLY_LOOP('', (#1374, #1376, #1504));
#6692 = FACE_OUTER_BOUND('', #6691, .T.);
#6693 = ADVANCED_FACE('', (#6692), #12, .T.);
#6694 = DIRECTION('', (-0.417284, -0.061898, -0.906666));
#6695 = POLY_LOOP('', (#1376, #1506, #1504));
#6696 = FACE_OUTER_BOUND('', #6695, .T.);
#6697 = ADVANCED_FACE('', (#6696), #12, .T.);
#6698 = DIRECTION('', (-0.417284, -0.061898, -0.906666));
#6699 = POLY_LOOP('', (#1376, #1378, #1506));
#6700 = FACE_OUTER_BOUND('', #6699, .T.);
#6701 = ADVANCED_FACE('', (#6700), #12, .T.);
#6702 = DIRECTION('', (-0.409208, -0.102501, -0.906666));
#6703 = POLY_LOOP('', (#1378, #1508, #1506));
#6704 = FACE_OUTER_BOUND('', #6703, .T.);
#6705 = ADVANCED_FACE('', (#6704), #12, .T.);
#6706 = DIRECTION('', (-0.409208, -0.102501, -0.906666));
#6707 = POLY_LOOP('', (#1378, #1380, #1508));
#6708 = FACE_OUTER_BOUND('', #6707, .T.);
#6709 = ADVANCED_FACE('', (#6708), #12, .T.);
#6710 = DIRECTION('', (-0.397190, -0.142117, -0.906666));
#6711 = POLY_LOOP('', (#1380, #1510, #1508));
#6712 = FACE_OUTER_BOUND('', #6711, .T.);
#6713 = ADVANCED_FACE('', (#6712), #12, .T.);
#6714 = DIRECTION('', (-0.397190, -0.142117, -0.906666));
#6715 = POLY_LOOP('', (#1380, #1382, #1510));
#6716 = FACE_OUTER_BOUND('', #6715, .T.);
#6717 = ADVANCED_FACE('', (#6716), #12, .T.);
#6718 = DIRECTION('', (-0.381348, -0.180364, -0.906666));
#6719 = POLY_LOOP('', (#1382, #1512, #1510));
#6720 = FACE_OUTER_BOUND('', #6719, .T.);
#6721 = ADVANCED_FACE('', (#6720), #12, .T.);
#6722 = DIRECTION('', (-0.381348, -0.180364, -0.906666));
#6723 = POLY_LOOP('', (#1382, #1384, #1512));
#6724 = FACE_OUTER_BOUND('', #6723, .T.);
#6725 = ADVANCED_FACE('', (#6724), #12, .T.);
#6726 = DIRECTION('', (-0.361833, -0.216874, -0.906666));
#6727 = POLY_LOOP('', (#1384, #1514, #1512));
#6728 = FACE_OUTER_BOUND('', #6727, .T.);
#6729 = ADVANCED_FACE('', (#6728), #12, .T.);
#6730 = DIRECTION('', (-0.361833, -0.216874, -0.906666));
#6731 = POLY_LOOP('', (#1384, #1386, #1514));
#6732 = FACE_OUTER_BOUND('', #6731, .T.);
#6733 = ADVANCED_FACE('', (#6732), #12, .T.);
#6734 = DIRECTION('', (-0.338833, -0.251296, -0.906666));
#6735 = POLY_LOOP('', (#1386, #1516, #1514));
#6736 = FACE_OUTER_BOUND('', #6735, .T.);
#6737 = ADVANCED_FACE('', (#6736), #12, .T.);
#6738 = DIRECTION('', (-0.338833, -0.251296, -0.906666));
#6739 = POLY_LOOP('', (#1386, #1388, #1516));
#6740 = FACE_OUTER_BOUND('', #6739, .T.);
#6741 = ADVANCED_FACE('', (#6740), #12, .T.);
#6742 = DIRECTION('', (-0.312570, -0.283297, -0.906666));
#6743 = POLY_LOOP('', (#1388, #1518, #1516));
#6744 = FACE_OUTER_BOUND('', #6743, .T.);
#6745 = ADVANCED_FACE('', (#6744), #12, .T.);
#6746 = DIRECTION('', (-0.312570, -0.283297, -0.906666));
#6747 = POLY_LOOP('', (#1388, #1390, #1518));
#6748 = FACE_OUTER_BOUND('', #6747, .T.);
#6749 = ADVANCED_FACE('', (#6748), #12, .T.);
#6750 = DIRECTION('', (-0.283297, -0.312570, -0.906666));
#6751 = POLY_LOOP('', (#1390, #1520, #1518));
#6752 = FACE_OUTER_BOUND('', #6751, .T.);
#6753 = ADVANCED_FACE('', (#6752), #12, .T.);
#6754 = DIRECTION('', (-0.283297, -0.312570, -0.906666));
#6755 = POLY_LOOP('', (#1390, #1392, #1520));
#6756 = FACE_OUTER_BOUND('', #6755, .T.);
#6757 = ADVANCED_FACE('', (#6756), #12, .T.);
#6758 = DIRECTION('', (-0.251296, -0.338833, -0.906666));
#6759 = POLY_LOOP('', (#1392, #1522, #1520));
#6760 = FACE_OUTER_BOUND('', #6759, .T.);
#6761 = ADVANCED_FACE('', (#6760), #12, .T.);
#6762 = DIRECTION('', (-0.251296, -0.338833, -0.906666));
#6763 = POLY_LOOP('', (#1392, #1394, #1522));
#6764 = FACE_OUTER_BOUND('', #6763, .T.);
#6765 = ADVANCED_FACE('', (#6764), #12, .T.);
#6766 = DIRECTION('', (-0.216874, -0.361833, -0.906666));
#6767 = POLY_LOOP('', (#1394, #1524, #1522));
#6768 = FACE_OUTER_BOUND('', #6767, .T.);
#6769 = ADVANCED_FACE('', (#6768), #12, .T.);
#6770 = DIRECTION('', (-0.216874, -0.361833, -0.906666));
#6771 = POLY_LOOP('', (#1394, #1396, #1524));
#6772 = FACE_OUTER_BOUND('', #6771, .T.);
#6773 = ADVANCED_FACE('', (#6772), #12, .T.);
#6774 = DIRECTION('', (-0.180364, -0.381348, -0.906666));
#6775 = POLY_LOOP('', (#1396, #1526, #1524));
#6776 = FACE_OUTER_BOUND('', #6775, .T.);
#6777 = ADVANCED_FACE('', (#6776), #12, .T.);
#6778 = DIRECTION('', (-0.180364, -0.381348, -0.906666));
#6779 = POLY_LOOP('', (#1396, #1398, #1526));
#6780 = FACE_OUTER_BOUND('', #6779, .T.);
#6781 = ADVANCED_FACE('', (#6780), #12, .T.);
#6782 = DIRECTION('', (-0.142117, -0.397190, -0.906666));
#6783 = POLY_LOOP('', (#1398, #1528, #1526));
#6784 = FACE_OUTER_BOUND('', #6783, .T.);
#6785 = ADVANCED_FACE('', (#6784), #12, .T.);
#6786 = DIRECTION('', (-0.142117, -0.397190, -0.906666));
#6787 = POLY_LOOP('', (#1398, #1400, #1528));
#6788 = FACE_OUTER_BOUND('', #6787, .T.);
#6789 = ADVANCED_FACE('', (#6788), #12, .T.);
#6790 = DIRECTION('', (-0.102501, -0.409208, -0.906666));
#6791 = POLY_LOOP('', (#1400, #1530, #1528));
#6792 = FACE_OUTER_BOUND('', #6791, .T.);
#6793 = ADVANCED_FACE('', (#6792), #12, .T.);
#6794 = DIRECTION('', (-0.102501, -0.409208, -0.906666));
#6795 = POLY_LOOP('', (#1400, #1402, #1530));
#6796 = FACE_OUTER_BOUND('', #6795, .T.);
#6797 = ADVANCED_FACE('', (#6796), #12, .T.);
#6798 = DIRECTION('', (-0.061898, -0.417284, -0.906666));
#6799 = POLY_LOOP('', (#1402, #1532, #1530));
#6800 = FACE_OUTER_BOUND('', #6799, .T.);
#6801 = ADVANCED_FACE('', (#6800), #12, .T.);
#6802 = DIRECTION('', (-0.061898, -0.417284, -0.906666));
#6803 = POLY_LOOP('', (#1402, #1404, #1532));
#6804 = FACE_OUTER_BOUND('', #6803, .T.);
#6805 = ADVANCED_FACE('', (#6804), #12, .T.);
#6806 = DIRECTION('', (-0.020699, -0.421342, -0.906666));
#6807 = POLY_LOOP('', (#1404, #1534, #1532));
#6808 = FACE_OUTER_BOUND('', #6807, .T.);
#6809 = ADVANCED_FACE('', (#6808), #12, .T.);
#6810 = DIRECTION('', (-0.020699, -0.421342, -0.906666));
#6811 = POLY_LOOP('', (#1404, #1406, #1534));
#6812 = FACE_OUTER_BOUND('', #6811, .T.);
#6813 = ADVANCED_FACE('', (#6812), #12, .T.);
#6814 = DIRECTION('', (0.020699, -0.421342, -0.906666));
#6815 = POLY_LOOP('', (#1406, #1536, #1534));
#6816 = FACE_OUTER_BOUND('', #6815, .T.);
#6817 = ADVANCED_FACE('', (#6816), #12, .T.);
#6818 = DIRECTION('', (0.020699, -0.421342, -0.906666));
#6819 = POLY_LOOP('', (#1406, #1408, #1536));
#6820 = FACE_OUTER_BOUND('', #6819, .T.);
#6821 = ADVANCED_FACE('', (#6820), #12, .T.);
#6822 = DIRECTION('', (0.061898, -0.417284, -0.906666));
#6823 = POLY_LOOP('', (#1408, #1538, #1536));
#6824 = FACE_OUTER_BOUND('', #6823, .T.);
#6825 = ADVANCED_FACE('', (#6824), #12, .T.);
#6826 = DIRECTION('', (0.061898, -0.417284, -0.906666));
#6827 = POLY_LOOP('', (#1408, #1410, #1538));
#6828 = FACE_OUTER_BOUND('', #6827, .T.);
#6829 = ADVANCED_FACE('', (#6828), #12, .T.);
#6830 = DIRECTION('', (0.102501, -0.409208, -0.906666));
#6831 = POLY_LOOP('', (#1410, #1540, #1538));
#6832 = FACE_OUTER_BOUND('', #6831, .T.);
#6833 = ADVANCED_FACE('', (#6832), #12, .T.);
#6834 = DIRECTION('', (0.102501, -0.409208, -0.906666));
#6835 = POLY_LOOP('', (#1410, #1412, #1540));
#6836 = FACE_OUTER_BOUND('', #6835, .T.);
#6837 = ADVANCED_FACE('', (#6836), #12, .T.);
#6838 = DIRECTION('', (0.142117, -0.397190, -0.906666));
#6839 = POLY_LOOP('', (#1412, #1542, #1540));
#6840 = FACE_OUTER_BOUND('', #6839, .T.);
#6841 = ADVANCED_FACE('', (#6840), #12, .T.);
#6842 = DIRECTION('', (0.142117, -0.397190, -0.906666));
#6843 = POLY_LOOP('', (#1412, #1414, #1542));
#6844 = FACE_OUTER_BOUND('', #6843, .T.);
#6845 = ADVANCED_FACE('', (#6844), #12, .T.);
#6846 = DIRECTION('', (0.180364, -0.381348, -0.906666));
#6847 = POLY_LOOP('', (#1414, #1544, #1542));
#6848 = FACE_OUTER_BOUND('', #6847, .T.);
#6849 = ADVANCED_FACE('', (#6848), #12, .T.);
#6850 = DIRECTION('', (0.180364, -0.381348, -0.906666));
#6851 = POLY_LOOP('', (#1414, #1416, #1544));
#6852 = FACE_OUTER_BOUND('', #6851, .T.);
#6853 = ADVANCED_FACE('', (#6852), #12, .T.);
#6854 = DIRECTION('', (0.216874, -0.361833, -0.906666));
#6855 = POLY_LOOP('', (#1416, #1546, #1544));
#6856 = FACE_OUTER_BOUND('', #6855, .T.);
#6857 = ADVANCED_FACE('', (#6856), #12, .T.);
#6858 = DIRECTION('', (0.216874, -0.361833, -0.906666));
#6859 = POLY_LOOP('', (#1416, #1418, #1546));
#6860 = FACE_OUTER_BOUND('', #6859, .T.);
#6861 = ADVANCED_FACE('', (#6860), #12, .T.);
#6862 = DIRECTION('', (0.251296, -0.338833, -0.906666));
#6863 = POLY_LOOP('', (#1418, #1548, #1546));
#6864 = FACE_OUTER_BOUND('', #6863, .T.);
#6865 = ADVANCED_FACE('', (#6864), #12, .T.);
#6866 = DIRECTION('', (0.251296, -0.338833, -0.906666));
#6867 = POLY_LOOP('', (#1418, #1420, #1548));
#6868 = FACE_OUTER_BOUND('', #6867, .T.);
#6869 = ADVANCED_FACE('', (#6868), #12, .T.);
#6870 = DIRECTION('', (0.283297, -0.312570, -0.906666));
#6871 = POLY_LOOP('', (#1420, #1550, #1548));
#6872 = FACE_OUTER_BOUND('', #6871, .T.);
#6873 = ADVANCED_FACE('', (#6872), #12, .T.);
#6874 = DIRECTION('', (0.283297, -0.312570, -0.906666));
#6875 = POLY_LOOP('', (#1420, #1422, #1550));
#6876 = FACE_OUTER_BOUND('', #6875, .T.);
#6877 = ADVANCED_FACE('', (#6876), #12, .T.);
#6878 = DIRECTION('', (0.312570, -0.283297, -0.906666));
#6879 = POLY_LOOP('', (#1422, #1552, #1550));
#6880 = FACE_OUTER_BOUND('', #6879, .T.);
#6881 = ADVANCED_FACE('', (#6880), #12, .T.);
#6882 = DIRECTION('', (0.312570, -0.283297, -0.906666));
#6883 = POLY_LOOP('', (#1422, #1424, #1552));
#6884 = FACE_OUTER_BOUND('', #6883, .T.);
#6885 = ADVANCED_FACE('', (#6884), #12, .T.);
#6886 = DIRECTION('', (0.338833, -0.251296, -0.906666));
#6887 = POLY_LOOP('', (#1424, #1554, #1552));
#6888 = FACE_OUTER_BOUND('', #6887, .T.);
#6889 = ADVANCED_FACE('', (#6888), #12, .T.);
#6890 = DIRECTION('', (0.338833, -0.251296, -0.906666));
#6891 = POLY_LOOP('', (#1424, #1426, #1554));
#6892 = FACE_OUTER_BOUND('', #6891, .T.);
#6893 = ADVANCED_FACE('', (#6892), #12, .T.);
#6894 = DIRECTION('', (0.361833, -0.216874, -0.906666));
#6895 = POLY_LOOP('', (#1426, #1556, #1554));
#6896 = FACE_OUTER_BOUND('', #6895, .T.);
#6897 = ADVANCED_FACE('', (#6896), #12, .T.);
#6898 = DIRECTION('', (0.361833, -0.216874, -0.906666));
#6899 = POLY_LOOP('', (#1426, #1428, #1556));
#6900 = FACE_OUTER_BOUND('', #6899, .T.);
#6901 = ADVANCED_FACE('', (#6900), #12, .T.);
#6902 = DIRECTION('', (0.381348, -0.180364, -0.906666));
#6903 = POLY_LOOP('', (#1428, #1558, #1556));
#6904 = FACE_OUTER_BOUND('', #6903, .T.);
#6905 = ADVANCED_FACE('', (#6904), #12, .T.);
#6906 = DIRECTION('', (0.381348, -0.180364, -0.906666));
#6907 = POLY_LOOP('', (#1428, #1430, #1558));
#6908 = FACE_OUTER_BOUND('', #6907, .T.);
#6909 = ADVANCED_FACE('', (#6908), #12, .T.);
#6910 = DIRECTION('', (0.397190, -0.142117, -0.906666));
#6911 = POLY_LOOP('', (#1430, #1560, #1558));
#6912 = FACE_OUTER_BOUND('', #6911, .T.);
#6913 = ADVANCED_FACE('', (#6912), #12, .T.);
#6914 = DIRECTION('', (0.397190, -0.142117, -0.906666));
#6915 = POLY_LOOP('', (#1430, #1432, #1560));
#6916 = FACE_OUTER_BOUND('', #6915, .T.);
#6917 = ADVANCED_FACE('', (#6916), #12, .T.);
#6918 = DIRECTION('', (0.409208, -0.102501, -0.906666));
#6919 = POLY_LOOP('', (#1432, #1562, #1560));
#6920 = FACE_OUTER_BOUND('', #6919, .T.);
#6921 = ADVANCED_FACE('', (#6920), #12, .T.);
#6922 = DIRECTION('', (0.409208, -0.102501, -0.906666));
#6923 = POLY_LOOP('', (#1432, #1434, #1562));
#6924 = FACE_OUTER_BOUND('', #6923, .T.);
#6925 = ADVANCED_FACE('', (#6924), #12, .T.);
#6926 = DIRECTION('', (0.417284, -0.061898, -0.906666));
#6927 = POLY_LOOP('', (#1434, #1564, #1562));
#6928 = FACE_OUTER_BOUND('', #6927, .T.);
#6929 = ADVANCED_FACE('', (#6928), #12, .T.);
#6930 = DIRECTION('', (0.417284, -0.061898, -0.906666));
#6931 = POLY_LOOP('', (#1434, #1436, #1564));
#6932 = FACE_OUTER_BOUND('', #6931, .T.);
#6933 = ADVANCED_FACE('', (#6932), #12, .T.);
#6934 = DIRECTION('', (0.421342, -0.020699, -0.906666));
#6935 = POLY_LOOP('', (#1436, #1438, #1564));
#6936 = FACE_OUTER_BOUND('', #6935, .T.);
#6937 = ADVANCED_FACE('', (#6936), #12, .T.);
#6938 = DIRECTION('', (0.421342, -0.020699, -0.906666));
#6939 = POLY_LOOP('', (#1436, #1310, #1438));
#6940 = FACE_OUTER_BOUND('', #6939, .T.);
#6941 = ADVANCED_FACE('', (#6940), #12, .T.);
#6942 = DIRECTION('', (0.309309, 0.015195, -0.950840));
#6943 = POLY_LOOP('', (#1438, #1568, #1566));
#6944 = FACE_OUTER_BOUND('', #6943, .T.);
#6945 = ADVANCED_FACE('', (#6944), #12, .T.);
#6946 = DIRECTION('', (0.309309, 0.015195, -0.950840));
#6947 = POLY_LOOP('', (#1438, #1440, #1568));
#6948 = FACE_OUTER_BOUND('', #6947, .T.);
#6949 = ADVANCED_FACE('', (#6948), #12, .T.);
#6950 = DIRECTION('', (0.306330, 0.045440, -0.950840));
#6951 = POLY_LOOP('', (#1440, #1570, #1568));
#6952 = FACE_OUTER_BOUND('', #6951, .T.);
#6953 = ADVANCED_FACE('', (#6952), #12, .T.);
#6954 = DIRECTION('', (0.306330, 0.045440, -0.950840));
#6955 = POLY_LOOP('', (#1440, #1442, #1570));
#6956 = FACE_OUTER_BOUND('', #6955, .T.);
#6957 = ADVANCED_FACE('', (#6956), #12, .T.);
#6958 = DIRECTION('', (0.300401, 0.075247, -0.950840));
#6959 = POLY_LOOP('', (#1442, #1572, #1570));
#6960 = FACE_OUTER_BOUND('', #6959, .T.);
#6961 = ADVANCED_FACE('', (#6960), #12, .T.);
#6962 = DIRECTION('', (0.300401, 0.075247, -0.950840));
#6963 = POLY_LOOP('', (#1442, #1444, #1572));
#6964 = FACE_OUTER_BOUND('', #6963, .T.);
#6965 = ADVANCED_FACE('', (#6964), #12, .T.);
#6966 = DIRECTION('', (0.291579, 0.104329, -0.950840));
#6967 = POLY_LOOP('', (#1444, #1574, #1572));
#6968 = FACE_OUTER_BOUND('', #6967, .T.);
#6969 = ADVANCED_FACE('', (#6968), #12, .T.);
#6970 = DIRECTION('', (0.291579, 0.104329, -0.950840));
#6971 = POLY_LOOP('', (#1444, #1446, #1574));
#6972 = FACE_OUTER_BOUND('', #6971, .T.);
#6973 = ADVANCED_FACE('', (#6972), #12, .T.);
#6974 = DIRECTION('', (0.279949, 0.132406, -0.950840));
#6975 = POLY_LOOP('', (#1446, #1576, #1574));
#6976 = FACE_OUTER_BOUND('', #6975, .T.);
#6977 = ADVANCED_FACE('', (#6976), #12, .T.);
#6978 = DIRECTION('', (0.279949, 0.132406, -0.950840));
#6979 = POLY_LOOP('', (#1446, #1448, #1576));
#6980 = FACE_OUTER_BOUND('', #6979, .T.);
#6981 = ADVANCED_FACE('', (#6980), #12, .T.);
#6982 = DIRECTION('', (0.265623, 0.159209, -0.950840));
#6983 = POLY_LOOP('', (#1448, #1578, #1576));
#6984 = FACE_OUTER_BOUND('', #6983, .T.);
#6985 = ADVANCED_FACE('', (#6984), #12, .T.);
#6986 = DIRECTION('', (0.265623, 0.159209, -0.950840));
#6987 = POLY_LOOP('', (#1448, #1450, #1578));
#6988 = FACE_OUTER_BOUND('', #6987, .T.);
#6989 = ADVANCED_FACE('', (#6988), #12, .T.);
#6990 = DIRECTION('', (0.248739, 0.184478, -0.950840));
#6991 = POLY_LOOP('', (#1450, #1580, #1578));
#6992 = FACE_OUTER_BOUND('', #6991, .T.);
#6993 = ADVANCED_FACE('', (#6992), #12, .T.);
#6994 = DIRECTION('', (0.248739, 0.184478, -0.950840));
#6995 = POLY_LOOP('', (#1450, #1452, #1580));
#6996 = FACE_OUTER_BOUND('', #6995, .T.);
#6997 = ADVANCED_FACE('', (#6996), #12, .T.);
#6998 = DIRECTION('', (0.229459, 0.207970, -0.950840));
#6999 = POLY_LOOP('', (#1452, #1582, #1580));
#7000 = FACE_OUTER_BOUND('', #6999, .T.);
#7001 = ADVANCED_FACE('', (#7000), #12, .T.);
#7002 = DIRECTION('', (0.229459, 0.207970, -0.950840));
#7003 = POLY_LOOP('', (#1452, #1454, #1582));
#7004 = FACE_OUTER_BOUND('', #7003, .T.);
#7005 = ADVANCED_FACE('', (#7004), #12, .T.);
#7006 = DIRECTION('', (0.207970, 0.229459, -0.950840));
#7007 = POLY_LOOP('', (#1454, #1584, #1582));
#7008 = FACE_OUTER_BOUND('', #7007, .T.);
#7009 = ADVANCED_FACE('', (#7008), #12, .T.);
#7010 = DIRECTION('', (0.207970, 0.229459, -0.950840));
#7011 = POLY_LOOP('', (#1454, #1456, #1584));
#7012 = FACE_OUTER_BOUND('', #7011, .T.);
#7013 = ADVANCED_FACE('', (#7012), #12, .T.);
#7014 = DIRECTION('', (0.184478, 0.248739, -0.950840));
#7015 = POLY_LOOP('', (#1456, #1586, #1584));
#7016 = FACE_OUTER_BOUND('', #7015, .T.);
#7017 = ADVANCED_FACE('', (#7016), #12, .T.);
#7018 = DIRECTION('', (0.184478, 0.248739, -0.950840));
#7019 = POLY_LOOP('', (#1456, #1458, #1586));
#7020 = FACE_OUTER_BOUND('', #7019, .T.);
#7021 = ADVANCED_FACE('', (#7020), #12, .T.);
#7022 = DIRECTION('', (0.159209, 0.265623, -0.950840));
#7023 = POLY_LOOP('', (#1458, #1588, #1586));
#7024 = FACE_OUTER_BOUND('', #7023, .T.);
#7025 = ADVANCED_FACE('', (#7024), #12, .T.);
#7026 = DIRECTION('', (0.159209, 0.265623, -0.950840));
#7027 = POLY_LOOP('', (#1458, #1460, #1588));
#7028 = FACE_OUTER_BOUND('', #7027, .T.);
#7029 = ADVANCED_FACE('', (#7028), #12, .T.);
#7030 = DIRECTION('', (0.132406, 0.279949, -0.950840));
#7031 = POLY_LOOP('', (#1460, #1590, #1588));
#7032 = FACE_OUTER_BOUND('', #7031, .T.);
#7033 = ADVANCED_FACE('', (#7032), #12, .T.);
#7034 = DIRECTION('', (0.132406, 0.279949, -0.950840));
#7035 = POLY_LOOP('', (#1460, #1462, #1590));
#7036 = FACE_OUTER_BOUND('', #7035, .T.);
#7037 = ADVANCED_FACE('', (#7036), #12, .T.);
#7038 = DIRECTION('', (0.104329, 0.291579, -0.950840));
#7039 = POLY_LOOP('', (#1462, #1592, #1590));
#7040 = FACE_OUTER_BOUND('', #7039, .T.);
#7041 = ADVANCED_FACE('', (#7040), #12, .T.);
#7042 = DIRECTION('', (0.104329, 0.291579, -0.950840));
#7043 = POLY_LOOP('', (#1462, #1464, #1592));
#7044 = FACE_OUTER_BOUND('', #7043, .T.);
#7045 = ADVANCED_FACE('', (#7044), #12, .T.);
#7046 = DIRECTION('', (0.075247, 0.300401, -0.950840));
#7047 = POLY_LOOP('', (#1464, #1594, #1592));
#7048 = FACE_OUTER_BOUND('', #7047, .T.);
#7049 = ADVANCED_FACE('', (#7048), #12, .T.);
#7050 = DIRECTION('', (0.075247, 0.300401, -0.950840));
#7051 = POLY_LOOP('', (#1464, #1466, #1594));
#7052 = FACE_OUTER_BOUND('', #7051, .T.);
#7053 = ADVANCED_FACE('', (#7052), #12, .T.);
#7054 = DIRECTION('', (0.045440, 0.306330, -0.950840));
#7055 = POLY_LOOP('', (#1466, #1596, #1594));
#7056 = FACE_OUTER_BOUND('', #7055, .T.);
#7057 = ADVANCED_FACE('', (#7056), #12, .T.);
#7058 = DIRECTION('', (0.045440, 0.306330, -0.950840));
#7059 = POLY_LOOP('', (#1466, #1468, #1596));
#7060 = FACE_OUTER_BOUND('', #7059, .T.);
#7061 = ADVANCED_FACE('', (#7060), #12, .T.);
#7062 = DIRECTION('', (0.015195, 0.309309, -0.950840));
#7063 = POLY_LOOP('', (#1468, #1598, #1596));
#7064 = FACE_OUTER_BOUND('', #7063, .T.);
#7065 = ADVANCED_FACE('', (#7064), #12, .T.);
#7066 = DIRECTION('', (0.015195, 0.309309, -0.950840));
#7067 = POLY_LOOP('', (#1468, #1470, #1598));
#7068 = FACE_OUTER_BOUND('', #7067, .T.);
#7069 = ADVANCED_FACE('', (#7068), #12, .T.);
#7070 = DIRECTION('', (-0.015195, 0.309309, -0.950840));
#7071 = POLY_LOOP('', (#1470, #1600, #1598));
#7072 = FACE_OUTER_BOUND('', #7071, .T.);
#7073 = ADVANCED_FACE('', (#7072), #12, .T.);
#7074 = DIRECTION('', (-0.015195, 0.309309, -0.950840));
#7075 = POLY_LOOP('', (#1470, #1472, #1600));
#7076 = FACE_OUTER_BOUND('', #7075, .T.);
#7077 = ADVANCED_FACE('', (#7076), #12, .T.);
#7078 = DIRECTION('', (-0.045440, 0.306330, -0.950840));
#7079 = POLY_LOOP('', (#1472, #1602, #1600));
#7080 = FACE_OUTER_BOUND('', #7079, .T.);
#7081 = ADVANCED_FACE('', (#7080), #12, .T.);
#7082 = DIRECTION('', (-0.045440, 0.306330, -0.950840));
#7083 = POLY_LOOP('', (#1472, #1474, #1602));
#7084 = FACE_OUTER_BOUND('', #7083, .T.);
#7085 = ADVANCED_FACE('', (#7084), #12, .T.);
#7086 = DIRECTION('', (-0.075247, 0.300401, -0.950840));
#7087 = POLY_LOOP('', (#1474, #1604, #1602));
#7088 = FACE_OUTER_BOUND('', #7087, .T.);
#7089 = ADVANCED_FACE('', (#7088), #12, .T.);
#7090 = DIRECTION('', (-0.075247, 0.300401, -0.950840));
#7091 = POLY_LOOP('', (#1474, #1476, #1604));
#7092 = FACE_OUTER_BOUND('', #7091, .T.);
#7093 = ADVANCED_FACE('', (#7092), #12, .T.);
#7094 = DIRECTION('', (-0.104329, 0.291579, -0.950840));
#7095 = POLY_LOOP('', (#1476, #1606, #1604));
#7096 = FACE_OUTER_BOUND('', #7095, .T.);
#7097 = ADVANCED_FACE('', (#7096), #12, .T.);
#7098 = DIRECTION('', (-0.104329, 0.291579, -0.950840));
#7099 = POLY_LOOP('', (#1476, #1478, #1606));
#7100 = FACE_OUTER_BOUND('', #7099, .T.);
#7101 = ADVANCED_FACE('', (#7100), #12, .T.);
#7102 = DIRECTION('', (-0.132406, 0.279949, -0.950840));
#7103 = POLY_LOOP('', (#1478, #1608, #1606));
#7104 = FACE_OUTER_BOUND('', #7103, .T.);
#7105 = ADVANCED_FACE('', (#7104), #12, .T.);
#7106 = DIRECTION('', (-0.132406, 0.279949, -0.950840));
#7107 = POLY_LOOP('', (#1478, #1480, #1608));
#7108 = FACE_OUTER_BOUND('', #7107, .T.);
#7109 = ADVANCED_FACE('', (#7108), #12, .T.);
#7110 = DIRECTION('', (-0.159209, 0.265623, -0.950840));
#7111 = POLY_LOOP('', (#1480, #1610, #1608));
#7112 = FACE_OUTER_BOUND('', #7111, .T.);
#7113 = ADVANCED_FACE('', (#7112), #12, .T.);
#7114 = DIRECTION('', (-0.159209, 0.265623, -0.950840));
#7115 = POLY_LOOP('', (#1480, #1482, #1610));
#7116 = FACE_OUTER_BOUND('', #7115, .T.);
#7117 = ADVANCED_FACE('', (#7116), #12, .T.);
#7118 = DIRECTION('', (-0.184478, 0.248739, -0.950840));
#7119 = POLY_LOOP('', (#1482, #1612, #1610));
#7120 = FACE_OUTER_BOUND('', #7119, .T.);
#7121 = ADVANCED_FACE('', (#7120), #12, .T.);
#7122 = DIRECTION('', (-0.184478, 0.248739, -0.950840));
#7123 = POLY_LOOP('', (#1482, #1484, #1612));
#7124 = FACE_OUTER_BOUND('', #7123, .T.);
#7125 = ADVANCED_FACE('', (#7124), #12, .T.);
#7126 = DIRECTION('', (-0.207970, 0.229459, -0.950840));
#7127 = POLY_LOOP('', (#1484, #1614, #1612));
#7128 = FACE_OUTER_BOUND('', #7127, .T.);
#7129 = ADVANCED_FACE('', (#7128), #12, .T.);
#7130 = DIRECTION('', (-0.207970, 0.229459, -0.950840));
#7131 = POLY_LOOP('', (#1484, #1486, #1614));
#7132 = FACE_OUTER_BOUND('', #7131, .T.);
#7133 = ADVANCED_FACE('', (#7132), #12, .T.);
#7134 = DIRECTION('', (-0.229459, 0.207970, -0.950840));
#7135 = POLY_LOOP('', (#1486, #1616, #1614));
#7136 = FACE_OUTER_BOUND('', #7135, .T.);
#7137 = ADVANCED_FACE('', (#7136), #12, .T.);
#7138 = DIRECTION('', (-0.229459, 0.207970, -0.950840));
#7139 = POLY_LOOP('', (#1486, #1488, #1616));
#7140 = FACE_OUTER_BOUND('', #7139, .T.);
#7141 = ADVANCED_FACE('', (#7140), #12, .T.);
#7142 = DIRECTION('', (-0.248739, 0.184478, -0.950840));
#7143 = POLY_LOOP('', (#1488, #1618, #1616));
#7144 = FACE_OUTER_BOUND('', #7143, .T.);
#7145 = ADVANCED_FACE('', (#7144), #12, .T.);
#7146 = DIRECTION('', (-0.248739, 0.184478, -0.950840));
#7147 = POLY_LOOP('', (#1488, #1490, #1618));
#7148 = FACE_OUTER_BOUND('', #7147, .T.);
#7149 = ADVANCED_FACE('', (#7148), #12, .T.);
#7150 = DIRECTION('', (-0.265623, 0.159209, -0.950840));
#7151 = POLY_LOOP('', (#1490, #1620, #1618));
#7152 = FACE_OUTER_BOUND('', #7151, .T.);
#7153 = ADVANCED_FACE('', (#7152), #12, .T.);
#7154 = DIRECTION('', (-0.265623, 0.159209, -0.950840));
#7155 = POLY_LOOP('', (#1490, #1492, #1620));
#7156 = FACE_OUTER_BOUND('', #7155, .T.);
#7157 = ADVANCED_FACE('', (#7156), #12, .T.);
#7158 = DIRECTION('', (-0.279949, 0.132406, -0.950840));
#7159 = POLY_LOOP('', (#1492, #1622, #1620));
#7160 = FACE_OUTER_BOUND('', #7159, .T.);
#7161 = ADVANCED_FACE('', (#7160), #12, .T.);
#7162 = DIRECTION('', (-0.279949, 0.132406, -0.950840));
#7163 = POLY_LOOP('', (#1492, #1494, #1622));
#7164 = FACE_OUTER_BOUND('', #7163, .T.);
#7165 = ADVANCED_FACE('', (#7164), #12, .T.);
#7166 = DIRECTION('', (-0.291579, 0.104329, -0.950840));
#7167 = POLY_LOOP('', (#1494, #1624, #1622));
#7168 = FACE_OUTER_BOUND('', #7167, .T.);
#7169 = ADVANCED_FACE('', (#7168), #12, .T.);
#7170 = DIRECTION('', (-0.291579, 0.104329, -0.950840));
#7171 = POLY_LOOP('', (#1494, #1496, #1624));
#7172 = FACE_OUTER_BOUND('', #7171, .T.);
#7173 = ADVANCED_FACE('', (#7172), #12, .T.);
#7174 = DIRECTION('', (-0.300401, 0.075247, -0.950840));
#7175 = POLY_LOOP('', (#1496, #1626, #1624));
#7176 = FACE_OUTER_BOUND('', #7175, .T.);
#7177 = ADVANCED_FACE('', (#7176), #12, .T.);
#7178 = DIRECTION('', (-0.300401, 0.075247, -0.950840));
#7179 = POLY_LOOP('', (#1496, #1498, #1626));
#7180 = FACE_OUTER_BOUND('', #7179, .T.);
#7181 = ADVANCED_FACE('', (#7180), #12, .T.);
#7182 = DIRECTION('', (-0.306330, 0.045440, -0.950840));
#7183 = POLY_LOOP('', (#1498, #1628, #1626));
#7184 = FACE_OUTER_BOUND('', #7183, .T.);
#7185 = ADVANCED_FACE('', (#7184), #12, .T.);
#7186 = DIRECTION('', (-0.306330, 0.045440, -0.950840));
#7187 = POLY_LOOP('', (#1498, #1500, #1628));
#7188 = FACE_OUTER_BOUND('', #7187, .T.);
#7189 = ADVANCED_FACE('', (#7188), #12, .T.);
#7190 = DIRECTION('', (-0.309309, 0.015195, -0.950840));
#7191 = POLY_LOOP('', (#1500, #1630, #1628));
#7192 = FACE_OUTER_BOUND('', #7191, .T.);
#7193 = ADVANCED_FACE('', (#7192), #12, .T.);
#7194 = DIRECTION('', (-0.309309, 0.015195, -0.950840));
#7195 = POLY_LOOP('', (#1500, #1502, #1630));
#7196 = FACE_OUTER_BOUND('', #7195, .T.);
#7197 = ADVANCED_FACE('', (#7196), #12, .T.);
#7198 = DIRECTION('', (-0.309309, -0.015195, -0.950840));
#7199 = POLY_LOOP('', (#1502, #1632, #1630));
#7200 = FACE_OUTER_BOUND('', #7199, .T.);
#7201 = ADVANCED_FACE('', (#7200), #12, .T.);
#7202 = DIRECTION('', (-0.309309, -0.015195, -0.950840));
#7203 = POLY_LOOP('', (#1502, #1504, #1632));
#7204 = FACE_OUTER_BOUND('', #7203, .T.);
#7205 = ADVANCED_FACE('', (#7204), #12, .T.);
#7206 = DIRECTION('', (-0.306330, -0.045440, -0.950840));
#7207 = POLY_LOOP('', (#1504, #1634, #1632));
#7208 = FACE_OUTER_BOUND('', #7207, .T.);
#7209 = ADVANCED_FACE('', (#7208), #12, .T.);
#7210 = DIRECTION('', (-0.306330, -0.045440, -0.950840));
#7211 = POLY_LOOP('', (#1504, #1506, #1634));
#7212 = FACE_OUTER_BOUND('', #7211, .T.);
#7213 = ADVANCED_FACE('', (#7212), #12, .T.);
#7214 = DIRECTION('', (-0.300401, -0.075247, -0.950840));
#7215 = POLY_LOOP('', (#1506, #1636, #1634));
#7216 = FACE_OUTER_BOUND('', #7215, .T.);
#7217 = ADVANCED_FACE('', (#7216), #12, .T.);
#7218 = DIRECTION('', (-0.300401, -0.075247, -0.950840));
#7219 = POLY_LOOP('', (#1506, #1508, #1636));
#7220 = FACE_OUTER_BOUND('', #7219, .T.);
#7221 = ADVANCED_FACE('', (#7220), #12, .T.);
#7222 = DIRECTION('', (-0.291579, -0.104329, -0.950840));
#7223 = POLY_LOOP('', (#1508, #1638, #1636));
#7224 = FACE_OUTER_BOUND('', #7223, .T.);
#7225 = ADVANCED_FACE('', (#7224), #12, .T.);
#7226 = DIRECTION('', (-0.291579, -0.104329, -0.950840));
#7227 = POLY_LOOP('', (#1508, #1510, #1638));
#7228 = FACE_OUTER_BOUND('', #7227, .T.);
#7229 = ADVANCED_FACE('', (#7228), #12, .T.);
#7230 = DIRECTION('', (-0.279949, -0.132406, -0.950840));
#7231 = POLY_LOOP('', (#1510, #1640, #1638));
#7232 = FACE_OUTER_BOUND('', #7231, .T.);
#7233 = ADVANCED_FACE('', (#7232), #12, .T.);
#7234 = DIRECTION('', (-0.279949, -0.132406, -0.950840));
#7235 = POLY_LOOP('', (#1510, #1512, #1640));
#7236 = FACE_OUTER_BOUND('', #7235, .T.);
#7237 = ADVANCED_FACE('', (#7236), #12, .T.);
#7238 = DIRECTION('', (-0.265623, -0.159209, -0.950840));
#7239 = POLY_LOOP('', (#1512, #1642, #1640));
#7240 = FACE_OUTER_BOUND('', #7239, .T.);
#7241 = ADVANCED_FACE('', (#7240), #12, .T.);
#7242 = DIRECTION('', (-0.265623, -0.159209, -0.950840));
#7243 = POLY_LOOP('', (#1512, #1514, #1642));
#7244 = FACE_OUTER_BOUND('', #7243, .T.);
#7245 = ADVANCED_FACE('', (#7244), #12, .T.);
#7246 = DIRECTION('', (-0.248739, -0.184478, -0.950840));
#7247 = POLY_LOOP('', (#1514, #1644, #1642));
#7248 = FACE_OUTER_BOUND('', #7247, .T.);
#7249 = ADVANCED_FACE('', (#7248), #12, .T.);
#7250 = DIRECTION('', (-0.248739, -0.184478, -0.950840));
#7251 = POLY_LOOP('', (#1514, #1516, #1644));
#7252 = FACE_OUTER_BOUND('', #7251, .T.);
#7253 = ADVANCED_FACE('', (#7252), #12, .T.);
#7254 = DIRECTION('', (-0.229459, -0.207970, -0.950840));
#7255 = POLY_LOOP('', (#1516, #1646, #1644));
#7256 = FACE_OUTER_BOUND('', #7255, .T.);
#7257 = ADVANCED_FACE('', (#7256), #12, .T.);
#7258 = DIRECTION('', (-0.229459, -0.207970, -0.950840));
#7259 = POLY_LOOP('', (#1516, #1518, #1646));
#7260 = FACE_OUTER_BOUND('', #7259, .T.);
#7261 = ADVANCED_FACE('', (#7260), #12, .T.);
#7262 = DIRECTION('', (-0.207970, -0.229459, -0.950840));
#7263 = POLY_LOOP('', (#1518, #1648, #1646));
#7264 = FACE_OUTER_BOUND('', #7263, .T.);
#7265 = ADVANCED_FACE('', (#7264), #12, .T.);
#7266 = DIRECTION('', (-0.207970, -0.229459, -0.950840));
#7267 = POLY_LOOP('', (#1518, #1520, #1648));
#7268 = FACE_OUTER_BOUND('', #7267, .T.);
#7269 = ADVANCED_FACE('', (#7268), #12, .T.);
#7270 = DIRECTION('', (-0.184478, -0.248739, -0.950840));
#7271 = POLY_LOOP('', (#1520, #1650, #1648));
#7272 = FACE_OUTER_BOUND('', #7271, .T.);
#7273 = ADVANCED_FACE('', (#7272), #12, .T.);
#7274 = DIRECTION('', (-0.184478, -0.248739, -0.950840));
#7275 = POLY_LOOP('', (#1520, #1522, #1650));
#7276 = FACE_OUTER_BOUND('', #7275, .T.);
#7277 = ADVANCED_FACE('', (#7276), #12, .T.);
#7278 = DIRECTION('', (-0.159209, -0.265623, -0.950840));
#7279 = POLY_LOOP('', (#1522, #1652, #1650));
#7280 = FACE_OUTER_BOUND('', #7279, .T.);
#7281 = ADVANCED_FACE('', (#7280), #12, .T.);
#7282 = DIRECTION('', (-0.159209, -0.265623, -0.950840));
#7283 = POLY_LOOP('', (#1522, #1524, #1652));
#7284 = FACE_OUTER_BOUND('', #7283, .T.);
#7285 = ADVANCED_FACE('', (#7284), #12, .T.);
#7286 = DIRECTION('', (-0.132406, -0.279949, -0.950840));
#7287 = POLY_LOOP('', (#1524, #1654, #1652));
#7288 = FACE_OUTER_BOUND('', #7287, .T.);
#7289 = ADVANCED_FACE('', (#7288), #12, .T.);
#7290 = DIRECTION('', (-0.132406, -0.279949, -0.950840));
#7291 = POLY_LOOP('', (#1524, #1526, #1654));
#7292 = FACE_OUTER_BOUND('', #7291, .T.);
#7293 = ADVANCED_FACE('', (#7292), #12, .T.);
#7294 = DIRECTION('', (-0.104329, -0.291579, -0.950840));
#7295 = POLY_LOOP('', (#1526, #1656, #1654));
#7296 = FACE_OUTER_BOUND('', #7295, .T.);
#7297 = ADVANCED_FACE('', (#7296), #12, .T.);
#7298 = DIRECTION('', (-0.104329, -0.291579, -0.950840));
#7299 = POLY_LOOP('', (#1526, #1528, #1656));
#7300 = FACE_OUTER_BOUND('', #7299, .T.);
#7301 = ADVANCED_FACE('', (#7300), #12, .T.);
#7302 = DIRECTION('', (-0.075247, -0.300401, -0.950840));
#7303 = POLY_LOOP('', (#1528, #1658, #1656));
#7304 = FACE_OUTER_BOUND('', #7303, .T.);
#7305 = ADVANCED_FACE('', (#7304), #12, .T.);
#7306 = DIRECTION('', (-0.075247, -0.300401, -0.950840));
#7307 = POLY_LOOP('', (#1528, #1530, #1658));
#7308 = FACE_OUTER_BOUND('', #7307, .T.);
#7309 = ADVANCED_FACE('', (#7308), #12, .T.);
#7310 = DIRECTION('', (-0.045440, -0.306330, -0.950840));
#7311 = POLY_LOOP('', (#1530, #1660, #1658));
#7312 = FACE_OUTER_BOUND('', #7311, .T.);
#7313 = ADVANCED_FACE('', (#7312), #12, .T.);
#7314 = DIRECTION('', (-0.045440, -0.306330, -0.950840));
#7315 = POLY_LOOP('', (#1530, #1532, #1660));
#7316 = FACE_OUTER_BOUND('', #7315, .T.);
#7317 = ADVANCED_FACE('', (#7316), #12, .T.);
#7318 = DIRECTION('', (-0.015195, -0.309309, -0.950840));
#7319 = POLY_LOOP('', (#1532, #1662, #1660));
#7320 = FACE_OUTER_BOUND('', #7319, .T.);
#7321 = ADVANCED_FACE('', (#7320), #12, .T.);
#7322 = DIRECTION('', (-0.015195, -0.309309, -0.950840));
#7323 = POLY_LOOP('', (#1532, #1534, #1662));
#7324 = FACE_OUTER_BOUND('', #7323, .T.);
#7325 = ADVANCED_FACE('', (#7324), #12, .T.);
#7326 = DIRECTION('', (0.015195, -0.309309, -0.950840));
#7327 = POLY_LOOP('', (#1534, #1664, #1662));
#7328 = FACE_OUTER_BOUND('', #7327, .T.);
#7329 = ADVANCED_FACE('', (#7328), #12, .T.);
#7330 = DIRECTION('', (0.015195, -0.309309, -0.950840));
#7331 = POLY_LOOP('', (#1534, #1536, #1664));
#7332 = FACE_OUTER_BOUND('', #7331, .T.);
#7333 = ADVANCED_FACE('', (#7332), #12, .T.);
#7334 = DIRECTION('', (0.045440, -0.306330, -0.950840));
#7335 = POLY_LOOP('', (#1536, #1666, #1664));
#7336 = FACE_OUTER_BOUND('', #7335, .T.);
#7337 = ADVANCED_FACE('', (#7336), #12, .T.);
#7338 = DIRECTION('', (0.045440, -0.306330, -0.950840));
#7339 = POLY_LOOP('', (#1536, #1538, #1666));
#7340 = FACE_OUTER_BOUND('', #7339, .T.);
#7341 = ADVANCED_FACE('', (#7340), #12, .T.);
#7342 = DIRECTION('', (0.075247, -0.300401, -0.950840));
#7343 = POLY_LOOP('', (#1538, #1668, #1666));
#7344 = FACE_OUTER_BOUND('', #7343, .T.);
#7345 = ADVANCED_FACE('', (#7344), #12, .T.);
#7346 = DIRECTION('', (0.075247, -0.300401, -0.950840));
#7347 = POLY_LOOP('', (#1538, #1540, #1668));
#7348 = FACE_OUTER_BOUND('', #7347, .T.);
#7349 = ADVANCED_FACE('', (#7348), #12, .T.);
#7350 = DIRECTION('', (0.104329, -0.291579, -0.950840));
#7351 = POLY_LOOP('', (#1540, #1670, #1668));
#7352 = FACE_OUTER_BOUND('', #7351, .T.);
#7353 = ADVANCED_FACE('', (#7352), #12, .T.);
#7354 = DIRECTION('', (0.104329, -0.291579, -0.950840));
#7355 = POLY_LOOP('', (#1540, #1542, #1670));
#7356 = FACE_OUTER_BOUND('', #7355, .T.);
#7357 = ADVANCED_FACE('', (#7356), #12, .T.);
#7358 = DIRECTION('', (0.132406, -0.279949, -0.950840));
#7359 = POLY_LOOP('', (#1542, #1672, #1670));
#7360 = FACE_OUTER_BOUND('', #7359, .T.);
#7361 = ADVANCED_FACE('', (#7360), #12, .T.);
#7362 = DIRECTION('', (0.132406, -0.279949, -0.950840));
#7363 = POLY_LOOP('', (#1542, #1544, #1672));
#7364 = FACE_OUTER_BOUND('', #7363, .T.);
#7365 = ADVANCED_FACE('', (#7364), #12, .T.);
#7366 = DIRECTION('', (0.159209, -0.265623, -0.950840));
#7367 = POLY_LOOP('', (#1544, #1674, #1672));
#7368 = FACE_OUTER_BOUND('', #7367, .T.);
#7369 = ADVANCED_FACE('', (#7368), #12, .T.);
#7370 = DIRECTION('', (0.159209, -0.265623, -0.950840));
#7371 = POLY_LOOP('', (#1544, #1546, #1674));
#7372 = FACE_OUTER_BOUND('', #7371, .T.);
#7373 = ADVANCED_FACE('', (#7372), #12, .T.);
#7374 = DIRECTION('', (0.184478, -0.248739, -0.950840));
#7375 = POLY_LOOP('', (#1546, #1676, #1674));
#7376 = FACE_OUTER_BOUND('', #7375, .T.);
#7377 = ADVANCED_FACE('', (#7376), #12, .T.);
#7378 = DIRECTION('', (0.184478, -0.248739, -0.950840));
#7379 = POLY_LOOP('', (#1546, #1548, #1676));
#7380 = FACE_OUTER_BOUND('', #7379, .T.);
#7381 = ADVANCED_FACE('', (#7380), #12, .T.);
#7382 = DIRECTION('', (0.207970, -0.229459, -0.950840));
#7383 = POLY_LOOP('', (#1548, #1678, #1676));
#7384 = FACE_OUTER_BOUND('', #7383, .T.);
#7385 = ADVANCED_FACE('', (#7384), #12, .T.);
#7386 = DIRECTION('', (0.207970, -0.229459, -0.950840));
#7387 = POLY_LOOP('', (#1548, #1550, #1678));
#7388 = FACE_OUTER_BOUND('', #7387, .T.);
#7389 = ADVANCED_FACE('', (#7388), #12, .T.);
#7390 = DIRECTION('', (0.229459, -0.207970, -0.950840));
#7391 = POLY_LOOP('', (#1550, #1680, #1678));
#7392 = FACE_OUTER_BOUND('', #7391, .T.);
#7393 = ADVANCED_FACE('', (#7392), #12, .T.);
#7394 = DIRECTION('', (0.229459, -0.207970, -0.950840));
#7395 = POLY_LOOP('', (#1550, #1552, #1680));
#7396 = FACE_OUTER_BOUND('', #7395, .T.);
#7397 = ADVANCED_FACE('', (#7396), #12, .T.);
#7398 = DIRECTION('', (0.248739, -0.184478, -0.950840));
#7399 = POLY_LOOP('', (#1552, #1682, #1680));
#7400 = FACE_OUTER_BOUND('', #7399, .T.);
#7401 = ADVANCED_FACE('', (#7400), #12, .T.);
#7402 = DIRECTION('', (0.248739, -0.184478, -0.950840));
#7403 = POLY_LOOP('', (#1552, #1554, #1682));
#7404 = FACE_OUTER_BOUND('', #7403, .T.);
#7405 = ADVANCED_FACE('', (#7404), #12, .T.);
#7406 = DIRECTION('', (0.265623, -0.159209, -0.950840));
#7407 = POLY_LOOP('', (#1554, #1684, #1682));
#7408 = FACE_OUTER_BOUND('', #7407, .T.);
#7409 = ADVANCED_FACE('', (#7408), #12, .T.);
#7410 = DIRECTION('', (0.265623, -0.159209, -0.950840));
#7411 = POLY_LOOP('', (#1554, #1556, #1684));
#7412 = FACE_OUTER_BOUND('', #7411, .T.);
#7413 = ADVANCED_FACE('', (#7412), #12, .T.);
#7414 = DIRECTION('', (0.279949, -0.132406, -0.950840));
#7415 = POLY_LOOP('', (#1556, #1686, #1684));
#7416 = FACE_OUTER_BOUND('', #7415, .T.);
#7417 = ADVANCED_FACE('', (#7416), #12, .T.);
#7418 = DIRECTION('', (0.279949, -0.132406, -0.950840));
#7419 = POLY_LOOP('', (#1556, #1558, #1686));
#7420 = FACE_OUTER_BOUND('', #7419, .T.);
#7421 = ADVANCED_FACE('', (#7420), #12, .T.);
#7422 = DIRECTION('', (0.291579, -0.104329, -0.950840));
#7423 = POLY_LOOP('', (#1558, #1688, #1686));
#7424 = FACE_OUTER_BOUND('', #7423, .T.);
#7425 = ADVANCED_FACE('', (#7424), #12, .T.);
#7426 = DIRECTION('', (0.291579, -0.104329, -0.950840));
#7427 = POLY_LOOP('', (#1558, #1560, #1688));
#7428 = FACE_OUTER_BOUND('', #7427, .T.);
#7429 = ADVANCED_FACE('', (#7428), #12, .T.);
#7430 = DIRECTION('', (0.300401, -0.075247, -0.950840));
#7431 = POLY_LOOP('', (#1560, #1690, #1688));
#7432 = FACE_OUTER_BOUND('', #7431, .T.);
#7433 = ADVANCED_FACE('', (#7432), #12, .T.);
#7434 = DIRECTION('', (0.300401, -0.075247, -0.950840));
#7435 = POLY_LOOP('', (#1560, #1562, #1690));
#7436 = FACE_OUTER_BOUND('', #7435, .T.);
#7437 = ADVANCED_FACE('', (#7436), #12, .T.);
#7438 = DIRECTION('', (0.306330, -0.045440, -0.950840));
#7439 = POLY_LOOP('', (#1562, #1692, #1690));
#7440 = FACE_OUTER_BOUND('', #7439, .T.);
#7441 = ADVANCED_FACE('', (#7440), #12, .T.);
#7442 = DIRECTION('', (0.306330, -0.045440, -0.950840));
#7443 = POLY_LOOP('', (#1562, #1564, #1692));
#7444 = FACE_OUTER_BOUND('', #7443, .T.);
#7445 = ADVANCED_FACE('', (#7444), #12, .T.);
#7446 = DIRECTION('', (0.309309, -0.015195, -0.950840));
#7447 = POLY_LOOP('', (#1564, #1566, #1692));
#7448 = FACE_OUTER_BOUND('', #7447, .T.);
#7449 = ADVANCED_FACE('', (#7448), #12, .T.);
#7450 = DIRECTION('', (0.309309, -0.015195, -0.950840));
#7451 = POLY_LOOP('', (#1564, #1438, #1566));
#7452 = FACE_OUTER_BOUND('', #7451, .T.);
#7453 = ADVANCED_FACE('', (#7452), #12, .T.);
#7454 = DIRECTION('', (0.433659, -0.009505, -0.901027));
#7455 = POLY_LOOP('', (#1566, #1696, #1694));
#7456 = FACE_OUTER_BOUND('', #7455, .T.);
#7457 = ADVANCED_FACE('', (#7456), #12, .T.);
#7458 = DIRECTION('', (0.426389, 0.020947, -0.904297));
#7459 = POLY_LOOP('', (#1566, #1568, #1696));
#7460 = FACE_OUTER_BOUND('', #7459, .T.);
#7461 = ADVANCED_FACE('', (#7460), #12, .T.);
#7462 = DIRECTION('', (0.429130, -0.012356, -0.903158));
#7463 = POLY_LOOP('', (#1568, #1698, #1696));
#7464 = FACE_OUTER_BOUND('', #7463, .T.);
#7465 = ADVANCED_FACE('', (#7464), #12, .T.);
#7466 = DIRECTION('', (0.404432, 0.059992, -0.912599));
#7467 = POLY_LOOP('', (#1568, #1570, #1698));
#7468 = FACE_OUTER_BOUND('', #7467, .T.);
#7469 = ADVANCED_FACE('', (#7468), #12, .T.);
#7470 = DIRECTION('', (0.411109, 0.023410, -0.911286));
#7471 = POLY_LOOP('', (#1570, #1700, #1698));
#7472 = FACE_OUTER_BOUND('', #7471, .T.);
#7473 = ADVANCED_FACE('', (#7472), #12, .T.);
#7474 = DIRECTION('', (0.378143, 0.094720, -0.920889));
#7475 = POLY_LOOP('', (#1570, #1572, #1700));
#7476 = FACE_OUTER_BOUND('', #7475, .T.);
#7477 = ADVANCED_FACE('', (#7476), #12, .T.);
#7478 = DIRECTION('', (0.376601, 0.099922, -0.920971));
#7479 = POLY_LOOP('', (#1572, #1702, #1700));
#7480 = FACE_OUTER_BOUND('', #7479, .T.);
#7481 = ADVANCED_FACE('', (#7480), #12, .T.);
#7482 = DIRECTION('', (0.359333, 0.128571, -0.924310));
#7483 = POLY_LOOP('', (#1572, #1574, #1702));
#7484 = FACE_OUTER_BOUND('', #7483, .T.);
#7485 = ADVANCED_FACE('', (#7484), #12, .T.);
#7486 = DIRECTION('', (0.331958, 0.193500, -0.923234));
#7487 = POLY_LOOP('', (#1574, #1704, #1702));
#7488 = FACE_OUTER_BOUND('', #7487, .T.);
#7489 = ADVANCED_FACE('', (#7488), #12, .T.);
#7490 = DIRECTION('', (0.352398, 0.166672, -0.920889));
#7491 = POLY_LOOP('', (#1574, #1576, #1704));
#7492 = FACE_OUTER_BOUND('', #7491, .T.);
#7493 = ADVANCED_FACE('', (#7492), #12, .T.);
#7494 = DIRECTION('', (0.295875, 0.268640, -0.916674));
#7495 = POLY_LOOP('', (#1576, #1706, #1704));
#7496 = FACE_OUTER_BOUND('', #7495, .T.);
#7497 = ADVANCED_FACE('', (#7496), #12, .T.);
#7498 = DIRECTION('', (0.350688, 0.210194, -0.912599));
#7499 = POLY_LOOP('', (#1576, #1578, #1706));
#7500 = FACE_OUTER_BOUND('', #7499, .T.);
#7501 = ADVANCED_FACE('', (#7500), #12, .T.);
#7502 = DIRECTION('', (0.284506, 0.305971, -0.908536));
#7503 = POLY_LOOP('', (#1578, #1708, #1706));
#7504 = FACE_OUTER_BOUND('', #7503, .T.);
#7505 = ADVANCED_FACE('', (#7504), #12, .T.);
#7506 = DIRECTION('', (0.342892, 0.254306, -0.904297));
#7507 = POLY_LOOP('', (#1578, #1580, #1708));
#7508 = FACE_OUTER_BOUND('', #7507, .T.);
#7509 = ADVANCED_FACE('', (#7508), #12, .T.);
#7510 = DIRECTION('', (0.296296, 0.310325, -0.903276));
#7511 = POLY_LOOP('', (#1580, #1710, #1708));
#7512 = FACE_OUTER_BOUND('', #7511, .T.);
#7513 = ADVANCED_FACE('', (#7512), #12, .T.);
#7514 = DIRECTION('', (0.321649, 0.291526, -0.900863));
#7515 = POLY_LOOP('', (#1580, #1582, #1710));
#7516 = FACE_OUTER_BOUND('', #7515, .T.);
#7517 = ADVANCED_FACE('', (#7516), #12, .T.);
#7518 = DIRECTION('', (0.313364, 0.299922, -0.901027));
#7519 = POLY_LOOP('', (#1582, #1712, #1710));
#7520 = FACE_OUTER_BOUND('', #7519, .T.);
#7521 = ADVANCED_FACE('', (#7520), #12, .T.);
#7522 = DIRECTION('', (0.286691, 0.316315, -0.904297));
#7523 = POLY_LOOP('', (#1582, #1584, #1712));
#7524 = FACE_OUTER_BOUND('', #7523, .T.);
#7525 = ADVANCED_FACE('', (#7524), #12, .T.);
#7526 = DIRECTION('', (0.312177, 0.294704, -0.903158));
#7527 = POLY_LOOP('', (#1584, #1714, #1712));
#7528 = FACE_OUTER_BOUND('', #7527, .T.);
#7529 = ADVANCED_FACE('', (#7528), #12, .T.);
#7530 = DIRECTION('', (0.243556, 0.328397, -0.912599));
#7531 = POLY_LOOP('', (#1584, #1586, #1714));
#7532 = FACE_OUTER_BOUND('', #7531, .T.);
#7533 = ADVANCED_FACE('', (#7532), #12, .T.);
#7534 = DIRECTION('', (0.274145, 0.307251, -0.911286));
#7535 = POLY_LOOP('', (#1586, #1716, #1714));
#7536 = FACE_OUTER_BOUND('', #7535, .T.);
#7537 = ADVANCED_FACE('', (#7536), #12, .T.);
#7538 = DIRECTION('', (0.200410, 0.334365, -0.920889));
#7539 = POLY_LOOP('', (#1586, #1588, #1716));
#7540 = FACE_OUTER_BOUND('', #7539, .T.);
#7541 = ADVANCED_FACE('', (#7540), #12, .T.);
#7542 = DIRECTION('', (0.195642, 0.336953, -0.920971));
#7543 = POLY_LOOP('', (#1588, #1718, #1716));
#7544 = FACE_OUTER_BOUND('', #7543, .T.);
#7545 = ADVANCED_FACE('', (#7544), #12, .T.);
#7546 = DIRECTION('', (0.163173, 0.345000, -0.924310));
#7547 = POLY_LOOP('', (#1588, #1590, #1718));
#7548 = FACE_OUTER_BOUND('', #7547, .T.);
#7549 = ADVANCED_FACE('', (#7548), #12, .T.);
#7550 = DIRECTION('', (0.097904, 0.371555, -0.923234));
#7551 = POLY_LOOP('', (#1590, #1720, #1718));
#7552 = FACE_OUTER_BOUND('', #7551, .T.);
#7553 = ADVANCED_FACE('', (#7552), #12, .T.);
#7554 = DIRECTION('', (0.131328, 0.367038, -0.920889));
#7555 = POLY_LOOP('', (#1590, #1592, #1720));
#7556 = FACE_OUTER_BOUND('', #7555, .T.);
#7557 = ADVANCED_FACE('', (#7556), #12, .T.);
#7558 = DIRECTION('', (0.019258, 0.399172, -0.916674));
#7559 = POLY_LOOP('', (#1592, #1722, #1720));
#7560 = FACE_OUTER_BOUND('', #7559, .T.);
#7561 = ADVANCED_FACE('', (#7560), #12, .T.);
#7562 = DIRECTION('', (0.099344, 0.396604, -0.912599));
#7563 = POLY_LOOP('', (#1592, #1594, #1722));
#7564 = FACE_OUTER_BOUND('', #7563, .T.);
#7565 = ADVANCED_FACE('', (#7564), #12, .T.);
#7566 = DIRECTION('', (-0.015178, 0.417530, -0.908536));
#7567 = POLY_LOOP('', (#1594, #1724, #1722));
#7568 = FACE_OUTER_BOUND('', #7567, .T.);
#7569 = ADVANCED_FACE('', (#7568), #12, .T.);
#7570 = DIRECTION('', (0.062640, 0.422283, -0.904297));
#7571 = POLY_LOOP('', (#1594, #1596, #1724));
#7572 = FACE_OUTER_BOUND('', #7571, .T.);
#7573 = ADVANCED_FACE('', (#7572), #12, .T.);
#7574 = DIRECTION('', (-0.009921, 0.428946, -0.903276));
#7575 = POLY_LOOP('', (#1596, #1726, #1724));
#7576 = FACE_OUTER_BOUND('', #7575, .T.);
#7577 = ADVANCED_FACE('', (#7576), #12, .T.);
#7578 = DIRECTION('', (0.021300, 0.433580, -0.900863));
#7579 = POLY_LOOP('', (#1596, #1598, #1726));
#7580 = FACE_OUTER_BOUND('', #7579, .T.);
#7581 = ADVANCED_FACE('', (#7580), #12, .T.);
#7582 = DIRECTION('', (0.009505, 0.433659, -0.901027));
#7583 = POLY_LOOP('', (#1598, #1728, #1726));
#7584 = FACE_OUTER_BOUND('', #7583, .T.);
#7585 = ADVANCED_FACE('', (#7584), #12, .T.);
#7586 = DIRECTION('', (-0.020947, 0.426389, -0.904297));
#7587 = POLY_LOOP('', (#1598, #1600, #1728));
#7588 = FACE_OUTER_BOUND('', #7587, .T.);
#7589 = ADVANCED_FACE('', (#7588), #12, .T.);
#7590 = DIRECTION('', (0.012356, 0.429130, -0.903158));
#7591 = POLY_LOOP('', (#1600, #1730, #1728));
#7592 = FACE_OUTER_BOUND('', #7591, .T.);
#7593 = ADVANCED_FACE('', (#7592), #12, .T.);
#7594 = DIRECTION('', (-0.059992, 0.404432, -0.912599));
#7595 = POLY_LOOP('', (#1600, #1602, #1730));
#7596 = FACE_OUTER_BOUND('', #7595, .T.);
#7597 = ADVANCED_FACE('', (#7596), #12, .T.);
#7598 = DIRECTION('', (-0.023410, 0.411109, -0.911286));
#7599 = POLY_LOOP('', (#1602, #1732, #1730));
#7600 = FACE_OUTER_BOUND('', #7599, .T.);
#7601 = ADVANCED_FACE('', (#7600), #12, .T.);
#7602 = DIRECTION('', (-0.094720, 0.378143, -0.920889));
#7603 = POLY_LOOP('', (#1602, #1604, #1732));
#7604 = FACE_OUTER_BOUND('', #7603, .T.);
#7605 = ADVANCED_FACE('', (#7604), #12, .T.);
#7606 = DIRECTION('', (-0.099922, 0.376601, -0.920971));
#7607 = POLY_LOOP('', (#1604, #1734, #1732));
#7608 = FACE_OUTER_BOUND('', #7607, .T.);
#7609 = ADVANCED_FACE('', (#7608), #12, .T.);
#7610 = DIRECTION('', (-0.128571, 0.359333, -0.924310));
#7611 = POLY_LOOP('', (#1604, #1606, #1734));
#7612 = FACE_OUTER_BOUND('', #7611, .T.);
#7613 = ADVANCED_FACE('', (#7612), #12, .T.);
#7614 = DIRECTION('', (-0.193500, 0.331958, -0.923234));
#7615 = POLY_LOOP('', (#1606, #1736, #1734));
#7616 = FACE_OUTER_BOUND('', #7615, .T.);
#7617 = ADVANCED_FACE('', (#7616), #12, .T.);
#7618 = DIRECTION('', (-0.166672, 0.352398, -0.920889));
#7619 = POLY_LOOP('', (#1606, #1608, #1736));
#7620 = FACE_OUTER_BOUND('', #7619, .T.);
#7621 = ADVANCED_FACE('', (#7620), #12, .T.);
#7622 = DIRECTION('', (-0.268640, 0.295875, -0.916674));
#7623 = POLY_LOOP('', (#1608, #1738, #1736));
#7624 = FACE_OUTER_BOUND('', #7623, .T.);
#7625 = ADVANCED_FACE('', (#7624), #12, .T.);
#7626 = DIRECTION('', (-0.210194, 0.350688, -0.912599));
#7627 = POLY_LOOP('', (#1608, #1610, #1738));
#7628 = FACE_OUTER_BOUND('', #7627, .T.);
#7629 = ADVANCED_FACE('', (#7628), #12, .T.);
#7630 = DIRECTION('', (-0.305971, 0.284506, -0.908536));
#7631 = POLY_LOOP('', (#1610, #1740, #1738));
#7632 = FACE_OUTER_BOUND('', #7631, .T.);
#7633 = ADVANCED_FACE('', (#7632), #12, .T.);
#7634 = DIRECTION('', (-0.254306, 0.342892, -0.904297));
#7635 = POLY_LOOP('', (#1610, #1612, #1740));
#7636 = FACE_OUTER_BOUND('', #7635, .T.);
#7637 = ADVANCED_FACE('', (#7636), #12, .T.);
#7638 = DIRECTION('', (-0.310325, 0.296296, -0.903276));
#7639 = POLY_LOOP('', (#1612, #1742, #1740));
#7640 = FACE_OUTER_BOUND('', #7639, .T.);
#7641 = ADVANCED_FACE('', (#7640), #12, .T.);
#7642 = DIRECTION('', (-0.291526, 0.321649, -0.900863));
#7643 = POLY_LOOP('', (#1612, #1614, #1742));
#7644 = FACE_OUTER_BOUND('', #7643, .T.);
#7645 = ADVANCED_FACE('', (#7644), #12, .T.);
#7646 = DIRECTION('', (-0.299922, 0.313364, -0.901027));
#7647 = POLY_LOOP('', (#1614, #1744, #1742));
#7648 = FACE_OUTER_BOUND('', #7647, .T.);
#7649 = ADVANCED_FACE('', (#7648), #12, .T.);
#7650 = DIRECTION('', (-0.316315, 0.286691, -0.904297));
#7651 = POLY_LOOP('', (#1614, #1616, #1744));
#7652 = FACE_OUTER_BOUND('', #7651, .T.);
#7653 = ADVANCED_FACE('', (#7652), #12, .T.);
#7654 = DIRECTION('', (-0.294704, 0.312177, -0.903158));
#7655 = POLY_LOOP('', (#1616, #1746, #1744));
#7656 = FACE_OUTER_BOUND('', #7655, .T.);
#7657 = ADVANCED_FACE('', (#7656), #12, .T.);
#7658 = DIRECTION('', (-0.328397, 0.243556, -0.912599));
#7659 = POLY_LOOP('', (#1616, #1618, #1746));
#7660 = FACE_OUTER_BOUND('', #7659, .T.);
#7661 = ADVANCED_FACE('', (#7660), #12, .T.);
#7662 = DIRECTION('', (-0.307251, 0.274145, -0.911286));
#7663 = POLY_LOOP('', (#1618, #1748, #1746));
#7664 = FACE_OUTER_BOUND('', #7663, .T.);
#7665 = ADVANCED_FACE('', (#7664), #12, .T.);
#7666 = DIRECTION('', (-0.334365, 0.200410, -0.920889));
#7667 = POLY_LOOP('', (#1618, #1620, #1748));
#7668 = FACE_OUTER_BOUND('', #7667, .T.);
#7669 = ADVANCED_FACE('', (#7668), #12, .T.);
#7670 = DIRECTION('', (-0.336953, 0.195642, -0.920971));
#7671 = POLY_LOOP('', (#1620, #1750, #1748));
#7672 = FACE_OUTER_BOUND('', #7671, .T.);
#7673 = ADVANCED_FACE('', (#7672), #12, .T.);
#7674 = DIRECTION('', (-0.345000, 0.163173, -0.924310));
#7675 = POLY_LOOP('', (#1620, #1622, #1750));
#7676 = FACE_OUTER_BOUND('', #7675, .T.);
#7677 = ADVANCED_FACE('', (#7676), #12, .T.);
#7678 = DIRECTION('', (-0.371555, 0.097904, -0.923234));
#7679 = POLY_LOOP('', (#1622, #1752, #1750));
#7680 = FACE_OUTER_BOUND('', #7679, .T.);
#7681 = ADVANCED_FACE('', (#7680), #12, .T.);
#7682 = DIRECTION('', (-0.367038, 0.131328, -0.920889));
#7683 = POLY_LOOP('', (#1622, #1624, #1752));
#7684 = FACE_OUTER_BOUND('', #7683, .T.);
#7685 = ADVANCED_FACE('', (#7684), #12, .T.);
#7686 = DIRECTION('', (-0.399172, 0.019258, -0.916674));
#7687 = POLY_LOOP('', (#1624, #1754, #1752));
#7688 = FACE_OUTER_BOUND('', #7687, .T.);
#7689 = ADVANCED_FACE('', (#7688), #12, .T.);
#7690 = DIRECTION('', (-0.396604, 0.099344, -0.912599));
#7691 = POLY_LOOP('', (#1624, #1626, #1754));
#7692 = FACE_OUTER_BOUND('', #7691, .T.);
#7693 = ADVANCED_FACE('', (#7692), #12, .T.);
#7694 = DIRECTION('', (-0.417530, -0.015178, -0.908536));
#7695 = POLY_LOOP('', (#1626, #1756, #1754));
#7696 = FACE_OUTER_BOUND('', #7695, .T.);
#7697 = ADVANCED_FACE('', (#7696), #12, .T.);
#7698 = DIRECTION('', (-0.422283, 0.062640, -0.904297));
#7699 = POLY_LOOP('', (#1626, #1628, #1756));
#7700 = FACE_OUTER_BOUND('', #7699, .T.);
#7701 = ADVANCED_FACE('', (#7700), #12, .T.);
#7702 = DIRECTION('', (-0.428946, -0.009921, -0.903276));
#7703 = POLY_LOOP('', (#1628, #1758, #1756));
#7704 = FACE_OUTER_BOUND('', #7703, .T.);
#7705 = ADVANCED_FACE('', (#7704), #12, .T.);
#7706 = DIRECTION('', (-0.433580, 0.021300, -0.900863));
#7707 = POLY_LOOP('', (#1628, #1630, #1758));
#7708 = FACE_OUTER_BOUND('', #7707, .T.);
#7709 = ADVANCED_FACE('', (#7708), #12, .T.);
#7710 = DIRECTION('', (-0.433659, 0.009505, -0.901027));
#7711 = POLY_LOOP('', (#1630, #1760, #1758));
#7712 = FACE_OUTER_BOUND('', #7711, .T.);
#7713 = ADVANCED_FACE('', (#7712), #12, .T.);
#7714 = DIRECTION('', (-0.426389, -0.020947, -0.904297));
#7715 = POLY_LOOP('', (#1630, #1632, #1760));
#7716 = FACE_OUTER_BOUND('', #7715, .T.);
#7717 = ADVANCED_FACE('', (#7716), #12, .T.);
#7718 = DIRECTION('', (-0.429130, 0.012356, -0.903158));
#7719 = POLY_LOOP('', (#1632, #1762, #1760));
#7720 = FACE_OUTER_BOUND('', #7719, .T.);
#7721 = ADVANCED_FACE('', (#7720), #12, .T.);
#7722 = DIRECTION('', (-0.404432, -0.059992, -0.912599));
#7723 = POLY_LOOP('', (#1632, #1634, #1762));
#7724 = FACE_OUTER_BOUND('', #7723, .T.);
#7725 = ADVANCED_FACE('', (#7724), #12, .T.);
#7726 = DIRECTION('', (-0.411109, -0.023410, -0.911286));
#7727 = POLY_LOOP('', (#1634, #1764, #1762));
#7728 = FACE_OUTER_BOUND('', #7727, .T.);
#7729 = ADVANCED_FACE('', (#7728), #12, .T.);
#7730 = DIRECTION('', (-0.378143, -0.094720, -0.920889));
#7731 = POLY_LOOP('', (#1634, #1636, #1764));
#7732 = FACE_OUTER_BOUND('', #7731, .T.);
#7733 = ADVANCED_FACE('', (#7732), #12, .T.);
#7734 = DIRECTION('', (-0.376601, -0.099922, -0.920971));
#7735 = POLY_LOOP('', (#1636, #1766, #1764));
#7736 = FACE_OUTER_BOUND('', #7735, .T.);
#7737 = ADVANCED_FACE('', (#7736), #12, .T.);
#7738 = DIRECTION('', (-0.359333, -0.128571, -0.924310));
#7739 = POLY_LOOP('', (#1636, #1638, #1766));
#7740 = FACE_OUTER_BOUND('', #7739, .T.);
#7741 = ADVANCED_FACE('', (#7740), #12, .T.);
#7742 = DIRECTION('', (-0.331958, -0.193500, -0.923234));
#7743 = POLY_LOOP('', (#1638, #1768, #1766));
#7744 = FACE_OUTER_BOUND('', #7743, .T.);
#7745 = ADVANCED_FACE('', (#7744), #12, .T.);
#7746 = DIRECTION('', (-0.352398, -0.166672, -0.920889));
#7747 = POLY_LOOP('', (#1638, #1640, #1768));
#7748 = FACE_OUTER_BOUND('', #7747, .T.);
#7749 = ADVANCED_FACE('', (#7748), #12, .T.);
#7750 = DIRECTION('', (-0.295875, -0.268640, -0.916674));
#7751 = POLY_LOOP('', (#1640, #1770, #1768));
#7752 = FACE_OUTER_BOUND('', #7751, .T.);
#7753 = ADVANCED_FACE('', (#7752), #12, .T.);
#7754 = DIRECTION('', (-0.350688, -0.210194, -0.912599));
#7755 = POLY_LOOP('', (#1640, #1642, #1770));
#7756 = FACE_OUTER_BOUND('', #7755, .T.);
#7757 = ADVANCED_FACE('', (#7756), #12, .T.);
#7758 = DIRECTION('', (-0.284506, -0.305971, -0.908536));
#7759 = POLY_LOOP('', (#1642, #1772, #1770));
#7760 = FACE_OUTER_BOUND('', #7759, .T.);
#7761 = ADVANCED_FACE('', (#7760), #12, .T.);
#7762 = DIRECTION('', (-0.342892, -0.254306, -0.904297));
#7763 = POLY_LOOP('', (#1642, #1644, #1772));
#7764 = FACE_OUTER_BOUND('', #7763, .T.);
#7765 = ADVANCED_FACE('', (#7764), #12, .T.);
#7766 = DIRECTION('', (-0.296296, -0.310325, -0.903276));
#7767 = POLY_LOOP('', (#1644, #1774, #1772));
#7768 = FACE_OUTER_BOUND('', #7767, .T.);
#7769 = ADVANCED_FACE('', (#7768), #12, .T.);
#7770 = DIRECTION('', (-0.321649, -0.291526, -0.900863));
#7771 = POLY_LOOP('', (#1644, #1646, #1774));
#7772 = FACE_OUTER_BOUND('', #7771, .T.);
#7773 = ADVANCED_FACE('', (#7772), #12, .T.);
#7774 = DIRECTION('', (-0.313364, -0.299922, -0.901027));
#7775 = POLY_LOOP('', (#1646, #1776, #1774));
#7776 = FACE_OUTER_BOUND('', #7775, .T.);
#7777 = ADVANCED_FACE('', (#7776), #12, .T.);
#7778 = DIRECTION('', (-0.286691, -0.316315, -0.904297));
#7779 = POLY_LOOP('', (#1646, #1648, #1776));
#7780 = FACE_OUTER_BOUND('', #7779, .T.);
#7781 = ADVANCED_FACE('', (#7780), #12, .T.);
#7782 = DIRECTION('', (-0.312177, -0.294704, -0.903158));
#7783 = POLY_LOOP('', (#1648, #1778, #1776));
#7784 = FACE_OUTER_BOUND('', #7783, .T.);
#7785 = ADVANCED_FACE('', (#7784), #12, .T.);
#7786 = DIRECTION('', (-0.243556, -0.328397, -0.912599));
#7787 = POLY_LOOP('', (#1648, #1650, #1778));
#7788 = FACE_OUTER_BOUND('', #7787, .T.);
#7789 = ADVANCED_FACE('', (#7788), #12, .T.);
#7790 = DIRECTION('', (-0.274145, -0.307251, -0.911286));
#7791 = POLY_LOOP('', (#1650, #1780, #1778));
#7792 = FACE_OUTER_BOUND('', #7791, .T.);
#7793 = ADVANCED_FACE('', (#7792), #12, .T.);
#7794 = DIRECTION('', (-0.200410, -0.334365, -0.920889));
#7795 = POLY_LOOP('', (#1650, #1652, #1780));
#7796 = FACE_OUTER_BOUND('', #7795, .T.);
#7797 = ADVANCED_FACE('', (#7796), #12, .T.);
#7798 = DIRECTION('', (-0.195642, -0.336953, -0.920971));
#7799 = POLY_LOOP('', (#1652, #1782, #1780));
#7800 = FACE_OUTER_BOUND('', #7799, .T.);
#7801 = ADVANCED_FACE('', (#7800), #12, .T.);
#7802 = DIRECTION('', (-0.163173, -0.345000, -0.924310));
#7803 = POLY_LOOP('', (#1652, #1654, #1782));
#7804 = FACE_OUTER_BOUND('', #7803, .T.);
#7805 = ADVANCED_FACE('', (#7804), #12, .T.);
#7806 = DIRECTION('', (-0.097904, -0.371555, -0.923234));
#7807 = POLY_LOOP('', (#1654, #1784, #1782));
#7808 = FACE_OUTER_BOUND('', #7807, .T.);
#7809 = ADVANCED_FACE('', (#7808), #12, .T.);
#7810 = DIRECTION('', (-0.131328, -0.367038, -0.920889));
#7811 = POLY_LOOP('', (#1654, #1656, #1784));
#7812 = FACE_OUTER_BOUND('', #7811, .T.);
#7813 = ADVANCED_FACE('', (#7812), #12, .T.);
#7814 = DIRECTION('', (-0.019258, -0.399172, -0.916674));
#7815 = POLY_LOOP('', (#1656, #1786, #1784));
#7816 = FACE_OUTER_BOUND('', #7815, .T.);
#7817 = ADVANCED_FACE('', (#7816), #12, .T.);
#7818 = DIRECTION('', (-0.099344, -0.396604, -0.912599));
#7819 = POLY_LOOP('', (#1656, #1658, #1786));
#7820 = FACE_OUTER_BOUND('', #7819, .T.);
#7821 = ADVANCED_FACE('', (#7820), #12, .T.);
#7822 = DIRECTION('', (0.015178, -0.417530, -0.908536));
#7823 = POLY_LOOP('', (#1658, #1788, #1786));
#7824 = FACE_OUTER_BOUND('', #7823, .T.);
#7825 = ADVANCED_FACE('', (#7824), #12, .T.);
#7826 = DIRECTION('', (-0.062640, -0.422283, -0.904297));
#7827 = POLY_LOOP('', (#1658, #1660, #1788));
#7828 = FACE_OUTER_BOUND('', #7827, .T.);
#7829 = ADVANCED_FACE('', (#7828), #12, .T.);
#7830 = DIRECTION('', (0.009921, -0.428946, -0.903276));
#7831 = POLY_LOOP('', (#1660, #1790, #1788));
#7832 = FACE_OUTER_BOUND('', #7831, .T.);
#7833 = ADVANCED_FACE('', (#7832), #12, .T.);
#7834 = DIRECTION('', (-0.021300, -0.433580, -0.900863));
#7835 = POLY_LOOP('', (#1660, #1662, #1790));
#7836 = FACE_OUTER_BOUND('', #7835, .T.);
#7837 = ADVANCED_FACE('', (#7836), #12, .T.);
#7838 = DIRECTION('', (-0.009505, -0.433659, -0.901027));
#7839 = POLY_LOOP('', (#1662, #1792, #1790));
#7840 = FACE_OUTER_BOUND('', #7839, .T.);
#7841 = ADVANCED_FACE('', (#7840), #12, .T.);
#7842 = DIRECTION('', (0.020947, -0.426389, -0.904297));
#7843 = POLY_LOOP('', (#1662, #1664, #1792));
#7844 = FACE_OUTER_BOUND('', #7843, .T.);
#7845 = ADVANCED_FACE('', (#7844), #12, .T.);
#7846 = DIRECTION('', (-0.012356, -0.429130, -0.903158));
#7847 = POLY_LOOP('', (#1664, #1794, #1792));
#7848 = FACE_OUTER_BOUND('', #7847, .T.);
#7849 = ADVANCED_FACE('', (#7848), #12, .T.);
#7850 = DIRECTION('', (0.059992, -0.404432, -0.912599));
#7851 = POLY_LOOP('', (#1664, #1666, #1794));
#7852 = FACE_OUTER_BOUND('', #7851, .T.);
#7853 = ADVANCED_FACE('', (#7852), #12, .T.);
#7854 = DIRECTION('', (0.023410, -0.411109, -0.911286));
#7855 = POLY_LOOP('', (#1666, #1796, #1794));
#7856 = FACE_OUTER_BOUND('', #7855, .T.);
#7857 = ADVANCED_FACE('', (#7856), #12, .T.);
#7858 = DIRECTION('', (0.094720, -0.378143, -0.920889));
#7859 = POLY_LOOP('', (#1666, #1668, #1796));
#7860 = FACE_OUTER_BOUND('', #7859, .T.);
#7861 = ADVANCED_FACE('', (#7860), #12, .T.);
#7862 = DIRECTION('', (0.099922, -0.376601, -0.920971));
#7863 = POLY_LOOP('', (#1668, #1798, #1796));
#7864 = FACE_OUTER_BOUND('', #7863, .T.);
#7865 = ADVANCED_FACE('', (#7864), #12, .T.);
#7866 = DIRECTION('', (0.128571, -0.359333, -0.924310));
#7867 = POLY_LOOP('', (#1668, #1670, #1798));
#7868 = FACE_OUTER_BOUND('', #7867, .T.);
#7869 = ADVANCED_FACE('', (#7868), #12, .T.);
#7870 = DIRECTION('', (0.193500, -0.331958, -0.923234));
#7871 = POLY_LOOP('', (#1670, #1800, #1798));
#7872 = FACE_OUTER_BOUND('', #7871, .T.);
#7873 = ADVANCED_FACE('', (#7872), #12, .T.);
#7874 = DIRECTION('', (0.166672, -0.352398, -0.920889));
#7875 = POLY_LOOP('', (#1670, #1672, #1800));
#7876 = FACE_OUTER_BOUND('', #7875, .T.);
#7877 = ADVANCED_FACE('', (#7876), #12, .T.);
#7878 = DIRECTION('', (0.268640, -0.295875, -0.916674));
#7879 = POLY_LOOP('', (#1672, #1802, #1800));
#7880 = FACE_OUTER_BOUND('', #7879, .T.);
#7881 = ADVANCED_FACE('', (#7880), #12, .T.);
#7882 = DIRECTION('', (0.210194, -0.350688, -0.912599));
#7883 = POLY_LOOP('', (#1672, #1674, #1802));
#7884 = FACE_OUTER_BOUND('', #7883, .T.);
#7885 = ADVANCED_FACE('', (#7884), #12, .T.);
#7886 = DIRECTION('', (0.305971, -0.284506, -0.908536));
#7887 = POLY_LOOP('', (#1674, #1804, #1802));
#7888 = FACE_OUTER_BOUND('', #7887, .T.);
#7889 = ADVANCED_FACE('', (#7888), #12, .T.);
#7890 = DIRECTION('', (0.254306, -0.342892, -0.904297));
#7891 = POLY_LOOP('', (#1674, #1676, #1804));
#7892 = FACE_OUTER_BOUND('', #7891, .T.);
#7893 = ADVANCED_FACE('', (#7892), #12, .T.);
#7894 = DIRECTION('', (0.310325, -0.296296, -0.903276));
#7895 = POLY_LOOP('', (#1676, #1806, #1804));
#7896 = FACE_OUTER_BOUND('', #7895, .T.);
#7897 = ADVANCED_FACE('', (#7896), #12, .T.);
#7898 = DIRECTION('', (0.291526, -0.321649, -0.900863));
#7899 = POLY_LOOP('', (#1676, #1678, #1806));
#7900 = FACE_OUTER_BOUND('', #7899, .T.);
#7901 = ADVANCED_FACE('', (#7900), #12, .T.);
#7902 = DIRECTION('', (0.299922, -0.313364, -0.901027));
#7903 = POLY_LOOP('', (#1678, #1808, #1806));
#7904 = FACE_OUTER_BOUND('', #7903, .T.);
#7905 = ADVANCED_FACE('', (#7904), #12, .T.);
#7906 = DIRECTION('', (0.316315, -0.286691, -0.904297));
#7907 = POLY_LOOP('', (#1678, #1680, #1808));
#7908 = FACE_OUTER_BOUND('', #7907, .T.);
#7909 = ADVANCED_FACE('', (#7908), #12, .T.);
#7910 = DIRECTION('', (0.294704, -0.312177, -0.903158));
#7911 = POLY_LOOP('', (#1680, #1810, #1808));
#7912 = FACE_OUTER_BOUND('', #7911, .T.);
#7913 = ADVANCED_FACE('', (#7912), #12, .T.);
#7914 = DIRECTION('', (0.328397, -0.243556, -0.912599));
#7915 = POLY_LOOP('', (#1680, #1682, #1810));
#7916 = FACE_OUTER_BOUND('', #7915, .T.);
#7917 = ADVANCED_FACE('', (#7916), #12, .T.);
#7918 = DIRECTION('', (0.307251, -0.274145, -0.911286));
#7919 = POLY_LOOP('', (#1682, #1812, #1810));
#7920 = FACE_OUTER_BOUND('', #7919, .T.);
#7921 = ADVANCED_FACE('', (#7920), #12, .T.);
#7922 = DIRECTION('', (0.334365, -0.200410, -0.920889));
#7923 = POLY_LOOP('', (#1682, #1684, #1812));
#7924 = FACE_OUTER_BOUND('', #7923, .T.);
#7925 = ADVANCED_FACE('', (#7924), #12, .T.);
#7926 = DIRECTION('', (0.336953, -0.195642, -0.920971));
#7927 = POLY_LOOP('', (#1684, #1814, #1812));
#7928 = FACE_OUTER_BOUND('', #7927, .T.);
#7929 = ADVANCED_FACE('', (#7928), #12, .T.);
#7930 = DIRECTION('', (0.345000, -0.163173, -0.924310));
#7931 = POLY_LOOP('', (#1684, #1686, #1814));
#7932 = FACE_OUTER_BOUND('', #7931, .T.);
#7933 = ADVANCED_FACE('', (#7932), #12, .T.);
#7934 = DIRECTION('', (0.371555, -0.097904, -0.923234));
#7935 = POLY_LOOP('', (#1686, #1816, #1814));
#7936 = FACE_OUTER_BOUND('', #7935, .T.);
#7937 = ADVANCED_FACE('', (#7936), #12, .T.);
#7938 = DIRECTION('', (0.367038, -0.131328, -0.920889));
#7939 = POLY_LOOP('', (#1686, #1688, #1816));
#7940 = FACE_OUTER_BOUND('', #7939, .T.);
#7941 = ADVANCED_FACE('', (#7940), #12, .T.);
#7942 = DIRECTION('', (0.399172, -0.019258, -0.916674));
#7943 = POLY_LOOP('', (#1688, #1818, #1816));
#7944 = FACE_OUTER_BOUND('', #7943, .T.);
#7945 = ADVANCED_FACE('', (#7944), #12, .T.);
#7946 = DIRECTION('', (0.396604, -0.099344, -0.912599));
#7947 = POLY_LOOP('', (#1688, #1690, #1818));
#7948 = FACE_OUTER_BOUND('', #7947, .T.);
#7949 = ADVANCED_FACE('', (#7948), #12, .T.);
#7950 = DIRECTION('', (0.417530, 0.015178, -0.908536));
#7951 = POLY_LOOP('', (#1690, #1820, #1818));
#7952 = FACE_OUTER_BOUND('', #7951, .T.);
#7953 = ADVANCED_FACE('', (#7952), #12, .T.);
#7954 = DIRECTION('', (0.422283, -0.062640, -0.904297));
#7955 = POLY_LOOP('', (#1690, #1692, #1820));
#7956 = FACE_OUTER_BOUND('', #7955, .T.);
#7957 = ADVANCED_FACE('', (#7956), #12, .T.);
#7958 = DIRECTION('', (0.428946, 0.009921, -0.903276));
#7959 = POLY_LOOP('', (#1692, #1694, #1820));
#7960 = FACE_OUTER_BOUND('', #7959, .T.);
#7961 = ADVANCED_FACE('', (#7960), #12, .T.);
#7962 = DIRECTION('', (0.433580, -0.021300, -0.900863));
#7963 = POLY_LOOP('', (#1692, #1566, #1694));
#7964 = FACE_OUTER_BOUND('', #7963, .T.);
#7965 = ADVANCED_FACE('', (#7964), #12, .T.);
#7966 = DIRECTION('', (-0.707844, -0.017503, 0.706152));
#7967 = POLY_LOOP('', (#798, #800, #1696));
#7968 = FACE_OUTER_BOUND('', #7967, .T.);
#7969 = ADVANCED_FACE('', (#7968), #12, .T.);
#7970 = DIRECTION('', (-0.707001, -0.017329, 0.707001));
#7971 = POLY_LOOP('', (#798, #1696, #1694));
#7972 = FACE_OUTER_BOUND('', #7971, .T.);
#7973 = ADVANCED_FACE('', (#7972), #12, .T.);
#7974 = DIRECTION('', (-0.706390, -0.062673, 0.705043));
#7975 = POLY_LOOP('', (#800, #802, #1698));
#7976 = FACE_OUTER_BOUND('', #7975, .T.);
#7977 = ADVANCED_FACE('', (#7976), #12, .T.);
#7978 = DIRECTION('', (-0.704414, -0.061873, 0.707087));
#7979 = POLY_LOOP('', (#800, #1698, #1696));
#7980 = FACE_OUTER_BOUND('', #7979, .T.);
#7981 = ADVANCED_FACE('', (#7980), #12, .T.);
#7982 = DIRECTION('', (-0.696888, -0.131433, 0.705033));
#7983 = POLY_LOOP('', (#802, #804, #1700));
#7984 = FACE_OUTER_BOUND('', #7983, .T.);
#7985 = ADVANCED_FACE('', (#7984), #12, .T.);
#7986 = DIRECTION('', (-0.694993, -0.130437, 0.707086));
#7987 = POLY_LOOP('', (#802, #1700, #1698));
#7988 = FACE_OUTER_BOUND('', #7987, .T.);
#7989 = ADVANCED_FACE('', (#7988), #12, .T.);
#7990 = DIRECTION('', (-0.672347, -0.222055, 0.706145));
#7991 = POLY_LOOP('', (#804, #806, #1702));
#7992 = FACE_OUTER_BOUND('', #7991, .T.);
#7993 = ADVANCED_FACE('', (#7992), #12, .T.);
#7994 = DIRECTION('', (-0.671583, -0.221637, 0.707003));
#7995 = POLY_LOOP('', (#804, #1702, #1700));
#7996 = FACE_OUTER_BOUND('', #7995, .T.);
#7997 = ADVANCED_FACE('', (#7996), #12, .T.);
#7998 = DIRECTION('', (-0.631640, -0.318086, 0.707002));
#7999 = POLY_LOOP('', (#806, #808, #1704));
#8000 = FACE_OUTER_BOUND('', #7999, .T.);
#8001 = ADVANCED_FACE('', (#8000), #12, .T.);
#8002 = DIRECTION('', (-0.632404, -0.318480, 0.706142));
#8003 = POLY_LOOP('', (#806, #1704, #1702));
#8004 = FACE_OUTER_BOUND('', #8003, .T.);
#8005 = ADVANCED_FACE('', (#8004), #12, .T.);
#8006 = DIRECTION('', (-0.583779, -0.399036, 0.707087));
#8007 = POLY_LOOP('', (#808, #810, #1706));
#8008 = FACE_OUTER_BOUND('', #8007, .T.);
#8009 = ADVANCED_FACE('', (#8008), #12, .T.);
#8010 = DIRECTION('', (-0.585609, -0.400006, 0.705023));
#8011 = POLY_LOOP('', (#808, #1706, #1704));
#8012 = FACE_OUTER_BOUND('', #8011, .T.);
#8013 = ADVANCED_FACE('', (#8012), #12, .T.);
#8014 = DIRECTION('', (-0.541974, -0.454193, 0.707088));
#8015 = POLY_LOOP('', (#810, #812, #1708));
#8016 = FACE_OUTER_BOUND('', #8015, .T.);
#8017 = ADVANCED_FACE('', (#8016), #12, .T.);
#8018 = DIRECTION('', (-0.543692, -0.455333, 0.705033));
#8019 = POLY_LOOP('', (#810, #1708, #1706));
#8020 = FACE_OUTER_BOUND('', #8019, .T.);
#8021 = ADVANCED_FACE('', (#8020), #12, .T.);
#8022 = DIRECTION('', (-0.512235, -0.487613, 0.707000));
#8023 = POLY_LOOP('', (#812, #814, #1710));
#8024 = FACE_OUTER_BOUND('', #8023, .T.);
#8025 = ADVANCED_FACE('', (#8024), #12, .T.);
#8026 = DIRECTION('', (-0.512845, -0.488205, 0.706149));
#8027 = POLY_LOOP('', (#812, #1710, #1708));
#8028 = FACE_OUTER_BOUND('', #8027, .T.);
#8029 = ADVANCED_FACE('', (#8028), #12, .T.);
#8030 = DIRECTION('', (-0.488145, -0.512898, 0.706152));
#8031 = POLY_LOOP('', (#814, #816, #1712));
#8032 = FACE_OUTER_BOUND('', #8031, .T.);
#8033 = ADVANCED_FACE('', (#8032), #12, .T.);
#8034 = DIRECTION('', (-0.487672, -0.512178, 0.707001));
#8035 = POLY_LOOP('', (#814, #1712, #1710));
#8036 = FACE_OUTER_BOUND('', #8035, .T.);
#8037 = ADVANCED_FACE('', (#8036), #12, .T.);
#8038 = DIRECTION('', (-0.455177, -0.543809, 0.705043));
#8039 = POLY_LOOP('', (#816, #818, #1714));
#8040 = FACE_OUTER_BOUND('', #8039, .T.);
#8041 = ADVANCED_FACE('', (#8040), #12, .T.);
#8042 = DIRECTION('', (-0.454346, -0.541847, 0.707087));
#8043 = POLY_LOOP('', (#816, #1714, #1712));
#8044 = FACE_OUTER_BOUND('', #8043, .T.);
#8045 = ADVANCED_FACE('', (#8044), #12, .T.);
#8046 = DIRECTION('', (-0.399837, -0.585712, 0.705033));
#8047 = POLY_LOOP('', (#818, #820, #1716));
#8048 = FACE_OUTER_BOUND('', #8047, .T.);
#8049 = ADVANCED_FACE('', (#8048), #12, .T.);
#8050 = DIRECTION('', (-0.399202, -0.583667, 0.707086));
#8051 = POLY_LOOP('', (#818, #1716, #1714));
#8052 = FACE_OUTER_BOUND('', #8051, .T.);
#8053 = ADVANCED_FACE('', (#8052), #12, .T.);
#8054 = DIRECTION('', (-0.318405, -0.632438, 0.706145));
#8055 = POLY_LOOP('', (#820, #822, #1718));
#8056 = FACE_OUTER_BOUND('', #8055, .T.);
#8057 = ADVANCED_FACE('', (#8056), #12, .T.);
#8058 = DIRECTION('', (-0.318160, -0.631602, 0.707003));
#8059 = POLY_LOOP('', (#820, #1718, #1716));
#8060 = FACE_OUTER_BOUND('', #8059, .T.);
#8061 = ADVANCED_FACE('', (#8060), #12, .T.);
#8062 = DIRECTION('', (-0.221716, -0.671558, 0.707002));
#8063 = POLY_LOOP('', (#822, #824, #1720));
#8064 = FACE_OUTER_BOUND('', #8063, .T.);
#8065 = ADVANCED_FACE('', (#8064), #12, .T.);
#8066 = DIRECTION('', (-0.221978, -0.672376, 0.706142));
#8067 = POLY_LOOP('', (#822, #1720, #1718));
#8068 = FACE_OUTER_BOUND('', #8067, .T.);
#8069 = ADVANCED_FACE('', (#8068), #12, .T.);
#8070 = DIRECTION('', (-0.130634, -0.694955, 0.707087));
#8071 = POLY_LOOP('', (#824, #826, #1722));
#8072 = FACE_OUTER_BOUND('', #8071, .T.);
#8073 = ADVANCED_FACE('', (#8072), #12, .T.);
#8074 = DIRECTION('', (-0.131242, -0.696935, 0.705023));
#8075 = POLY_LOOP('', (#824, #1722, #1720));
#8076 = FACE_OUTER_BOUND('', #8075, .T.);
#8077 = ADVANCED_FACE('', (#8076), #12, .T.);
#8078 = DIRECTION('', (-0.062070, -0.704396, 0.707088));
#8079 = POLY_LOOP('', (#826, #828, #1724));
#8080 = FACE_OUTER_BOUND('', #8079, .T.);
#8081 = ADVANCED_FACE('', (#8080), #12, .T.);
#8082 = DIRECTION('', (-0.062479, -0.706417, 0.705033));
#8083 = POLY_LOOP('', (#826, #1724, #1722));
#8084 = FACE_OUTER_BOUND('', #8083, .T.);
#8085 = ADVANCED_FACE('', (#8084), #12, .T.);
#8086 = DIRECTION('', (-0.017410, -0.707000, 0.707000));
#8087 = POLY_LOOP('', (#828, #830, #1726));
#8088 = FACE_OUTER_BOUND('', #8087, .T.);
#8089 = ADVANCED_FACE('', (#8088), #12, .T.);
#8090 = DIRECTION('', (-0.017423, -0.707849, 0.706149));
#8091 = POLY_LOOP('', (#828, #1726, #1724));
#8092 = FACE_OUTER_BOUND('', #8091, .T.);
#8093 = ADVANCED_FACE('', (#8092), #12, .T.);
#8094 = DIRECTION('', (0.017503, -0.707844, 0.706152));
#8095 = POLY_LOOP('', (#830, #832, #1728));
#8096 = FACE_OUTER_BOUND('', #8095, .T.);
#8097 = ADVANCED_FACE('', (#8096), #12, .T.);
#8098 = DIRECTION('', (0.017329, -0.707001, 0.707001));
#8099 = POLY_LOOP('', (#830, #1728, #1726));
#8100 = FACE_OUTER_BOUND('', #8099, .T.);
#8101 = ADVANCED_FACE('', (#8100), #12, .T.);
#8102 = DIRECTION('', (0.062673, -0.706390, 0.705043));
#8103 = POLY_LOOP('', (#832, #834, #1730));
#8104 = FACE_OUTER_BOUND('', #8103, .T.);
#8105 = ADVANCED_FACE('', (#8104), #12, .T.);
#8106 = DIRECTION('', (0.061873, -0.704414, 0.707087));
#8107 = POLY_LOOP('', (#832, #1730, #1728));
#8108 = FACE_OUTER_BOUND('', #8107, .T.);
#8109 = ADVANCED_FACE('', (#8108), #12, .T.);
#8110 = DIRECTION('', (0.131433, -0.696888, 0.705033));
#8111 = POLY_LOOP('', (#834, #836, #1732));
#8112 = FACE_OUTER_BOUND('', #8111, .T.);
#8113 = ADVANCED_FACE('', (#8112), #12, .T.);
#8114 = DIRECTION('', (0.130437, -0.694993, 0.707086));
#8115 = POLY_LOOP('', (#834, #1732, #1730));
#8116 = FACE_OUTER_BOUND('', #8115, .T.);
#8117 = ADVANCED_FACE('', (#8116), #12, .T.);
#8118 = DIRECTION('', (0.222055, -0.672347, 0.706145));
#8119 = POLY_LOOP('', (#836, #838, #1734));
#8120 = FACE_OUTER_BOUND('', #8119, .T.);
#8121 = ADVANCED_FACE('', (#8120), #12, .T.);
#8122 = DIRECTION('', (0.221637, -0.671583, 0.707003));
#8123 = POLY_LOOP('', (#836, #1734, #1732));
#8124 = FACE_OUTER_BOUND('', #8123, .T.);
#8125 = ADVANCED_FACE('', (#8124), #12, .T.);
#8126 = DIRECTION('', (0.318086, -0.631640, 0.707002));
#8127 = POLY_LOOP('', (#838, #840, #1736));
#8128 = FACE_OUTER_BOUND('', #8127, .T.);
#8129 = ADVANCED_FACE('', (#8128), #12, .T.);
#8130 = DIRECTION('', (0.318480, -0.632404, 0.706142));
#8131 = POLY_LOOP('', (#838, #1736, #1734));
#8132 = FACE_OUTER_BOUND('', #8131, .T.);
#8133 = ADVANCED_FACE('', (#8132), #12, .T.);
#8134 = DIRECTION('', (0.399036, -0.583779, 0.707087));
#8135 = POLY_LOOP('', (#840, #842, #1738));
#8136 = FACE_OUTER_BOUND('', #8135, .T.);
#8137 = ADVANCED_FACE('', (#8136), #12, .T.);
#8138 = DIRECTION('', (0.400006, -0.585609, 0.705023));
#8139 = POLY_LOOP('', (#840, #1738, #1736));
#8140 = FACE_OUTER_BOUND('', #8139, .T.);
#8141 = ADVANCED_FACE('', (#8140), #12, .T.);
#8142 = DIRECTION('', (0.454193, -0.541974, 0.707088));
#8143 = POLY_LOOP('', (#842, #844, #1740));
#8144 = FACE_OUTER_BOUND('', #8143, .T.);
#8145 = ADVANCED_FACE('', (#8144), #12, .T.);
#8146 = DIRECTION('', (0.455333, -0.543692, 0.705033));
#8147 = POLY_LOOP('', (#842, #1740, #1738));
#8148 = FACE_OUTER_BOUND('', #8147, .T.);
#8149 = ADVANCED_FACE('', (#8148), #12, .T.);
#8150 = DIRECTION('', (0.487613, -0.512235, 0.707000));
#8151 = POLY_LOOP('', (#844, #846, #1742));
#8152 = FACE_OUTER_BOUND('', #8151, .T.);
#8153 = ADVANCED_FACE('', (#8152), #12, .T.);
#8154 = DIRECTION('', (0.488205, -0.512845, 0.706149));
#8155 = POLY_LOOP('', (#844, #1742, #1740));
#8156 = FACE_OUTER_BOUND('', #8155, .T.);
#8157 = ADVANCED_FACE('', (#8156), #12, .T.);
#8158 = DIRECTION('', (0.512898, -0.488145, 0.706152));
#8159 = POLY_LOOP('', (#846, #848, #1744));
#8160 = FACE_OUTER_BOUND('', #8159, .T.);
#8161 = ADVANCED_FACE('', (#8160), #12, .T.);
#8162 = DIRECTION('', (0.512178, -0.487672, 0.707001));
#8163 = POLY_LOOP('', (#846, #1744, #1742));
#8164 = FACE_OUTER_BOUND('', #8163, .T.);
#8165 = ADVANCED_FACE('', (#8164), #12, .T.);
#8166 = DIRECTION('', (0.543809, -0.455177, 0.705043));
#8167 = POLY_LOOP('', (#848, #850, #1746));
#8168 = FACE_OUTER_BOUND('', #8167, .T.);
#8169 = ADVANCED_FACE('', (#8168), #12, .T.);
#8170 = DIRECTION('', (0.541847, -0.454346, 0.707087));
#8171 = POLY_LOOP('', (#848, #1746, #1744));
#8172 = FACE_OUTER_BOUND('', #8171, .T.);
#8173 = ADVANCED_FACE('', (#8172), #12, .T.);
#8174 = DIRECTION('', (0.585712, -0.399837, 0.705033));
#8175 = POLY_LOOP('', (#850, #852, #1748));
#8176 = FACE_OUTER_BOUND('', #8175, .T.);
#8177 = ADVANCED_FACE('', (#8176), #12, .T.);
#8178 = DIRECTION('', (0.583667, -0.399202, 0.707086));
#8179 = POLY_LOOP('', (#850, #1748, #1746));
#8180 = FACE_OUTER_BOUND('', #8179, .T.);
#8181 = ADVANCED_FACE('', (#8180), #12, .T.);
#8182 = DIRECTION('', (0.632438, -0.318405, 0.706145));
#8183 = POLY_LOOP('', (#852, #854, #1750));
#8184 = FACE_OUTER_BOUND('', #8183, .T.);
#8185 = ADVANCED_FACE('', (#8184), #12, .T.);
#8186 = DIRECTION('', (0.631602, -0.318160, 0.707003));
#8187 = POLY_LOOP('', (#852, #1750, #1748));
#8188 = FACE_OUTER_BOUND('', #8187, .T.);
#8189 = ADVANCED_FACE('', (#8188), #12, .T.);
#8190 = DIRECTION('', (0.671558, -0.221716, 0.707002));
#8191 = POLY_LOOP('', (#854, #856, #1752));
#8192 = FACE_OUTER_BOUND('', #8191, .T.);
#8193 = ADVANCED_FACE('', (#8192), #12, .T.);
#8194 = DIRECTION('', (0.672376, -0.221978, 0.706142));
#8195 = POLY_LOOP('', (#854, #1752, #1750));
#8196 = FACE_OUTER_BOUND('', #8195, .T.);
#8197 = ADVANCED_FACE('', (#8196), #12, .T.);
#8198 = DIRECTION('', (0.694955, -0.130634, 0.707087));
#8199 = POLY_LOOP('', (#856, #858, #1754));
#8200 = FACE_OUTER_BOUND('', #8199, .T.);
#8201 = ADVANCED_FACE('', (#8200), #12, .T.);
#8202 = DIRECTION('', (0.696935, -0.131242, 0.705023));
#8203 = POLY_LOOP('', (#856, #1754, #1752));
#8204 = FACE_OUTER_BOUND('', #8203, .T.);
#8205 = ADVANCED_FACE('', (#8204), #12, .T.);
#8206 = DIRECTION('', (0.704396, -0.062070, 0.707088));
#8207 = POLY_LOOP('', (#858, #860, #1756));
#8208 = FACE_OUTER_BOUND('', #8207, .T.);
#8209 = ADVANCED_FACE('', (#8208), #12, .T.);
#8210 = DIRECTION('', (0.706417, -0.062479, 0.705033));
#8211 = POLY_LOOP('', (#858, #1756, #1754));
#8212 = FACE_OUTER_BOUND('', #8211, .T.);
#8213 = ADVANCED_FACE('', (#8212), #12, .T.);
#8214 = DIRECTION('', (0.707000, -0.017410, 0.707000));
#8215 = POLY_LOOP('', (#860, #862, #1758));
#8216 = FACE_OUTER_BOUND('', #8215, .T.);
#8217 = ADVANCED_FACE('', (#8216), #12, .T.);
#8218 = DIRECTION('', (0.707849, -0.017423, 0.706149));
#8219 = POLY_LOOP('', (#860, #1758, #1756));
#8220 = FACE_OUTER_BOUND('', #8219, .T.);
#8221 = ADVANCED_FACE('', (#8220), #12, .T.);
#8222 = DIRECTION('', (0.707844, 0.017503, 0.706152));
#8223 = POLY_LOOP('', (#862, #864, #1760));
#8224 = FACE_OUTER_BOUND('', #8223, .T.);
#8225 = ADVANCED_FACE('', (#8224), #12, .T.);
#8226 = DIRECTION('', (0.707001, 0.017329, 0.707001));
#8227 = POLY_LOOP('', (#862, #1760, #1758));
#8228 = FACE_OUTER_BOUND('', #8227, .T.);
#8229 = ADVANCED_FACE('', (#8228), #12, .T.);
#8230 = DIRECTION('', (0.706390, 0.062673, 0.705043));
#8231 = POLY_LOOP('', (#864, #866, #1762));
#8232 = FACE_OUTER_BOUND('', #8231, .T.);
#8233 = ADVANCED_FACE('', (#8232), #12, .T.);
#8234 = DIRECTION('', (0.704414, 0.061873, 0.707087));
#8235 = POLY_LOOP('', (#864, #1762, #1760));
#8236 = FACE_OUTER_BOUND('', #8235, .T.);
#8237 = ADVANCED_FACE('', (#8236), #12, .T.);
#8238 = DIRECTION('', (0.696888, 0.131433, 0.705033));
#8239 = POLY_LOOP('', (#866, #868, #1764));
#8240 = FACE_OUTER_BOUND('', #8239, .T.);
#8241 = ADVANCED_FACE('', (#8240), #12, .T.);
#8242 = DIRECTION('', (0.694993, 0.130437, 0.707086));
#8243 = POLY_LOOP('', (#866, #1764, #1762));
#8244 = FACE_OUTER_BOUND('', #8243, .T.);
#8245 = ADVANCED_FACE('', (#8244), #12, .T.);
#8246 = DIRECTION('', (0.672347, 0.222055, 0.706145));
#8247 = POLY_LOOP('', (#868, #870, #1766));
#8248 = FACE_OUTER_BOUND('', #8247, .T.);
#8249 = ADVANCED_FACE('', (#8248), #12, .T.);
#8250 = DIRECTION('', (0.671583, 0.221637, 0.707003));
#8251 = POLY_LOOP('', (#868, #1766, #1764));
#8252 = FACE_OUTER_BOUND('', #8251, .T.);
#8253 = ADVANCED_FACE('', (#8252), #12, .T.);
#8254 = DIRECTION('', (0.631640, 0.318086, 0.707002));
#8255 = POLY_LOOP('', (#870, #872, #1768));
#8256 = FACE_OUTER_BOUND('', #8255, .T.);
#8257 = ADVANCED_FACE('', (#8256), #12, .T.);
#8258 = DIRECTION('', (0.632404, 0.318480, 0.706142));
#8259 = POLY_LOOP('', (#870, #1768, #1766));
#8260 = FACE_OUTER_BOUND('', #8259, .T.);
#8261 = ADVANCED_FACE('', (#8260), #12, .T.);
#8262 = DIRECTION('', (0.583779, 0.399036, 0.707087));
#8263 = POLY_LOOP('', (#872, #874, #1770));
#8264 = FACE_OUTER_BOUND('', #8263, .T.);
#8265 = ADVANCED_FACE('', (#8264), #12, .T.);
#8266 = DIRECTION('', (0.585609, 0.400006, 0.705023));
#8267 = POLY_LOOP('', (#872, #1770, #1768));
#8268 = FACE_OUTER_BOUND('', #8267, .T.);
#8269 = ADVANCED_FACE('', (#8268), #12, .T.);
#8270 = DIRECTION('', (0.541974, 0.454193, 0.707088));
#8271 = POLY_LOOP('', (#874, #876, #1772));
#8272 = FACE_OUTER_BOUND('', #8271, .T.);
#8273 = ADVANCED_FACE('', (#8272), #12, .T.);
#8274 = DIRECTION('', (0.543692, 0.455333, 0.705033));
#8275 = POLY_LOOP('', (#874, #1772, #1770));
#8276 = FACE_OUTER_BOUND('', #8275, .T.);
#8277 = ADVANCED_FACE('', (#8276), #12, .T.);
#8278 = DIRECTION('', (0.512235, 0.487613, 0.707000));
#8279 = POLY_LOOP('', (#876, #878, #1774));
#8280 = FACE_OUTER_BOUND('', #8279, .T.);
#8281 = ADVANCED_FACE('', (#8280), #12, .T.);
#8282 = DIRECTION('', (0.512845, 0.488205, 0.706149));
#8283 = POLY_LOOP('', (#876, #1774, #1772));
#8284 = FACE_OUTER_BOUND('', #8283, .T.);
#8285 = ADVANCED_FACE('', (#8284), #12, .T.);
#8286 = DIRECTION('', (0.488145, 0.512898, 0.706152));
#8287 = POLY_LOOP('', (#878, #880, #1776));
#8288 = FACE_OUTER_BOUND('', #8287, .T.);
#8289 = ADVANCED_FACE('', (#8288), #12, .T.);
#8290 = DIRECTION('', (0.487672, 0.512178, 0.707001));
#8291 = POLY_LOOP('', (#878, #1776, #1774));
#8292 = FACE_OUTER_BOUND('', #8291, .T.);
#8293 = ADVANCED_FACE('', (#8292), #12, .T.);
#8294 = DIRECTION('', (0.455177, 0.543809, 0.705043));
#8295 = POLY_LOOP('', (#880, #882, #1778));
#8296 = FACE_OUTER_BOUND('', #8295, .T.);
#8297 = ADVANCED_FACE('', (#8296), #12, .T.);
#8298 = DIRECTION('', (0.454346, 0.541847, 0.707087));
#8299 = POLY_LOOP('', (#880, #1778, #1776));
#8300 = FACE_OUTER_BOUND('', #8299, .T.);
#8301 = ADVANCED_FACE('', (#8300), #12, .T.);
#8302 = DIRECTION('', (0.399837, 0.585712, 0.705033));
#8303 = POLY_LOOP('', (#882, #884, #1780));
#8304 = FACE_OUTER_BOUND('', #8303, .T.);
#8305 = ADVANCED_FACE('', (#8304), #12, .T.);
#8306 = DIRECTION('', (0.399202, 0.583667, 0.707086));
#8307 = POLY_LOOP('', (#882, #1780, #1778));
#8308 = FACE_OUTER_BOUND('', #8307, .T.);
#8309 = ADVANCED_FACE('', (#8308), #12, .T.);
#8310 = DIRECTION('', (0.318405, 0.632438, 0.706145));
#8311 = POLY_LOOP('', (#884, #886, #1782));
#8312 = FACE_OUTER_BOUND('', #8311, .T.);
#8313 = ADVANCED_FACE('', (#8312), #12, .T.);
#8314 = DIRECTION('', (0.318160, 0.631602, 0.707003));
#8315 = POLY_LOOP('', (#884, #1782, #1780));
#8316 = FACE_OUTER_BOUND('', #8315, .T.);
#8317 = ADVANCED_FACE('', (#8316), #12, .T.);
#8318 = DIRECTION('', (0.221716, 0.671558, 0.707002));
#8319 = POLY_LOOP('', (#886, #888, #1784));
#8320 = FACE_OUTER_BOUND('', #8319, .T.);
#8321 = ADVANCED_FACE('', (#8320), #12, .T.);
#8322 = DIRECTION('', (0.221978, 0.672376, 0.706142));
#8323 = POLY_LOOP('', (#886, #1784, #1782));
#8324 = FACE_OUTER_BOUND('', #8323, .T.);
#8325 = ADVANCED_FACE('', (#8324), #12, .T.);
#8326 = DIRECTION('', (0.130634, 0.694955, 0.707087));
#8327 = POLY_LOOP('', (#888, #890, #1786));
#8328 = FACE_OUTER_BOUND('', #8327, .T.);
#8329 = ADVANCED_FACE('', (#8328), #12, .T.);
#8330 = DIRECTION('', (0.131242, 0.696935, 0.705023));
#8331 = POLY_LOOP('', (#888, #1786, #1784));
#8332 = FACE_OUTER_BOUND('', #8331, .T.);
#8333 = ADVANCED_FACE('', (#8332), #12, .T.);
#8334 = DIRECTION('', (0.062070, 0.704396, 0.707088));
#8335 = POLY_LOOP('', (#890, #892, #1788));
#8336 = FACE_OUTER_BOUND('', #8335, .T.);
#8337 = ADVANCED_FACE('', (#8336), #12, .T.);
#8338 = DIRECTION('', (0.062479, 0.706417, 0.705033));
#8339 = POLY_LOOP('', (#890, #1788, #1786));
#8340 = FACE_OUTER_BOUND('', #8339, .T.);
#8341 = ADVANCED_FACE('', (#8340), #12, .T.);
#8342 = DIRECTION('', (0.017410, 0.707000, 0.707000));
#8343 = POLY_LOOP('', (#892, #894, #1790));
#8344 = FACE_OUTER_BOUND('', #8343, .T.);
#8345 = ADVANCED_FACE('', (#8344), #12, .T.);
#8346 = DIRECTION('', (0.017423, 0.707849, 0.706149));
#8347 = POLY_LOOP('', (#892, #1790, #1788));
#8348 = FACE_OUTER_BOUND('', #8347, .T.);
#8349 = ADVANCED_FACE('', (#8348), #12, .T.);
#8350 = DIRECTION('', (-0.017503, 0.707844, 0.706152));
#8351 = POLY_LOOP('', (#894, #896, #1792));
#8352 = FACE_OUTER_BOUND('', #8351, .T.);
#8353 = ADVANCED_FACE('', (#8352), #12, .T.);
#8354 = DIRECTION('', (-0.017329, 0.707001, 0.707001));
#8355 = POLY_LOOP('', (#894, #1792, #1790));
#8356 = FACE_OUTER_BOUND('', #8355, .T.);
#8357 = ADVANCED_FACE('', (#8356), #12, .T.);
#8358 = DIRECTION('', (-0.062673, 0.706390, 0.705043));
#8359 = POLY_LOOP('', (#896, #898, #1794));
#8360 = FACE_OUTER_BOUND('', #8359, .T.);
#8361 = ADVANCED_FACE('', (#8360), #12, .T.);
#8362 = DIRECTION('', (-0.061873, 0.704414, 0.707087));
#8363 = POLY_LOOP('', (#896, #1794, #1792));
#8364 = FACE_OUTER_BOUND('', #8363, .T.);
#8365 = ADVANCED_FACE('', (#8364), #12, .T.);
#8366 = DIRECTION('', (-0.131433, 0.696888, 0.705033));
#8367 = POLY_LOOP('', (#898, #900, #1796));
#8368 = FACE_OUTER_BOUND('', #8367, .T.);
#8369 = ADVANCED_FACE('', (#8368), #12, .T.);
#8370 = DIRECTION('', (-0.130437, 0.694993, 0.707086));
#8371 = POLY_LOOP('', (#898, #1796, #1794));
#8372 = FACE_OUTER_BOUND('', #8371, .T.);
#8373 = ADVANCED_FACE('', (#8372), #12, .T.);
#8374 = DIRECTION('', (-0.222055, 0.672347, 0.706145));
#8375 = POLY_LOOP('', (#900, #902, #1798));
#8376 = FACE_OUTER_BOUND('', #8375, .T.);
#8377 = ADVANCED_FACE('', (#8376), #12, .T.);
#8378 = DIRECTION('', (-0.221637, 0.671583, 0.707003));
#8379 = POLY_LOOP('', (#900, #1798, #1796));
#8380 = FACE_OUTER_BOUND('', #8379, .T.);
#8381 = ADVANCED_FACE('', (#8380), #12, .T.);
#8382 = DIRECTION('', (-0.318086, 0.631640, 0.707002));
#8383 = POLY_LOOP('', (#902, #904, #1800));
#8384 = FACE_OUTER_BOUND('', #8383, .T.);
#8385 = ADVANCED_FACE('', (#8384), #12, .T.);
#8386 = DIRECTION('', (-0.318480, 0.632404, 0.706142));
#8387 = POLY_LOOP('', (#902, #1800, #1798));
#8388 = FACE_OUTER_BOUND('', #8387, .T.);
#8389 = ADVANCED_FACE('', (#8388), #12, .T.);
#8390 = DIRECTION('', (-0.399036, 0.583779, 0.707087));
#8391 = POLY_LOOP('', (#904, #906, #1802));
#8392 = FACE_OUTER_BOUND('', #8391, .T.);
#8393 = ADVANCED_FACE('', (#8392), #12, .T.);
#8394 = DIRECTION('', (-0.400006, 0.585609, 0.705023));
#8395 = POLY_LOOP('', (#904, #1802, #1800));
#8396 = FACE_OUTER_BOUND('', #8395, .T.);
#8397 = ADVANCED_FACE('', (#8396), #12, .T.);
#8398 = DIRECTION('', (-0.454193, 0.541974, 0.707088));
#8399 = POLY_LOOP('', (#906, #908, #1804));
#8400 = FACE_OUTER_BOUND('', #8399, .T.);
#8401 = ADVANCED_FACE('', (#8400), #12, .T.);
#8402 = DIRECTION('', (-0.455333, 0.543692, 0.705033));
#8403 = POLY_LOOP('', (#906, #1804, #1802));
#8404 = FACE_OUTER_BOUND('', #8403, .T.);
#8405 = ADVANCED_FACE('', (#8404), #12, .T.);
#8406 = DIRECTION('', (-0.487613, 0.512235, 0.707000));
#8407 = POLY_LOOP('', (#908, #910, #1806));
#8408 = FACE_OUTER_BOUND('', #8407, .T.);
#8409 = ADVANCED_FACE('', (#8408), #12, .T.);
#8410 = DIRECTION('', (-0.488205, 0.512845, 0.706149));
#8411 = POLY_LOOP('', (#908, #1806, #1804));
#8412 = FACE_OUTER_BOUND('', #8411, .T.);
#8413 = ADVANCED_FACE('', (#8412), #12, .T.);
#8414 = DIRECTION('', (-0.512898, 0.488145, 0.706152));
#8415 = POLY_LOOP('', (#910, #912, #1808));
#8416 = FACE_OUTER_BOUND('', #8415, .T.);
#8417 = ADVANCED_FACE('', (#8416), #12, .T.);
#8418 = DIRECTION('', (-0.512178, 0.487672, 0.707001));
#8419 = POLY_LOOP('', (#910, #1808, #1806));
#8420 = FACE_OUTER_BOUND('', #8419, .T.);
#8421 = ADVANCED_FACE('', (#8420), #12, .T.);
#8422 = DIRECTION('', (-0.543809, 0.455177, 0.705043));
#8423 = POLY_LOOP('', (#912, #914, #1810));
#8424 = FACE_OUTER_BOUND('', #8423, .T.);
#8425 = ADVANCED_FACE('', (#8424), #12, .T.);
#8426 = DIRECTION('', (-0.541847, 0.454346, 0.707087));
#8427 = POLY_LOOP('', (#912, #1810, #1808));
#8428 = FACE_OUTER_BOUND('', #8427, .T.);
#8429 = ADVANCED_FACE('', (#8428), #12, .T.);
#8430 = DIRECTION('', (-0.585712, 0.399837, 0.705033));
#8431 = POLY_LOOP('', (#914, #916, #1812));
#8432 = FACE_OUTER_BOUND('', #8431, .T.);
#8433 = ADVANCED_FACE('', (#8432), #12, .T.);
#8434 = DIRECTION('', (-0.583667, 0.399202, 0.707086));
#8435 = POLY_LOOP('', (#914, #1812, #1810));
#8436 = FACE_OUTER_BOUND('', #8435, .T.);
#8437 = ADVANCED_FACE('', (#8436), #12, .T.);
#8438 = DIRECTION('', (-0.632438, 0.318405, 0.706145));
#8439 = POLY_LOOP('', (#916, #918, #1814));
#8440 = FACE_OUTER_BOUND('', #8439, .T.);
#8441 = ADVANCED_FACE('', (#8440), #12, .T.);
#8442 = DIRECTION('', (-0.631602, 0.318160, 0.707003));
#8443 = POLY_LOOP('', (#916, #1814, #1812));
#8444 = FACE_OUTER_BOUND('', #8443, .T.);
#8445 = ADVANCED_FACE('', (#8444), #12, .T.);
#8446 = DIRECTION('', (-0.671558, 0.221716, 0.707002));
#8447 = POLY_LOOP('', (#918, #920, #1816));
#8448 = FACE_OUTER_BOUND('', #8447, .T.);
#8449 = ADVANCED_FACE('', (#8448), #12, .T.);
#8450 = DIRECTION('', (-0.672376, 0.221978, 0.706142));
#8451 = POLY_LOOP('', (#918, #1816, #1814));
#8452 = FACE_OUTER_BOUND('', #8451, .T.);
#8453 = ADVANCED_FACE('', (#8452), #12, .T.);
#8454 = DIRECTION('', (-0.694955, 0.130634, 0.707087));
#8455 = POLY_LOOP('', (#920, #922, #1818));
#8456 = FACE_OUTER_BOUND('', #8455, .T.);
#8457 = ADVANCED_FACE('', (#8456), #12, .T.);
#8458 = DIRECTION('', (-0.696935, 0.131242, 0.705023));
#8459 = POLY_LOOP('', (#920, #1818, #1816));
#8460 = FACE_OUTER_BOUND('', #8459, .T.);
#8461 = ADVANCED_FACE('', (#8460), #12, .T.);
#8462 = DIRECTION('', (-0.704396, 0.062070, 0.707088));
#8463 = POLY_LOOP('', (#922, #924, #1820));
#8464 = FACE_OUTER_BOUND('', #8463, .T.);
#8465 = ADVANCED_FACE('', (#8464), #12, .T.);
#8466 = DIRECTION('', (-0.706417, 0.062479, 0.705033));
#8467 = POLY_LOOP('', (#922, #1820, #1818));
#8468 = FACE_OUTER_BOUND('', #8467, .T.);
#8469 = ADVANCED_FACE('', (#8468), #12, .T.);
#8470 = DIRECTION('', (-0.707000, 0.017410, 0.707000));
#8471 = POLY_LOOP('', (#924, #798, #1694));
#8472 = FACE_OUTER_BOUND('', #8471, .T.);
#8473 = ADVANCED_FACE('', (#8472), #12, .T.);
#8474 = DIRECTION('', (-0.707849, 0.017423, 0.706149));
#8475 = POLY_LOOP('', (#924, #1694, #1820));
#8476 = FACE_OUTER_BOUND('', #8475, .T.);
#8477 = ADVANCED_FACE('', (#8476), #12, .T.);
#8478 = DIRECTION('', (0.706681, 0.034717, -0.706681));
#8479 = POLY_LOOP('', (#30, #926, #928));
#8480 = FACE_OUTER_BOUND('', #8479, .T.);
#8481 = ADVANCED_FACE('', (#8480), #12, .T.);
#8482 = DIRECTION('', (0.706681, 0.034717, -0.706681));
#8483 = POLY_LOOP('', (#30, #928, #32));
#8484 = FACE_OUTER_BOUND('', #8483, .T.);
#8485 = ADVANCED_FACE('', (#8484), #12, .T.);
#8486 = DIRECTION('', (0.699875, 0.103817, -0.706681));
#8487 = POLY_LOOP('', (#32, #928, #930));
#8488 = FACE_OUTER_BOUND('', #8487, .T.);
#8489 = ADVANCED_FACE('', (#8488), #12, .T.);
#8490 = DIRECTION('', (0.699875, 0.103817, -0.706681));
#8491 = POLY_LOOP('', (#32, #930, #34));
#8492 = FACE_OUTER_BOUND('', #8491, .T.);
#8493 = ADVANCED_FACE('', (#8492), #12, .T.);
#8494 = DIRECTION('', (0.686329, 0.171916, -0.706681));
#8495 = POLY_LOOP('', (#34, #930, #932));
#8496 = FACE_OUTER_BOUND('', #8495, .T.);
#8497 = ADVANCED_FACE('', (#8496), #12, .T.);
#8498 = DIRECTION('', (0.686329, 0.171916, -0.706681));
#8499 = POLY_LOOP('', (#34, #932, #36));
#8500 = FACE_OUTER_BOUND('', #8499, .T.);
#8501 = ADVANCED_FACE('', (#8500), #12, .T.);
#8502 = DIRECTION('', (0.666173, 0.238361, -0.706681));
#8503 = POLY_LOOP('', (#36, #932, #934));
#8504 = FACE_OUTER_BOUND('', #8503, .T.);
#8505 = ADVANCED_FACE('', (#8504), #12, .T.);
#8506 = DIRECTION('', (0.666173, 0.238361, -0.706681));
#8507 = POLY_LOOP('', (#36, #934, #38));
#8508 = FACE_OUTER_BOUND('', #8507, .T.);
#8509 = ADVANCED_FACE('', (#8508), #12, .T.);
#8510 = DIRECTION('', (0.639602, 0.302509, -0.706681));
#8511 = POLY_LOOP('', (#38, #934, #936));
#8512 = FACE_OUTER_BOUND('', #8511, .T.);
#8513 = ADVANCED_FACE('', (#8512), #12, .T.);
#8514 = DIRECTION('', (0.639602, 0.302509, -0.706681));
#8515 = POLY_LOOP('', (#38, #936, #40));
#8516 = FACE_OUTER_BOUND('', #8515, .T.);
#8517 = ADVANCED_FACE('', (#8516), #12, .T.);
#8518 = DIRECTION('', (0.606871, 0.363745, -0.706681));
#8519 = POLY_LOOP('', (#40, #936, #938));
#8520 = FACE_OUTER_BOUND('', #8519, .T.);
#8521 = ADVANCED_FACE('', (#8520), #12, .T.);
#8522 = DIRECTION('', (0.606871, 0.363745, -0.706681));
#8523 = POLY_LOOP('', (#40, #938, #42));
#8524 = FACE_OUTER_BOUND('', #8523, .T.);
#8525 = ADVANCED_FACE('', (#8524), #12, .T.);
#8526 = DIRECTION('', (0.568296, 0.421477, -0.706681));
#8527 = POLY_LOOP('', (#42, #938, #940));
#8528 = FACE_OUTER_BOUND('', #8527, .T.);
#8529 = ADVANCED_FACE('', (#8528), #12, .T.);
#8530 = DIRECTION('', (0.568296, 0.421477, -0.706681));
#8531 = POLY_LOOP('', (#42, #940, #44));
#8532 = FACE_OUTER_BOUND('', #8531, .T.);
#8533 = ADVANCED_FACE('', (#8532), #12, .T.);
#8534 = DIRECTION('', (0.524247, 0.475150, -0.706681));
#8535 = POLY_LOOP('', (#44, #940, #942));
#8536 = FACE_OUTER_BOUND('', #8535, .T.);
#8537 = ADVANCED_FACE('', (#8536), #12, .T.);
#8538 = DIRECTION('', (0.524247, 0.475150, -0.706681));
#8539 = POLY_LOOP('', (#44, #942, #46));
#8540 = FACE_OUTER_BOUND('', #8539, .T.);
#8541 = ADVANCED_FACE('', (#8540), #12, .T.);
#8542 = DIRECTION('', (0.475150, 0.524247, -0.706681));
#8543 = POLY_LOOP('', (#46, #942, #944));
#8544 = FACE_OUTER_BOUND('', #8543, .T.);
#8545 = ADVANCED_FACE('', (#8544), #12, .T.);
#8546 = DIRECTION('', (0.475150, 0.524247, -0.706681));
#8547 = POLY_LOOP('', (#46, #944, #48));
#8548 = FACE_OUTER_BOUND('', #8547, .T.);
#8549 = ADVANCED_FACE('', (#8548), #12, .T.);
#8550 = DIRECTION('', (0.421477, 0.568296, -0.706681));
#8551 = POLY_LOOP('', (#48, #944, #946));
#8552 = FACE_OUTER_BOUND('', #8551, .T.);
#8553 = ADVANCED_FACE('', (#8552), #12, .T.);
#8554 = DIRECTION('', (0.421477, 0.568296, -0.706681));
#8555 = POLY_LOOP('', (#48, #946, #50));
#8556 = FACE_OUTER_BOUND('', #8555, .T.);
#8557 = ADVANCED_FACE('', (#8556), #12, .T.);
#8558 = DIRECTION('', (0.363745, 0.606871, -0.706681));
#8559 = POLY_LOOP('', (#50, #946, #948));
#8560 = FACE_OUTER_BOUND('', #8559, .T.);
#8561 = ADVANCED_FACE('', (#8560), #12, .T.);
#8562 = DIRECTION('', (0.363745, 0.606871, -0.706681));
#8563 = POLY_LOOP('', (#50, #948, #52));
#8564 = FACE_OUTER_BOUND('', #8563, .T.);
#8565 = ADVANCED_FACE('', (#8564), #12, .T.);
#8566 = DIRECTION('', (0.302509, 0.639602, -0.706681));
#8567 = POLY_LOOP('', (#52, #948, #950));
#8568 = FACE_OUTER_BOUND('', #8567, .T.);
#8569 = ADVANCED_FACE('', (#8568), #12, .T.);
#8570 = DIRECTION('', (0.302509, 0.639602, -0.706681));
#8571 = POLY_LOOP('', (#52, #950, #54));
#8572 = FACE_OUTER_BOUND('', #8571, .T.);
#8573 = ADVANCED_FACE('', (#8572), #12, .T.);
#8574 = DIRECTION('', (0.238361, 0.666173, -0.706681));
#8575 = POLY_LOOP('', (#54, #950, #952));
#8576 = FACE_OUTER_BOUND('', #8575, .T.);
#8577 = ADVANCED_FACE('', (#8576), #12, .T.);
#8578 = DIRECTION('', (0.238361, 0.666173, -0.706681));
#8579 = POLY_LOOP('', (#54, #952, #56));
#8580 = FACE_OUTER_BOUND('', #8579, .T.);
#8581 = ADVANCED_FACE('', (#8580), #12, .T.);
#8582 = DIRECTION('', (0.171916, 0.686329, -0.706681));
#8583 = POLY_LOOP('', (#56, #952, #954));
#8584 = FACE_OUTER_BOUND('', #8583, .T.);
#8585 = ADVANCED_FACE('', (#8584), #12, .T.);
#8586 = DIRECTION('', (0.171916, 0.686329, -0.706681));
#8587 = POLY_LOOP('', (#56, #954, #58));
#8588 = FACE_OUTER_BOUND('', #8587, .T.);
#8589 = ADVANCED_FACE('', (#8588), #12, .T.);
#8590 = DIRECTION('', (0.103817, 0.699875, -0.706681));
#8591 = POLY_LOOP('', (#58, #954, #956));
#8592 = FACE_OUTER_BOUND('', #8591, .T.);
#8593 = ADVANCED_FACE('', (#8592), #12, .T.);
#8594 = DIRECTION('', (0.103817, 0.699875, -0.706681));
#8595 = POLY_LOOP('', (#58, #956, #60));
#8596 = FACE_OUTER_BOUND('', #8595, .T.);
#8597 = ADVANCED_FACE('', (#8596), #12, .T.);
#8598 = DIRECTION('', (0.034717, 0.706681, -0.706681));
#8599 = POLY_LOOP('', (#60, #956, #958));
#8600 = FACE_OUTER_BOUND('', #8599, .T.);
#8601 = ADVANCED_FACE('', (#8600), #12, .T.);
#8602 = DIRECTION('', (0.034717, 0.706681, -0.706681));
#8603 = POLY_LOOP('', (#60, #958, #62));
#8604 = FACE_OUTER_BOUND('', #8603, .T.);
#8605 = ADVANCED_FACE('', (#8604), #12, .T.);
#8606 = DIRECTION('', (-0.034717, 0.706681, -0.706681));
#8607 = POLY_LOOP('', (#62, #958, #960));
#8608 = FACE_OUTER_BOUND('', #8607, .T.);
#8609 = ADVANCED_FACE('', (#8608), #12, .T.);
#8610 = DIRECTION('', (-0.034717, 0.706681, -0.706681));
#8611 = POLY_LOOP('', (#62, #960, #64));
#8612 = FACE_OUTER_BOUND('', #8611, .T.);
#8613 = ADVANCED_FACE('', (#8612), #12, .T.);
#8614 = DIRECTION('', (-0.103817, 0.699875, -0.706681));
#8615 = POLY_LOOP('', (#64, #960, #962));
#8616 = FACE_OUTER_BOUND('', #8615, .T.);
#8617 = ADVANCED_FACE('', (#8616), #12, .T.);
#8618 = DIRECTION('', (-0.103817, 0.699875, -0.706681));
#8619 = POLY_LOOP('', (#64, #962, #66));
#8620 = FACE_OUTER_BOUND('', #8619, .T.);
#8621 = ADVANCED_FACE('', (#8620), #12, .T.);
#8622 = DIRECTION('', (-0.171916, 0.686329, -0.706681));
#8623 = POLY_LOOP('', (#66, #962, #964));
#8624 = FACE_OUTER_BOUND('', #8623, .T.);
#8625 = ADVANCED_FACE('', (#8624), #12, .T.);
#8626 = DIRECTION('', (-0.171916, 0.686329, -0.706681));
#8627 = POLY_LOOP('', (#66, #964, #68));
#8628 = FACE_OUTER_BOUND('', #8627, .T.);
#8629 = ADVANCED_FACE('', (#8628), #12, .T.);
#8630 = DIRECTION('', (-0.238361, 0.666173, -0.706681));
#8631 = POLY_LOOP('', (#68, #964, #966));
#8632 = FACE_OUTER_BOUND('', #8631, .T.);
#8633 = ADVANCED_FACE('', (#8632), #12, .T.);
#8634 = DIRECTION('', (-0.238361, 0.666173, -0.706681));
#8635 = POLY_LOOP('', (#68, #966, #70));
#8636 = FACE_OUTER_BOUND('', #8635, .T.);
#8637 = ADVANCED_FACE('', (#8636), #12, .T.);
#8638 = DIRECTION('', (-0.302509, 0.639602, -0.706681));
#8639 = POLY_LOOP('', (#70, #966, #968));
#8640 = FACE_OUTER_BOUND('', #8639, .T.);
#8641 = ADVANCED_FACE('', (#8640), #12, .T.);
#8642 = DIRECTION('', (-0.302509, 0.639602, -0.706681));
#8643 = POLY_LOOP('', (#70, #968, #72));
#8644 = FACE_OUTER_BOUND('', #8643, .T.);
#8645 = ADVANCED_FACE('', (#8644), #12, .T.);
#8646 = DIRECTION('', (-0.363745, 0.606871, -0.706681));
#8647 = POLY_LOOP('', (#72, #968, #970));
#8648 = FACE_OUTER_BOUND('', #8647, .T.);
#8649 = ADVANCED_FACE('', (#8648), #12, .T.);
#8650 = DIRECTION('', (-0.363745, 0.606871, -0.706681));
#8651 = POLY_LOOP('', (#72, #970, #74));
#8652 = FACE_OUTER_BOUND('', #8651, .T.);
#8653 = ADVANCED_FACE('', (#8652), #12, .T.);
#8654 = DIRECTION('', (-0.421477, 0.568296, -0.706681));
#8655 = POLY_LOOP('', (#74, #970, #972));
#8656 = FACE_OUTER_BOUND('', #8655, .T.);
#8657 = ADVANCED_FACE('', (#8656), #12, .T.);
#8658 = DIRECTION('', (-0.421477, 0.568296, -0.706681));
#8659 = POLY_LOOP('', (#74, #972, #76));
#8660 = FACE_OUTER_BOUND('', #8659, .T.);
#8661 = ADVANCED_FACE('', (#8660), #12, .T.);
#8662 = DIRECTION('', (-0.475150, 0.524247, -0.706681));
#8663 = POLY_LOOP('', (#76, #972, #974));
#8664 = FACE_OUTER_BOUND('', #8663, .T.);
#8665 = ADVANCED_FACE('', (#8664), #12, .T.);
#8666 = DIRECTION('', (-0.475150, 0.524247, -0.706681));
#8667 = POLY_LOOP('', (#76, #974, #78));
#8668 = FACE_OUTER_BOUND('', #8667, .T.);
#8669 = ADVANCED_FACE('', (#8668), #12, .T.);
#8670 = DIRECTION('', (-0.524247, 0.475150, -0.706681));
#8671 = POLY_LOOP('', (#78, #974, #976));
#8672 = FACE_OUTER_BOUND('', #8671, .T.);
#8673 = ADVANCED_FACE('', (#8672), #12, .T.);
#8674 = DIRECTION('', (-0.524247, 0.475150, -0.706681));
#8675 = POLY_LOOP('', (#78, #976, #80));
#8676 = FACE_OUTER_BOUND('', #8675, .T.);
#8677 = ADVANCED_FACE('', (#8676), #12, .T.);
#8678 = DIRECTION('', (-0.568296, 0.421477, -0.706681));
#8679 = POLY_LOOP('', (#80, #976, #978));
#8680 = FACE_OUTER_BOUND('', #8679, .T.);
#8681 = ADVANCED_FACE('', (#8680), #12, .T.);
#8682 = DIRECTION('', (-0.568296, 0.421477, -0.706681));
#8683 = POLY_LOOP('', (#80, #978, #82));
#8684 = FACE_OUTER_BOUND('', #8683, .T.);
#8685 = ADVANCED_FACE('', (#8684), #12, .T.);
#8686 = DIRECTION('', (-0.606871, 0.363745, -0.706681));
#8687 = POLY_LOOP('', (#82, #978, #980));
#8688 = FACE_OUTER_BOUND('', #8687, .T.);
#8689 = ADVANCED_FACE('', (#8688), #12, .T.);
#8690 = DIRECTION('', (-0.606871, 0.363745, -0.706681));
#8691 = POLY_LOOP('', (#82, #980, #84));
#8692 = FACE_OUTER_BOUND('', #8691, .T.);
#8693 = ADVANCED_FACE('', (#8692), #12, .T.);
#8694 = DIRECTION('', (-0.639602, 0.302509, -0.706681));
#8695 = POLY_LOOP('', (#84, #980, #982));
#8696 = FACE_OUTER_BOUND('', #8695, .T.);
#8697 = ADVANCED_FACE('', (#8696), #12, .T.);
#8698 = DIRECTION('', (-0.639602, 0.302509, -0.706681));
#8699 = POLY_LOOP('', (#84, #982, #86));
#8700 = FACE_OUTER_BOUND('', #8699, .T.);
#8701 = ADVANCED_FACE('', (#8700), #12, .T.);
#8702 = DIRECTION('', (-0.666173, 0.238361, -0.706681));
#8703 = POLY_LOOP('', (#86, #982, #984));
#8704 = FACE_OUTER_BOUND('', #8703, .T.);
#8705 = ADVANCED_FACE('', (#8704), #12, .T.);
#8706 = DIRECTION('', (-0.666173, 0.238361, -0.706681));
#8707 = POLY_LOOP('', (#86, #984, #88));
#8708 = FACE_OUTER_BOUND('', #8707, .T.);
#8709 = ADVANCED_FACE('', (#8708), #12, .T.);
#8710 = DIRECTION('', (-0.686329, 0.171916, -0.706681));
#8711 = POLY_LOOP('', (#88, #984, #986));
#8712 = FACE_OUTER_BOUND('', #8711, .T.);
#8713 = ADVANCED_FACE('', (#8712), #12, .T.);
#8714 = DIRECTION('', (-0.686329, 0.171916, -0.706681));
#8715 = POLY_LOOP('', (#88, #986, #90));
#8716 = FACE_OUTER_BOUND('', #8715, .T.);
#8717 = ADVANCED_FACE('', (#8716), #12, .T.);
#8718 = DIRECTION('', (-0.699875, 0.103817, -0.706681));
#8719 = POLY_LOOP('', (#90, #986, #988));
#8720 = FACE_OUTER_BOUND('', #8719, .T.);
#8721 = ADVANCED_FACE('', (#8720), #12, .T.);
#8722 = DIRECTION('', (-0.699875, 0.103817, -0.706681));
#8723 = POLY_LOOP('', (#90, #988, #92));
#8724 = FACE_OUTER_BOUND('', #8723, .T.);
#8725 = ADVANCED_FACE('', (#8724), #12, .T.);
#8726 = DIRECTION('', (-0.706681, 0.034717, -0.706681));
#8727 = POLY_LOOP('', (#92, #988, #990));
#8728 = FACE_OUTER_BOUND('', #8727, .T.);
#8729 = ADVANCED_FACE('', (#8728), #12, .T.);
#8730 = DIRECTION('', (-0.706681, 0.034717, -0.706681));
#8731 = POLY_LOOP('', (#92, #990, #94));
#8732 = FACE_OUTER_BOUND('', #8731, .T.);
#8733 = ADVANCED_FACE('', (#8732), #12, .T.);
#8734 = DIRECTION('', (-0.706681, -0.034717, -0.706681));
#8735 = POLY_LOOP('', (#94, #990, #992));
#8736 = FACE_OUTER_BOUND('', #8735, .T.);
#8737 = ADVANCED_FACE('', (#8736), #12, .T.);
#8738 = DIRECTION('', (-0.706681, -0.034717, -0.706681));
#8739 = POLY_LOOP('', (#94, #992, #96));
#8740 = FACE_OUTER_BOUND('', #8739, .T.);
#8741 = ADVANCED_FACE('', (#8740), #12, .T.);
#8742 = DIRECTION('', (-0.699875, -0.103817, -0.706681));
#8743 = POLY_LOOP('', (#96, #992, #994));
#8744 = FACE_OUTER_BOUND('', #8743, .T.);
#8745 = ADVANCED_FACE('', (#8744), #12, .T.);
#8746 = DIRECTION('', (-0.699875, -0.103817, -0.706681));
#8747 = POLY_LOOP('', (#96, #994, #98));
#8748 = FACE_OUTER_BOUND('', #8747, .T.);
#8749 = ADVANCED_FACE('', (#8748), #12, .T.);
#8750 = DIRECTION('', (-0.686329, -0.171916, -0.706681));
#8751 = POLY_LOOP('', (#98, #994, #996));
#8752 = FACE_OUTER_BOUND('', #8751, .T.);
#8753 = ADVANCED_FACE('', (#8752), #12, .T.);
#8754 = DIRECTION('', (-0.686329, -0.171916, -0.706681));
#8755 = POLY_LOOP('', (#98, #996, #100));
#8756 = FACE_OUTER_BOUND('', #8755, .T.);
#8757 = ADVANCED_FACE('', (#8756), #12, .T.);
#8758 = DIRECTION('', (-0.666173, -0.238361, -0.706681));
#8759 = POLY_LOOP('', (#100, #996, #998));
#8760 = FACE_OUTER_BOUND('', #8759, .T.);
#8761 = ADVANCED_FACE('', (#8760), #12, .T.);
#8762 = DIRECTION('', (-0.666173, -0.238361, -0.706681));
#8763 = POLY_LOOP('', (#100, #998, #102));
#8764 = FACE_OUTER_BOUND('', #8763, .T.);
#8765 = ADVANCED_FACE('', (#8764), #12, .T.);
#8766 = DIRECTION('', (-0.639602, -0.302509, -0.706681));
#8767 = POLY_LOOP('', (#102, #998, #1000));
#8768 = FACE_OUTER_BOUND('', #8767, .T.);
#8769 = ADVANCED_FACE('', (#8768), #12, .T.);
#8770 = DIRECTION('', (-0.639602, -0.302509, -0.706681));
#8771 = POLY_LOOP('', (#102, #1000, #104));
#8772 = FACE_OUTER_BOUND('', #8771, .T.);
#8773 = ADVANCED_FACE('', (#8772), #12, .T.);
#8774 = DIRECTION('', (-0.606871, -0.363745, -0.706681));
#8775 = POLY_LOOP('', (#104, #1000, #1002));
#8776 = FACE_OUTER_BOUND('', #8775, .T.);
#8777 = ADVANCED_FACE('', (#8776), #12, .T.);
#8778 = DIRECTION('', (-0.606871, -0.363745, -0.706681));
#8779 = POLY_LOOP('', (#104, #1002, #106));
#8780 = FACE_OUTER_BOUND('', #8779, .T.);
#8781 = ADVANCED_FACE('', (#8780), #12, .T.);
#8782 = DIRECTION('', (-0.568296, -0.421477, -0.706681));
#8783 = POLY_LOOP('', (#106, #1002, #1004));
#8784 = FACE_OUTER_BOUND('', #8783, .T.);
#8785 = ADVANCED_FACE('', (#8784), #12, .T.);
#8786 = DIRECTION('', (-0.568296, -0.421477, -0.706681));
#8787 = POLY_LOOP('', (#106, #1004, #108));
#8788 = FACE_OUTER_BOUND('', #8787, .T.);
#8789 = ADVANCED_FACE('', (#8788), #12, .T.);
#8790 = DIRECTION('', (-0.524247, -0.475150, -0.706681));
#8791 = POLY_LOOP('', (#108, #1004, #1006));
#8792 = FACE_OUTER_BOUND('', #8791, .T.);
#8793 = ADVANCED_FACE('', (#8792), #12, .T.);
#8794 = DIRECTION('', (-0.524247, -0.475150, -0.706681));
#8795 = POLY_LOOP('', (#108, #1006, #110));
#8796 = FACE_OUTER_BOUND('', #8795, .T.);
#8797 = ADVANCED_FACE('', (#8796), #12, .T.);
#8798 = DIRECTION('', (-0.475150, -0.524247, -0.706681));
#8799 = POLY_LOOP('', (#110, #1006, #1008));
#8800 = FACE_OUTER_BOUND('', #8799, .T.);
#8801 = ADVANCED_FACE('', (#8800), #12, .T.);
#8802 = DIRECTION('', (-0.475150, -0.524247, -0.706681));
#8803 = POLY_LOOP('', (#110, #1008, #112));
#8804 = FACE_OUTER_BOUND('', #8803, .T.);
#8805 = ADVANCED_FACE('', (#8804), #12, .T.);
#8806 = DIRECTION('', (-0.421477, -0.568296, -0.706681));
#8807 = POLY_LOOP('', (#112, #1008, #1010));
#8808 = FACE_OUTER_BOUND('', #8807, .T.);
#8809 = ADVANCED_FACE('', (#8808), #12, .T.);
#8810 = DIRECTION('', (-0.421477, -0.568296, -0.706681));
#8811 = POLY_LOOP('', (#112, #1010, #114));
#8812 = FACE_OUTER_BOUND('', #8811, .T.);
#8813 = ADVANCED_FACE('', (#8812), #12, .T.);
#8814 = DIRECTION('', (-0.363745, -0.606871, -0.706681));
#8815 = POLY_LOOP('', (#114, #1010, #1012));
#8816 = FACE_OUTER_BOUND('', #8815, .T.);
#8817 = ADVANCED_FACE('', (#8816), #12, .T.);
#8818 = DIRECTION('', (-0.363745, -0.606871, -0.706681));
#8819 = POLY_LOOP('', (#114, #1012, #116));
#8820 = FACE_OUTER_BOUND('', #8819, .T.);
#8821 = ADVANCED_FACE('', (#8820), #12, .T.);
#8822 = DIRECTION('', (-0.302509, -0.639602, -0.706681));
#8823 = POLY_LOOP('', (#116, #1012, #1014));
#8824 = FACE_OUTER_BOUND('', #8823, .T.);
#8825 = ADVANCED_FACE('', (#8824), #12, .T.);
#8826 = DIRECTION('', (-0.302509, -0.639602, -0.706681));
#8827 = POLY_LOOP('', (#116, #1014, #118));
#8828 = FACE_OUTER_BOUND('', #8827, .T.);
#8829 = ADVANCED_FACE('', (#8828), #12, .T.);
#8830 = DIRECTION('', (-0.238361, -0.666173, -0.706681));
#8831 = POLY_LOOP('', (#118, #1014, #1016));
#8832 = FACE_OUTER_BOUND('', #8831, .T.);
#8833 = ADVANCED_FACE('', (#8832), #12, .T.);
#8834 = DIRECTION('', (-0.238361, -0.666173, -0.706681));
#8835 = POLY_LOOP('', (#118, #1016, #120));
#8836 = FACE_OUTER_BOUND('', #8835, .T.);
#8837 = ADVANCED_FACE('', (#8836), #12, .T.);
#8838 = DIRECTION('', (-0.171916, -0.686329, -0.706681));
#8839 = POLY_LOOP('', (#120, #1016, #1018));
#8840 = FACE_OUTER_BOUND('', #8839, .T.);
#8841 = ADVANCED_FACE('', (#8840), #12, .T.);
#8842 = DIRECTION('', (-0.171916, -0.686329, -0.706681));
#8843 = POLY_LOOP('', (#120, #1018, #122));
#8844 = FACE_OUTER_BOUND('', #8843, .T.);
#8845 = ADVANCED_FACE('', (#8844), #12, .T.);
#8846 = DIRECTION('', (-0.103817, -0.699875, -0.706681));
#8847 = POLY_LOOP('', (#122, #1018, #1020));
#8848 = FACE_OUTER_BOUND('', #8847, .T.);
#8849 = ADVANCED_FACE('', (#8848), #12, .T.);
#8850 = DIRECTION('', (-0.103817, -0.699875, -0.706681));
#8851 = POLY_LOOP('', (#122, #1020, #124));
#8852 = FACE_OUTER_BOUND('', #8851, .T.);
#8853 = ADVANCED_FACE('', (#8852), #12, .T.);
#8854 = DIRECTION('', (-0.034717, -0.706681, -0.706681));
#8855 = POLY_LOOP('', (#124, #1020, #1022));
#8856 = FACE_OUTER_BOUND('', #8855, .T.);
#8857 = ADVANCED_FACE('', (#8856), #12, .T.);
#8858 = DIRECTION('', (-0.034717, -0.706681, -0.706681));
#8859 = POLY_LOOP('', (#124, #1022, #126));
#8860 = FACE_OUTER_BOUND('', #8859, .T.);
#8861 = ADVANCED_FACE('', (#8860), #12, .T.);
#8862 = DIRECTION('', (0.034717, -0.706681, -0.706681));
#8863 = POLY_LOOP('', (#126, #1022, #1024));
#8864 = FACE_OUTER_BOUND('', #8863, .T.);
#8865 = ADVANCED_FACE('', (#8864), #12, .T.);
#8866 = DIRECTION('', (0.034717, -0.706681, -0.706681));
#8867 = POLY_LOOP('', (#126, #1024, #128));
#8868 = FACE_OUTER_BOUND('', #8867, .T.);
#8869 = ADVANCED_FACE('', (#8868), #12, .T.);
#8870 = DIRECTION('', (0.103817, -0.699875, -0.706681));
#8871 = POLY_LOOP('', (#128, #1024, #1026));
#8872 = FACE_OUTER_BOUND('', #8871, .T.);
#8873 = ADVANCED_FACE('', (#8872), #12, .T.);
#8874 = DIRECTION('', (0.103817, -0.699875, -0.706681));
#8875 = POLY_LOOP('', (#128, #1026, #130));
#8876 = FACE_OUTER_BOUND('', #8875, .T.);
#8877 = ADVANCED_FACE('', (#8876), #12, .T.);
#8878 = DIRECTION('', (0.171916, -0.686329, -0.706681));
#8879 = POLY_LOOP('', (#130, #1026, #1028));
#8880 = FACE_OUTER_BOUND('', #8879, .T.);
#8881 = ADVANCED_FACE('', (#8880), #12, .T.);
#8882 = DIRECTION('', (0.171916, -0.686329, -0.706681));
#8883 = POLY_LOOP('', (#130, #1028, #132));
#8884 = FACE_OUTER_BOUND('', #8883, .T.);
#8885 = ADVANCED_FACE('', (#8884), #12, .T.);
#8886 = DIRECTION('', (0.238361, -0.666173, -0.706681));
#8887 = POLY_LOOP('', (#132, #1028, #1030));
#8888 = FACE_OUTER_BOUND('', #8887, .T.);
#8889 = ADVANCED_FACE('', (#8888), #12, .T.);
#8890 = DIRECTION('', (0.238361, -0.666173, -0.706681));
#8891 = POLY_LOOP('', (#132, #1030, #134));
#8892 = FACE_OUTER_BOUND('', #8891, .T.);
#8893 = ADVANCED_FACE('', (#8892), #12, .T.);
#8894 = DIRECTION('', (0.302509, -0.639602, -0.706681));
#8895 = POLY_LOOP('', (#134, #1030, #1032));
#8896 = FACE_OUTER_BOUND('', #8895, .T.);
#8897 = ADVANCED_FACE('', (#8896), #12, .T.);
#8898 = DIRECTION('', (0.302509, -0.639602, -0.706681));
#8899 = POLY_LOOP('', (#134, #1032, #136));
#8900 = FACE_OUTER_BOUND('', #8899, .T.);
#8901 = ADVANCED_FACE('', (#8900), #12, .T.);
#8902 = DIRECTION('', (0.363745, -0.606871, -0.706681));
#8903 = POLY_LOOP('', (#136, #1032, #1034));
#8904 = FACE_OUTER_BOUND('', #8903, .T.);
#8905 = ADVANCED_FACE('', (#8904), #12, .T.);
#8906 = DIRECTION('', (0.363745, -0.606871, -0.706681));
#8907 = POLY_LOOP('', (#136, #1034, #138));
#8908 = FACE_OUTER_BOUND('', #8907, .T.);
#8909 = ADVANCED_FACE('', (#8908), #12, .T.);
#8910 = DIRECTION('', (0.421477, -0.568296, -0.706681));
#8911 = POLY_LOOP('', (#138, #1034, #1036));
#8912 = FACE_OUTER_BOUND('', #8911, .T.);
#8913 = ADVANCED_FACE('', (#8912), #12, .T.);
#8914 = DIRECTION('', (0.421477, -0.568296, -0.706681));
#8915 = POLY_LOOP('', (#138, #1036, #140));
#8916 = FACE_OUTER_BOUND('', #8915, .T.);
#8917 = ADVANCED_FACE('', (#8916), #12, .T.);
#8918 = DIRECTION('', (0.475150, -0.524247, -0.706681));
#8919 = POLY_LOOP('', (#140, #1036, #1038));
#8920 = FACE_OUTER_BOUND('', #8919, .T.);
#8921 = ADVANCED_FACE('', (#8920), #12, .T.);
#8922 = DIRECTION('', (0.475150, -0.524247, -0.706681));
#8923 = POLY_LOOP('', (#140, #1038, #142));
#8924 = FACE_OUTER_BOUND('', #8923, .T.);
#8925 = ADVANCED_FACE('', (#8924), #12, .T.);
#8926 = DIRECTION('', (0.524247, -0.475150, -0.706681));
#8927 = POLY_LOOP('', (#142, #1038, #1040));
#8928 = FACE_OUTER_BOUND('', #8927, .T.);
#8929 = ADVANCED_FACE('', (#8928), #12, .T.);
#8930 = DIRECTION('', (0.524247, -0.475150, -0.706681));
#8931 = POLY_LOOP('', (#142, #1040, #144));
#8932 = FACE_OUTER_BOUND('', #8931, .T.);
#8933 = ADVANCED_FACE('', (#8932), #12, .T.);
#8934 = DIRECTION('', (0.568296, -0.421477, -0.706681));
#8935 = POLY_LOOP('', (#144, #1040, #1042));
#8936 = FACE_OUTER_BOUND('', #8935, .T.);
#8937 = ADVANCED_FACE('', (#8936), #12, .T.);
#8938 = DIRECTION('', (0.568296, -0.421477, -0.706681));
#8939 = POLY_LOOP('', (#144, #1042, #146));
#8940 = FACE_OUTER_BOUND('', #8939, .T.);
#8941 = ADVANCED_FACE('', (#8940), #12, .T.);
#8942 = DIRECTION('', (0.606871, -0.363745, -0.706681));
#8943 = POLY_LOOP('', (#146, #1042, #1044));
#8944 = FACE_OUTER_BOUND('', #8943, .T.);
#8945 = ADVANCED_FACE('', (#8944), #12, .T.);
#8946 = DIRECTION('', (0.606871, -0.363745, -0.706681));
#8947 = POLY_LOOP('', (#146, #1044, #148));
#8948 = FACE_OUTER_BOUND('', #8947, .T.);
#8949 = ADVANCED_FACE('', (#8948), #12, .T.);
#8950 = DIRECTION('', (0.639602, -0.302509, -0.706681));
#8951 = POLY_LOOP('', (#148, #1044, #1046));
#8952 = FACE_OUTER_BOUND('', #8951, .T.);
#8953 = ADVANCED_FACE('', (#8952), #12, .T.);
#8954 = DIRECTION('', (0.639602, -0.302509, -0.706681));
#8955 = POLY_LOOP('', (#148, #1046, #150));
#8956 = FACE_OUTER_BOUND('', #8955, .T.);
#8957 = ADVANCED_FACE('', (#8956), #12, .T.);
#8958 = DIRECTION('', (0.666173, -0.238361, -0.706681));
#8959 = POLY_LOOP('', (#150, #1046, #1048));
#8960 = FACE_OUTER_BOUND('', #8959, .T.);
#8961 = ADVANCED_FACE('', (#8960), #12, .T.);
#8962 = DIRECTION('', (0.666173, -0.238361, -0.706681));
#8963 = POLY_LOOP('', (#150, #1048, #152));
#8964 = FACE_OUTER_BOUND('', #8963, .T.);
#8965 = ADVANCED_FACE('', (#8964), #12, .T.);
#8966 = DIRECTION('', (0.686329, -0.171916, -0.706681));
#8967 = POLY_LOOP('', (#152, #1048, #1050));
#8968 = FACE_OUTER_BOUND('', #8967, .T.);
#8969 = ADVANCED_FACE('', (#8968), #12, .T.);
#8970 = DIRECTION('', (0.686329, -0.171916, -0.706681));
#8971 = POLY_LOOP('', (#152, #1050, #154));
#8972 = FACE_OUTER_BOUND('', #8971, .T.);
#8973 = ADVANCED_FACE('', (#8972), #12, .T.);
#8974 = DIRECTION('', (0.699875, -0.103817, -0.706681));
#8975 = POLY_LOOP('', (#154, #1050, #1052));
#8976 = FACE_OUTER_BOUND('', #8975, .T.);
#8977 = ADVANCED_FACE('', (#8976), #12, .T.);
#8978 = DIRECTION('', (0.699875, -0.103817, -0.706681));
#8979 = POLY_LOOP('', (#154, #1052, #156));
#8980 = FACE_OUTER_BOUND('', #8979, .T.);
#8981 = ADVANCED_FACE('', (#8980), #12, .T.);
#8982 = DIRECTION('', (0.706681, -0.034717, -0.706681));
#8983 = POLY_LOOP('', (#156, #1052, #926));
#8984 = FACE_OUTER_BOUND('', #8983, .T.);
#8985 = ADVANCED_FACE('', (#8984), #12, .T.);
#8986 = DIRECTION('', (0.706681, -0.034717, -0.706681));
#8987 = POLY_LOOP('', (#156, #926, #30));
#8988 = FACE_OUTER_BOUND('', #8987, .T.);
#8989 = ADVANCED_FACE('', (#8988), #12, .T.);
#8990 = CLOSED_SHELL('', (#1825, #1829, #1833, #1837, #1841, #1845, #1849, #1853, #1857, #1861, #1865, #1869, #1873, #1877, #1881, #1885, #1889, #1893, #1897, #1901, #1905, #1909, #1913, #1917, #1921, #1925, #1929, #1933, #1937, #1941, #1945, #1949, #1953, #1957, #1961, #1965, #1969, #1973, #1977, #1981, #1985, #1989, #1993, #1997, #2001, #2005, #2009, #2013, #2017, #2021, #2025, #2029, #2033, #2037, #2041, #2045, #2049, #2053, #2057, #2061, #2065, #2069, #2073, #2077, #2081, #2085, #2089, #2093, #2097, #2101, #2105, #2109, #2113, #2117, #2121, #2125, #2129, #2133, #2137, #2141, #2145, #2149, #2153, #2157, #2161, #2165, #2169, #2173, #2177, #2181, #2185, #2189, #2193, #2197, #2201, #2205, #2209, #2213, #2217, #2221, #2225, #2229, #2233, #2237, #2241, #2245, #2249, #2253, #2257, #2261, #2265, #2269, #2273, #2277, #2281, #2285, #2289, #2293, #2297, #2301, #2305, #2309, #2313, #2317, #2321, #2325, #2329, #2333, #2337, #2341, #2345, #2349, #2353, #2357, #2361, #2365, #2369, #2373, #2377, #2381, #2385, #2389, #2393, #2397, #2401, #2405, #2409, #2413, #2417, #2421, #2425, #2429, #2433, #2437, #2441, #2445, #2449, #2453, #2457, #2461, #2465, #2469, #2473, #2477, #2481, #2485, #2489, #2493, #2497, #2501, #2505, #2509, #2513, #2517, #2521, #2525, #2529, #2533, #2537, #2541, #2545, #2549, #2553, #2557, #2561, #2565, #2569, #2573, #2577, #2581, #2585, #2589, #2593, #2597, #2601, #2605, #2609, #2613, #2617, #2621, #2625, #2629, #2633, #2637, #2641, #2645, #2649, #2653, #2657, #2661, #2665, #2669, #2673, #2677, #2681, #2685, #2689, #2693, #2697, #2701, #2705, #2709, #2713, #2717, #2721, #2725, #2729, #2733, #2737, #2741, #2745, #2749, #2753, #2757, #2761, #2765, #2769, #2773, #2777, #2781, #2785, #2789, #2793, #2797, #2801, #2805, #2809, #2813, #2817, #2821, #2825, #2829, #2833, #2837, #2841, #2845, #2849, #2853, #2857, #2861, #2865, #2869, #2873, #2877, #2881, #2885, #2889, #2893, #2897, #2901, #2905, #2909, #2913, #2917, #2921, #2925, #2929, #2933, #2937, #2941, #2945, #2949, #2953, #2957, #2961, #2965, #2969, #2973, #2977, #2981, #2985, #2989, #2993, #2997, #3001, #3005, #3009, #3013, #3017, #3021, #3025, #3029, #3033, #3037, #3041, #3045, #3049, #3053, #3057, #3061, #3065, #3069, #3073, #3077, #3081, #3085, #3089, #3093, #3097, #3101, #3105, #3109, #3113, #3117, #3121, #3125, #3129, #3133, #3137, #3141, #3145, #3149, #3153, #3157, #3161, #3165, #3169, #3173, #3177, #3181, #3185, #3189, #3193, #3197, #3201, #3205, #3209, #3213, #3217, #3221, #3225, #3229, #3233, #3237, #3241, #3245, #3249, #3253, #3257, #3261, #3265, #3269, #3273, #3277, #3281, #3285, #3289, #3293, #3297, #3301, #3305, #3309, #3313, #3317, #3321, #3325, #3329, #3333, #3337, #3341, #3345, #3349, #3353, #3357, #3361, #3365, #3369, #3373, #3377, #3381, #3385, #3389, #3393, #3397, #3401, #3405, #3409, #3413, #3417, #3421, #3425, #3429, #3433, #3437, #3441, #3445, #3449, #3453, #3457, #3461, #3465, #3469, #3473, #3477, #3481, #3485, #3489, #3493, #3497, #3501, #3505, #3509, #3513, #3517, #3521, #3525, #3529, #3533, #3537, #3541, #3545, #3549, #3553, #3557, #3561, #3565, #3569, #3573, #3577, #3581, #3585, #3589, #3593, #3597, #3601, #3605, #3609, #3613, #3617, #3621, #3625, #3629, #3633, #3637, #3641, #3645, #3649, #3653, #3657, #3661, #3665, #3669, #3673, #3677, #3681, #3685, #3689, #3693, #3697, #3701, #3705, #3709, #3713, #3717, #3721, #3725, #3729, #3733, #3737, #3741, #3745, #3749, #3753, #3757, #3761, #3765, #3769, #3773, #3777, #3781, #3785, #3789, #3793, #3797, #3801, #3805, #3809, #3813, #3817, #3821, #3825, #3829, #3833, #3837, #3841, #3845, #3849, #3853, #3857, #3861, #3865, #3869, #3873, #3877, #3881, #3885, #3889, #3893, #3897, #3901, #3905, #3909, #3913, #3917, #3921, #3925, #3929, #3933, #3937, #3941, #3945, #3949, #3953, #3957, #3961, #3965, #3969, #3973, #3977, #3981, #3985, #3989, #3993, #3997, #4001, #4005, #4009, #4013, #4017, #4021, #4025, #4029, #4033, #4037, #4041, #4045, #4049, #4053, #4057, #4061, #4065, #4069, #4073, #4077, #4081, #4085, #4089, #4093, #4097, #4101, #4105, #4109, #4113, #4117, #4121, #4125, #4129, #4133, #4137, #4141, #4145, #4149, #4153, #4157, #4161, #4165, #4169, #4173, #4177, #4181, #4185, #4189, #4193, #4197, #4201, #4205, #4209, #4213, #4217, #4221, #4225, #4229, #4233, #4237, #4241, #4245, #4249, #4253, #4257, #4261, #4265, #4269, #4273, #4277, #4281, #4285, #4289, #4293, #4297, #4301, #4305, #4309, #4313, #4317, #4321, #4325, #4329, #4333, #4337, #4341, #4345, #4349, #4353, #4357, #4361, #4365, #4369, #4373, #4377, #4381, #4385, #4389, #4393, #4397, #4401, #4405, #4409, #4413, #4417, #4421, #4425, #4429, #4433, #4437, #4441, #4445, #4449, #4453, #4457, #4461, #4465, #4469, #4473, #4477, #4481, #4485, #4489, #4493, #4497, #4501, #4505, #4509, #4513, #4517, #4521, #4525, #4529, #4533, #4537, #4541, #4545, #4549, #4553, #4557, #4561, #4565, #4569, #4573, #4577, #4581, #4585, #4589, #4593, #4597, #4601, #4605, #4609, #4613, #4617, #4621, #4625, #4629, #4633, #4637, #4641, #4645, #4649, #4653, #4657, #4661, #4665, #4669, #4673, #4677, #4681, #4685, #4689, #4693, #4697, #4701, #4705, #4709, #4713, #4717, #4721, #4725, #4729, #4733, #4737, #4741, #4745, #4749, #4753, #4757, #4761, #4765, #4769, #4773, #4777, #4781, #4785, #4789, #4793, #4797, #4801, #4805, #4809, #4813, #4817, #4821, #4825, #4829, #4833, #4837, #4841, #4845, #4849, #4853, #4857, #4861, #4865, #4869, #4873, #4877, #4881, #4885, #4889, #4893, #4897, #4901, #4905, #4909, #4913, #4917, #4921, #4925, #4929, #4933, #4937, #4941, #4945, #4949, #4953, #4957, #4961, #4965, #4969, #4973, #4977, #4981, #4985, #4989, #4993, #4997, #5001, #5005, #5009, #5013, #5017, #5021, #5025, #5029, #5033, #5037, #5041, #5045, #5049, #5053, #5057, #5061, #5065, #5069, #5073, #5077, #5081, #5085, #5089, #5093, #5097, #5101, #5105, #5109, #5113, #5117, #5121, #5125, #5129, #5133, #5137, #5141, #5145, #5149, #5153, #5157, #5161, #5165, #5169, #5173, #5177, #5181, #5185, #5189, #5193, #5197, #5201, #5205, #5209, #5213, #5217, #5221, #5225, #5229, #5233, #5237, #5241, #5245, #5249, #5253, #5257, #5261, #5265, #5269, #5273, #5277, #5281, #5285, #5289, #5293, #5297, #5301, #5305, #5309, #5313, #5317, #5321, #5325, #5329, #5333, #5337, #5341, #5345, #5349, #5353, #5357, #5361, #5365, #5369, #5373, #5377, #5381, #5385, #5389, #5393, #5397, #5401, #5405, #5409, #5413, #5417, #5421, #5425, #5429, #5433, #5437, #5441, #5445, #5449, #5453, #5457, #5461, #5465, #5469, #5473, #5477, #5481, #5485, #5489, #5493, #5497, #5501, #5505, #5509, #5513, #5517, #5521, #5525, #5529, #5533, #5537, #5541, #5545, #5549, #5553, #5557, #5561, #5565, #5569, #5573, #5577, #5581, #5585, #5589, #5593, #5597, #5601, #5605, #5609, #5613, #5617, #5621, #5625, #5629, #5633, #5637, #5641, #5645, #5649, #5653, #5657, #5661, #5665, #5669, #5673, #5677, #5681, #5685, #5689, #5693, #5697, #5701, #5705, #5709, #5713, #5717, #5721, #5725, #5729, #5733, #5737, #5741, #5745, #5749, #5753, #5757, #5761, #5765, #5769, #5773, #5777, #5781, #5785, #5789, #5793, #5797, #5801, #5805, #5809, #5813, #5817, #5821, #5825, #5829, #5833, #5837, #5841, #5845, #5849, #5853, #5857, #5861, #5865, #5869, #5873, #5877, #5881, #5885, #5889, #5893, #5897, #5901, #5905, #5909, #5913, #5917, #5921, #5925, #5929, #5933, #5937, #5941, #5945, #5949, #5953, #5957, #5961, #5965, #5969, #5973, #5977, #5981, #5985, #5989, #5993, #5997, #6001, #6005, #6009, #6013, #6017, #6021, #6025, #6029, #6033, #6037, #6041, #6045, #6049, #6053, #6057, #6061, #6065, #6069, #6073, #6077, #6081, #6085, #6089, #6093, #6097, #6101, #6105, #6109, #6113, #6117, #6121, #6125, #6129, #6133, #6137, #6141, #6145, #6149, #6153, #6157, #6161, #6165, #6169, #6173, #6177, #6181, #6185, #6189, #6193, #6197, #6201, #6205, #6209, #6213, #6217, #6221, #6225, #6229, #6233, #6237, #6241, #6245, #6249, #6253, #6257, #6261, #6265, #6269, #6273, #6277, #6281, #6285, #6289, #6293, #6297, #6301, #6305, #6309, #6313, #6317, #6321, #6325, #6329, #6333, #6337, #6341, #6345, #6349, #6353, #6357, #6361, #6365, #6369, #6373, #6377, #6381, #6385, #6389, #6393, #6397, #6401, #6405, #6409, #6413, #6417, #6421, #6425, #6429, #6433, #6437, #6441, #6445, #6449, #6453, #6457, #6461, #6465, #6469, #6473, #6477, #6481, #6485, #6489, #6493, #6497, #6501, #6505, #6509, #6513, #6517, #6521, #6525, #6529, #6533, #6537, #6541, #6545, #6549, #6553, #6557, #6561, #6565, #6569, #6573, #6577, #6581, #6585, #6589, #6593, #6597, #6601, #6605, #6609, #6613, #6617, #6621, #6625, #6629, #6633, #6637, #6641, #6645, #6649, #6653, #6657, #6661, #6665, #6669, #6673, #6677, #6681, #6685, #6689, #6693, #6697, #6701, #6705, #6709, #6713, #6717, #6721, #6725, #6729, #6733, #6737, #6741, #6745, #6749, #6753, #6757, #6761, #6765, #6769, #6773, #6777, #6781, #6785, #6789, #6793, #6797, #6801, #6805, #6809, #6813, #6817, #6821, #6825, #6829, #6833, #6837, #6841, #6845, #6849, #6853, #6857, #6861, #6865, #6869, #6873, #6877, #6881, #6885, #6889, #6893, #6897, #6901, #6905, #6909, #6913, #6917, #6921, #6925, #6929, #6933, #6937, #6941, #6945, #6949, #6953, #6957, #6961, #6965, #6969, #6973, #6977, #6981, #6985, #6989, #6993, #6997, #7001, #7005, #7009, #7013, #7017, #7021, #7025, #7029, #7033, #7037, #7041, #7045, #7049, #7053, #7057, #7061, #7065, #7069, #7073, #7077, #7081, #7085, #7089, #7093, #7097, #7101, #7105, #7109, #7113, #7117, #7121, #7125, #7129, #7133, #7137, #7141, #7145, #7149, #7153, #7157, #7161, #7165, #7169, #7173, #7177, #7181, #7185, #7189, #7193, #7197, #7201, #7205, #7209, #7213, #7217, #7221, #7225, #7229, #7233, #7237, #7241, #7245, #7249, #7253, #7257, #7261, #7265, #7269, #7273, #7277, #7281, #7285, #7289, #7293, #7297, #7301, #7305, #7309, #7313, #7317, #7321, #7325, #7329, #7333, #7337, #7341, #7345, #7349, #7353, #7357, #7361, #7365, #7369, #7373, #7377, #7381, #7385, #7389, #7393, #7397, #7401, #7405, #7409, #7413, #7417, #7421, #7425, #7429, #7433, #7437, #7441, #7445, #7449, #7453, #7457, #7461, #7465, #7469, #7473, #7477, #7481, #7485, #7489, #7493, #7497, #7501, #7505, #7509, #7513, #7517, #7521, #7525, #7529, #7533, #7537, #7541, #7545, #7549, #7553, #7557, #7561, #7565, #7569, #7573, #7577, #7581, #7585, #7589, #7593, #7597, #7601, #7605, #7609, #7613, #7617, #7621, #7625, #7629, #7633, #7637, #7641, #7645, #7649, #7653, #7657, #7661, #7665, #7669, #7673, #7677, #7681, #7685, #7689, #7693, #7697, #7701, #7705, #7709, #7713, #7717, #7721, #7725, #7729, #7733, #7737, #7741, #7745, #7749, #7753, #7757, #7761, #7765, #7769, #7773, #7777, #7781, #7785, #7789, #7793, #7797, #7801, #7805, #7809, #7813, #7817, #7821, #7825, #7829, #7833, #7837, #7841, #7845, #7849, #7853, #7857, #7861, #7865, #7869, #7873, #7877, #7881, #7885, #7889, #7893, #7897, #7901, #7905, #7909, #7913, #7917, #7921, #7925, #7929, #7933, #7937, #7941, #7945, #7949, #7953, #7957, #7961, #7965, #7969, #7973, #7977, #7981, #7985, #7989, #7993, #7997, #8001, #8005, #8009, #8013, #8017, #8021, #8025, #8029, #8033, #8037, #8041, #8045, #8049, #8053, #8057, #8061, #8065, #8069, #8073, #8077, #8081, #8085, #8089, #8093, #8097, #8101, #8105, #8109, #8113, #8117, #8121, #8125, #8129, #8133, #8137, #8141, #8145, #8149, #8153, #8157, #8161, #8165, #8169, #8173, #8177, #8181, #8185, #8189, #8193, #8197, #8201, #8205, #8209, #8213, #8217, #8221, #8225, #8229, #8233, #8237, #8241, #8245, #8249, #8253, #8257, #8261, #8265, #8269, #8273, #8277, #8281, #8285, #8289, #8293, #8297, #8301, #8305, #8309, #8313, #8317, #8321, #8325, #8329, #8333, #8337, #8341, #8345, #8349, #8353, #8357, #8361, #8365, #8369, #8373, #8377, #8381, #8385, #8389, #8393, #8397, #8401, #8405, #8409, #8413, #8417, #8421, #8425, #8429, #8433, #8437, #8441, #8445, #8449, #8453, #8457, #8461, #8465, #8469, #8473, #8477, #8481, #8485, #8489, #8493, #8497, #8501, #8505, #8509, #8513, #8517, #8521, #8525, #8529, #8533, #8537, #8541, #8545, #8549, #8553, #8557, #8561, #8565, #8569, #8573, #8577, #8581, #8585, #8589, #8593, #8597, #8601, #8605, #8609, #8613, #8617, #8621, #8625, #8629, #8633, #8637, #8641, #8645, #8649, #8653, #8657, #8661, #8665, #8669, #8673, #8677, #8681, #8685, #8689, #8693, #8697, #8701, #8705, #8709, #8713, #8717, #8721, #8725, #8729, #8733, #8737, #8741, #8745, #8749, #8753, #8757, #8761, #8765, #8769, #8773, #8777, #8781, #8785, #8789, #8793, #8797, #8801, #8805, #8809, #8813, #8817, #8821, #8825, #8829, #8833, #8837, #8841, #8845, #8849, #8853, #8857, #8861, #8865, #8869, #8873, #8877, #8881, #8885, #8889, #8893, #8897, #8901, #8905, #8909, #8913, #8917, #8921, #8925, #8929, #8933, #8937, #8941, #8945, #8949, #8953, #8957, #8961, #8965, #8969, #8973, #8977, #8981, #8985, #8989));
#8991 = MANIFOLD_SOLID_BREP('tinaco_flower_collector_brep', #8990);
#8992 = ADVANCED_BREP_SHAPE_REPRESENTATION('tinaco_flower_collector_shape', (#8991, #12), #14);
#8 = SHAPE_DEFINITION_REPRESENTATION(#8, #8992);
ENDSEC;
END-ISO-10303-21;
